project,date,chip_id,run_id,well_id,well_dir,well_key,metrics_unfiltered,network_json,tm_curated,spike_times,tm_unfiltered,rejection_log,metrics_curated,has_network_json,has_metrics_curated,has_metrics_unfiltered,has_tm_curated,has_tm_unfiltered,has_spike_times,has_rejection_log,n_units_network_json,is_manual_outlier,manual_outlier_reason,group,plate_index_0based,plate_row,plate_col,plate_well,group_from_plate_col,recording_date,recording_date_str,DIV,days_since_treatment,treatment_phase,time_bin_index,time_bin_start_day,time_bin_end_day,time_bin_center_day,time_bin_label,burstlets_events_len,burstlets_count,burstlets_rate,burstlets_duration_mean,burstlets_duration_std,burstlets_duration_cv,burstlets_inter_event_interval_mean,burstlets_inter_event_interval_std,burstlets_inter_event_interval_cv,burstlets_intensity_mean,burstlets_intensity_std,burstlets_intensity_cv,burstlets_participation_mean,burstlets_participation_std,burstlets_participation_cv,burstlets_spikes_per_burst_mean,burstlets_spikes_per_burst_std,burstlets_spikes_per_burst_cv,burstlets_burst_peak_mean,burstlets_burst_peak_std,burstlets_burst_peak_cv,burstlets_peak_synchrony_mean,burstlets_peak_synchrony_std,burstlets_peak_synchrony_cv,network_bursts_events_len,network_bursts_count,network_bursts_rate,network_bursts_duration_mean,network_bursts_duration_std,network_bursts_duration_cv,network_bursts_inter_event_interval_mean,network_bursts_inter_event_interval_std,network_bursts_inter_event_interval_cv,network_bursts_intensity_mean,network_bursts_intensity_std,network_bursts_intensity_cv,network_bursts_participation_mean,network_bursts_participation_std,network_bursts_participation_cv,network_bursts_spikes_per_burst_mean,network_bursts_spikes_per_burst_std,network_bursts_spikes_per_burst_cv,network_bursts_burst_peak_mean,network_bursts_burst_peak_std,network_bursts_burst_peak_cv,network_bursts_peak_synchrony_mean,network_bursts_peak_synchrony_std,network_bursts_peak_synchrony_cv,superbursts_events_len,superbursts_count,superbursts_rate,superbursts_duration_mean,superbursts_duration_std,superbursts_duration_cv,superbursts_inter_event_interval_mean,superbursts_inter_event_interval_std,superbursts_inter_event_interval_cv,superbursts_intensity_mean,superbursts_intensity_std,superbursts_intensity_cv,superbursts_participation_mean,superbursts_participation_std,superbursts_participation_cv,superbursts_spikes_per_burst_mean,superbursts_spikes_per_burst_std,superbursts_spikes_per_burst_cv,superbursts_burst_peak_mean,superbursts_burst_peak_std,superbursts_burst_peak_cv,superbursts_peak_synchrony_mean,superbursts_peak_synchrony_std,superbursts_peak_synchrony_cv,diag_adaptive_bin_ms,diag_biological_isi_s,diag_baseline_value,diag_spread_mad,diag_participation_quorum_floor,diag_threshold_detect_1.2x,diag_threshold_merge_1.05x,diag_burstlet_merge_gap_s,diag_network_merge_gap_s,diag_merge_floor,plot_threshold,plot_baseline,recording_duration_s_plot,unit_n_rows,unit_n_unique_units,unit_firing_rate,unit_amplitude_median,unit_presence_ratio,unit_rp_contamination,unit_snr,unit_loc_x,unit_loc_y,template_n_rows,template_n_unique_units,template_peak_to_valley,template_peak_trough_ratio,template_half_width,template_repolarization_slope,template_recovery_slope,track_well_key,days_since_treatment_num,time_bin_start_day_num,DIV_num,selected_baseline_bin
CX138,260325,T003346,000012,well000,/mnt/benshalom-nas/analysis/Sadegh/CX138/CX138/260325/T003346/Network/000012/well000,CX138|260325|T003346|000012|well000,/mnt/benshalom-nas/analysis/Sadegh/CX138/CX138/260325/T003346/Network/000012/well000/qm_unfiltered.xlsx,/mnt/benshalom-nas/analysis/Sadegh/CX138/CX138/260325/T003346/Network/000012/well000/network_results.json,/mnt/benshalom-nas/analysis/Sadegh/CX138/CX138/260325/T003346/Network/000012/well000/tm_curated.xlsx,/mnt/benshalom-nas/analysis/Sadegh/CX138/CX138/260325/T003346/Network/000012/well000/spike_times.npy,/mnt/benshalom-nas/analysis/Sadegh/CX138/CX138/260325/T003346/Network/000012/well000/tm_unfiltered.xlsx,/mnt/benshalom-nas/analysis/Sadegh/CX138/CX138/260325/T003346/Network/000012/well000/rejection_log.xlsx,/mnt/benshalom-nas/analysis/Sadegh/CX138/CX138/260325/T003346/Network/000012/well000/metrics_curated.xlsx,True,True,True,True,True,True,True,92.0,False,,NPH,0,1,1,A1,NPH,2026-03-25,2026-03-25,12,0,pre_treatment,0,0,2,1.0,D+0 to D+2,17,17.0,0.05665435378711027,0.7852941176470614,0.5114238215604731,0.6512513083541583,15.294375000000002,19.65526423402583,1.2851302674366116,11.154093978874183,7.807405533858146,0.6999587370023371,0.7359335038363171,0.09130470602493011,0.12406651626671651,412.8235294117647,304.0629260133148,0.7365445628706685,1045.0980392156864,169.1737616480235,0.1618735805637748,19.43425154596023,6.2705257167798605,0.32265331659161867,7,7.0,0.023328263324104228,1.9071428571428635,0.1982577172495022,0.1039553573592892,40.71,6.631176366226452,0.16288814458920295,27.088513948694445,1.5618964405057294,0.057658993160863536,0.744047619047619,0.05964296292633524,0.08016014217299457,1002.5714285714286,51.36106680817163,0.05122933423442596,1171.4285714285718,62.8138378965377,0.05362156893606875,25.169156752345685,1.2139531242381245,0.04823177574771105,0,,,,,,,,,,,,,,,,,,,,,,,,30.0,0.22329999999999472,3.5847335716155513,0.7958725766316999,10.0,10.0,3.763970250196329,0.6698999999999842,2.2329999999999472,3.763970250196329,10.0,3.5847335716155513,300.06,92,92,1.0730471874166885,-31.47125244140625,1.0,0.0,4.139690325352449,2458.5002417033506,1070.9416651829856,92,92,0.000595,-0.19645558590957485,0.00025,144749.4930519542,-7339.392407386127,CX138|T003346|well000,0,0,12,0
CX138,260325,T003346,000012,well001,/mnt/benshalom-nas/analysis/Sadegh/CX138/CX138/260325/T003346/Network/000012/well001,CX138|260325|T003346|000012|well001,/mnt/benshalom-nas/analysis/Sadegh/CX138/CX138/260325/T003346/Network/000012/well001/qm_unfiltered.xlsx,/mnt/benshalom-nas/analysis/Sadegh/CX138/CX138/260325/T003346/Network/000012/well001/network_results.json,/mnt/benshalom-nas/analysis/Sadegh/CX138/CX138/260325/T003346/Network/000012/well001/tm_curated.xlsx,/mnt/benshalom-nas/analysis/Sadegh/CX138/CX138/260325/T003346/Network/000012/well001/spike_times.npy,/mnt/benshalom-nas/analysis/Sadegh/CX138/CX138/260325/T003346/Network/000012/well001/tm_unfiltered.xlsx,/mnt/benshalom-nas/analysis/Sadegh/CX138/CX138/260325/T003346/Network/000012/well001/rejection_log.xlsx,/mnt/benshalom-nas/analysis/Sadegh/CX138/CX138/260325/T003346/Network/000012/well001/metrics_curated.xlsx,True,True,True,True,True,True,True,128.0,False,,IVH-E,1,1,2,A2,IVH-E,2026-03-25,2026-03-25,12,0,pre_treatment,0,0,2,1.0,D+0 to D+2,48,48.0,0.15996358162458346,0.6006250000000031,0.4648987625010398,0.7740249947988136,5.662340425531913,8.596451571944742,1.5181799266576599,10.401035439142506,8.763060891073097,0.8425181264256467,0.62109375,0.1769420583827926,0.2848878424276409,394.3333333333333,344.12257586828304,0.8726692541038454,1233.3333333333335,715.6646742196557,0.5802686547726937,24.089696536752168,11.931048864674066,0.4952760133973294,20,20.0,0.06665149234357644,1.4790000000000052,0.9678011159323984,0.6543618092849188,13.964210526315789,9.427812893544214,0.6751411313784866,24.962485053942014,19.423243773461643,0.7780973621612393,0.5931901041666667,0.16462236081724693,0.2775204098330567,946.4,754.1822989171782,0.7968959202421578,1380.0000000000002,880.4291882687419,0.6379921654121317,23.63272935406586,12.913953426877113,0.5464435881865397,3,3.0,0.009997723851536466,3.1799999999999833,0.18493242008908245,0.058154849084617426,75.15,12.510000000000012,0.16646706586826363,50.98935836608147,1.453187157221634,0.02849981258419415,0.6240885416666667,0.072860609032071,0.11674723082960678,1904.3333333333333,30.728199137310703,0.01613593513249293,2111.1111111111113,56.655772373253214,0.026836944808383098,36.771852100722796,1.1779806682620149,0.032034847334732434,30.0,0.11400000000000432,5.20571103656819,1.7688621098101205,10.0,10.0,5.4659965883966,0.34200000000001296,1.1400000000000432,5.4659965883966,10.0,5.20571103656819,300.05999999999995,128,128,1.1163689682751263,-31.47125244140625,1.0,0.0,4.065359498498392,2262.5852348485423,699.7681697080307,128,128,0.000635,-0.1961347599491846,0.00025,138439.11036660644,-7622.445993600138,CX138|T003346|well001,0,0,12,0
CX138,260325,T003346,000012,well002,/mnt/benshalom-nas/analysis/Sadegh/CX138/CX138/260325/T003346/Network/000012/well002,CX138|260325|T003346|000012|well002,/mnt/benshalom-nas/analysis/Sadegh/CX138/CX138/260325/T003346/Network/000012/well002/qm_unfiltered.xlsx,/mnt/benshalom-nas/analysis/Sadegh/CX138/CX138/260325/T003346/Network/000012/well002/network_results.json,/mnt/benshalom-nas/analysis/Sadegh/CX138/CX138/260325/T003346/Network/000012/well002/tm_curated.xlsx,/mnt/benshalom-nas/analysis/Sadegh/CX138/CX138/260325/T003346/Network/000012/well002/spike_times.npy,/mnt/benshalom-nas/analysis/Sadegh/CX138/CX138/260325/T003346/Network/000012/well002/tm_unfiltered.xlsx,/mnt/benshalom-nas/analysis/Sadegh/CX138/CX138/260325/T003346/Network/000012/well002/rejection_log.xlsx,/mnt/benshalom-nas/analysis/Sadegh/CX138/CX138/260325/T003346/Network/000012/well002/metrics_curated.xlsx,True,True,True,True,True,True,True,123.0,False,,IVH-L,2,1,3,A3,IVH-L,2026-03-25,2026-03-25,12,0,pre_treatment,0,0,2,1.0,D+0 to D+2,35,35.0,0.11663933418268985,0.9317142857142873,0.6005972537603617,0.6446152677587434,8.257058823529412,9.397746453714554,1.1381469666819648,15.158991234562372,9.054449395998835,0.5972989400082749,0.808130081300813,0.16725287124831165,0.20696280848634138,567.0285714285715,343.59032796251375,0.6059488803128077,1775.2380952380954,652.9222641273594,0.36779419384856615,29.010259896980262,7.377566546335311,0.25430887460278345,15,15.0,0.04998828607829565,2.196000000000003,0.2636361128525418,0.1200528747051646,20.022857142857138,1.782043083379419,0.08900043938110686,35.3709795473122,2.230886995310306,0.06307111151180513,0.8340560072267389,0.08985673254350951,0.1077346506289018,1323.0666666666666,76.5292681847206,0.057842337134475924,2382.222222222222,241.25187903061496,0.10127177757814994,33.72312721395904,1.1942722657026752,0.0354140426575958,2,2.0,0.006665104810439419,2.7299999999999898,0.15000000000000568,0.054945054945057234,22.74000000000001,0.0,0.0,39.83138390561872,0.04439839165996062,0.001114658525678232,0.6300813008130082,0.024390243902439046,0.03870967741935487,1476.0,22.0,0.014905149051490514,2066.666666666667,100.00000000000011,0.048387096774193596,35.04486981117738,0.7751630862812711,0.022119160106967694,30.0,0.1319999999999979,3.688512690061907,1.2344077308539236,10.0,10.0,3.8729383245650024,0.3959999999999937,1.319999999999979,3.8729383245650024,10.0,3.688512690061907,300.06,123,123,1.086376966142362,-31.47125244140625,1.0,0.0,4.254882181629597,2219.860557462969,710.0507347452983,123,123,0.00066,-0.1960643859480688,0.00025,139339.8653344472,-8368.957571773588,CX138|T003346|well002,0,0,12,0
CX138,260325,T003346,000012,well003,/mnt/benshalom-nas/analysis/Sadegh/CX138/CX138/260325/T003346/Network/000012/well003,CX138|260325|T003346|000012|well003,/mnt/benshalom-nas/analysis/Sadegh/CX138/CX138/260325/T003346/Network/000012/well003/qm_unfiltered.xlsx,/mnt/benshalom-nas/analysis/Sadegh/CX138/CX138/260325/T003346/Network/000012/well003/network_results.json,/mnt/benshalom-nas/analysis/Sadegh/CX138/CX138/260325/T003346/Network/000012/well003/tm_curated.xlsx,/mnt/benshalom-nas/analysis/Sadegh/CX138/CX138/260325/T003346/Network/000012/well003/spike_times.npy,/mnt/benshalom-nas/analysis/Sadegh/CX138/CX138/260325/T003346/Network/000012/well003/tm_unfiltered.xlsx,/mnt/benshalom-nas/analysis/Sadegh/CX138/CX138/260325/T003346/Network/000012/well003/rejection_log.xlsx,/mnt/benshalom-nas/analysis/Sadegh/CX138/CX138/260325/T003346/Network/000012/well003/metrics_curated.xlsx,True,True,True,True,True,True,True,116.0,False,,CT,3,1,4,A4,CT,2026-03-25,2026-03-25,12,0,pre_treatment,0,0,2,1.0,D+0 to D+2,45,45.0,0.14996160982788406,0.611333333333333,0.34218643391513176,0.5597378962624842,5.916818181818183,9.901303351471018,1.6734168681905381,9.245773677940678,5.57764505745742,0.6032642861208057,0.7095785440613027,0.1281985695718312,0.18066861046570162,345.2,220.55995405633664,0.6389338182396774,1056.296296296296,341.94954665186845,0.32372502663395686,19.727873160421666,5.749609490230823,0.2914459882966892,13,13.0,0.04332224283916651,2.1346153846153837,0.8144617418848418,0.3815496448469531,21.63,8.663414453897483,0.4005277140035822,32.00460119287157,12.473439636263326,0.38973894913090035,0.7149646330680814,0.06264471356172502,0.08761931802542709,1194.923076923077,466.2448121449406,0.3901881394286229,1243.5897435897434,342.7851275296083,0.2756416489413345,24.11610306584364,5.8626653552977315,0.2431016876686516,3,3.0,0.009997440655192272,3.1200000000000094,0.48928519290900063,0.1568221772144228,80.20499999999998,51.704999999999984,0.6446605573218627,43.97934850907154,4.667676717914561,0.10613337568999612,0.6934865900383143,0.01774074621117277,0.025581960006166256,1619.3333333333333,170.05358632567035,0.10501456545430446,1400.0,72.0082299823095,0.05143444998736393,25.942315118303185,1.4979556505978382,0.05774178764565926,30.0,0.17819999999999814,5.249419965791691,1.1872338298544216,10.0,10.0,5.511890964081275,0.5345999999999944,1.7819999999999814,5.511890964081275,10.0,5.249419965791691,300.06,116,116,1.279658757664623,-31.47125244140625,1.0,0.0,3.9968509499014475,2424.2024693471285,889.0493422848598,116,116,0.00063,-0.20541879835817206,0.00026,129785.87689513006,-7841.290297388112,CX138|T003346|well003,0,0,12,0
CX138,260325,T003346,000012,well004,/mnt/benshalom-nas/analysis/Sadegh/CX138/CX138/260325/T003346/Network/000012/well004,CX138|260325|T003346|000012|well004,/mnt/benshalom-nas/analysis/Sadegh/CX138/CX138/260325/T003346/Network/000012/well004/qm_unfiltered.xlsx,/mnt/benshalom-nas/analysis/Sadegh/CX138/CX138/260325/T003346/Network/000012/well004/network_results.json,/mnt/benshalom-nas/analysis/Sadegh/CX138/CX138/260325/T003346/Network/000012/well004/tm_curated.xlsx,/mnt/benshalom-nas/analysis/Sadegh/CX138/CX138/260325/T003346/Network/000012/well004/spike_times.npy,/mnt/benshalom-nas/analysis/Sadegh/CX138/CX138/260325/T003346/Network/000012/well004/tm_unfiltered.xlsx,/mnt/benshalom-nas/analysis/Sadegh/CX138/CX138/260325/T003346/Network/000012/well004/rejection_log.xlsx,/mnt/benshalom-nas/analysis/Sadegh/CX138/CX138/260325/T003346/Network/000012/well004/metrics_curated.xlsx,True,True,True,True,True,True,True,117.0,False,,20uM,4,1,5,A5,20uM,2026-03-25,2026-03-25,12,0,pre_treatment,0,0,2,1.0,D+0 to D+2,49,49.0,0.1632931632151824,0.5228571428571428,0.29834235915355095,0.5706001404576112,5.491874999999999,9.362310224211488,1.7047566130349814,6.6409780101250036,4.212082934226079,0.6342564194316305,0.6373626373626373,0.12194128863244344,0.19132167699228197,237.53061224489795,156.90476795096956,0.6605665116932304,789.1156462585035,243.31308788223137,0.308336413092138,15.937440202457722,4.934860733629473,0.30963948230961613,18,18.0,0.059985243630067,1.5066666666666686,1.0264772552548664,0.6812902136647335,15.435882352941174,11.40085035983438,0.7385940174428737,18.078217916451397,13.961368091739207,0.7722756831597982,0.6175925925925926,0.07195310490406737,0.1165057770560611,646.6111111111111,502.13833185785336,0.7765692906127125,798.1481481481483,298.0331040984306,0.3734057452741357,16.54560760392426,6.277396731024505,0.3793995893832054,4,4.0,0.01333005414001489,2.8725000000000063,0.23941334549268276,0.08334668250397989,77.61999999999999,58.717029897637005,0.7564677904874647,34.503822586279064,0.7159429528047093,0.02074967059126412,0.6574074074074074,0.06213619043259701,0.09451702206648559,1239.75,21.299941314473145,0.01718083590600778,1125.0,129.90381056766583,0.11547005383792518,23.515828800545194,0.8153300728220789,0.03467154314387491,30.0,0.21050000000001223,5.4949730529597165,1.2756591478404804,10.0,10.0,5.769721705607703,0.6315000000000367,2.105000000000122,5.769721705607703,10.0,5.4949730529597165,300.06,117,117,1.213009864036257,-31.47125244140625,1.0,0.0,4.09011143696693,1368.222099230286,1141.113186537445,117,117,0.00061,-0.1961375360125056,0.00025,134622.0210521921,-7436.42637374491,CX138|T003346|well004,0,0,12,0
CX138,260325,T003346,000012,well005,/mnt/benshalom-nas/analysis/Sadegh/CX138/CX138/260325/T003346/Network/000012/well005,CX138|260325|T003346|000012|well005,/mnt/benshalom-nas/analysis/Sadegh/CX138/CX138/260325/T003346/Network/000012/well005/qm_unfiltered.xlsx,/mnt/benshalom-nas/analysis/Sadegh/CX138/CX138/260325/T003346/Network/000012/well005/network_results.json,/mnt/benshalom-nas/analysis/Sadegh/CX138/CX138/260325/T003346/Network/000012/well005/tm_curated.xlsx,/mnt/benshalom-nas/analysis/Sadegh/CX138/CX138/260325/T003346/Network/000012/well005/spike_times.npy,/mnt/benshalom-nas/analysis/Sadegh/CX138/CX138/260325/T003346/Network/000012/well005/tm_unfiltered.xlsx,/mnt/benshalom-nas/analysis/Sadegh/CX138/CX138/260325/T003346/Network/000012/well005/rejection_log.xlsx,/mnt/benshalom-nas/analysis/Sadegh/CX138/CX138/260325/T003346/Network/000012/well005/metrics_curated.xlsx,True,True,True,True,True,True,True,112.0,False,,10uM,5,1,6,A6,10uM,2026-03-25,2026-03-25,12,0,pre_treatment,0,0,2,1.0,D+0 to D+2,52,52.0,0.17329162781490587,0.6109615384615398,0.3799760094420192,0.6219311454512104,5.6658823529411775,9.04954796324658,1.5972001180979218,9.663487934644186,5.369700939458437,0.5556690271436813,0.6248282967032966,0.10618693276424095,0.16994578082411083,351.6730769230769,196.07531139000238,0.5575499640334732,1077.5641025641028,154.52175376492391,0.14339912901444454,21.526582861995397,4.605454664272969,0.21394267235993947,14,14.0,0.046655438257859276,2.2692857142857195,0.20460639166507183,0.09016334539852058,22.135384615384616,1.9377965892481477,0.08754293737915596,35.892955185821265,2.1037513605814375,0.058611818104419525,0.6376062925170068,0.06749868090474134,0.10586263293965367,1306.2142857142858,70.03894689123082,0.053619798571511536,1240.4761904761906,131.64319949313412,0.10612311667392768,25.600608760900254,0.9288472287185442,0.036282232090401316,1,1.0,0.0033325313041328054,2.6400000000000006,0.0,0.0,0.0,0.0,0.0,38.24098849365377,0.0,0.0,0.6049107142857143,0.0,0.0,1375.0,0.0,0.0,1233.3333333333335,0.0,0.0,26.36669576981774,0.0,0.0,30.0,0.13284999059088937,3.985163032949543,1.7071230995979003,10.0,10.0,4.184421184597021,0.3985499717726681,1.3284999059088936,4.184421184597021,10.0,3.985163032949543,300.06,112,112,1.1363636363636365,-31.47125244140625,1.0,0.0,4.459255757187185,2060.92601881682,973.5283428750724,112,112,0.00062,-0.19455563594399156,0.00026,149026.4796064013,-8387.636921102616,CX138|T003346|well005,0,0,12,0
CX138,260325,T003346,000012,well006,/mnt/benshalom-nas/analysis/Sadegh/CX138/CX138/260325/T003346/Network/000012/well006,CX138|260325|T003346|000012|well006,/mnt/benshalom-nas/analysis/Sadegh/CX138/CX138/260325/T003346/Network/000012/well006/qm_unfiltered.xlsx,/mnt/benshalom-nas/analysis/Sadegh/CX138/CX138/260325/T003346/Network/000012/well006/network_results.json,/mnt/benshalom-nas/analysis/Sadegh/CX138/CX138/260325/T003346/Network/000012/well006/tm_curated.xlsx,/mnt/benshalom-nas/analysis/Sadegh/CX138/CX138/260325/T003346/Network/000012/well006/spike_times.npy,/mnt/benshalom-nas/analysis/Sadegh/CX138/CX138/260325/T003346/Network/000012/well006/tm_unfiltered.xlsx,/mnt/benshalom-nas/analysis/Sadegh/CX138/CX138/260325/T003346/Network/000012/well006/rejection_log.xlsx,/mnt/benshalom-nas/analysis/Sadegh/CX138/CX138/260325/T003346/Network/000012/well006/metrics_curated.xlsx,True,True,True,True,True,True,True,59.0,False,,NPH,6,2,1,B1,NPH,2026-03-25,2026-03-25,12,0,pre_treatment,0,0,2,1.0,D+0 to D+2,22,22.0,0.0733360712133253,0.6109090909090947,0.25512758111311623,0.41761955241730075,12.281428571428576,15.207367977935123,1.2382409659828524,4.507516339748038,1.1450153884464915,0.25402356911045515,0.6879815100154082,0.09637593464120525,0.1400850651335772,169.63636363636363,40.70129041347846,0.2399325801437637,622.7272727272726,106.071428019316,0.17033368003101843,11.010153070588048,0.6479635063306489,0.05885145303398052,9,9.0,0.030001120041814898,1.533333333333344,0.4437216344611664,0.2893836746485848,32.14125000000001,4.264300755985676,0.1326737683190814,11.01837327493965,2.5903463235322373,0.23509335351923127,0.6873822975517891,0.07101584796596914,0.10331346649295785,414.6666666666667,88.63658637630651,0.21375382566633402,703.7037037037038,108.23436441631452,0.1538067283810785,11.490871107662151,0.5385328365839923,0.046866145441740864,0,,,,,,,,,,,,,,,,,,,,,,,,30.0,0.19410000000000238,2.732834241709001,0.543072641242428,10.0,10.0,2.869475953794451,0.5823000000000071,1.9410000000000238,2.869475953794451,10.0,2.732834241709001,299.97,59,59,1.159845353952806,-31.47125244140625,1.0,0.0,3.826996620294807,1480.478494223018,799.1873684896478,59,59,0.00068,-0.206590353007663,0.00026,126053.8739765957,-8011.656400087883,CX138|T003346|well006,0,0,12,0
CX138,260325,T003346,000012,well007,/mnt/benshalom-nas/analysis/Sadegh/CX138/CX138/260325/T003346/Network/000012/well007,CX138|260325|T003346|000012|well007,/mnt/benshalom-nas/analysis/Sadegh/CX138/CX138/260325/T003346/Network/000012/well007/qm_unfiltered.xlsx,/mnt/benshalom-nas/analysis/Sadegh/CX138/CX138/260325/T003346/Network/000012/well007/network_results.json,/mnt/benshalom-nas/analysis/Sadegh/CX138/CX138/260325/T003346/Network/000012/well007/tm_curated.xlsx,/mnt/benshalom-nas/analysis/Sadegh/CX138/CX138/260325/T003346/Network/000012/well007/spike_times.npy,/mnt/benshalom-nas/analysis/Sadegh/CX138/CX138/260325/T003346/Network/000012/well007/tm_unfiltered.xlsx,/mnt/benshalom-nas/analysis/Sadegh/CX138/CX138/260325/T003346/Network/000012/well007/rejection_log.xlsx,/mnt/benshalom-nas/analysis/Sadegh/CX138/CX138/260325/T003346/Network/000012/well007/metrics_curated.xlsx,True,True,True,True,True,True,True,173.0,False,,IVH-E,7,2,2,B2,IVH-E,2026-03-25,2026-03-25,12,0,pre_treatment,0,0,2,1.0,D+0 to D+2,14,14.0,0.04666122285733332,1.2621428571428552,0.7432378831978466,0.5888698565234787,16.105384615384615,17.166792010419258,1.0659038837247474,39.90229337203364,22.056542623827752,0.5527637827274997,0.8914120561519405,0.10317505193614622,0.11574338850826593,1513.357142857143,806.7566111237246,0.5330906950362082,2850.0,592.1108326109548,0.20775818688103678,61.33563124076473,10.108179132248061,0.16480109404221782,7,7.0,0.02333061142866666,2.5242857142857105,0.21894925327618986,0.08673711222033567,34.775000000000006,5.539108682811714,0.159284218053536,79.80458674406728,3.4994990748631354,0.04385085140639852,0.9167354803192954,0.06900359143089198,0.07527099464597824,3026.714285714286,117.20764758777997,0.03872438443925331,3319.0476190476193,105.19391444940251,0.03169400578819875,67.771550155611,4.174605463251243,0.06159819944601955,4,4.0,0.01333177795923809,2.6774999999999913,0.12070107704572156,0.045079767337337796,60.150000000000006,13.98504200923255,0.23250277654584456,81.96375299347062,1.5042281929241081,0.018352358670593545,0.9241329479768786,0.06022302402908927,0.06516705649433897,3093.75,52.45176355471759,0.016954105391423866,3325.0,134.11230782859238,0.04033452867025335,69.09226837208621,2.400317722589356,0.03474075723875209,30.0,0.10709999999999999,4.284313112902176,0.9133992327955316,10.0,10.0,4.498528768547285,0.3213,1.071,4.498528768547285,10.0,4.284313112902176,300.03000000000003,173,173,0.7832289028129583,-31.47125244140625,1.0,0.0,4.57906181117084,1826.243899925851,1125.735638997621,173,173,0.00074,-0.2143260498821012,0.00028,127912.4673744077,-9534.812357696854,CX138|T003346|well007,0,0,12,0
CX138,260325,T003346,000012,well008,/mnt/benshalom-nas/analysis/Sadegh/CX138/CX138/260325/T003346/Network/000012/well008,CX138|260325|T003346|000012|well008,/mnt/benshalom-nas/analysis/Sadegh/CX138/CX138/260325/T003346/Network/000012/well008/qm_unfiltered.xlsx,/mnt/benshalom-nas/analysis/Sadegh/CX138/CX138/260325/T003346/Network/000012/well008/network_results.json,/mnt/benshalom-nas/analysis/Sadegh/CX138/CX138/260325/T003346/Network/000012/well008/tm_curated.xlsx,/mnt/benshalom-nas/analysis/Sadegh/CX138/CX138/260325/T003346/Network/000012/well008/spike_times.npy,/mnt/benshalom-nas/analysis/Sadegh/CX138/CX138/260325/T003346/Network/000012/well008/tm_unfiltered.xlsx,/mnt/benshalom-nas/analysis/Sadegh/CX138/CX138/260325/T003346/Network/000012/well008/rejection_log.xlsx,/mnt/benshalom-nas/analysis/Sadegh/CX138/CX138/260325/T003346/Network/000012/well008/metrics_curated.xlsx,True,True,True,True,True,True,True,151.0,False,,IVH-L,8,2,3,B3,IVH-L,2026-03-25,2026-03-25,12,0,pre_treatment,0,0,2,1.0,D+0 to D+2,37,37.0,0.12333329222223594,0.7135135135135137,0.47802643948260587,0.6699612977597126,7.902500000000002,12.017687745569033,1.5207450484744107,26.301999031438225,13.00532100966782,0.4944613142948882,0.8485770538750671,0.09637810694620186,0.11357614079485968,994.5675675675676,479.5590621427902,0.48217846406922027,2488.2882882882886,150.9163633331213,0.06065067461975547,58.307314022651674,2.769842880657649,0.04750420984203799,11,11.0,0.03666665444444852,2.4000000000000004,0.28084288716776623,0.1170178696532359,28.347,1.6876673250377356,0.059536011748606045,88.47036037847404,7.754300064540485,0.08764856423516054,0.8572847682119206,0.041263903631712756,0.048133251822237356,3345.3636363636365,269.3477889364579,0.08051375521892,2657.575757575758,98.5663998017612,0.037088839150035566,61.45318524325444,2.7505850804491603,0.0447590319291234,3,3.0,0.009999996666667779,2.809999999999993,0.11575836902790705,0.041195149120251726,114.55499999999999,85.96500000000002,0.7504255597747809,100.93457272442556,0.8049296332650544,0.007974766341585416,0.8579838116261956,0.03081735333535233,0.035918338921735696,3776.3333333333335,17.518244457961217,0.004638956075018417,2744.444444444445,83.14794192830982,0.030296820945537987,65.2842572846423,2.009721708079322,0.030784170513219522,30.0,0.06409999999999984,2.275359583007357,0.7255062529450083,10.0,10.0,2.389127562157725,0.19229999999999953,0.6409999999999983,2.389127562157725,10.0,2.275359583007357,300.0,151,151,1.019864018130916,-37.7655029296875,1.0,0.0,5.096147405876217,1942.664779774523,966.1206334604368,151,151,0.00069,-0.2038864183081143,0.00027,143861.2649983248,-9715.178537585969,CX138|T003346|well008,0,0,12,0
CX138,260325,T003346,000012,well009,/mnt/benshalom-nas/analysis/Sadegh/CX138/CX138/260325/T003346/Network/000012/well009,CX138|260325|T003346|000012|well009,/mnt/benshalom-nas/analysis/Sadegh/CX138/CX138/260325/T003346/Network/000012/well009/qm_unfiltered.xlsx,/mnt/benshalom-nas/analysis/Sadegh/CX138/CX138/260325/T003346/Network/000012/well009/network_results.json,/mnt/benshalom-nas/analysis/Sadegh/CX138/CX138/260325/T003346/Network/000012/well009/tm_curated.xlsx,/mnt/benshalom-nas/analysis/Sadegh/CX138/CX138/260325/T003346/Network/000012/well009/spike_times.npy,/mnt/benshalom-nas/analysis/Sadegh/CX138/CX138/260325/T003346/Network/000012/well009/tm_unfiltered.xlsx,/mnt/benshalom-nas/analysis/Sadegh/CX138/CX138/260325/T003346/Network/000012/well009/rejection_log.xlsx,/mnt/benshalom-nas/analysis/Sadegh/CX138/CX138/260325/T003346/Network/000012/well009/metrics_curated.xlsx,True,True,True,True,True,True,True,112.0,False,,CT,9,2,4,B4,CT,2026-03-25,2026-03-25,12,0,pre_treatment,0,0,2,1.0,D+0 to D+2,18,18.0,0.05999774008512346,1.0816666666666626,0.5684603963533688,0.5255411984776927,16.372941176470583,15.161342391562401,0.9259999305042786,22.053481848250172,12.061562726375493,0.5469232844668704,0.8675595238095238,0.07100881125261996,0.08184892137523261,818.5,462.8449764469981,0.5654795069602909,1787.0370370370372,291.259268678648,0.1629844612295025,35.08506187445797,5.0037636230609746,0.14261806466140878,10,10.0,0.03333207782506859,1.9469999999999927,0.12033702672078972,0.061806382496553756,30.779999999999998,3.5356470412076018,0.11486832492552314,39.696267326850304,1.0843603402036095,0.02731643081892879,0.8802083333333334,0.03967525354736397,0.0450748442668277,1473.3,36.27133854712285,0.024619112568467286,1966.6666666666667,208.69967789998043,0.10611848028812564,38.48379768805237,1.6694762987252147,0.04338127729123569,0,,,,,,,,,,,,,,,,,,,,,,,,30.0,0.15429999999999566,3.979894132090984,0.7669571271241002,10.0,10.0,4.178888838695533,0.462899999999987,1.5429999999999566,4.178888838695533,10.0,3.979894132090984,299.99999999999994,112,112,1.06985735235302,-31.47125244140625,1.0,0.0,4.276783996307016,2490.1902214147985,1298.891802170438,112,112,0.00068,-0.2017823037722332,0.00026,128146.10892220195,-8279.645298990012,CX138|T003346|well009,0,0,12,0
CX138,260325,T003346,000012,well010,/mnt/benshalom-nas/analysis/Sadegh/CX138/CX138/260325/T003346/Network/000012/well010,CX138|260325|T003346|000012|well010,/mnt/benshalom-nas/analysis/Sadegh/CX138/CX138/260325/T003346/Network/000012/well010/qm_unfiltered.xlsx,/mnt/benshalom-nas/analysis/Sadegh/CX138/CX138/260325/T003346/Network/000012/well010/network_results.json,/mnt/benshalom-nas/analysis/Sadegh/CX138/CX138/260325/T003346/Network/000012/well010/tm_curated.xlsx,/mnt/benshalom-nas/analysis/Sadegh/CX138/CX138/260325/T003346/Network/000012/well010/spike_times.npy,/mnt/benshalom-nas/analysis/Sadegh/CX138/CX138/260325/T003346/Network/000012/well010/tm_unfiltered.xlsx,/mnt/benshalom-nas/analysis/Sadegh/CX138/CX138/260325/T003346/Network/000012/well010/rejection_log.xlsx,/mnt/benshalom-nas/analysis/Sadegh/CX138/CX138/260325/T003346/Network/000012/well010/metrics_curated.xlsx,True,True,True,True,True,True,True,172.0,False,,20uM,10,2,5,B5,20uM,2026-03-25,2026-03-25,12,0,pre_treatment,0,0,2,1.0,D+0 to D+2,22,22.0,0.07332969129199916,0.9368181818181806,0.753098969492878,0.8038902148880805,12.835714285714284,15.677227212145144,1.221375520144864,29.86823962844404,32.19497677053302,1.077900042688595,0.6641120507399578,0.2503864694263673,0.3770244330717762,1066.5,1149.2714589528605,1.0776103693885237,1693.9393939393938,1199.4795320646606,0.7081006182134849,38.263358096851476,27.033688971749676,0.7065163727481139,10,10.0,0.03333167785999962,2.081999999999997,0.7368283382172521,0.3539041009689016,29.949999999999996,12.018136294783805,0.4012733320462039,65.71012718257688,36.7439388978681,0.5591822824474885,0.6867248062015504,0.1767262555929381,0.25734654405518853,2346.3,1316.5470025790953,0.5611162266458233,2306.666666666667,1150.0531388689058,0.49857795037669317,50.916244042034805,25.37257976301983,0.4983199417080539,4,4.0,0.013332671143999848,2.6774999999999913,0.10034316120193287,0.0374764374236912,76.27,34.50075071646992,0.4523502126192464,90.48439018381094,1.2575285421358704,0.01389774014701667,0.6848352713178294,0.028510240183042178,0.04163079995599509,3227.5,63.641574461982,0.019718535851892177,3108.333333333334,331.9764047840348,0.10680206052033289,67.52866175648276,0.5914574482016861,0.008758613495622932,30.0,0.17150000000000887,3.90981298625928,1.2386055627584232,10.0,10.0,4.105303635572244,0.5145000000000266,1.7150000000000887,4.105303635572244,10.0,3.90981298625928,300.0,172,172,0.9282095720570591,-37.7655029296875,1.0,0.0,5.278870388903702,1509.495342033709,1133.042611638183,172,172,0.00068,-0.19137032876542331,0.00025,160726.95752947565,-9027.80740340535,CX138|T003346|well010,0,0,12,0
CX138,260325,T003346,000012,well011,/mnt/benshalom-nas/analysis/Sadegh/CX138/CX138/260325/T003346/Network/000012/well011,CX138|260325|T003346|000012|well011,/mnt/benshalom-nas/analysis/Sadegh/CX138/CX138/260325/T003346/Network/000012/well011/qm_unfiltered.xlsx,/mnt/benshalom-nas/analysis/Sadegh/CX138/CX138/260325/T003346/Network/000012/well011/network_results.json,/mnt/benshalom-nas/analysis/Sadegh/CX138/CX138/260325/T003346/Network/000012/well011/tm_curated.xlsx,/mnt/benshalom-nas/analysis/Sadegh/CX138/CX138/260325/T003346/Network/000012/well011/spike_times.npy,/mnt/benshalom-nas/analysis/Sadegh/CX138/CX138/260325/T003346/Network/000012/well011/tm_unfiltered.xlsx,/mnt/benshalom-nas/analysis/Sadegh/CX138/CX138/260325/T003346/Network/000012/well011/rejection_log.xlsx,/mnt/benshalom-nas/analysis/Sadegh/CX138/CX138/260325/T003346/Network/000012/well011/metrics_curated.xlsx,True,True,True,True,True,True,True,153.0,False,,10uM,11,2,6,B6,10uM,2026-03-25,2026-03-25,12,0,pre_treatment,0,0,2,1.0,D+0 to D+2,36,36.0,0.11999000083326389,0.7366666666666669,0.5366304335594704,0.7284576021169279,8.250857142857143,12.895263886166795,1.562899910020908,18.063696628835494,16.30404848003422,0.9025864868660212,0.7035221496005811,0.11256632577910493,0.1600039541654993,647.2777777777778,586.0438271016517,0.9053977244725543,1579.6296296296296,726.919671287551,0.4601836137107591,32.48919117283814,14.50101544919956,0.4463335320370428,14,14.0,0.04666277810182484,1.9264285714285714,0.6311396397770874,0.32762161501220705,22.123846153846152,13.09379450113181,0.5918407861851589,46.449505617005556,27.179691906671394,0.5851449126451128,0.695806100217865,0.09550573555767031,0.13725912366644435,1664.4285714285713,983.3832790267423,0.5908233587835547,1719.0476190476188,886.2901353854913,0.5155704388669063,33.90395319410715,16.56921842135346,0.488710514862124,2,2.0,0.006666111157403549,3.164999999999978,0.3750000000000142,0.1184834123222802,70.49999999999999,0.0,0.0,71.46414502463011,3.0428345399364147,0.04257847818493738,0.6944444444444444,0.03594771241830064,0.05176470588235292,2566.5,95.5,0.037210208455094484,2533.3333333333335,33.333333333333485,0.013157894736842164,46.76013083963278,0.5215449618399823,0.011153624946616557,30.0,0.19224999349805066,4.8014409202223405,1.9506932006648414,10.0,10.0,5.041512966233458,0.576749980494152,1.9224999349805065,5.041512966233458,10.0,4.8014409202223405,300.0,153,153,1.039861351819757,-37.7655029296875,1.0,0.0,4.806420080666943,1472.617152243261,941.1476287833875,153,153,0.00068,-0.1972518532268226,0.00026,150650.1759459326,-8842.635901045278,CX138|T003346|well011,0,0,12,0
CX138,260325,T003346,000012,well012,/mnt/benshalom-nas/analysis/Sadegh/CX138/CX138/260325/T003346/Network/000012/well012,CX138|260325|T003346|000012|well012,/mnt/benshalom-nas/analysis/Sadegh/CX138/CX138/260325/T003346/Network/000012/well012/qm_unfiltered.xlsx,/mnt/benshalom-nas/analysis/Sadegh/CX138/CX138/260325/T003346/Network/000012/well012/network_results.json,/mnt/benshalom-nas/analysis/Sadegh/CX138/CX138/260325/T003346/Network/000012/well012/tm_curated.xlsx,/mnt/benshalom-nas/analysis/Sadegh/CX138/CX138/260325/T003346/Network/000012/well012/spike_times.npy,/mnt/benshalom-nas/analysis/Sadegh/CX138/CX138/260325/T003346/Network/000012/well012/tm_unfiltered.xlsx,/mnt/benshalom-nas/analysis/Sadegh/CX138/CX138/260325/T003346/Network/000012/well012/rejection_log.xlsx,/mnt/benshalom-nas/analysis/Sadegh/CX138/CX138/260325/T003346/Network/000012/well012/metrics_curated.xlsx,True,True,True,True,True,True,True,78.0,False,,NPH,12,3,1,C1,NPH,2026-03-25,2026-03-25,12,0,pre_treatment,0,0,2,1.0,D+0 to D+2,22,22.0,0.07332930022182113,0.5863636363636376,0.26660398712400357,0.45467346641302836,12.629999999999999,15.642384728678676,1.238510271470996,6.170341083112219,2.909444560778554,0.47152086433949253,0.7016317016317015,0.08992504284829993,0.1281655926309657,235.6818181818182,115.5333034881113,0.49020880939989364,839.3939393939395,246.31349894240236,0.29344207455232046,14.183864922263593,2.0927303061628213,0.14754302283843548,9,9.0,0.02999835009074501,1.4333333333333362,0.27450966386550213,0.19151837013872203,33.07875,2.5377915472906762,0.07671969307457738,15.083055980940978,2.70784535582224,0.17952896012876213,0.714031339031339,0.05768351380342309,0.08078568915711325,576.1111111111111,97.95173918760474,0.17002230524367265,1000.0,296.8975381308308,0.2968975381308308,16.053655376618785,0.9873247748072321,0.06150155535574865,0,,,,,,,,,,,,,,,,,,,,,,,,30.0,0.18874999337748222,3.9084899163197813,0.5261297485725729,10.0,10.0,4.1039144121357705,0.5662499801324467,1.8874999337748222,4.1039144121357705,10.0,3.9084899163197813,300.0,78,78,1.1898413544860684,-31.47125244140625,1.0,0.0,3.9973253411053644,1732.5021383947035,896.6159945610789,78,78,0.0006,-0.21516002783354948,0.00026,127522.2335330528,-7860.951360755313,CX138|T003346|well012,0,0,12,0
CX138,260325,T003346,000012,well013,/mnt/benshalom-nas/analysis/Sadegh/CX138/CX138/260325/T003346/Network/000012/well013,CX138|260325|T003346|000012|well013,/mnt/benshalom-nas/analysis/Sadegh/CX138/CX138/260325/T003346/Network/000012/well013/qm_unfiltered.xlsx,/mnt/benshalom-nas/analysis/Sadegh/CX138/CX138/260325/T003346/Network/000012/well013/network_results.json,/mnt/benshalom-nas/analysis/Sadegh/CX138/CX138/260325/T003346/Network/000012/well013/tm_curated.xlsx,/mnt/benshalom-nas/analysis/Sadegh/CX138/CX138/260325/T003346/Network/000012/well013/spike_times.npy,/mnt/benshalom-nas/analysis/Sadegh/CX138/CX138/260325/T003346/Network/000012/well013/tm_unfiltered.xlsx,/mnt/benshalom-nas/analysis/Sadegh/CX138/CX138/260325/T003346/Network/000012/well013/rejection_log.xlsx,/mnt/benshalom-nas/analysis/Sadegh/CX138/CX138/260325/T003346/Network/000012/well013/metrics_curated.xlsx,True,True,True,True,True,True,True,189.0,False,,IVH-E,13,3,2,C2,IVH-E,2026-03-25,2026-03-25,12,0,pre_treatment,0,0,2,1.0,D+0 to D+2,18,18.0,0.059993080798014624,0.8933333333333332,0.9487652794846314,1.0620506859902592,12.21176470588235,21.355398059918667,1.748756103172531,28.926067905895927,40.51753070423588,1.4007272207218078,0.5543797766019989,0.26635805348084557,0.4804613456743566,1018.6666666666666,1443.7690258486641,1.4173125253749976,1453.7037037037037,1433.2101105038578,0.9859024963975582,31.020358149873864,30.08851672853234,0.9699603268008912,5,5.0,0.016664744666115176,3.2159999999999997,0.17327434893832527,0.05387883984400662,51.17999999999999,15.093294868914485,0.29490611310891923,104.13384446122534,1.7979008511678565,0.017265288345685848,0.5703703703703704,0.07564657419878745,0.1326271106082637,3667.2,54.53952695064379,0.01487225320425496,3760.0,99.7775303139717,0.026536577211162683,79.46630810151326,1.616453731952522,0.020341371967193985,5,5.0,0.016664744666115176,3.2159999999999997,0.17327434893832527,0.05387883984400662,51.17999999999999,15.093294868914485,0.29490611310891923,104.13384446122534,1.7979008511678565,0.017265288345685848,0.5703703703703704,0.07564657419878745,0.1326271106082637,3667.2,54.53952695064379,0.01487225320425496,3760.0,99.7775303139717,0.026536577211162683,79.46630810151326,1.616453731952522,0.020341371967193985,30.0,0.22200000000000839,4.173601608821494,1.386769523250938,10.0,10.0,4.38228168926257,0.6660000000000251,2.2200000000000837,4.38228168926257,10.0,4.173601608821494,300.03,189,189,0.8465537928276231,-37.7655029296875,1.0,0.0,5.38563641133376,2075.574065387964,1192.346199072717,189,189,0.00064,-0.1839973663152146,0.00024,171641.6857609842,-9035.488430069301,CX138|T003346|well013,0,0,12,0
CX138,260325,T003346,000012,well014,/mnt/benshalom-nas/analysis/Sadegh/CX138/CX138/260325/T003346/Network/000012/well014,CX138|260325|T003346|000012|well014,/mnt/benshalom-nas/analysis/Sadegh/CX138/CX138/260325/T003346/Network/000012/well014/qm_unfiltered.xlsx,/mnt/benshalom-nas/analysis/Sadegh/CX138/CX138/260325/T003346/Network/000012/well014/network_results.json,/mnt/benshalom-nas/analysis/Sadegh/CX138/CX138/260325/T003346/Network/000012/well014/tm_curated.xlsx,/mnt/benshalom-nas/analysis/Sadegh/CX138/CX138/260325/T003346/Network/000012/well014/spike_times.npy,/mnt/benshalom-nas/analysis/Sadegh/CX138/CX138/260325/T003346/Network/000012/well014/tm_unfiltered.xlsx,/mnt/benshalom-nas/analysis/Sadegh/CX138/CX138/260325/T003346/Network/000012/well014/rejection_log.xlsx,/mnt/benshalom-nas/analysis/Sadegh/CX138/CX138/260325/T003346/Network/000012/well014/metrics_curated.xlsx,True,True,True,True,True,True,True,119.0,False,,IVH-L,14,3,3,C3,IVH-L,2026-03-25,2026-03-25,12,0,pre_treatment,0,0,2,1.0,D+0 to D+2,36,36.0,0.1199943202688406,0.7258333333333322,0.40129910568330573,0.5528805129965185,7.607142857142857,10.57393954735038,1.3900014428441814,15.623536487226504,5.779312943567829,0.3699106760043017,0.796218487394958,0.13652948127403725,0.1714723828138304,581.0277777777778,213.02966487624195,0.3666428233276622,1550.925925925926,278.386678311265,0.17949708213502455,35.48257354660258,4.361318315075334,0.12291437399114263,12,12.0,0.039998106756280204,2.1774999999999967,0.17682972035266414,0.0812076786923832,24.128181818181815,1.9624466092647854,0.08133421009725572,46.870609461679514,1.432170411604625,0.030555830787213023,0.801295518207283,0.04022002904978186,0.050193752661646045,1743.0833333333333,54.0932194354236,0.031033065603340976,1900.0000000000002,144.0164599646192,0.07579813682348378,41.07933094775813,1.147666855793337,0.027937817615697313,0,,,,,,,,,,,,,,,,,,,,,,,,30.0,0.10179999999999723,2.7991038306800204,0.9208279723515536,10.0,10.0,2.9390590222140216,0.3053999999999917,1.0179999999999723,2.9390590222140216,10.0,2.7991038306800204,300.0,119,119,1.006532462338355,-31.47125244140625,1.0,0.0,4.269648375148809,1814.382153988608,895.8278782250271,119,119,0.00068,-0.2065880631747047,0.00026,133618.1002988979,-8894.230771270528,CX138|T003346|well014,0,0,12,0
CX138,260325,T003346,000012,well015,/mnt/benshalom-nas/analysis/Sadegh/CX138/CX138/260325/T003346/Network/000012/well015,CX138|260325|T003346|000012|well015,/mnt/benshalom-nas/analysis/Sadegh/CX138/CX138/260325/T003346/Network/000012/well015/qm_unfiltered.xlsx,/mnt/benshalom-nas/analysis/Sadegh/CX138/CX138/260325/T003346/Network/000012/well015/network_results.json,/mnt/benshalom-nas/analysis/Sadegh/CX138/CX138/260325/T003346/Network/000012/well015/tm_curated.xlsx,/mnt/benshalom-nas/analysis/Sadegh/CX138/CX138/260325/T003346/Network/000012/well015/spike_times.npy,/mnt/benshalom-nas/analysis/Sadegh/CX138/CX138/260325/T003346/Network/000012/well015/tm_unfiltered.xlsx,/mnt/benshalom-nas/analysis/Sadegh/CX138/CX138/260325/T003346/Network/000012/well015/rejection_log.xlsx,/mnt/benshalom-nas/analysis/Sadegh/CX138/CX138/260325/T003346/Network/000012/well015/metrics_curated.xlsx,True,True,True,True,True,True,True,155.0,False,,CT,15,3,4,C4,CT,2026-03-25,2026-03-25,12,0,pre_treatment,0,0,2,1.0,D+0 to D+2,28,28.0,0.09332583615782866,0.87642857142857,0.6118485707014326,0.6981157285916928,10.135555555555557,13.798018465716257,1.3613480178847435,30.131691286479047,19.0246403520109,0.6313830900208313,0.8601382488479262,0.056771406808140544,0.06600265350852665,1076.9642857142858,661.9384672601944,0.6146336290262127,2441.666666666667,326.43152372670704,0.13369209162868545,56.32010896309062,4.102209016015039,0.07283737712054893,10,10.0,0.03333065577065309,2.453999999999996,0.2128943399905283,0.08675400977609153,30.353333333333328,3.1102983065223113,0.1024697443396325,84.36873560214131,3.0181535798640864,0.03577336507799323,0.8708602150537634,0.0422690073111816,0.04853707469983811,3015.5,99.38334870590747,0.03295750247252776,2776.666666666667,206.58600576461558,0.07440072236420728,59.20003680251322,1.8742782305072119,0.03166008556311646,4,4.0,0.013332262308261237,2.6700000000000026,0.1656804152578086,0.062052589984197916,39.32999999999999,15.197361613122188,0.3864063466341773,87.05635685540025,0.6530349910638058,0.007501290137243975,0.8580645161290322,0.03460127507463239,0.04032479425990993,3097.5,41.22196016688192,0.013308138875506673,2816.666666666667,167.49792701868145,0.05946671965160288,58.69442651200689,1.731472594771736,0.029499778729715254,30.0,0.09514998686283685,2.990245507753904,1.2774533849365004,10.0,10.0,3.1397577831415995,0.2854499605885106,0.9514998686283684,3.1397577831415995,10.0,2.990245507753904,299.99999999999994,155,155,0.9565391281162513,-37.7655029296875,1.0,0.0,4.795841626918604,1717.897111699549,950.4311945792755,155,155,0.0007,-0.2045793745800652,0.00027,142287.1273199728,-9835.610452168565,CX138|T003346|well015,0,0,12,0
CX138,260325,T003346,000012,well016,/mnt/benshalom-nas/analysis/Sadegh/CX138/CX138/260325/T003346/Network/000012/well016,CX138|260325|T003346|000012|well016,/mnt/benshalom-nas/analysis/Sadegh/CX138/CX138/260325/T003346/Network/000012/well016/qm_unfiltered.xlsx,/mnt/benshalom-nas/analysis/Sadegh/CX138/CX138/260325/T003346/Network/000012/well016/network_results.json,/mnt/benshalom-nas/analysis/Sadegh/CX138/CX138/260325/T003346/Network/000012/well016/tm_curated.xlsx,/mnt/benshalom-nas/analysis/Sadegh/CX138/CX138/260325/T003346/Network/000012/well016/spike_times.npy,/mnt/benshalom-nas/analysis/Sadegh/CX138/CX138/260325/T003346/Network/000012/well016/tm_unfiltered.xlsx,/mnt/benshalom-nas/analysis/Sadegh/CX138/CX138/260325/T003346/Network/000012/well016/rejection_log.xlsx,/mnt/benshalom-nas/analysis/Sadegh/CX138/CX138/260325/T003346/Network/000012/well016/metrics_curated.xlsx,True,True,True,True,True,True,True,201.0,False,,20uM,16,3,5,C5,20uM,2026-03-25,2026-03-25,12,0,pre_treatment,0,0,2,1.0,D+0 to D+2,15,15.0,0.049995750361219296,1.1140000000000005,0.8231792028471021,0.7389400384623893,17.07857142857143,22.275287670787254,1.3042828414513656,48.839134334073044,39.56951982755285,0.8102010890874213,0.7684908789386399,0.2339956842273225,0.3044872628163045,1754.4,1421.8409099942699,0.8104428351540526,2786.6666666666665,1179.189929099163,0.4231542807772116,66.12397075511103,27.75100157943624,0.4196814145086899,6,6.0,0.019998300144487717,2.7850000000000015,0.09069178573608905,0.03256437548872136,47.315999999999995,8.724387886837665,0.1843855754255995,122.09783583518261,2.847185766658408,0.023318888063681705,0.8096323935876174,0.1188104348439061,0.14674614773926853,4386.0,88.79752248796134,0.02024567316186989,3533.3333333333335,230.13683530231097,0.06513306659499367,82.28995152223848,1.9921080010392058,0.024208399253958096,6,6.0,0.019998300144487717,2.7850000000000015,0.09069178573608905,0.03256437548872136,47.315999999999995,8.724387886837665,0.1843855754255995,122.09783583518261,2.847185766658408,0.023318888063681705,0.8096323935876174,0.1188104348439061,0.14674614773926853,4386.0,88.79752248796134,0.02024567316186989,3533.3333333333335,230.13683530231097,0.06513306659499367,82.28995152223848,1.9921080010392058,0.024208399253958096,30.0,0.1713000000000022,4.135023967427696,1.1976822787839043,10.05,10.05,4.34177516579908,0.5139000000000066,1.713000000000022,4.34177516579908,10.05,4.135023967427696,300.0,201,201,0.7865617917610986,-37.7655029296875,1.0,0.0,5.226464570427114,1795.327062671182,965.6519289935753,201,201,0.00069,-0.195158475997521,0.00026,158536.4273955052,-9501.523753585303,CX138|T003346|well016,0,0,12,0
CX138,260325,T003346,000012,well017,/mnt/benshalom-nas/analysis/Sadegh/CX138/CX138/260325/T003346/Network/000012/well017,CX138|260325|T003346|000012|well017,/mnt/benshalom-nas/analysis/Sadegh/CX138/CX138/260325/T003346/Network/000012/well017/qm_unfiltered.xlsx,/mnt/benshalom-nas/analysis/Sadegh/CX138/CX138/260325/T003346/Network/000012/well017/network_results.json,/mnt/benshalom-nas/analysis/Sadegh/CX138/CX138/260325/T003346/Network/000012/well017/tm_curated.xlsx,/mnt/benshalom-nas/analysis/Sadegh/CX138/CX138/260325/T003346/Network/000012/well017/spike_times.npy,/mnt/benshalom-nas/analysis/Sadegh/CX138/CX138/260325/T003346/Network/000012/well017/tm_unfiltered.xlsx,/mnt/benshalom-nas/analysis/Sadegh/CX138/CX138/260325/T003346/Network/000012/well017/rejection_log.xlsx,/mnt/benshalom-nas/analysis/Sadegh/CX138/CX138/260325/T003346/Network/000012/well017/metrics_curated.xlsx,True,True,True,True,True,True,True,132.0,False,,10uM,17,3,6,C6,10uM,2026-03-25,2026-03-25,12,0,pre_treatment,0,0,2,1.0,D+0 to D+2,22,22.0,0.07332409449742666,0.8836363636363633,0.5415679715128995,0.6128855644693308,11.905714285714286,14.679531772547266,1.2329820303315437,21.360098565896774,13.429188086678987,0.6287044062671057,0.7892561983471075,0.08983050365103479,0.1138166590761802,792.5909090909091,500.23863933226085,0.631143549080102,1780.3030303030305,266.2229435029651,0.14953799379741017,35.431566526438445,6.410416988285409,0.18092389405086173,9,9.0,0.029996220476219995,2.1599999999999993,0.07211102550927496,0.033384734032071754,31.203750000000003,3.265470630322685,0.10464994208461113,52.21357427219211,0.6208229585432747,0.011890068190062837,0.8072390572390572,0.06991094206345495,0.08660500434972314,1937.4444444444443,27.227890566317434,0.014053507776386816,1974.0740740740741,304.20013627231225,0.1540976300066122,40.82127210952863,0.7973553582154428,0.019532839546892063,0,,,,,,,,,,,,,,,,,,,,,,,,30.0,0.1788999999999987,3.649176715581706,1.0989175844655898,10.0,10.0,3.8316355513607916,0.5366999999999961,1.788999999999987,3.8316355513607916,10.0,3.649176715581706,300.03000000000003,132,132,0.911545127316358,-34.618377685546875,1.0,0.0,4.6097106305632,1602.1997942713886,1452.1132212952134,132,132,0.000675,-0.19652285415342802,0.000255,142263.09858332796,-8672.588609542228,CX138|T003346|well017,0,0,12,0
CX138,260325,T003346,000012,well018,/mnt/benshalom-nas/analysis/Sadegh/CX138/CX138/260325/T003346/Network/000012/well018,CX138|260325|T003346|000012|well018,/mnt/benshalom-nas/analysis/Sadegh/CX138/CX138/260325/T003346/Network/000012/well018/qm_unfiltered.xlsx,/mnt/benshalom-nas/analysis/Sadegh/CX138/CX138/260325/T003346/Network/000012/well018/network_results.json,/mnt/benshalom-nas/analysis/Sadegh/CX138/CX138/260325/T003346/Network/000012/well018/tm_curated.xlsx,/mnt/benshalom-nas/analysis/Sadegh/CX138/CX138/260325/T003346/Network/000012/well018/spike_times.npy,/mnt/benshalom-nas/analysis/Sadegh/CX138/CX138/260325/T003346/Network/000012/well018/tm_unfiltered.xlsx,/mnt/benshalom-nas/analysis/Sadegh/CX138/CX138/260325/T003346/Network/000012/well018/rejection_log.xlsx,/mnt/benshalom-nas/analysis/Sadegh/CX138/CX138/260325/T003346/Network/000012/well018/metrics_curated.xlsx,True,True,True,True,True,True,True,140.0,False,,NPH,18,4,1,D1,NPH,2026-03-25,2026-03-25,12,0,pre_treatment,0,0,2,1.0,D+0 to D+2,49,49.0,0.16329446924965194,0.690000000000001,0.39058825337363673,0.5660699324255597,5.857499999999999,9.41832688167065,1.6079089853471022,11.363028442003376,8.160502851323821,0.7181626705393577,0.6260932944606413,0.15566192596302827,0.24862417045550037,405.265306122449,299.8575019061489,0.7399041994864184,1095.918367346939,585.9516612700918,0.5346672514382587,21.622186965911002,9.480182308646661,0.4384469676260259,20,20.0,0.06665080377536814,1.7115000000000016,1.1062019481089287,0.6463347637212549,14.725263157894735,11.309823102726158,0.7680557543491208,27.839419682908265,21.994542104874025,0.7900503083538539,0.5972380952380951,0.11675628603547726,0.19549370170188352,992.9,791.8559780667189,0.7975183584114401,1238.3333333333335,778.47964363595,0.6286511254126109,21.36404990362224,10.560981381663305,0.49433424043222757,8,8.0,0.02666032151014725,2.8537499999999962,0.3451426335589375,0.12094354220199315,35.652857142857144,13.234366209969858,0.3712007191160356,50.33690687068855,2.1647157426393795,0.043004544323717774,0.6734523809523809,0.0779304436872265,0.11571782339980602,1796.5,77.33530888281238,0.04304776447693425,1975.0,237.90170706033663,0.12045656053687931,31.698284659331563,0.91752174655542,0.028945469965211933,30.0,0.14529999999999177,5.259184098510352,1.4875930942479525,10.0,10.0,5.52214330343587,0.4358999999999753,1.4529999999999177,5.52214330343587,10.0,5.259184098510352,300.06,140,140,0.9597440682484671,-31.47125244140625,1.0,0.0,4.400146863651415,1456.5680082594408,1261.4101122099685,140,140,0.00063,-0.19855177628111592,0.00026,145053.44502487214,-7897.54985970083,CX138|T003346|well018,0,0,12,0
CX138,260325,T003346,000012,well019,/mnt/benshalom-nas/analysis/Sadegh/CX138/CX138/260325/T003346/Network/000012/well019,CX138|260325|T003346|000012|well019,/mnt/benshalom-nas/analysis/Sadegh/CX138/CX138/260325/T003346/Network/000012/well019/qm_unfiltered.xlsx,/mnt/benshalom-nas/analysis/Sadegh/CX138/CX138/260325/T003346/Network/000012/well019/network_results.json,/mnt/benshalom-nas/analysis/Sadegh/CX138/CX138/260325/T003346/Network/000012/well019/tm_curated.xlsx,/mnt/benshalom-nas/analysis/Sadegh/CX138/CX138/260325/T003346/Network/000012/well019/spike_times.npy,/mnt/benshalom-nas/analysis/Sadegh/CX138/CX138/260325/T003346/Network/000012/well019/tm_unfiltered.xlsx,/mnt/benshalom-nas/analysis/Sadegh/CX138/CX138/260325/T003346/Network/000012/well019/rejection_log.xlsx,/mnt/benshalom-nas/analysis/Sadegh/CX138/CX138/260325/T003346/Network/000012/well019/metrics_curated.xlsx,True,True,True,True,True,True,True,96.0,False,,IVH-E,19,4,2,D2,IVH-E,2026-03-25,2026-03-25,12,0,pre_treatment,0,0,2,1.0,D+0 to D+2,16,16.0,0.053319665725685646,0.7874999999999943,0.4762942892792161,0.6048181451164693,17.356,21.757097784401303,1.2535778857110682,14.078415117894256,9.111935089634388,0.6472273344215242,0.8229166666666667,0.07890238233095373,0.09588137599710832,600.5625,406.37466837113504,0.676656748250407,1710.4166666666667,185.48687809234497,0.10844543420746112,26.469079736491942,4.992799456978609,0.18862761783497978,7,7.0,0.02332735375498747,1.799999999999987,0.164316767251549,0.09128709291752789,43.26000000000001,10.377933320271438,0.2398967480414109,32.17923455518687,2.2072243171842927,0.0685915730344343,0.8402777777777777,0.06247932859212518,0.07435556460550435,1372.7142857142858,68.23010287824216,0.04970451869577429,1828.5714285714287,189.76056043020264,0.10377530648526706,30.948342657433678,1.8387820381092312,0.059414556005879124,0,,,,,,,,,,,,,,,,,,,,,,,,30.0,0.1782999999999788,4.9523039185835716,0.8098975337375203,10.0,10.0,5.19991911451275,0.5348999999999364,1.782999999999788,5.19991911451275,10.0,4.9523039185835716,300.06,96,96,1.2380031991468945,-31.47125244140625,1.0,0.0,4.339373866971999,2182.6314689624433,992.9686582345059,96,96,0.00063,-0.20016293172089777,0.00025,137097.16069813084,-8600.323849934626,CX138|T003346|well019,0,0,12,0
CX138,260325,T003346,000012,well020,/mnt/benshalom-nas/analysis/Sadegh/CX138/CX138/260325/T003346/Network/000012/well020,CX138|260325|T003346|000012|well020,/mnt/benshalom-nas/analysis/Sadegh/CX138/CX138/260325/T003346/Network/000012/well020/qm_unfiltered.xlsx,/mnt/benshalom-nas/analysis/Sadegh/CX138/CX138/260325/T003346/Network/000012/well020/network_results.json,/mnt/benshalom-nas/analysis/Sadegh/CX138/CX138/260325/T003346/Network/000012/well020/tm_curated.xlsx,/mnt/benshalom-nas/analysis/Sadegh/CX138/CX138/260325/T003346/Network/000012/well020/spike_times.npy,/mnt/benshalom-nas/analysis/Sadegh/CX138/CX138/260325/T003346/Network/000012/well020/tm_unfiltered.xlsx,/mnt/benshalom-nas/analysis/Sadegh/CX138/CX138/260325/T003346/Network/000012/well020/rejection_log.xlsx,/mnt/benshalom-nas/analysis/Sadegh/CX138/CX138/260325/T003346/Network/000012/well020/metrics_curated.xlsx,True,True,True,True,True,True,True,72.0,False,,IVH-L,20,4,3,D3,IVH-L,2026-03-25,2026-03-25,12,0,pre_treatment,0,0,2,1.0,D+0 to D+2,21,21.0,0.06999225419053624,0.6714285714285766,0.3641988691999707,0.542423847744633,12.443999999999999,16.569447305206047,1.3315209984897178,8.380364564679066,4.42187871540776,0.5276475362473805,0.8293650793650794,0.08573938981776305,0.10337955135921668,335.8095238095238,188.06068398705247,0.5600218893545238,1098.412698412698,174.71857658180332,0.15906460006724873,19.016111255319,2.9958507519483217,0.15754276527543726,8,8.0,0.026663715882109043,1.7625000000000135,0.07758060324592397,0.04401736354378631,35.41714285714285,4.255828656210256,0.12016295818599468,21.99845698228255,0.944331889287614,0.04292718757720936,0.8347800925925926,0.04030931974567486,0.04828735148736649,881.5,39.93432107849087,0.04530268982245135,1245.8333333333335,152.69568501507246,0.12256509833985747,21.835642184879354,1.6984433517871844,0.0777830730787169,0,,,,,,,,,,,,,,,,,,,,,,,,30.0,0.25444999508745975,2.536575967474014,0.6236164965584202,10.0,10.0,2.6634047658477145,0.7633499852623793,2.5444999508745973,2.6634047658477145,10.0,2.536575967474014,300.03,72,72,1.1496934150893094,-31.47125244140625,1.0,0.0,4.113150903426727,2189.5173115691696,1105.4175274112904,72,72,0.0006399999999999999,-0.19756081827218044,0.00024,134858.43766592618,-8076.832259979485,CX138|T003346|well020,0,0,12,0
CX138,260325,T003346,000012,well021,/mnt/benshalom-nas/analysis/Sadegh/CX138/CX138/260325/T003346/Network/000012/well021,CX138|260325|T003346|000012|well021,/mnt/benshalom-nas/analysis/Sadegh/CX138/CX138/260325/T003346/Network/000012/well021/qm_unfiltered.xlsx,/mnt/benshalom-nas/analysis/Sadegh/CX138/CX138/260325/T003346/Network/000012/well021/network_results.json,/mnt/benshalom-nas/analysis/Sadegh/CX138/CX138/260325/T003346/Network/000012/well021/tm_curated.xlsx,/mnt/benshalom-nas/analysis/Sadegh/CX138/CX138/260325/T003346/Network/000012/well021/spike_times.npy,/mnt/benshalom-nas/analysis/Sadegh/CX138/CX138/260325/T003346/Network/000012/well021/tm_unfiltered.xlsx,/mnt/benshalom-nas/analysis/Sadegh/CX138/CX138/260325/T003346/Network/000012/well021/rejection_log.xlsx,/mnt/benshalom-nas/analysis/Sadegh/CX138/CX138/260325/T003346/Network/000012/well021/metrics_curated.xlsx,True,True,True,True,True,True,True,156.0,False,,CT,21,4,4,D4,CT,2026-03-25,2026-03-25,12,0,pre_treatment,0,0,2,1.0,D+0 to D+2,8,8.0,0.026659957244093573,1.4812500000000006,0.5803541483439244,0.3918002689241682,34.04571428571428,23.385244955583712,0.6868777890612874,40.543350207929656,16.659363600081278,0.41090249115187727,0.8798076923076923,0.08496612911417668,0.09657352380190574,1554.0,652.9906201470278,0.42019988426449667,2387.5,198.56254262406426,0.08316755712002692,47.30067385124449,6.559647119924823,0.13867978161482866,6,6.0,0.01999496793307018,1.9750000000000008,0.10735455276792057,0.054356735578693936,47.664,11.552818876793676,0.24238038932514425,54.057800277239544,1.6463786610402866,0.03045589447955167,0.9006410256410257,0.06492527608648929,0.07208785102841515,2072.0,56.91221310052878,0.027467284314927017,2477.777777777778,111.66528467912107,0.045066706821169936,50.13411397622675,0.8251856011769173,0.01645956287505579,0,,,,,,,,,,,,,,,,,,,,,,,,30.0,0.1781000000000006,5.3517039971185,0.7735370512178239,10.0,10.0,5.619289196974425,0.5343000000000018,1.781000000000006,5.619289196974425,10.0,5.3517039971185,300.06000000000006,156,156,0.7364702745934417,-31.47125244140625,1.0,0.0,4.333732474632794,2131.358303343609,1059.0046760786126,156,156,0.00064,-0.20098891238785485,0.00026,136547.71783095636,-8511.424518348562,CX138|T003346|well021,0,0,12,0
CX138,260325,T003346,000012,well023,/mnt/benshalom-nas/analysis/Sadegh/CX138/CX138/260325/T003346/Network/000012/well023,CX138|260325|T003346|000012|well023,/mnt/benshalom-nas/analysis/Sadegh/CX138/CX138/260325/T003346/Network/000012/well023/qm_unfiltered.xlsx,/mnt/benshalom-nas/analysis/Sadegh/CX138/CX138/260325/T003346/Network/000012/well023/network_results.json,/mnt/benshalom-nas/analysis/Sadegh/CX138/CX138/260325/T003346/Network/000012/well023/tm_curated.xlsx,/mnt/benshalom-nas/analysis/Sadegh/CX138/CX138/260325/T003346/Network/000012/well023/spike_times.npy,/mnt/benshalom-nas/analysis/Sadegh/CX138/CX138/260325/T003346/Network/000012/well023/tm_unfiltered.xlsx,/mnt/benshalom-nas/analysis/Sadegh/CX138/CX138/260325/T003346/Network/000012/well023/rejection_log.xlsx,/mnt/benshalom-nas/analysis/Sadegh/CX138/CX138/260325/T003346/Network/000012/well023/metrics_curated.xlsx,True,True,True,True,True,True,True,107.0,False,,10uM,23,4,6,D6,10uM,2026-03-25,2026-03-25,12,0,pre_treatment,0,0,2,1.0,D+0 to D+2,91,91.0,0.30326974777621624,0.7061538461538448,0.26462816222663893,0.37474576350177696,3.2963333333333322,2.3997451022047227,0.7280043792713288,7.079345187154709,3.7233595932118533,0.5259468912418332,0.6496867618362944,0.12190435754798239,0.18763558796154045,267.032967032967,148.59439968071288,0.5564646243187191,835.8974358974359,272.65397434258153,0.3261811349497141,16.564537295800168,5.475188122720835,0.33053673790870297,62,62.0,0.20662334463874074,1.0364516129032237,0.6253672386226845,0.6033733083505527,4.863442622950819,1.783333483194225,0.36668130405786814,10.390651806952878,10.826886431217904,1.0419833743224,0.6467314842729374,0.08571424510072052,0.13253451731529883,391.93548387096774,423.1803882494549,1.0797195091138356,795.1612903225808,294.5652755909939,0.3704472025687955,15.71511146058949,6.005698067374871,0.3821607045190878,1,1.0,0.0033326345909474313,2.849999999999966,0.0,0.0,0.0,0.0,0.0,40.95756548902743,0.0,0.0,0.602803738317757,0.0,0.0,1537.0,0.0,0.0,1233.3333333333335,0.0,0.0,23.47277488876164,0.0,0.0,30.0,0.17709999999999762,4.216553499331305,0.9213740881170946,10.0,10.0,4.427381174297871,0.5312999999999929,1.7709999999999761,4.427381174297871,10.0,4.216553499331305,300.06,107,107,1.1296987470008,-31.47125244140625,1.0,0.0,4.532576787349595,2796.182555071923,939.1620908942049,107,107,0.00065,-0.1982583187713096,0.00025,147964.1929022899,-8437.945521115518,CX138|T003346|well023,0,0,12,0
CX138,260325,T003346,000014,well000,/mnt/benshalom-nas/analysis/Sadegh/CX138/CX138/260325/T003346/Network/000014/well000,CX138|260325|T003346|000014|well000,/mnt/benshalom-nas/analysis/Sadegh/CX138/CX138/260325/T003346/Network/000014/well000/qm_unfiltered.xlsx,/mnt/benshalom-nas/analysis/Sadegh/CX138/CX138/260325/T003346/Network/000014/well000/network_results.json,/mnt/benshalom-nas/analysis/Sadegh/CX138/CX138/260325/T003346/Network/000014/well000/tm_curated.xlsx,/mnt/benshalom-nas/analysis/Sadegh/CX138/CX138/260325/T003346/Network/000014/well000/spike_times.npy,/mnt/benshalom-nas/analysis/Sadegh/CX138/CX138/260325/T003346/Network/000014/well000/tm_unfiltered.xlsx,/mnt/benshalom-nas/analysis/Sadegh/CX138/CX138/260325/T003346/Network/000014/well000/rejection_log.xlsx,/mnt/benshalom-nas/analysis/Sadegh/CX138/CX138/260325/T003346/Network/000014/well000/metrics_curated.xlsx,True,True,True,True,True,True,True,52.0,False,,NPH,0,1,1,A1,NPH,2026-03-25,2026-03-25,12,0,pre_treatment,0,0,2,1.0,D+0 to D+2,18,18.0,0.06000272012331226,0.8999999999999974,0.5514526271584855,0.6127251412872079,16.021764705882354,14.722586983069528,0.9189116962667766,7.818517377778558,4.185391204378966,0.5353177593842151,0.7158119658119659,0.11278327538800553,0.1575599190495122,290.3333333333333,154.2822089548889,0.5313968161477229,651.8518518518518,97.00593224969478,0.1488159187921454,13.076719179555283,1.912017940560055,0.1462154164440105,10,10.0,0.03333484451295125,1.6199999999999952,0.35394914889005513,0.2184871289444791,30.18333333333333,1.7181643951871708,0.0569242759311045,14.073331280001403,1.5773372719618717,0.1120798793533207,0.7583333333333334,0.0962414131179923,0.12691175356218762,522.6,52.56272443471704,0.10057926604423467,723.3333333333333,63.33333333333333,0.08755760368663595,14.430212084755894,1.2932669286138752,0.08962217055562788,0,,,,,,,,,,,,,,,,,,,,,,,,30.0,0.21659999999999968,2.3222881871826186,0.5018686495682444,10.0,10.0,2.4384025965417497,0.649799999999999,2.165999999999997,2.4384025965417497,10.0,2.3222881871826186,299.97,52,52,1.341666666666667,-31.47125244140625,1.0,0.0,3.8989256500626,2990.4335351410923,1154.864347712037,52,52,0.000585,-0.18371331341780794,0.00024,143184.2457742154,-6888.038645735487,CX138|T003346|well000,0,0,12,0
CX138,260325,T003346,000014,well001,/mnt/benshalom-nas/analysis/Sadegh/CX138/CX138/260325/T003346/Network/000014/well001,CX138|260325|T003346|000014|well001,/mnt/benshalom-nas/analysis/Sadegh/CX138/CX138/260325/T003346/Network/000014/well001/qm_unfiltered.xlsx,/mnt/benshalom-nas/analysis/Sadegh/CX138/CX138/260325/T003346/Network/000014/well001/network_results.json,/mnt/benshalom-nas/analysis/Sadegh/CX138/CX138/260325/T003346/Network/000014/well001/tm_curated.xlsx,/mnt/benshalom-nas/analysis/Sadegh/CX138/CX138/260325/T003346/Network/000014/well001/spike_times.npy,/mnt/benshalom-nas/analysis/Sadegh/CX138/CX138/260325/T003346/Network/000014/well001/tm_unfiltered.xlsx,/mnt/benshalom-nas/analysis/Sadegh/CX138/CX138/260325/T003346/Network/000014/well001/rejection_log.xlsx,/mnt/benshalom-nas/analysis/Sadegh/CX138/CX138/260325/T003346/Network/000014/well001/metrics_curated.xlsx,True,True,True,True,True,True,True,86.0,False,,IVH-E,1,1,2,A2,IVH-E,2026-03-25,2026-03-25,12,0,pre_treatment,0,0,2,1.0,D+0 to D+2,69,69.0,0.23005206845149287,0.7956521739130435,0.5016219439669555,0.6304538093573757,4.15720588235294,5.849091142468768,1.4069765385683126,11.777613275747395,5.84000314948937,0.4958562497136135,0.7062689585439839,0.1616631490399317,0.22889742934930915,446.17391304347825,239.0203409282183,0.5357111519537148,1180.6763285024156,480.8877257089921,0.4072985238206275,23.831956304603157,6.454105881709795,0.27081729251337966,20,20.0,0.06668175897144721,2.745,0.2251999111900363,0.08204004050638845,14.80894736842105,0.9607502262450561,0.06487633471463222,40.63276580132852,1.5195007178823874,0.037395946052796294,0.7181104651162791,0.05605328193504963,0.07805662869148311,1539.3,47.31923498958959,0.030740749035009153,1871.6666666666665,143.4786085488395,0.0766582058141618,32.5512283078768,1.4872584669908635,0.04568978021118098,18,18.0,0.06001358307430248,2.778333333333331,0.21216476825545488,0.07636404376321118,16.551176470588235,5.238100107249209,0.3164790198785818,40.69247341057261,1.5902381955814122,0.03907941843535716,0.7147286821705426,0.053038772215787844,0.07420826047545154,1537.6666666666667,49.60622720765789,0.0322607157214337,1859.2592592592591,119.95655363482706,0.06451846510239703,32.46276390450502,1.5073080575801376,0.04643190770860275,30.0,0.07170000000000697,3.4343394196873316,1.1197156231852876,10.0,10.0,3.6060563906716983,0.21510000000002089,0.7170000000000697,3.6060563906716983,10.0,3.4343394196873316,299.91,86,86,1.823333333333333,-26.750564575195312,1.0,0.0,4.009509489510303,2271.8979035921484,779.4114104385831,86,86,0.000625,-0.18942143918198168,0.00025,133020.04741589777,-7213.154303368947,CX138|T003346|well001,0,0,12,0
CX138,260325,T003346,000014,well002,/mnt/benshalom-nas/analysis/Sadegh/CX138/CX138/260325/T003346/Network/000014/well002,CX138|260325|T003346|000014|well002,/mnt/benshalom-nas/analysis/Sadegh/CX138/CX138/260325/T003346/Network/000014/well002/qm_unfiltered.xlsx,/mnt/benshalom-nas/analysis/Sadegh/CX138/CX138/260325/T003346/Network/000014/well002/network_results.json,/mnt/benshalom-nas/analysis/Sadegh/CX138/CX138/260325/T003346/Network/000014/well002/tm_curated.xlsx,/mnt/benshalom-nas/analysis/Sadegh/CX138/CX138/260325/T003346/Network/000014/well002/spike_times.npy,/mnt/benshalom-nas/analysis/Sadegh/CX138/CX138/260325/T003346/Network/000014/well002/tm_unfiltered.xlsx,/mnt/benshalom-nas/analysis/Sadegh/CX138/CX138/260325/T003346/Network/000014/well002/rejection_log.xlsx,/mnt/benshalom-nas/analysis/Sadegh/CX138/CX138/260325/T003346/Network/000014/well002/metrics_curated.xlsx,True,True,True,True,True,True,True,52.0,False,,IVH-L,2,1,3,A3,IVH-L,2026-03-25,2026-03-25,12,0,pre_treatment,0,0,2,1.0,D+0 to D+2,37,37.0,0.12335845733914474,0.5100000000000005,0.2478774762725313,0.4860342672010413,7.86833333333333,7.13828975004206,0.9072175068894807,4.613506003632421,2.0788949633220666,0.45061065525551697,0.6455301455301455,0.10481191608156736,0.16236564133730724,183.13513513513513,79.02314480056414,0.4315018237338951,644.1441441441441,183.7307819704873,0.2852324027793579,11.139156345758144,0.6772708052802342,0.06080090666275125,20,20.0,0.06668024721034851,0.9435000000000008,0.37559652554302775,0.39808852733760197,14.886315789473679,1.5700057342379943,0.10546637303960509,8.534986106719979,2.7259688756516853,0.31938761722241205,0.6490384615384615,0.0787803300389884,0.12138006406007104,338.8,103.7181758420384,0.30613393105678394,715.0,220.72481610467923,0.3087060365100409,11.456394327285512,0.6613770932349601,0.057729951880214944,0,,,,,,,,,,,,,,,,,,,,,,,,30.0,0.16670000000002005,2.13198774005453,0.6169096979880193,10.0,10.0,2.2385871270572566,0.5001000000000602,1.6670000000002005,2.2385871270572566,10.0,2.13198774005453,299.90999999999997,52,52,1.3216666666666672,-31.47125244140625,1.0,0.0,4.575942602138971,2668.1734100745225,762.4284627590612,52,52,0.0006,-0.19424320298186204,0.00025,149299.71765075505,-7916.8086547825715,CX138|T003346|well002,0,0,12,0
CX138,260325,T003346,000014,well003,/mnt/benshalom-nas/analysis/Sadegh/CX138/CX138/260325/T003346/Network/000014/well003,CX138|260325|T003346|000014|well003,/mnt/benshalom-nas/analysis/Sadegh/CX138/CX138/260325/T003346/Network/000014/well003/qm_unfiltered.xlsx,/mnt/benshalom-nas/analysis/Sadegh/CX138/CX138/260325/T003346/Network/000014/well003/network_results.json,/mnt/benshalom-nas/analysis/Sadegh/CX138/CX138/260325/T003346/Network/000014/well003/tm_curated.xlsx,/mnt/benshalom-nas/analysis/Sadegh/CX138/CX138/260325/T003346/Network/000014/well003/spike_times.npy,/mnt/benshalom-nas/analysis/Sadegh/CX138/CX138/260325/T003346/Network/000014/well003/tm_unfiltered.xlsx,/mnt/benshalom-nas/analysis/Sadegh/CX138/CX138/260325/T003346/Network/000014/well003/rejection_log.xlsx,/mnt/benshalom-nas/analysis/Sadegh/CX138/CX138/260325/T003346/Network/000014/well003/metrics_curated.xlsx,True,True,True,True,True,True,True,40.0,False,,CT,3,1,4,A4,CT,2026-03-25,2026-03-25,12,0,pre_treatment,0,0,2,1.0,D+0 to D+2,77,77.0,0.2566733401735112,0.426623376623376,0.18959019639848498,0.4443971118016245,3.7239473684210522,6.510378976548333,1.7482467748486799,2.592240601016837,0.9236623056513402,0.3563181231283172,0.6243506493506494,0.162617291634498,0.2604582726127165,97.32467532467533,35.25581523680128,0.3622495026999865,436.3636363636364,144.46815615828777,0.3310728578627428,7.460655694289119,1.2031019381864578,0.16125954440001727,20,20.0,0.06666840004506784,1.7174999999999963,0.7685432648849325,0.4474778834846778,14.861052631578948,6.667522142711311,0.4486574610834215,9.980126313914822,4.4125460250855575,0.4421332843185914,0.6597529761904761,0.0958467701224181,0.14527675293843062,374.7,165.88191583171445,0.4427059403034813,613.3333333333334,170.42430708218956,0.2778657180687873,8.821905443173094,1.4767305062877818,0.16739359946671864,5,5.0,0.01666710001126696,2.9279999999999924,0.512499756097505,0.17503406970543248,33.00750000000001,7.650981554676506,0.23179524516175126,14.709854678516976,2.7767714556093246,0.18876946892375923,0.6085119047619048,0.04962786687001591,0.08155611497762569,549.6,101.43490523483521,0.18456132684649784,640.0,80.0,0.125,9.106827061904644,0.783986038777258,0.08608772665254627,30.0,0.16280000000000427,2.7477764323230294,0.668433056584576,6.0,6.0,2.885165253939181,0.4884000000000128,1.6280000000000427,2.885165253939181,6.0,2.7477764323230294,299.96999999999997,40,40,2.2716666666666665,-34.618377685546875,1.0,0.0,4.439495551075081,2217.1497991373526,954.320695589957,40,40,0.000665,-0.19907430054015246,0.00025,147095.4905173565,-8722.30024788712,CX138|T003346|well003,0,0,12,0
CX138,260325,T003346,000014,well004,/mnt/benshalom-nas/analysis/Sadegh/CX138/CX138/260325/T003346/Network/000014/well004,CX138|260325|T003346|000014|well004,/mnt/benshalom-nas/analysis/Sadegh/CX138/CX138/260325/T003346/Network/000014/well004/qm_unfiltered.xlsx,/mnt/benshalom-nas/analysis/Sadegh/CX138/CX138/260325/T003346/Network/000014/well004/network_results.json,/mnt/benshalom-nas/analysis/Sadegh/CX138/CX138/260325/T003346/Network/000014/well004/tm_curated.xlsx,/mnt/benshalom-nas/analysis/Sadegh/CX138/CX138/260325/T003346/Network/000014/well004/spike_times.npy,/mnt/benshalom-nas/analysis/Sadegh/CX138/CX138/260325/T003346/Network/000014/well004/tm_unfiltered.xlsx,/mnt/benshalom-nas/analysis/Sadegh/CX138/CX138/260325/T003346/Network/000014/well004/rejection_log.xlsx,/mnt/benshalom-nas/analysis/Sadegh/CX138/CX138/260325/T003346/Network/000014/well004/metrics_curated.xlsx,True,True,True,True,True,True,True,59.0,False,,20uM,4,1,5,A5,20uM,2026-03-25,2026-03-25,12,0,pre_treatment,0,0,2,1.0,D+0 to D+2,35,35.0,0.11667603964185122,0.4825714285714304,0.16639613417801327,0.34481140889463835,8.292352941176473,9.243735258135178,1.1147300800758884,4.331948110057809,1.2905796886087848,0.297921317573576,0.7031476997578693,0.15424774083578463,0.21936748266246228,171.0,49.5885931583925,0.2899917728560965,679.047619047619,151.62311552331897,0.22328789803574323,11.820289385565994,1.1652000418430077,0.09857627032937605,16,16.0,0.05333761812198913,1.2093749999999992,0.5411153845299452,0.4474339096888439,18.712000000000003,5.097134096725336,0.2723992142328631,9.476136490751458,4.11627926664441,0.434383703808174,0.719632768361582,0.09140639056335091,0.1270181050419086,374.0625,162.51210291467524,0.4344517371152554,775.0,174.2045413363906,0.2247800533372782,12.468059332477024,1.3567094843815164,0.10881480815924056,0,,,,,,,,,,,,,,,,,,,,,,,,30.0,0.16599999999999682,3.33900175559676,0.9148768925952937,10.0,10.0,3.505951843376598,0.49799999999999045,1.6599999999999682,3.505951843376598,10.0,3.33900175559676,299.97,59,59,1.516666666666667,-31.47125244140625,1.0,0.0,4.066907350539434,1213.720353497135,1277.364752057734,59,59,0.00064,-0.2049003253102592,0.00025,136351.4276959614,-8596.012575291483,CX138|T003346|well004,0,0,12,0
CX138,260325,T003346,000014,well005,/mnt/benshalom-nas/analysis/Sadegh/CX138/CX138/260325/T003346/Network/000014/well005,CX138|260325|T003346|000014|well005,/mnt/benshalom-nas/analysis/Sadegh/CX138/CX138/260325/T003346/Network/000014/well005/qm_unfiltered.xlsx,/mnt/benshalom-nas/analysis/Sadegh/CX138/CX138/260325/T003346/Network/000014/well005/network_results.json,/mnt/benshalom-nas/analysis/Sadegh/CX138/CX138/260325/T003346/Network/000014/well005/tm_curated.xlsx,/mnt/benshalom-nas/analysis/Sadegh/CX138/CX138/260325/T003346/Network/000014/well005/spike_times.npy,/mnt/benshalom-nas/analysis/Sadegh/CX138/CX138/260325/T003346/Network/000014/well005/tm_unfiltered.xlsx,/mnt/benshalom-nas/analysis/Sadegh/CX138/CX138/260325/T003346/Network/000014/well005/rejection_log.xlsx,/mnt/benshalom-nas/analysis/Sadegh/CX138/CX138/260325/T003346/Network/000014/well005/metrics_curated.xlsx,True,True,True,True,True,True,True,81.0,False,,10uM,5,1,6,A6,10uM,2026-03-25,2026-03-25,12,0,pre_treatment,0,0,2,1.0,D+0 to D+2,76,76.0,0.2533428759149928,0.5751315789473685,0.433087123303377,0.7530226806464573,3.8092,6.6712103369628535,1.7513415774868353,6.753355087616171,3.638534909746419,0.5387744110210507,0.588856400259909,0.10358256904700487,0.1759046331181688,257.2368421052632,136.50659020345893,0.5306650053945206,921.4912280701756,296.4065460922348,0.3216596502095646,16.169265909996874,2.5409695033610054,0.1571481053935798,17,17.0,0.05666880119151155,2.571176470588236,0.1288356158713719,0.050107652020437474,17.758125,1.6895976545837732,0.09514504794756053,30.19146980346053,0.9226047378227613,0.030558457200947957,0.5978213507625272,0.04216120112455988,0.07052474969450796,1150.0,33.325489273139226,0.028978686324468893,1398.0392156862745,233.88466747056387,0.1672947831837133,18.880387078141812,0.745907379068931,0.03950699612151926,11,11.0,0.03666804782980159,2.648181818181819,0.08397165991822414,0.03170917470307124,26.223000000000003,13.502096170595134,0.5148951748692039,30.44159381747858,0.9202252702998843,0.03022920796517299,0.6017396184062851,0.03484618046242234,0.05790906796981871,1155.0,31.811947441173732,0.027542811637379854,1390.909090909091,226.11828007488037,0.16256869809305124,19.088616269963094,0.750728274643088,0.03932858537391194,30.0,0.10449999999999983,2.9556214435095622,0.7095644721132313,10.0,10.0,3.1034025156850404,0.3134999999999995,1.0449999999999984,3.1034025156850404,10.0,2.9556214435095622,299.9699999999999,81,81,0.9833333333333333,-31.47125244140625,1.0,0.0,4.432360177513432,2035.535594231669,931.7609955320719,81,81,0.00064,-0.1974555555851696,0.00026,141775.3040874524,-8516.2603422191,CX138|T003346|well005,0,0,12,0
CX138,260325,T003346,000014,well006,/mnt/benshalom-nas/analysis/Sadegh/CX138/CX138/260325/T003346/Network/000014/well006,CX138|260325|T003346|000014|well006,/mnt/benshalom-nas/analysis/Sadegh/CX138/CX138/260325/T003346/Network/000014/well006/qm_unfiltered.xlsx,/mnt/benshalom-nas/analysis/Sadegh/CX138/CX138/260325/T003346/Network/000014/well006/network_results.json,/mnt/benshalom-nas/analysis/Sadegh/CX138/CX138/260325/T003346/Network/000014/well006/tm_curated.xlsx,/mnt/benshalom-nas/analysis/Sadegh/CX138/CX138/260325/T003346/Network/000014/well006/spike_times.npy,/mnt/benshalom-nas/analysis/Sadegh/CX138/CX138/260325/T003346/Network/000014/well006/tm_unfiltered.xlsx,/mnt/benshalom-nas/analysis/Sadegh/CX138/CX138/260325/T003346/Network/000014/well006/rejection_log.xlsx,/mnt/benshalom-nas/analysis/Sadegh/CX138/CX138/260325/T003346/Network/000014/well006/metrics_curated.xlsx,True,True,True,True,True,True,True,44.0,False,,NPH,6,2,1,B1,NPH,2026-03-25,2026-03-25,12,0,pre_treatment,0,0,2,1.0,D+0 to D+2,42,42.0,0.14001376802052204,0.4878571428571424,0.22402737624254965,0.45920692055573914,6.515121951219513,9.943955419015708,1.5262884552996556,2.832047231358409,0.7813416813412507,0.2758928850796303,0.6563852813852814,0.1105870507464933,0.16847887038707307,105.97619047619048,29.524395155482054,0.27859460717372414,476.98412698412693,148.08979387396914,0.310471115276541,7.816696710107725,0.781192760910877,0.09993898828142087,12,12.0,0.040003933720149154,1.8874999999999973,0.45504807438336115,0.24108507252098638,24.18818181818182,1.3622229038117861,0.05631770564862497,9.91216530975443,1.7506578612469328,0.1766170969247389,0.6637626262626263,0.04185972644184312,0.06306430158253709,370.9166666666667,63.99799259004578,0.17254008337015264,647.2222222222223,154.8346389930198,0.23922948513942974,8.71378662639579,0.5067082398485372,0.058150177594849216,1,1.0,0.0033336611433457627,2.7900000000000205,0.0,0.0,0.0,0.0,0.0,11.463613521376079,0.0,0.0,0.6193181818181818,0.0,0.0,417.0,0.0,0.0,733.3333333333334,0.0,0.0,8.712554292409141,0.0,0.0,30.0,0.20010000000002037,1.9820704750008056,0.5034937381843675,6.6,6.6,2.0811739987508457,0.6003000000000611,2.0010000000002037,2.0811739987508457,6.6,1.9820704750008056,299.97,44,44,1.27,-28.324127197265625,1.0,0.0,3.829960492267229,1683.722288402922,656.9914009529164,44,44,0.00067,-0.2033094459155289,0.00025,125560.48890773035,-8493.723726851207,CX138|T003346|well006,0,0,12,0
CX138,260325,T003346,000014,well007,/mnt/benshalom-nas/analysis/Sadegh/CX138/CX138/260325/T003346/Network/000014/well007,CX138|260325|T003346|000014|well007,/mnt/benshalom-nas/analysis/Sadegh/CX138/CX138/260325/T003346/Network/000014/well007/qm_unfiltered.xlsx,/mnt/benshalom-nas/analysis/Sadegh/CX138/CX138/260325/T003346/Network/000014/well007/network_results.json,/mnt/benshalom-nas/analysis/Sadegh/CX138/CX138/260325/T003346/Network/000014/well007/tm_curated.xlsx,/mnt/benshalom-nas/analysis/Sadegh/CX138/CX138/260325/T003346/Network/000014/well007/spike_times.npy,/mnt/benshalom-nas/analysis/Sadegh/CX138/CX138/260325/T003346/Network/000014/well007/tm_unfiltered.xlsx,/mnt/benshalom-nas/analysis/Sadegh/CX138/CX138/260325/T003346/Network/000014/well007/rejection_log.xlsx,/mnt/benshalom-nas/analysis/Sadegh/CX138/CX138/260325/T003346/Network/000014/well007/metrics_curated.xlsx,True,True,True,True,True,True,True,121.0,False,,IVH-E,7,2,2,B2,IVH-E,2026-03-25,2026-03-25,12,0,pre_treatment,0,0,2,1.0,D+0 to D+2,71,71.0,0.2366926239577607,0.5463380281690138,0.35798433924601514,0.655243312360585,4.04742857142857,8.033866118894842,1.9849309202408552,11.874259474148769,5.666853693578851,0.47723849271746616,0.6400884646723315,0.1494686169432729,0.23351243647202355,461.6619718309859,226.930835381215,0.49155193459229557,1616.9014084507041,753.9748242899879,0.46630847146854654,29.851701626288712,4.828165172909798,0.16173835694035962,13,13.0,0.043338086076773086,2.983846153846152,0.11506108488293061,0.03856133290740136,23.457499999999996,1.3604847481688318,0.05799785774992357,64.85172482035097,1.747101906367476,0.026939945101031794,0.6494043834952925,0.047458165516852294,0.07307952752246293,2521.3846153846152,72.96104172411093,0.028936894942139305,3089.7435897435903,176.56969539165974,0.057147038342528864,35.665438664202554,1.122918418322965,0.03148477799181087,13,13.0,0.043338086076773086,2.983846153846152,0.11506108488293061,0.03856133290740136,23.457499999999996,1.3604847481688318,0.05799785774992357,64.85172482035097,1.747101906367476,0.026939945101031794,0.6494043834952925,0.047458165516852294,0.07307952752246293,2521.3846153846152,72.96104172411093,0.028936894942139305,3089.7435897435903,176.56969539165974,0.057147038342528864,35.665438664202554,1.122918418322965,0.03148477799181087,30.0,0.078400000000002,3.604097685455028,1.2202568455258023,10.0,10.0,3.78430256972778,0.235200000000006,0.78400000000002,3.78430256972778,10.0,3.604097685455028,299.93999999999994,121,121,1.39,-31.47125244140625,1.0,0.0,4.3841845208051,1315.379802337829,1019.918574432385,121,121,0.00069,-0.2030739122044203,0.00028,126819.4288430395,-8720.939611264655,CX138|T003346|well007,0,0,12,0
CX138,260325,T003346,000014,well008,/mnt/benshalom-nas/analysis/Sadegh/CX138/CX138/260325/T003346/Network/000014/well008,CX138|260325|T003346|000014|well008,/mnt/benshalom-nas/analysis/Sadegh/CX138/CX138/260325/T003346/Network/000014/well008/qm_unfiltered.xlsx,/mnt/benshalom-nas/analysis/Sadegh/CX138/CX138/260325/T003346/Network/000014/well008/network_results.json,/mnt/benshalom-nas/analysis/Sadegh/CX138/CX138/260325/T003346/Network/000014/well008/tm_curated.xlsx,/mnt/benshalom-nas/analysis/Sadegh/CX138/CX138/260325/T003346/Network/000014/well008/spike_times.npy,/mnt/benshalom-nas/analysis/Sadegh/CX138/CX138/260325/T003346/Network/000014/well008/tm_unfiltered.xlsx,/mnt/benshalom-nas/analysis/Sadegh/CX138/CX138/260325/T003346/Network/000014/well008/rejection_log.xlsx,/mnt/benshalom-nas/analysis/Sadegh/CX138/CX138/260325/T003346/Network/000014/well008/metrics_curated.xlsx,True,True,True,True,True,True,True,143.0,False,,IVH-L,8,2,3,B3,IVH-L,2026-03-25,2026-03-25,12,0,pre_treatment,0,0,2,1.0,D+0 to D+2,49,49.0,0.16334275276540947,0.8393877551020399,0.563811403419237,0.6716936243020336,5.8825,8.812513475167002,1.4980898385324268,26.780415506176176,15.997929457771681,0.5973742063143939,0.7950620807763664,0.07165287684113823,0.09012236726366103,1030.0,614.5370914230433,0.5966379528379061,2217.0068027210887,218.85316928089,0.09871560565906974,46.83942224018976,8.572624130277093,0.18302156005078773,14,14.0,0.04666935793297413,2.9378571428571396,0.11971266620111491,0.04074829386860225,21.625384615384615,1.3729004411470425,0.06348559646751166,93.73145427161663,1.640976507414633,0.01750721270854694,0.8067432567432568,0.049364244429924396,0.06118953461006046,3605.0,82.63517065131184,0.022922377434483172,2421.4285714285716,108.09104250301111,0.044639368585314324,54.64649938693718,1.479100137847651,0.02706669511206089,14,14.0,0.04666935793297413,2.9378571428571396,0.11971266620111491,0.04074829386860225,21.625384615384615,1.3729004411470425,0.06348559646751166,93.73145427161663,1.640976507414633,0.01750721270854694,0.8067432567432568,0.049364244429924396,0.06118953461006046,3605.0,82.63517065131184,0.022922377434483172,2421.4285714285716,108.09104250301111,0.044639368585314324,54.64649938693718,1.479100137847651,0.02706669511206089,30.0,0.07464998325519447,4.327785910552219,0.9712508217562315,10.0,10.0,4.54417520607983,0.2239499497655834,0.7464998325519446,4.54417520607983,10.0,4.327785910552219,299.96999999999997,143,143,1.716666666666667,-31.47125244140625,1.0,0.0,4.769992722663156,1790.401791473079,753.4640732155004,143,143,0.00069,-0.1945511888110235,0.00026,136939.9892234111,-8044.641380267983,CX138|T003346|well008,0,0,12,0
CX138,260325,T003346,000014,well009,/mnt/benshalom-nas/analysis/Sadegh/CX138/CX138/260325/T003346/Network/000014/well009,CX138|260325|T003346|000014|well009,/mnt/benshalom-nas/analysis/Sadegh/CX138/CX138/260325/T003346/Network/000014/well009/qm_unfiltered.xlsx,/mnt/benshalom-nas/analysis/Sadegh/CX138/CX138/260325/T003346/Network/000014/well009/network_results.json,/mnt/benshalom-nas/analysis/Sadegh/CX138/CX138/260325/T003346/Network/000014/well009/tm_curated.xlsx,/mnt/benshalom-nas/analysis/Sadegh/CX138/CX138/260325/T003346/Network/000014/well009/spike_times.npy,/mnt/benshalom-nas/analysis/Sadegh/CX138/CX138/260325/T003346/Network/000014/well009/tm_unfiltered.xlsx,/mnt/benshalom-nas/analysis/Sadegh/CX138/CX138/260325/T003346/Network/000014/well009/rejection_log.xlsx,/mnt/benshalom-nas/analysis/Sadegh/CX138/CX138/260325/T003346/Network/000014/well009/metrics_curated.xlsx,True,True,True,True,True,True,True,81.0,False,,CT,9,2,4,B4,CT,2026-03-25,2026-03-25,12,0,pre_treatment,0,0,2,1.0,D+0 to D+2,49,49.0,0.1633458020628908,0.6575510204081629,0.43931547221969347,0.6681085704148042,5.6674999999999995,9.12046428368644,1.6092570416738317,8.096226936604724,3.5409335338907417,0.43735601306843874,0.7256235827664399,0.12912812096418458,0.17795469170376688,304.2244897959184,138.08327350065997,0.45388612071726964,1038.7755102040817,365.5423044761046,0.35189730686304765,18.857205068071135,3.1894510523486463,0.16913699781252306,13,13.0,0.04333664136362409,2.4784615384615374,0.22062310897323661,0.08901615197554553,22.577499999999997,2.0252576996520815,0.08970247811547256,30.51654768412549,1.4858240101435756,0.04868912517638722,0.7377492877492877,0.06110701362080115,0.0828289699976876,1146.6923076923076,53.89931441748174,0.04700416498472279,1553.8461538461538,195.9148871271084,0.12608383825011926,22.571783050824155,0.9599555271743223,0.04252900734571219,8,8.0,0.026668702377614824,2.617499999999995,0.06139014578904391,0.023453732870694948,38.70428571428571,23.059932385691265,0.5957979061006122,30.994603343290404,1.0693833183890296,0.03450224242410012,0.76440329218107,0.06047028950555729,0.07910783499246525,1161.625,40.345190233781274,0.034731682112369544,1495.8333333333335,171.13793981594043,0.11440976477945877,22.70671783866665,0.86562299736757,0.03812188989698565,30.0,0.1551499919432724,3.382287364131886,0.9271075025032411,10.0,10.0,3.5514017323384803,0.4654499758298172,1.551499919432724,3.5514017323384803,10.0,3.382287364131886,299.96999999999997,81,81,1.393333333333333,-31.47125244140625,1.0,0.0,4.259401852169604,2103.493166469281,1229.03241722169,81,81,0.00067,-0.205008004580572,0.00026,134015.521082307,-9224.795510345011,CX138|T003346|well009,0,0,12,0
CX138,260325,T003346,000014,well010,/mnt/benshalom-nas/analysis/Sadegh/CX138/CX138/260325/T003346/Network/000014/well010,CX138|260325|T003346|000014|well010,/mnt/benshalom-nas/analysis/Sadegh/CX138/CX138/260325/T003346/Network/000014/well010/qm_unfiltered.xlsx,/mnt/benshalom-nas/analysis/Sadegh/CX138/CX138/260325/T003346/Network/000014/well010/network_results.json,/mnt/benshalom-nas/analysis/Sadegh/CX138/CX138/260325/T003346/Network/000014/well010/tm_curated.xlsx,/mnt/benshalom-nas/analysis/Sadegh/CX138/CX138/260325/T003346/Network/000014/well010/spike_times.npy,/mnt/benshalom-nas/analysis/Sadegh/CX138/CX138/260325/T003346/Network/000014/well010/tm_unfiltered.xlsx,/mnt/benshalom-nas/analysis/Sadegh/CX138/CX138/260325/T003346/Network/000014/well010/rejection_log.xlsx,/mnt/benshalom-nas/analysis/Sadegh/CX138/CX138/260325/T003346/Network/000014/well010/metrics_curated.xlsx,True,True,True,True,True,True,True,135.0,False,,20uM,10,2,5,B5,20uM,2026-03-25,2026-03-25,12,0,pre_treatment,0,0,2,1.0,D+0 to D+2,72,72.0,0.24001432085447766,0.6691666666666636,0.5610846390895212,0.8384826487016545,4.070704225352113,7.4403911611438325,1.8277896769815656,17.10241954986942,10.665227617057674,0.623609284403218,0.6814814814814815,0.11167893318918592,0.16387669544065325,609.2916666666666,360.49127118034664,0.5916563296401778,1704.6296296296298,476.62346202656016,0.27960529005360396,37.049162332165665,6.3866193798100115,0.17238228822963753,16,16.0,0.053336515745439475,3.011249999999986,0.6271251370340598,0.20826073458997515,19.118000000000002,5.064150076765095,0.2648891137548433,76.96088797441237,17.34679829902384,0.2253975851317,0.6844444444444444,0.0716858179874754,0.10473577303364914,2741.8125,614.6262297882755,0.2241678560398552,2356.25,456.24048696322916,0.19362991489155615,41.360003769172465,7.791623269637723,0.1883854584037824,15,15.0,0.05000298351134951,3.1379999999999852,0.4030583084368702,0.1284443302858101,20.48357142857143,2.5284343183165365,0.12343718121292852,81.2494794481706,5.167194859381271,0.06359665187365843,0.6989629629629629,0.04592220437153805,0.06570048315131027,2895.2,162.80712515120462,0.05623346406162083,2462.222222222222,205.79265604960403,0.08358004983964062,43.23663792044011,2.899757619369669,0.0670671393253454,30.0,0.0730000000000075,2.9495269632512557,1.1732217917627816,10.0,10.0,3.0970033114138187,0.2190000000000225,0.730000000000075,3.0970033114138187,10.0,2.9495269632512557,299.96999999999997,135,135,1.346666666666667,-31.47125244140625,1.0,0.0,4.486036169212338,1613.426340187759,1135.245653669741,135,135,0.00069,-0.2019526667789516,0.00026,126428.4648949696,-8057.296421304964,CX138|T003346|well010,0,0,12,0
CX138,260325,T003346,000014,well011,/mnt/benshalom-nas/analysis/Sadegh/CX138/CX138/260325/T003346/Network/000014/well011,CX138|260325|T003346|000014|well011,/mnt/benshalom-nas/analysis/Sadegh/CX138/CX138/260325/T003346/Network/000014/well011/qm_unfiltered.xlsx,/mnt/benshalom-nas/analysis/Sadegh/CX138/CX138/260325/T003346/Network/000014/well011/network_results.json,/mnt/benshalom-nas/analysis/Sadegh/CX138/CX138/260325/T003346/Network/000014/well011/tm_curated.xlsx,/mnt/benshalom-nas/analysis/Sadegh/CX138/CX138/260325/T003346/Network/000014/well011/spike_times.npy,/mnt/benshalom-nas/analysis/Sadegh/CX138/CX138/260325/T003346/Network/000014/well011/tm_unfiltered.xlsx,/mnt/benshalom-nas/analysis/Sadegh/CX138/CX138/260325/T003346/Network/000014/well011/rejection_log.xlsx,/mnt/benshalom-nas/analysis/Sadegh/CX138/CX138/260325/T003346/Network/000014/well011/metrics_curated.xlsx,True,True,True,True,True,True,True,122.0,False,,10uM,11,2,6,B6,10uM,2026-03-25,2026-03-25,12,0,pre_treatment,0,0,2,1.0,D+0 to D+2,82,82.0,0.27336650180221866,0.5469512195121945,0.3509627491330092,0.6416710240558926,3.589629629629629,7.012013754968168,1.9534087018586521,10.280340597905084,4.554485982992869,0.44302870509183095,0.6303478608556576,0.13244441843345767,0.2101132194748352,377.4024390243902,173.75549542150634,0.46039844329219376,1266.6666666666667,410.40002958314085,0.3240000233551112,25.309773870272387,3.7044872530270103,0.14636587715143984,15,15.0,0.050006067402844884,2.9899999999999967,0.17239489551608203,0.0576571556909974,20.654999999999998,2.1349665437325074,0.10336318294517104,56.1991952685478,2.3794286320358315,0.04233919401631526,0.6372332812906584,0.03572246046729546,0.056058686066965686,2063.133333333333,83.51117024419881,0.04047783480346987,2022.2222222222224,151.86088500684346,0.07509604203635116,30.03400581144568,1.3175619657150701,0.04386900548620656,15,15.0,0.050006067402844884,2.9899999999999967,0.17239489551608203,0.0576571556909974,20.654999999999998,2.1349665437325074,0.10336318294517104,56.1991952685478,2.3794286320358315,0.04233919401631526,0.6372332812906584,0.03572246046729546,0.056058686066965686,2063.133333333333,83.51117024419881,0.04047783480346987,2022.2222222222224,151.86088500684346,0.07509604203635116,30.03400581144568,1.3175619657150701,0.04386900548620656,30.0,0.11839999999997985,3.3600939838065274,1.297412731221899,10.0,10.0,3.5280986829968537,0.35519999999993956,1.1839999999997985,3.5280986829968537,10.0,3.3600939838065274,299.93999999999994,122,122,1.255,-31.47125244140625,1.0,0.0,4.366529646435479,1348.194831641549,1046.885962431002,122,122,0.00067,-0.19919106918157176,0.00026,139231.5516417539,-8412.322354957,CX138|T003346|well011,0,0,12,0
CX138,260325,T003346,000014,well012,/mnt/benshalom-nas/analysis/Sadegh/CX138/CX138/260325/T003346/Network/000014/well012,CX138|260325|T003346|000014|well012,/mnt/benshalom-nas/analysis/Sadegh/CX138/CX138/260325/T003346/Network/000014/well012/qm_unfiltered.xlsx,/mnt/benshalom-nas/analysis/Sadegh/CX138/CX138/260325/T003346/Network/000014/well012/network_results.json,/mnt/benshalom-nas/analysis/Sadegh/CX138/CX138/260325/T003346/Network/000014/well012/tm_curated.xlsx,/mnt/benshalom-nas/analysis/Sadegh/CX138/CX138/260325/T003346/Network/000014/well012/spike_times.npy,/mnt/benshalom-nas/analysis/Sadegh/CX138/CX138/260325/T003346/Network/000014/well012/tm_unfiltered.xlsx,/mnt/benshalom-nas/analysis/Sadegh/CX138/CX138/260325/T003346/Network/000014/well012/rejection_log.xlsx,/mnt/benshalom-nas/analysis/Sadegh/CX138/CX138/260325/T003346/Network/000014/well012/metrics_curated.xlsx,True,True,True,True,True,True,True,42.0,False,,NPH,12,3,1,C1,NPH,2026-03-25,2026-03-25,12,0,pre_treatment,0,0,2,1.0,D+0 to D+2,38,38.0,0.12667253582749333,0.4594736842105252,0.18532968303200387,0.40335211656449965,7.205675675675676,10.435317770719534,1.4482080849053778,2.7107391937736716,0.9103864164280759,0.335844340362641,0.6553884711779447,0.11737380220222918,0.17909042859919483,111.44736842105263,39.56985652875647,0.35505420261930243,431.57894736842104,72.92845505553169,0.16898056659208563,7.508487894623824,0.7403493530081693,0.09860165767041713,16,16.0,0.05333580455894456,1.1400000000000003,0.5267114959823775,0.462027628054717,17.680000000000003,10.514428182264602,0.5947074763724322,6.43800558521247,2.9541673460132563,0.45886374388967877,0.6824156746031746,0.08982549784064048,0.13162871426257036,264.6875,122.30429200870262,0.46207052470820353,481.25,57.69742676719263,0.11989075691884184,7.994332054830795,0.6993135237428879,0.08747616673244245,0,,,,,,,,,,,,,,,,,,,,,,,,30.0,0.18149999999999986,2.693574888508199,0.40380704062203043,6.3,6.3,2.828253632933609,0.5444999999999995,1.8149999999999986,2.828253632933609,6.3,2.693574888508199,299.97,42,42,1.4583333333333335,-31.47125244140625,1.0,0.0,4.293805331801492,2471.868478013428,922.5318448881494,42,42,0.000595,-0.1976988914358035,0.00025,159282.6830932303,-8013.922019032258,CX138|T003346|well012,0,0,12,0
CX138,260325,T003346,000014,well013,/mnt/benshalom-nas/analysis/Sadegh/CX138/CX138/260325/T003346/Network/000014/well013,CX138|260325|T003346|000014|well013,/mnt/benshalom-nas/analysis/Sadegh/CX138/CX138/260325/T003346/Network/000014/well013/qm_unfiltered.xlsx,/mnt/benshalom-nas/analysis/Sadegh/CX138/CX138/260325/T003346/Network/000014/well013/network_results.json,/mnt/benshalom-nas/analysis/Sadegh/CX138/CX138/260325/T003346/Network/000014/well013/tm_curated.xlsx,/mnt/benshalom-nas/analysis/Sadegh/CX138/CX138/260325/T003346/Network/000014/well013/spike_times.npy,/mnt/benshalom-nas/analysis/Sadegh/CX138/CX138/260325/T003346/Network/000014/well013/tm_unfiltered.xlsx,/mnt/benshalom-nas/analysis/Sadegh/CX138/CX138/260325/T003346/Network/000014/well013/rejection_log.xlsx,/mnt/benshalom-nas/analysis/Sadegh/CX138/CX138/260325/T003346/Network/000014/well013/metrics_curated.xlsx,True,True,True,True,True,True,True,144.0,False,,IVH-E,13,3,2,C2,IVH-E,2026-03-25,2026-03-25,12,0,pre_treatment,0,0,2,1.0,D+0 to D+2,42,42.0,0.14004061177741545,0.9978571428571419,0.6846707088753219,0.6861410110418408,6.8531707317073165,10.376950169703486,1.514182350906979,29.215590817076883,15.376531574959616,0.5263125319366069,0.734457671957672,0.13574322587151977,0.18482103333429795,1020.0952380952381,536.2462924513329,0.5256825759255901,1884.1269841269843,576.994497843522,0.30623970820675556,44.07745931010013,8.806220043854756,0.19978964717317213,12,12.0,0.04001160336497584,3.4924999999999966,0.2328492001274667,0.06667120977164408,25.409999999999993,3.1285111184366765,0.12312125613682319,102.25456785976907,3.169464632293909,0.030995824427525645,0.751736111111111,0.05591358000200694,0.0743792657763418,3570.3333333333335,102.77105083090709,0.02878472154726181,2699.9999999999995,188.07012088678616,0.06965560032843933,53.903703654664504,1.4903635839171767,0.02764863048122315,12,12.0,0.04001160336497584,3.4924999999999966,0.2328492001274667,0.06667120977164408,25.409999999999993,3.1285111184366765,0.12312125613682319,102.25456785976907,3.169464632293909,0.030995824427525645,0.751736111111111,0.05591358000200694,0.0743792657763418,3570.3333333333335,102.77105083090709,0.02878472154726181,2699.9999999999995,188.07012088678616,0.06965560032843933,53.903703654664504,1.4903635839171767,0.02764863048122315,30.0,0.06220000000000424,1.6891673966617518,0.8410653561447419,10.0,10.0,1.7736257664948394,0.1866000000000127,0.6220000000000424,1.7736257664948394,10.0,1.6891673966617518,299.9099999999999,144,144,1.128258116125592,-31.47125244140625,1.0,0.0,4.662420582650915,2251.4906465932727,1135.8850592552703,144,144,0.0007,-0.1880976999311607,0.00025,133877.61294643476,-8010.425892704672,CX138|T003346|well013,0,0,12,0
CX138,260325,T003346,000014,well014,/mnt/benshalom-nas/analysis/Sadegh/CX138/CX138/260325/T003346/Network/000014/well014,CX138|260325|T003346|000014|well014,/mnt/benshalom-nas/analysis/Sadegh/CX138/CX138/260325/T003346/Network/000014/well014/qm_unfiltered.xlsx,/mnt/benshalom-nas/analysis/Sadegh/CX138/CX138/260325/T003346/Network/000014/well014/network_results.json,/mnt/benshalom-nas/analysis/Sadegh/CX138/CX138/260325/T003346/Network/000014/well014/tm_curated.xlsx,/mnt/benshalom-nas/analysis/Sadegh/CX138/CX138/260325/T003346/Network/000014/well014/spike_times.npy,/mnt/benshalom-nas/analysis/Sadegh/CX138/CX138/260325/T003346/Network/000014/well014/tm_unfiltered.xlsx,/mnt/benshalom-nas/analysis/Sadegh/CX138/CX138/260325/T003346/Network/000014/well014/rejection_log.xlsx,/mnt/benshalom-nas/analysis/Sadegh/CX138/CX138/260325/T003346/Network/000014/well014/metrics_curated.xlsx,True,True,True,True,True,True,True,74.0,False,,IVH-L,14,3,3,C3,IVH-L,2026-03-25,2026-03-25,12,0,pre_treatment,0,0,2,1.0,D+0 to D+2,58,58.0,0.19336053271493522,0.7536206896551715,0.45319820690769735,0.6013611530690112,5.109473684210528,6.534597377106448,1.2789179044604706,10.069720122950995,5.742434923970584,0.5702675798190632,0.7746971109040075,0.06325411181783318,0.08165011967583158,379.7931034482759,207.1774816864874,0.5455009051124146,1127.0114942528737,136.8021331071684,0.12138486058463692,22.115822318358617,3.0403406630804946,0.13747355261380764,21,21.0,0.0700098480519593,2.0814285714285687,0.17771796045810148,0.08538268518920467,14.506500000000003,2.6511493262356995,0.1827559594826939,27.81160795862656,1.1726911573450773,0.04216552883564339,0.7815851565851565,0.039153046788955176,0.05009440936675377,1048.952380952381,46.23179300878624,0.044074253367737015,1257.142857142857,123.93156378376594,0.09858192573708655,24.75238522608093,0.8811805116574335,0.03559982214275484,1,1.0,0.0033338022881885384,2.5199999999999996,0.0,0.0,0.0,0.0,0.0,29.331900768175988,0.0,0.0,0.7567567567567567,0.0,0.0,1108.0,0.0,0.0,1100.0,0.0,0.0,23.847050896406706,0.0,0.0,30.0,0.08030000000002248,2.010050909837684,0.5424573534974599,10.0,10.0,2.110553455329568,0.24090000000006745,0.8030000000002248,2.110553455329568,10.0,2.010050909837684,299.9400000000001,74,74,1.475,-31.47125244140625,1.0,0.0,4.221871192262007,1873.6847822236296,986.1859623059885,74,74,0.00067,-0.20094966538685516,0.00025,135381.8931345748,-8072.912915046296,CX138|T003346|well014,0,0,12,0
CX138,260325,T003346,000014,well015,/mnt/benshalom-nas/analysis/Sadegh/CX138/CX138/260325/T003346/Network/000014/well015,CX138|260325|T003346|000014|well015,/mnt/benshalom-nas/analysis/Sadegh/CX138/CX138/260325/T003346/Network/000014/well015/qm_unfiltered.xlsx,/mnt/benshalom-nas/analysis/Sadegh/CX138/CX138/260325/T003346/Network/000014/well015/network_results.json,/mnt/benshalom-nas/analysis/Sadegh/CX138/CX138/260325/T003346/Network/000014/well015/tm_curated.xlsx,/mnt/benshalom-nas/analysis/Sadegh/CX138/CX138/260325/T003346/Network/000014/well015/spike_times.npy,/mnt/benshalom-nas/analysis/Sadegh/CX138/CX138/260325/T003346/Network/000014/well015/tm_unfiltered.xlsx,/mnt/benshalom-nas/analysis/Sadegh/CX138/CX138/260325/T003346/Network/000014/well015/rejection_log.xlsx,/mnt/benshalom-nas/analysis/Sadegh/CX138/CX138/260325/T003346/Network/000014/well015/metrics_curated.xlsx,True,True,True,True,True,True,True,125.0,False,,CT,15,3,4,C4,CT,2026-03-25,2026-03-25,12,0,pre_treatment,0,0,2,1.0,D+0 to D+2,89,89.0,0.29666923780006094,0.5234831460674156,0.4062685809022219,0.7760872225863438,3.127840909090909,6.512488780109623,2.082103588191269,14.603571856480388,7.201436453045594,0.49312842938831647,0.6870112359550561,0.08591039156802448,0.12504947091381297,524.2022471910112,253.2686622459419,0.4831506610341842,1661.423220973783,241.50479540240897,0.145360190199376,37.48231551142948,2.950819712164617,0.07872565160134846,15,15.0,0.05000043333708892,3.1059999999999994,0.15213152204589497,0.04897988475399066,19.523571428571433,3.1617775451315313,0.16194667849062097,86.64785968178361,3.826479821518621,0.044161273406769216,0.6909028571428573,0.02503105184491026,0.036229480868588466,3110.266666666667,137.63016465231095,0.04425027799941407,2131.1111111111113,142.70750540446508,0.06696389721794503,40.80758876425254,1.1996782484311577,0.029398410559412325,15,15.0,0.05000043333708892,3.1059999999999994,0.15213152204589497,0.04897988475399066,19.523571428571433,3.1617775451315313,0.16194667849062097,86.64785968178361,3.826479821518621,0.044161273406769216,0.6909028571428573,0.02503105184491026,0.036229480868588466,3110.266666666667,137.63016465231095,0.04425027799941407,2131.1111111111113,142.70750540446508,0.06696389721794503,40.80758876425254,1.1996782484311577,0.029398410559412325,30.0,0.06259999999999442,2.2729601448387884,0.9252342251047746,10.0,10.0,2.386608152080728,0.18779999999998326,0.6259999999999443,2.386608152080728,10.0,2.2729601448387884,299.96999999999997,125,125,1.606666666666667,-31.47125244140625,1.0,0.0,4.495276680340757,1580.929538936537,989.9363761571051,125,125,0.0007,-0.1973782600635295,0.00027,141621.3759722866,-8016.359782409247,CX138|T003346|well015,0,0,12,0
CX138,260325,T003346,000014,well016,/mnt/benshalom-nas/analysis/Sadegh/CX138/CX138/260325/T003346/Network/000014/well016,CX138|260325|T003346|000014|well016,/mnt/benshalom-nas/analysis/Sadegh/CX138/CX138/260325/T003346/Network/000014/well016/qm_unfiltered.xlsx,/mnt/benshalom-nas/analysis/Sadegh/CX138/CX138/260325/T003346/Network/000014/well016/network_results.json,/mnt/benshalom-nas/analysis/Sadegh/CX138/CX138/260325/T003346/Network/000014/well016/tm_curated.xlsx,/mnt/benshalom-nas/analysis/Sadegh/CX138/CX138/260325/T003346/Network/000014/well016/spike_times.npy,/mnt/benshalom-nas/analysis/Sadegh/CX138/CX138/260325/T003346/Network/000014/well016/tm_unfiltered.xlsx,/mnt/benshalom-nas/analysis/Sadegh/CX138/CX138/260325/T003346/Network/000014/well016/rejection_log.xlsx,/mnt/benshalom-nas/analysis/Sadegh/CX138/CX138/260325/T003346/Network/000014/well016/metrics_curated.xlsx,True,True,True,True,True,True,True,166.0,False,,20uM,16,3,5,C5,20uM,2026-03-25,2026-03-25,12,0,pre_treatment,0,0,2,1.0,D+0 to D+2,55,55.0,0.1833399335709419,0.7876363636363646,0.6064620609774022,0.7699772242326196,5.355,9.177517365823936,1.7138221037953194,32.52644208706256,15.50201997124973,0.476597468907172,0.819934282584885,0.07742501351544853,0.09442831597596114,1177.490909090909,542.9325045185726,0.46109273568638237,2519.393939393939,290.9191917438333,0.11547189472632308,62.49563445833349,6.127635923859109,0.09804902337529622,13,13.0,0.04333489338949536,3.332307692307696,0.3333317554203321,0.10003030518153999,23.995,2.523742261008436,0.10517783959193315,137.6118703683416,5.112810363418371,0.0371538469009473,0.8327353369522044,0.04348664312217846,0.05222144562921847,4981.692307692308,170.9662065642864,0.034318901289887946,2828.205128205128,157.89542890605793,0.05582884612272221,67.44453550191253,1.3163445078765088,0.019517437522261254,12,12.0,0.04000144005184187,3.417500000000004,0.16130328576939296,0.04719920578475282,23.634545454545457,2.3214586466129155,0.09822311375006565,138.81757016046527,3.0693609177128427,0.02211075236488317,0.829506119716963,0.0437391910779995,0.052729196371599785,5019.833333333333,112.93201002766615,0.02249716325794339,2833.3333333333335,163.29931618554517,0.05763505277136888,67.40219777368712,1.3615643527555457,0.02020059282528442,30.0,0.05759999999999367,2.583161170226982,0.8995420140135968,10.0,10.0,2.7123192287383313,0.17279999999998102,0.5759999999999367,2.7123192287383313,10.0,2.583161170226982,299.96999999999997,166,166,1.645,-31.47125244140625,1.0,0.0,4.528109793027284,1897.297658155464,1006.6605647880169,166,166,0.00071,-0.1949883711808289,0.00026,132353.9554806144,-8154.634040691667,CX138|T003346|well016,0,0,12,0
CX138,260325,T003346,000014,well017,/mnt/benshalom-nas/analysis/Sadegh/CX138/CX138/260325/T003346/Network/000014/well017,CX138|260325|T003346|000014|well017,/mnt/benshalom-nas/analysis/Sadegh/CX138/CX138/260325/T003346/Network/000014/well017/qm_unfiltered.xlsx,/mnt/benshalom-nas/analysis/Sadegh/CX138/CX138/260325/T003346/Network/000014/well017/network_results.json,/mnt/benshalom-nas/analysis/Sadegh/CX138/CX138/260325/T003346/Network/000014/well017/tm_curated.xlsx,/mnt/benshalom-nas/analysis/Sadegh/CX138/CX138/260325/T003346/Network/000014/well017/spike_times.npy,/mnt/benshalom-nas/analysis/Sadegh/CX138/CX138/260325/T003346/Network/000014/well017/tm_unfiltered.xlsx,/mnt/benshalom-nas/analysis/Sadegh/CX138/CX138/260325/T003346/Network/000014/well017/rejection_log.xlsx,/mnt/benshalom-nas/analysis/Sadegh/CX138/CX138/260325/T003346/Network/000014/well017/metrics_curated.xlsx,True,True,True,True,True,True,True,106.0,False,,10uM,17,3,6,C6,10uM,2026-03-25,2026-03-25,12,0,pre_treatment,0,0,2,1.0,D+0 to D+2,65,65.0,0.2166768504786392,0.5201538461538491,0.2888198390143679,0.5552584896756525,4.07765625,7.7088769330776,1.8905166253476122,8.737004816935064,3.225840604199775,0.36921584362035387,0.6480406386066764,0.11401409682724435,0.1759366466158373,318.5230769230769,123.42024615014877,0.3874766228631989,1172.3076923076926,391.9082934228988,0.3343049747045724,22.885698631409127,2.660524731109291,0.11625272070383268,13,13.0,0.04333537009572784,2.600769230769245,0.17229052112242962,0.06624598564305155,21.627499999999998,2.3117998940219664,0.10689168392194967,43.68502408467532,1.9993236012192426,0.04576679635895186,0.6529200359389039,0.033913764521514844,0.05194168145375811,1592.6153846153845,67.13538383977267,0.04215417261964088,1846.1538461538462,239.49321905303833,0.1297254936537291,26.47053421864519,1.2518997943498402,0.047294088740681056,10,10.0,0.0333349000736368,2.673000000000017,0.11099999999998632,0.041526374859702814,28.836666666666662,10.647927289174902,0.36924958811148667,44.10017469906221,1.9506137060232267,0.04423142809147889,0.6526168014375561,0.03316580682154191,0.050819725677435375,1606.8,65.84800680354722,0.04098083570048993,1913.3333333333335,218.68292622475636,0.11429421231259042,26.2577942570562,1.1293898305260743,0.04301160331555937,30.0,0.16200000000000614,3.1837512171730635,1.0325006423076024,10.0,10.0,3.342938778031717,0.4860000000000184,1.6200000000000614,3.342938778031717,10.0,3.1837512171730635,299.96999999999997,106,106,1.0966666666666667,-31.47125244140625,1.0,0.0,4.634132068998678,1390.976435370625,1346.928961077021,106,106,0.00068,-0.19162041014234915,0.00025,136847.86007122113,-8215.100127483107,CX138|T003346|well017,0,0,12,0
CX138,260325,T003346,000014,well018,/mnt/benshalom-nas/analysis/Sadegh/CX138/CX138/260325/T003346/Network/000014/well018,CX138|260325|T003346|000014|well018,/mnt/benshalom-nas/analysis/Sadegh/CX138/CX138/260325/T003346/Network/000014/well018/qm_unfiltered.xlsx,/mnt/benshalom-nas/analysis/Sadegh/CX138/CX138/260325/T003346/Network/000014/well018/network_results.json,/mnt/benshalom-nas/analysis/Sadegh/CX138/CX138/260325/T003346/Network/000014/well018/tm_curated.xlsx,/mnt/benshalom-nas/analysis/Sadegh/CX138/CX138/260325/T003346/Network/000014/well018/spike_times.npy,/mnt/benshalom-nas/analysis/Sadegh/CX138/CX138/260325/T003346/Network/000014/well018/tm_unfiltered.xlsx,/mnt/benshalom-nas/analysis/Sadegh/CX138/CX138/260325/T003346/Network/000014/well018/rejection_log.xlsx,/mnt/benshalom-nas/analysis/Sadegh/CX138/CX138/260325/T003346/Network/000014/well018/metrics_curated.xlsx,True,True,True,True,True,True,True,83.0,False,,NPH,18,4,1,D1,NPH,2026-03-25,2026-03-25,12,0,pre_treatment,0,0,2,1.0,D+0 to D+2,45,45.0,0.15000365008881883,0.6379999999999981,0.3093477008157636,0.484871004413424,6.2461363636363645,9.953875265422345,1.5936051802153446,8.083179431189997,3.5690765857730065,0.4415436544685945,0.6784471218206158,0.12047716783695914,0.17757783025692278,291.15555555555557,130.37296167458368,0.4477776885480282,858.5185185185187,193.49361881277122,0.22538083295706737,16.721667981142115,2.4047233916708866,0.14380882304222384,12,12.0,0.040000973357018355,2.392499999999993,0.27958674861302724,0.116859665042018,24.870000000000005,1.9600649339893277,0.0788124219537325,30.311922866962494,2.0222183285956805,0.06671362742215646,0.6848226238286479,0.04489995000237511,0.06556434971635765,1091.8333333333333,66.94628858686309,0.06131548336455176,1097.2222222222222,160.12630045924826,0.14593789408944147,19.171029274662605,1.0301792553294318,0.053736251745803154,3,3.0,0.010000243339254589,2.7800000000000105,0.1870828693386991,0.06729599616499943,61.214999999999975,33.735000000000014,0.5510904190149478,32.502759807221814,1.9117508433564105,0.058818108206664874,0.7259036144578314,0.05393725308659956,0.0743036017624525,1156.6666666666667,63.793068240644736,0.055152508565398904,1222.2222222222224,258.67659392939595,0.211644485942233,19.423916663033644,1.1505088860724604,0.05923156004175179,30.0,0.14670000000000005,3.939828795332632,1.0666152897619008,10.0,10.0,4.136820235099264,0.44010000000000016,1.4670000000000005,4.136820235099264,10.0,3.939828795332632,299.96999999999997,83,83,1.273333333333333,-31.47125244140625,1.0,0.0,4.406240774232565,1514.112174436898,1141.118006918421,83,83,0.00059,-0.1848879502830266,0.00025,157613.157416313,-7452.073835307187,CX138|T003346|well018,0,0,12,0
CX138,260325,T003346,000014,well019,/mnt/benshalom-nas/analysis/Sadegh/CX138/CX138/260325/T003346/Network/000014/well019,CX138|260325|T003346|000014|well019,/mnt/benshalom-nas/analysis/Sadegh/CX138/CX138/260325/T003346/Network/000014/well019/qm_unfiltered.xlsx,/mnt/benshalom-nas/analysis/Sadegh/CX138/CX138/260325/T003346/Network/000014/well019/network_results.json,/mnt/benshalom-nas/analysis/Sadegh/CX138/CX138/260325/T003346/Network/000014/well019/tm_curated.xlsx,/mnt/benshalom-nas/analysis/Sadegh/CX138/CX138/260325/T003346/Network/000014/well019/spike_times.npy,/mnt/benshalom-nas/analysis/Sadegh/CX138/CX138/260325/T003346/Network/000014/well019/tm_unfiltered.xlsx,/mnt/benshalom-nas/analysis/Sadegh/CX138/CX138/260325/T003346/Network/000014/well019/rejection_log.xlsx,/mnt/benshalom-nas/analysis/Sadegh/CX138/CX138/260325/T003346/Network/000014/well019/metrics_curated.xlsx,True,True,True,True,True,True,True,43.0,False,,IVH-E,19,4,2,D2,IVH-E,2026-03-25,2026-03-25,12,0,pre_treatment,0,0,2,1.0,D+0 to D+2,41,41.0,0.13668370656875223,0.6321951219512193,0.3799005787469942,0.6009229833575142,7.192499999999998,9.49319591865668,1.319874302211565,4.036666566765912,2.283527612970581,0.5656963673370954,0.6965399886557007,0.11924202517706654,0.17119193028271032,153.4390243902439,90.06800920401768,0.5869954502248808,473.98373983739833,102.14825166522891,0.21551003353041437,8.792503116490701,1.4080039498978834,0.16013687242909405,15,15.0,0.05000623411051911,1.7279999999999993,0.3031435303614502,0.17543028377398745,20.451428571428572,3.6820372023084675,0.18003814205196475,11.033555282493495,1.5359771628460699,0.13920963130380504,0.7209302325581395,0.08877858819609616,0.12314449330426243,419.4,53.56964314485086,0.1277292397349806,580.0,59.37950762616618,0.10237846142442444,10.221806347889089,0.7615696323021292,0.0745044081625946,0,,,,,,,,,,,,,,,,,,,,,,,,30.0,0.1603999999999992,2.7374579049682737,0.46416989897957084,6.45,6.45,2.8743308002166876,0.48119999999999763,1.603999999999992,2.8743308002166876,6.45,2.7374579049682737,299.94,43,43,1.8,-31.47125244140625,1.0,0.0,4.511422332543328,2026.555821211114,1060.228832314162,43,43,0.00066,-0.1939325796877794,0.00026,151510.3259852744,-8513.488346660632,CX138|T003346|well019,0,0,12,0
CX138,260325,T003346,000014,well020,/mnt/benshalom-nas/analysis/Sadegh/CX138/CX138/260325/T003346/Network/000014/well020,CX138|260325|T003346|000014|well020,/mnt/benshalom-nas/analysis/Sadegh/CX138/CX138/260325/T003346/Network/000014/well020/qm_unfiltered.xlsx,/mnt/benshalom-nas/analysis/Sadegh/CX138/CX138/260325/T003346/Network/000014/well020/network_results.json,/mnt/benshalom-nas/analysis/Sadegh/CX138/CX138/260325/T003346/Network/000014/well020/tm_curated.xlsx,/mnt/benshalom-nas/analysis/Sadegh/CX138/CX138/260325/T003346/Network/000014/well020/spike_times.npy,/mnt/benshalom-nas/analysis/Sadegh/CX138/CX138/260325/T003346/Network/000014/well020/tm_unfiltered.xlsx,/mnt/benshalom-nas/analysis/Sadegh/CX138/CX138/260325/T003346/Network/000014/well020/rejection_log.xlsx,/mnt/benshalom-nas/analysis/Sadegh/CX138/CX138/260325/T003346/Network/000014/well020/metrics_curated.xlsx,True,True,True,True,True,True,True,36.0,False,,IVH-L,20,4,3,D3,IVH-L,2026-03-25,2026-03-25,12,0,pre_treatment,0,0,2,1.0,D+0 to D+2,60,60.0,0.20000620019220597,0.5215000000000009,0.3231605638069116,0.6196750983833386,4.611864406779661,7.97045529069303,1.7282501365339535,2.9256764956242383,1.5662624050126757,0.5353505103367519,0.663425925925926,0.13157518179219374,0.19832686159884053,109.31666666666666,60.033738199634236,0.5491727842625483,438.3333333333333,82.5126252965771,0.18824173071462458,7.874692878847954,1.2264657749571601,0.15574775979537486,14,14.0,0.04666811337818139,2.2435714285714328,0.16710164327041438,0.07448019757356883,20.822307692307696,1.2208455698103051,0.05863161700666432,12.538613552675306,0.5172428001081053,0.04125199312788004,0.6799933862433862,0.06935801026871644,0.10199806596926446,468.5,13.102616968704055,0.027967165354757854,521.4285714285714,74.11610674415897,0.14214047868742816,9.344765385254428,0.5157990543277916,0.05519657616462974,0,,,,,,,,,,,,,,,,,,,,,,,,30.0,0.22530000000000425,1.764775408355175,0.4433634212311308,5.3999999999999995,5.3999999999999995,1.8530141787729337,0.6759000000000127,2.2530000000000423,1.8530141787729337,5.3999999999999995,1.764775408355175,299.97,36,36,2.078333333333333,-31.47125244140625,1.0,0.0,4.1834904707356735,2513.5371171533734,854.6909477200775,36,36,0.000645,-0.18981355232166505,0.00024,149840.67826820817,-8559.580543013624,CX138|T003346|well020,0,0,12,0
CX138,260325,T003346,000014,well021,/mnt/benshalom-nas/analysis/Sadegh/CX138/CX138/260325/T003346/Network/000014/well021,CX138|260325|T003346|000014|well021,/mnt/benshalom-nas/analysis/Sadegh/CX138/CX138/260325/T003346/Network/000014/well021/qm_unfiltered.xlsx,/mnt/benshalom-nas/analysis/Sadegh/CX138/CX138/260325/T003346/Network/000014/well021/network_results.json,/mnt/benshalom-nas/analysis/Sadegh/CX138/CX138/260325/T003346/Network/000014/well021/tm_curated.xlsx,/mnt/benshalom-nas/analysis/Sadegh/CX138/CX138/260325/T003346/Network/000014/well021/spike_times.npy,/mnt/benshalom-nas/analysis/Sadegh/CX138/CX138/260325/T003346/Network/000014/well021/tm_unfiltered.xlsx,/mnt/benshalom-nas/analysis/Sadegh/CX138/CX138/260325/T003346/Network/000014/well021/rejection_log.xlsx,/mnt/benshalom-nas/analysis/Sadegh/CX138/CX138/260325/T003346/Network/000014/well021/metrics_curated.xlsx,True,True,True,True,True,True,True,97.0,False,,CT,21,4,4,D4,CT,2026-03-25,2026-03-25,12,0,pre_treatment,0,0,2,1.0,D+0 to D+2,57,57.0,0.19000861372382213,0.5905263157894717,0.4076437258222113,0.6903057745652443,5.038392857142857,8.890339816899525,1.7645189783674406,10.247050179652982,6.2064617972529526,0.605682775866248,0.7100741544583108,0.11227128521633703,0.15811205704562592,370.2280701754386,230.79040522060228,0.6233736007948789,1207.6023391812867,347.42256454798866,0.28769616725281383,23.16710664041484,4.076867659602709,0.17597655688650585,13,13.0,0.04333529786683663,2.58923076923076,0.21517297294043683,0.08310304956107215,23.380000000000006,1.9630461023623464,0.08396262200010034,44.9293738646323,2.0680311866197734,0.046028488909071914,0.7195347607718741,0.05167713547609871,0.07182020701913353,1623.3076923076924,72.95139015429237,0.04493996455507751,1679.4871794871797,198.51519847021444,0.11819988916547118,28.882520334735208,1.6284919766367256,0.05638330581137823,9,9.0,0.03000136006165613,2.683333333333328,0.1839081896551191,0.06853721353606937,23.310000000000006,1.501798921294055,0.06442723815075309,45.977865278368846,1.423096519214126,0.0309517745245047,0.7284077892325315,0.051813992919045794,0.07113322191905486,1657.0,56.20992399528357,0.03392270609250668,1666.666666666667,189.2154040658489,0.11352924243950932,29.128146541014946,1.8271131686455824,0.06272672262455317,30.0,0.16830000000002343,3.784772985622747,1.0276525089559883,10.0,10.0,3.9740116349038845,0.5049000000000703,1.6830000000002343,3.9740116349038845,10.0,3.784772985622747,299.96999999999997,97,97,1.446666666666667,-31.47125244140625,1.0,0.0,4.275786641687377,2448.613589594593,1079.880020659045,97,97,0.00065,-0.186993780224805,0.00025,140359.10386276685,-8036.574532563889,CX138|T003346|well021,0,0,12,0
CX138,260325,T003346,000014,well023,/mnt/benshalom-nas/analysis/Sadegh/CX138/CX138/260325/T003346/Network/000014/well023,CX138|260325|T003346|000014|well023,/mnt/benshalom-nas/analysis/Sadegh/CX138/CX138/260325/T003346/Network/000014/well023/qm_unfiltered.xlsx,/mnt/benshalom-nas/analysis/Sadegh/CX138/CX138/260325/T003346/Network/000014/well023/network_results.json,/mnt/benshalom-nas/analysis/Sadegh/CX138/CX138/260325/T003346/Network/000014/well023/tm_curated.xlsx,/mnt/benshalom-nas/analysis/Sadegh/CX138/CX138/260325/T003346/Network/000014/well023/spike_times.npy,/mnt/benshalom-nas/analysis/Sadegh/CX138/CX138/260325/T003346/Network/000014/well023/tm_unfiltered.xlsx,/mnt/benshalom-nas/analysis/Sadegh/CX138/CX138/260325/T003346/Network/000014/well023/rejection_log.xlsx,/mnt/benshalom-nas/analysis/Sadegh/CX138/CX138/260325/T003346/Network/000014/well023/metrics_curated.xlsx,True,True,True,True,True,True,True,58.0,False,,10uM,23,4,6,D6,10uM,2026-03-25,2026-03-25,12,0,pre_treatment,0,0,2,1.0,D+0 to D+2,64,64.0,0.2133412980751281,0.6164062500000003,0.31530920928659156,0.5115282482722903,4.446666666666666,6.913449509975765,1.5547487653618663,5.284499191101496,2.181050998978249,0.41272614870504554,0.6963900862068966,0.1438524613999528,0.20656879563505795,200.859375,82.5403059093518,0.41093578982485535,681.25,165.29382508463866,0.24263313773891912,13.045527859916934,1.7405805264209406,0.1334235413937496,21,21.0,0.07000261343090142,1.9442857142857128,0.8672922911956149,0.4460724495495451,13.985999999999999,7.299472857679514,0.5219128312369166,16.10514039192837,8.145748776686892,0.5057856422517998,0.7286261631089217,0.0807338788221228,0.11080288206732147,612.1428571428571,308.37041512630566,0.503755637312518,812.6984126984128,210.4357259577975,0.25893458467463365,14.162869098729278,2.1409602539633514,0.15116712856969375,9,9.0,0.03000112004181489,2.639999999999999,0.0979795897113298,0.03711348095126131,31.98,22.016331438275536,0.6884406328416365,21.95873123127588,2.3676743563217646,0.10782382330676189,0.7092911877394638,0.05452623540795329,0.07687426031857289,830.7777777777778,77.60266000277421,0.09340964825798688,940.7407407407409,194.8584657476431,0.20713301477111665,15.56120054679799,1.3320095197932094,0.08559812051694787,30.0,0.1567000000000007,2.916905326587281,0.7127042486891444,10.0,10.0,3.0627505929166454,0.47010000000000207,1.567000000000007,3.0627505929166454,10.0,2.916905326587281,299.96999999999997,58,58,1.733333333333333,-37.7655029296875,1.0,0.0,4.541236828413765,2712.295808870421,1136.010588363824,58,58,0.00066,-0.1980143870480394,0.00026,138544.28045490792,-8874.413869825541,CX138|T003346|well023,0,0,12,0
