project,date,chip_id,run_id,well_id,well_key,well_dir,network_json,n_units_network_json,burstlets_events_len,burstlets_count,burstlets_rate,burstlets_duration_mean,burstlets_duration_std,burstlets_duration_cv,burstlets_inter_event_interval_mean,burstlets_inter_event_interval_std,burstlets_inter_event_interval_cv,burstlets_intensity_mean,burstlets_intensity_std,burstlets_intensity_cv,burstlets_participation_mean,burstlets_participation_std,burstlets_participation_cv,burstlets_spikes_per_burst_mean,burstlets_spikes_per_burst_std,burstlets_spikes_per_burst_cv,burstlets_burst_peak_mean,burstlets_burst_peak_std,burstlets_burst_peak_cv,burstlets_peak_synchrony_mean,burstlets_peak_synchrony_std,burstlets_peak_synchrony_cv,network_bursts_events_len,network_bursts_count,network_bursts_rate,network_bursts_duration_mean,network_bursts_duration_std,network_bursts_duration_cv,network_bursts_inter_event_interval_mean,network_bursts_inter_event_interval_std,network_bursts_inter_event_interval_cv,network_bursts_intensity_mean,network_bursts_intensity_std,network_bursts_intensity_cv,network_bursts_participation_mean,network_bursts_participation_std,network_bursts_participation_cv,network_bursts_spikes_per_burst_mean,network_bursts_spikes_per_burst_std,network_bursts_spikes_per_burst_cv,network_bursts_burst_peak_mean,network_bursts_burst_peak_std,network_bursts_burst_peak_cv,network_bursts_peak_synchrony_mean,network_bursts_peak_synchrony_std,network_bursts_peak_synchrony_cv,superbursts_events_len,superbursts_count,superbursts_rate,superbursts_duration_mean,superbursts_duration_std,superbursts_duration_cv,superbursts_inter_event_interval_mean,superbursts_inter_event_interval_std,superbursts_inter_event_interval_cv,superbursts_intensity_mean,superbursts_intensity_std,superbursts_intensity_cv,superbursts_participation_mean,superbursts_participation_std,superbursts_participation_cv,superbursts_spikes_per_burst_mean,superbursts_spikes_per_burst_std,superbursts_spikes_per_burst_cv,superbursts_burst_peak_mean,superbursts_burst_peak_std,superbursts_burst_peak_cv,superbursts_peak_synchrony_mean,superbursts_peak_synchrony_std,superbursts_peak_synchrony_cv,diag_adaptive_bin_ms,diag_biological_isi_s,diag_baseline_value,diag_spread_mad,diag_participation_quorum_floor,diag_threshold_detect_1.2x,diag_threshold_merge_1.05x,diag_burstlet_merge_gap_s,diag_network_merge_gap_s,diag_merge_floor,plot_threshold,plot_baseline,recording_duration_s_plot
CX138,260319,T003346,000004,well000,CX138|260319|T003346|000004|well000,/mnt/benshalom-nas/analysis/Sadegh/CX138/CX138/260319/T003346/Network/000004/well000,/mnt/benshalom-nas/analysis/Sadegh/CX138/CX138/260319/T003346/Network/000004/well000/network_results.json,77,2,2.0,0.006665964518404061,0.449999999999978,0.09000000000002117,0.20000000000005685,129.84,0.0,0.0,3.933798058355225,0.5500483430170284,0.13982627853729004,0.5064935064935064,0.012987012987012964,0.0256410256410256,140.5,20.5,0.14590747330960854,483.33333333333337,16.666666666666657,0.034482758620689634,10.361601073665499,0.2130305650809916,0.020559618495873084,2,2.0,0.006665964518404061,0.449999999999978,0.09000000000002117,0.20000000000005685,129.84,0.0,0.0,3.933798058355225,0.5500483430170284,0.13982627853729004,0.5064935064935064,0.012987012987012964,0.0256410256410256,140.5,20.5,0.14590747330960854,483.33333333333337,16.666666666666657,0.034482758620689634,10.361601073665499,0.2130305650809916,0.020559618495873084,0,,,,,,,,,,,,,,,,,,,,,,,,30.0,0.11590000000001055,1.5447981274253686,0.7308507409817715,10.0,10.0,1.6220380337966371,0.34770000000003165,1.1590000000001055,1.6220380337966371,10.0,1.5447981274253686,300.03
CX138,260319,T003346,000004,well001,CX138|260319|T003346|000004|well001,/mnt/benshalom-nas/analysis/Sadegh/CX138/CX138/260319/T003346/Network/000004/well001,/mnt/benshalom-nas/analysis/Sadegh/CX138/CX138/260319/T003346/Network/000004/well001/network_results.json,154,26,26.0,0.08665655673504759,0.5411538461538448,0.3045214015856194,0.5627261152257373,10.724400000000003,19.942545289907212,1.8595488129785542,7.82135077641609,6.089848542784437,0.7786185170402158,0.5167332667332667,0.1539298541725705,0.2978903509458542,270.2307692307692,217.7442585469879,0.8057715232310967,748.7179487179487,232.4582067447216,0.31047500215904594,16.078537576188033,5.9094654826792175,0.36753749864857166,7,7.0,0.02333061142866666,2.0914285714285654,0.8914903824724151,0.42625906265757674,44.68500000000001,17.354412263168147,0.3883722113274733,29.05073145525976,16.034657106499004,0.5519536446506877,0.5245207173778602,0.09627581011510615,0.18355006184769987,1003.7142857142857,548.0908981665917,0.546062665409357,947.6190476190477,266.5816190910172,0.28131728647795784,20.486692857849757,6.877200519473013,0.3356911028632872,3,3.0,0.009998833469428568,2.8899999999999912,0.20396078054373118,0.07057466454800408,72.18,14.849999999999973,0.2057356608478799,44.2106184125582,2.3180020574659568,0.05243088969792649,0.5725108225108224,0.03039308408344232,0.05308735291701457,1519.0,70.28987598983701,0.046273782745119826,1144.4444444444446,31.426968052735482,0.0274604575218077,25.518153761640587,0.7377448380603986,0.028910588318869362,30.0,0.20940000000000225,3.5795110974532807,1.171653741385137,10.0,10.0,3.758486652325945,0.6282000000000068,2.0940000000000225,3.758486652325945,10.0,3.5795110974532807,300.03000000000003
CX138,260319,T003346,000004,well002,CX138|260319|T003346|000004|well002,/mnt/benshalom-nas/analysis/Sadegh/CX138/CX138/260319/T003346/Network/000004/well002,/mnt/benshalom-nas/analysis/Sadegh/CX138/CX138/260319/T003346/Network/000004/well002/network_results.json,126,18,18.0,0.0600053404753023,0.6700000000000013,0.408533964316308,0.6097521855467272,12.746470588235292,23.02532134058871,1.8064075997508338,10.283315083574635,4.532504584459019,0.440762978438608,0.6415343915343914,0.12515911879146827,0.19509338929144335,358.05555555555554,159.8858871620014,0.44653932799317697,900.0000000000001,168.14162167135063,0.18682402407927845,20.40782809847989,3.947054391474443,0.19340884156939983,5,5.0,0.01666815013202842,2.412000000000005,0.2830830266900501,0.11736443892622285,53.827499999999986,13.351202895245043,0.24803683795912956,37.019934300868684,0.3544870729421142,0.009575572718771574,0.648015873015873,0.036715345196311255,0.05665809546522006,1289.0,15.786069808536892,0.01224675702756935,1046.6666666666667,58.11865258054232,0.055527375076951255,23.689796527973503,1.6883305073764863,0.07126825700604324,2,2.0,0.006667260052811367,2.7149999999999963,0.1950000000000145,0.07182320441989494,158.51999999999998,0.0,0.0,37.02206817714605,0.46847679425701116,0.01265398767068893,0.650462962962963,0.02943121693121692,0.04524656837824095,1283.0,20.0,0.01558846453624318,1000.0,66.66666666666669,0.06666666666666668,22.60751460363928,0.7257920226231906,0.03210401653379249,30.0,0.17620000000000502,2.5497151845228974,1.1098284303828632,10.0,10.0,2.6772009437490425,0.5286000000000151,1.7620000000000502,2.6772009437490425,10.0,2.5497151845228974,299.97
CX138,260319,T003346,000004,well003,CX138|260319|T003346|000004|well003,/mnt/benshalom-nas/analysis/Sadegh/CX138/CX138/260319/T003346/Network/000004/well003,/mnt/benshalom-nas/analysis/Sadegh/CX138/CX138/260319/T003346/Network/000004/well003/network_results.json,135,24,24.0,0.08001096150172572,0.5737499999999983,0.36714906713758827,0.6399112281265174,10.955217391304346,21.42145346214869,1.9553654388594672,8.71704163337141,5.365171649488358,0.6154807875356355,0.5296296296296296,0.12630661411096247,0.23848101965006904,304.75,190.89029353706454,0.6263832437639525,829.1666666666666,298.50127178834475,0.36000153381508915,18.522772458525672,6.643357116824622,0.35865889578354204,6,6.0,0.02000274037543143,2.2949999999999933,1.2820393909704824,0.55862282830958,50.39399999999999,16.18888952337374,0.3212463690791313,34.86816653348564,21.499520098220014,0.616594511144512,0.5018930041152263,0.05755146607696383,0.1146687951517072,1219.0,752.914780480943,0.6176495327981485,972.2222222222223,318.2222998137708,0.3273143655227357,20.457302715554285,7.099712881217009,0.347050292012294,4,4.0,0.013335160250287621,3.1949999999999843,0.16224980739586975,0.050782412330475916,69.61,20.80143745033022,0.29882829263511307,50.029894269911665,1.8134930148278487,0.0362481880342189,0.5398765432098765,0.009189863404417967,0.017022157232057064,1750.25,56.62320637335897,0.03235149628530722,1191.6666666666667,72.16878364870321,0.06056121704786283,25.437805156392848,1.059966952242844,0.041668962621818836,30.0,0.13299999999999912,2.8677440372427383,1.1787114027857637,10.0,10.0,3.0111312391048752,0.39899999999999736,1.3299999999999912,3.0111312391048752,10.0,2.8677440372427383,299.93999999999994
CX138,260319,T003346,000004,well004,CX138|260319|T003346|000004|well004,/mnt/benshalom-nas/analysis/Sadegh/CX138/CX138/260319/T003346/Network/000004/well004,/mnt/benshalom-nas/analysis/Sadegh/CX138/CX138/260319/T003346/Network/000004/well004/network_results.json,106,23,23.0,0.07665997169580524,0.507391304347825,0.3045198271734975,0.6001676113959261,9.831818181818182,20.026157130650102,2.036872200066122,5.991267371873994,2.997489130882336,0.500309691561096,0.5619360131255128,0.10322496815883092,0.18369523530746698,213.34782608695653,110.62769866839592,0.5185321111418598,686.9565217391304,115.77887070580437,0.1685388624198418,14.32877672326783,2.310476314227211,0.16124728292229837,5,5.0,0.01666521123821853,2.3339999999999947,0.49962385851757724,0.21406334983615183,53.67750000000001,4.363550016901373,0.08129197553726183,27.55982991062038,3.1142690552336476,0.11300030026794691,0.5658805031446541,0.023688660668731633,0.041861595402370985,981.4,102.72020249201225,0.10466700885674776,840.0,87.93937305515279,0.10468972982756283,16.987435792003573,1.8313168962113804,0.10780419826948978,2,2.0,0.006666084495287413,2.864999999999988,0.19499999999998607,0.06806282722512631,51.90000000000002,0.0,0.0,30.73345240212403,1.0841780883237444,0.035276807634173096,0.5625786163522013,0.018553459119496907,0.03297931805477929,1085.0,37.0,0.034101382488479264,816.6666666666667,16.666666666666686,0.020408163265306145,15.925864330363499,0.41952497139742206,0.026342367528371796,30.0,0.2027999999999963,1.9835541768638594,0.8753713713046385,10.0,10.0,2.0827318857070525,0.6083999999999888,2.0279999999999627,2.0827318857070525,10.0,1.9835541768638594,300.0
CX138,260319,T003346,000004,well005,CX138|260319|T003346|000004|well005,/mnt/benshalom-nas/analysis/Sadegh/CX138/CX138/260319/T003346/Network/000004/well005,/mnt/benshalom-nas/analysis/Sadegh/CX138/CX138/260319/T003346/Network/000004/well005/network_results.json,94,75,75.0,0.2500173345351944,0.3948000000000021,0.15155513848101676,0.3838782636297263,4.002162162162161,6.609269753641931,1.6514247763692025,4.653995061234533,1.6483377710091889,0.3541769489054734,0.5374468085106382,0.07681921695092363,0.1429336182380606,160.21333333333334,58.254222927517354,0.36360408784652143,576.0,86.67692247010672,0.1504807681772686,12.752245398443653,1.6845555945090926,0.1320987435447787,19,19.0,0.06333772474891593,1.567894736842111,0.31746659911122466,0.2024795361904413,16.41333333333333,3.186077351366235,0.1941151920003799,18.371033136452105,3.8790090335861303,0.2111481158830059,0.5393710339678985,0.0358383003670827,0.06644461439361549,632.421052631579,133.258085876706,0.21071102127641592,654.3859649122808,92.534505222741,0.14140661656022083,14.213940898924259,1.5828006869695812,0.11135551345154185,0,,,,,,,,,,,,,,,,,,,,,,,,30.0,0.10849999999999226,2.6020725917541334,1.1320838957064043,10.0,10.0,2.7321762213418403,0.32549999999997675,1.0849999999999225,2.7321762213418403,10.0,2.6020725917541334,299.96999999999997
CX138,260319,T003346,000004,well006,CX138|260319|T003346|000004|well006,/mnt/benshalom-nas/analysis/Sadegh/CX138/CX138/260319/T003346/Network/000004/well006,/mnt/benshalom-nas/analysis/Sadegh/CX138/CX138/260319/T003346/Network/000004/well006/network_results.json,94,1,1.0,0.003334154646761319,0.8400000000000034,0.0,0.0,0.0,0.0,0.0,8.793355542933398,0.0,0.0,0.7978723404255319,0.0,0.0,324.0,0.0,0.0,800.0,0.0,0.0,17.173570903567242,0.0,0.0,1,1.0,0.003334154646761319,0.8400000000000034,0.0,0.0,0.0,0.0,0.0,8.793355542933398,0.0,0.0,0.7978723404255319,0.0,0.0,324.0,0.0,0.0,800.0,0.0,0.0,17.173570903567242,0.0,0.0,0,,,,,,,,,,,,,,,,,,,,,,,,30.0,0.3064000000000107,1.722209150358887,0.4385784673778734,10.0,10.0,1.8083196078768313,0.9192000000000322,3.064000000000107,1.8083196078768313,10.0,1.722209150358887,299.90999999999997
CX138,260319,T003346,000004,well007,CX138|260319|T003346|000004|well007,/mnt/benshalom-nas/analysis/Sadegh/CX138/CX138/260319/T003346/Network/000004/well007,/mnt/benshalom-nas/analysis/Sadegh/CX138/CX138/260319/T003346/Network/000004/well007/network_results.json,69,4,4.0,0.013333933360334546,0.4275000000000002,0.22487496525846717,0.5260233105461218,48.94999999999999,34.78096318390276,0.7105406166272272,3.765516453518121,1.4922258842221754,0.3962871767106446,0.5471014492753623,0.08955947169788604,0.1636981072093811,135.25,52.427926718496124,0.3876371661256645,491.66666666666674,43.30127018922195,0.08807038004587514,10.349133176482397,0.1718271514424151,0.016603047667110803,3,3.0,0.01000045002025091,0.6300000000000002,0.23366642891095027,0.3708990935094447,73.42499999999998,7.274999999999999,0.09908069458631256,5.020688604690828,1.4399082411614321,0.286794970677155,0.5579710144927537,0.09953332259921019,0.17838439634663644,180.33333333333334,49.5737385674669,0.27490058355342084,500.00000000000006,47.14045207910319,0.09428090415820638,10.43392879011986,0.10298013851452831,0.009869737525144192,0,,,,,,,,,,,,,,,,,,,,,,,,30.0,0.1546000000000021,1.3064053265131075,0.542885301460877,10.0,10.0,1.3717255928387628,0.4638000000000063,1.546000000000021,1.3717255928387628,10.0,1.3064053265131075,299.9699999999999
CX138,260319,T003346,000004,well008,CX138|260319|T003346|000004|well008,/mnt/benshalom-nas/analysis/Sadegh/CX138/CX138/260319/T003346/Network/000004/well008,/mnt/benshalom-nas/analysis/Sadegh/CX138/CX138/260319/T003346/Network/000004/well008/network_results.json,68,5,5.0,0.016665777825182655,0.6239999999999896,0.3044076214551749,0.4878327266909936,31.17000000000001,26.98660501063444,0.8657877770495488,5.487210260086729,2.2820458093280283,0.41588452076045634,0.6176470588235293,0.11542009923734461,0.18687063686046274,194.0,84.95410525689738,0.4379077590561721,506.6666666666668,44.22166387140534,0.08727959974619473,10.499157810851523,0.40871230431817807,0.03892810372806749,4,4.0,0.013332622260146124,0.7799999999999869,0.3265731158561658,0.4186834818668862,41.56000000000001,23.575143689912046,0.5672556229526478,6.859012825108412,2.809488200002431,0.40960532829416674,0.6360294117647058,0.10521388250922196,0.1654229829046727,242.5,100.95667387547986,0.4163161809298139,508.3333333333334,49.300664859163476,0.09698491447704288,10.530078217132992,0.4516932886409632,0.04289553024459347,0,,,,,,,,,,,,,,,,,,,,,,,,30.0,0.10540000000000303,1.966511948069033,0.8330646038414435,10.0,10.0,2.0648375454724848,0.3162000000000091,1.0540000000000302,2.0648375454724848,10.0,1.966511948069033,300.0
CX138,260319,T003346,000004,well009,CX138|260319|T003346|000004|well009,/mnt/benshalom-nas/analysis/Sadegh/CX138/CX138/260319/T003346/Network/000004/well009,/mnt/benshalom-nas/analysis/Sadegh/CX138/CX138/260319/T003346/Network/000004/well009/network_results.json,87,9,9.0,0.029997870151219262,0.5299999999999978,0.2190890230020699,0.41337551509824677,28.612499999999997,48.818591169246176,1.706198031253689,5.249223888967984,1.1345493508980045,0.21613658988377818,0.6104725415070243,0.09744831599966942,0.15962768081117396,188.55555555555554,43.338746100692006,0.22984603117632768,629.6296296296297,105.92851589685253,0.1682394076008834,13.570190892318337,2.124465815750162,0.15655386373029992,3,3.0,0.009999290050406421,1.5899999999999934,0.4291852746775031,0.2699278457091226,114.13499999999999,3.884999999999998,0.034038638454461805,15.74767166690395,3.090795312786537,0.19626998696463163,0.6235632183908045,0.05694200746245918,0.0913171363914092,565.6666666666666,101.8310147035546,0.18001947207463984,700.0,94.28090415820634,0.13468700594029479,15.287110435121816,0.563519755047606,0.036862411470053306,0,,,,,,,,,,,,,,,,,,,,,,,,30.0,0.15689999999999313,2.0437224641745386,0.7215750515272688,10.0,10.0,2.1459085873832655,0.47069999999997936,1.5689999999999313,2.1459085873832655,10.0,2.0437224641745386,300.0
CX138,260319,T003346,000004,well010,CX138|260319|T003346|000004|well010,/mnt/benshalom-nas/analysis/Sadegh/CX138/CX138/260319/T003346/Network/000004/well010,/mnt/benshalom-nas/analysis/Sadegh/CX138/CX138/260319/T003346/Network/000004/well010/network_results.json,44,0,,,,,,,,,,,,,,,,,,,,,,,,0,,,,,,,,,,,,,,,,,,,,,,,,0,,,,,,,,,,,,,,,,,,,,,,,,30.0,0.19414994205509672,0.9492552901291109,0.2976215649152858,6.6,6.6,0.9967180546355665,0.5824498261652902,1.9414994205509672,0.9967180546355665,6.6,0.9492552901291109,299.85000000000014
CX138,260319,T003346,000004,well011,CX138|260319|T003346|000004|well011,/mnt/benshalom-nas/analysis/Sadegh/CX138/CX138/260319/T003346/Network/000004/well011,/mnt/benshalom-nas/analysis/Sadegh/CX138/CX138/260319/T003346/Network/000004/well011/network_results.json,80,1,1.0,0.003333108904000464,0.5099999999999998,0.0,0.0,0.0,0.0,0.0,4.853745329736293,0.0,0.0,0.675,0.0,0.0,171.0,0.0,0.0,433.33333333333337,0.0,0.0,10.055408713105074,0.0,0.0,1,1.0,0.003333108904000464,0.5099999999999998,0.0,0.0,0.0,0.0,0.0,4.853745329736293,0.0,0.0,0.675,0.0,0.0,171.0,0.0,0.0,433.33333333333337,0.0,0.0,10.055408713105074,0.0,0.0,0,,,,,,,,,,,,,,,,,,,,,,,,30.0,0.16249999999999432,1.9638442197332546,0.7513883042123104,10.0,10.0,2.0620364307199175,0.48749999999998295,1.6249999999999432,2.0620364307199175,10.0,1.9638442197332546,300.0
CX138,260319,T003346,000004,well012,CX138|260319|T003346|000004|well012,/mnt/benshalom-nas/analysis/Sadegh/CX138/CX138/260319/T003346/Network/000004/well012,/mnt/benshalom-nas/analysis/Sadegh/CX138/CX138/260319/T003346/Network/000004/well012/network_results.json,81,5,5.0,0.016668050114826197,0.3480000000000139,0.0724982758415703,0.20832837885507874,67.45500000000001,67.23899705528032,0.9967978215889157,3.556142455229117,0.6883070914481246,0.1935544203061961,0.5012345679012344,0.07908946853356529,0.1577893337738618,132.0,25.79922479455536,0.19544867268602545,546.6666666666667,58.118652580542324,0.10631460837904082,11.117758102767922,0.32840604486240793,0.02953887301979044,3,3.0,0.010000830068895718,0.5800000000000232,0.09273618495494279,0.1598899740602398,134.76,3.690000000000012,0.027382012466607392,5.926904092048528,0.9158451068806688,0.15452335530607908,0.5267489711934156,0.09020703792914807,0.17125242356861706,220.0,31.843366656181317,0.14474257570991508,577.7777777777778,56.65577237325317,0.09805806756909202,11.323136625076586,0.2710107239158303,0.023934244802419954,0,,,,,,,,,,,,,,,,,,,,,,,,30.0,0.16914999261010402,1.7168620623036739,0.5956504283082645,10.0,10.0,1.8027051654188577,0.5074499778303121,1.6914999261010402,1.8027051654188577,10.0,1.7168620623036739,299.96999999999997
CX138,260319,T003346,000004,well013,CX138|260319|T003346|000004|well013,/mnt/benshalom-nas/analysis/Sadegh/CX138/CX138/260319/T003346/Network/000004/well013,/mnt/benshalom-nas/analysis/Sadegh/CX138/CX138/260319/T003346/Network/000004/well013/network_results.json,14,0,,,,,,,,,,,,,,,,,,,,,,,,0,,,,,,,,,,,,,,,,,,,,,,,,0,,,,,,,,,,,,,,,,,,,,,,,,30.0,0.2955000000000005,0.28098788416479564,0.15529261453295706,5.0,5.0,0.29503727837303545,0.8865000000000014,2.955000000000005,0.29503727837303545,5.0,0.28098788416479564,299.79
CX138,260319,T003346,000004,well014,CX138|260319|T003346|000004|well014,/mnt/benshalom-nas/analysis/Sadegh/CX138/CX138/260319/T003346/Network/000004/well014,/mnt/benshalom-nas/analysis/Sadegh/CX138/CX138/260319/T003346/Network/000004/well014/network_results.json,54,0,,,,,,,,,,,,,,,,,,,,,,,,0,,,,,,,,,,,,,,,,,,,,,,,,0,,,,,,,,,,,,,,,,,,,,,,,,30.0,0.16889997039667545,1.241981232720542,0.5010957141924501,10.0,10.0,1.304080294356569,0.5066999111900263,1.6889997039667546,1.304080294356569,10.0,1.241981232720542,300.0
CX138,260319,T003346,000004,well015,CX138|260319|T003346|000004|well015,/mnt/benshalom-nas/analysis/Sadegh/CX138/CX138/260319/T003346/Network/000004/well015,/mnt/benshalom-nas/analysis/Sadegh/CX138/CX138/260319/T003346/Network/000004/well015/network_results.json,63,0,,,,,,,,,,,,,,,,,,,,,,,,0,,,,,,,,,,,,,,,,,,,,,,,,0,,,,,,,,,,,,,,,,,,,,,,,,30.0,0.17709999999999582,0.9733814583292052,0.4574521364002451,10.0,10.0,1.0220505312456656,0.5312999999999874,1.7709999999999582,1.0220505312456656,10.0,0.9733814583292052,299.9699999999999
CX138,260319,T003346,000004,well016,CX138|260319|T003346|000004|well016,/mnt/benshalom-nas/analysis/Sadegh/CX138/CX138/260319/T003346/Network/000004/well016,/mnt/benshalom-nas/analysis/Sadegh/CX138/CX138/260319/T003346/Network/000004/well016/network_results.json,47,0,,,,,,,,,,,,,,,,,,,,,,,,0,,,,,,,,,,,,,,,,,,,,,,,,0,,,,,,,,,,,,,,,,,,,,,,,,30.0,0.13054999042512716,1.163165946192861,0.47871420193604375,7.05,7.05,1.221324243502504,0.3916499712753815,1.3054999042512716,1.221324243502504,7.05,1.163165946192861,300.0
CX138,260319,T003346,000004,well017,CX138|260319|T003346|000004|well017,/mnt/benshalom-nas/analysis/Sadegh/CX138/CX138/260319/T003346/Network/000004/well017,/mnt/benshalom-nas/analysis/Sadegh/CX138/CX138/260319/T003346/Network/000004/well017/network_results.json,81,19,19.0,0.06333622568763973,0.40263157894736723,0.15151314361130622,0.3763071540672976,8.553333333333335,18.53186684845564,2.1666251186814853,4.198065073552562,1.3476540639346386,0.32101790713649003,0.5575048732943471,0.09531523692996034,0.17096754036737638,145.78947368421052,48.42637270545052,0.3321664553803465,531.5789473684212,67.94707624925292,0.12782123254809952,11.195095900779242,1.022115466481539,0.09130028679882894,4,4.0,0.013333942250029417,1.9799999999999898,0.3543303543305347,0.1789547244093619,50.98000000000002,8.3313384278878,0.16342366472906625,19.940809099374672,2.6303317174195326,0.13190697049007996,0.5587448559670782,0.03420731612613552,0.061221711056165945,692.5,93.0926957392469,0.13442988554403884,608.3333333333334,27.63853991962832,0.04543321630623833,12.456262812880667,1.1873592298982878,0.09532226862381817,0,,,,,,,,,,,,,,,,,,,,,,,,30.0,0.15139999999999884,1.6461632012876917,0.8215562691800473,10.0,10.0,1.7284713613520764,0.4541999999999965,1.5139999999999885,1.7284713613520764,10.0,1.6461632012876917,299.9700000000001
CX138,260319,T003346,000004,well018,CX138|260319|T003346|000004|well018,/mnt/benshalom-nas/analysis/Sadegh/CX138/CX138/260319/T003346/Network/000004/well018,/mnt/benshalom-nas/analysis/Sadegh/CX138/CX138/260319/T003346/Network/000004/well018/network_results.json,62,0,,,,,,,,,,,,,,,,,,,,,,,,0,,,,,,,,,,,,,,,,,,,,,,,,0,,,,,,,,,,,,,,,,,,,,,,,,30.0,0.21760000000000446,1.1952011220884633,0.5661273867882413,10.0,10.0,1.2549611781928864,0.6528000000000134,2.1760000000000446,1.2549611781928864,10.0,1.1952011220884633,300.0
CX138,260319,T003346,000004,well019,CX138|260319|T003346|000004|well019,/mnt/benshalom-nas/analysis/Sadegh/CX138/CX138/260319/T003346/Network/000004/well019,/mnt/benshalom-nas/analysis/Sadegh/CX138/CX138/260319/T003346/Network/000004/well019/network_results.json,90,31,31.0,0.10332606606668665,0.399677419354841,0.138714928632787,0.3470672144968823,7.688999999999999,18.63351198781378,2.4233986198223154,4.717399543781274,1.5523373086090437,0.3290663201626449,0.5598566308243729,0.08337167191472258,0.14891611052629702,160.5483870967742,55.403411278273396,0.3450885572888236,558.0645161290324,94.64809068673286,0.16960062492998368,12.449259510104556,1.6415544981935455,0.13185960955036424,6,6.0,0.019998593432261933,2.065000000000012,0.31340867888429674,0.1517717573289564,45.76799999999999,22.159963357370426,0.4841802866057165,24.37323097620325,3.2144334749569468,0.13188376535287225,0.5647178130511464,0.024331576632133742,0.04308625665741136,829.5,107.077464171194,0.12908675608341652,677.7777777777778,62.85393610547088,0.09273531556544883,14.460858684095387,1.4236119095026365,0.09844587659710555,1,1.0,0.0033330989053769887,2.5500000000000114,0.0,0.0,0.0,0.0,0.0,28.61095237030482,0.0,0.0,0.5301587301587302,0.0,0.0,963.0,0.0,0.0,633.3333333333334,0.0,0.0,13.312847357421045,0.0,0.0,30.0,0.14259999999999365,2.6739742348447217,1.1802474119559503,10.0,10.0,2.807672946586958,0.427799999999981,1.4259999999999364,2.807672946586958,10.0,2.6739742348447217,300.0
CX138,260319,T003346,000004,well020,CX138|260319|T003346|000004|well020,/mnt/benshalom-nas/analysis/Sadegh/CX138/CX138/260319/T003346/Network/000004/well020,/mnt/benshalom-nas/analysis/Sadegh/CX138/CX138/260319/T003346/Network/000004/well020/network_results.json,110,10,10.0,0.033331611200088,0.8699999999999998,0.2996998498498119,0.3444825860342666,19.88,28.540283810782267,1.4356279582888465,9.242611280230424,3.850575566094843,0.4166112205033517,0.5872727272727273,0.1374622412468058,0.2340688318444062,327.6,145.91106880562558,0.44539398292315496,686.6666666666667,127.54084313139326,0.1857390919389222,14.984494452583968,3.600587532924323,0.24028755486665268,4,4.0,0.013332644480035198,2.1749999999999994,0.153704261489395,0.07066862597213565,59.28000000000001,16.072908884206367,0.2711354400169765,23.106528200576058,2.3481622592414264,0.10162332648410961,0.5950757575757575,0.04764151747507445,0.08005958379006783,819.0,93.8296328459192,0.11456609627096362,816.6666666666667,83.33333333333334,0.10204081632653061,18.55546022070602,2.838826867837979,0.15299145556466096,0,,,,,,,,,,,,,,,,,,,,,,,,30.0,0.19749999999999088,1.9302335989930168,0.7461793537259223,10.0,10.0,2.0267452789426676,0.5924999999999726,1.9749999999999088,2.0267452789426676,10.0,1.9302335989930168,300.0
CX138,260319,T003346,000004,well021,CX138|260319|T003346|000004|well021,/mnt/benshalom-nas/analysis/Sadegh/CX138/CX138/260319/T003346/Network/000004/well021,/mnt/benshalom-nas/analysis/Sadegh/CX138/CX138/260319/T003346/Network/000004/well021/network_results.json,59,0,,,,,,,,,,,,,,,,,,,,,,,,0,,,,,,,,,,,,,,,,,,,,,,,,0,,,,,,,,,,,,,,,,,,,,,,,,30.0,0.20070000000001184,1.0644182293504034,0.48858261269664083,10.0,10.0,1.1176391408179236,0.6021000000000355,2.0070000000001182,1.1176391408179236,10.0,1.0644182293504034,299.88
CX138,260319,T003346,000004,well022,CX138|260319|T003346|000004|well022,/mnt/benshalom-nas/analysis/Sadegh/CX138/CX138/260319/T003346/Network/000004/well022,/mnt/benshalom-nas/analysis/Sadegh/CX138/CX138/260319/T003346/Network/000004/well022/network_results.json,5,0,,,,,,,,,,,,,,,,,,,,,,,,0,,,,,,,,,,,,,,,,,,,,,,,,0,,,,,,,,,,,,,,,,,,,,,,,,30.0,0.10519923954098118,0.0,0.0,5.0,5.0,0.0,0.3155977186229435,1.0519923954098118,0.0,5.0,0.0,298.2000000000003
CX138,260319,T003346,000004,well023,CX138|260319|T003346|000004|well023,/mnt/benshalom-nas/analysis/Sadegh/CX138/CX138/260319/T003346/Network/000004/well023,/mnt/benshalom-nas/analysis/Sadegh/CX138/CX138/260319/T003346/Network/000004/well023/network_results.json,115,2,2.0,0.006666133375996587,0.4350000000000023,0.07499999999998863,0.17241379310342125,0.5099999999999909,0.0,0.0,4.3646700262556815,0.7604199300011627,0.1742216308281852,0.48695652173913045,0.043478260869565244,0.08928571428571434,149.5,24.5,0.16387959866220736,483.33333333333337,50.0,0.10344827586206896,10.430196846039681,0.3745836317813014,0.03591338086045134,1,1.0,0.0033330666879982933,0.8700000000000045,0.0,0.0,0.0,0.0,0.0,8.729340052511363,0.0,0.0,0.48695652173913045,0.0,0.0,299.0,0.0,0.0,533.3333333333334,0.0,0.0,10.804780477820984,0.0,0.0,0,,,,,,,,,,,,,,,,,,,,,,,,30.0,0.21989999999999554,2.3294150036981276,0.657773720392894,10.0,10.0,2.445885753883034,0.6596999999999866,2.1989999999999554,2.445885753883034,10.0,2.3294150036981276,300.0
CX138,260319,T003346,000005,well000,CX138|260319|T003346|000005|well000,/mnt/benshalom-nas/analysis/Sadegh/CX138/CX138/260319/T003346/Network/000005/well000,/mnt/benshalom-nas/analysis/Sadegh/CX138/CX138/260319/T003346/Network/000005/well000/network_results.json,52,6,6.0,0.01999534774909038,0.3750000000000095,0.18062391868188143,0.48166378315167163,24.017999999999994,22.52748401397722,0.9379417109658267,3.407439578442654,1.3270137904625985,0.389446022420477,0.6442307692307693,0.07987138329728917,0.12397946064056825,122.16666666666667,48.46791607743094,0.3967360115478658,505.55555555555566,44.79032082388086,0.0885962389922918,10.292987553474203,0.22525676736437983,0.021884488463055476,4,4.0,0.01333023183272692,0.5625000000000142,0.2801227409547523,0.4979959839195471,40.029999999999994,14.796871290918212,0.3696445488613094,5.111159367663981,2.5756158400855305,0.5039200805164284,0.6618589743589743,0.0737005274844033,0.11135382360839627,183.25,93.78532667747125,0.5117889586765143,516.6666666666667,50.00000000000003,0.09677419354838714,10.299151289689803,0.24089892514073513,0.02339017248750316,0,,,,,,,,,,,,,,,,,,,,,,,,30.0,0.10069999999998915,1.9246892648493497,0.7750805645421959,10.0,10.0,2.0209237280918173,0.30209999999996745,1.0069999999998915,2.0209237280918173,10.0,1.9246892648493497,300.06
CX138,260319,T003346,000005,well001,CX138|260319|T003346|000005|well001,/mnt/benshalom-nas/analysis/Sadegh/CX138/CX138/260319/T003346/Network/000005/well001,/mnt/benshalom-nas/analysis/Sadegh/CX138/CX138/260319/T003346/Network/000005/well001/network_results.json,75,23,23.0,0.07664755587606824,0.5804347826086949,0.2692901822726434,0.4639456323798357,10.630909090909089,20.50625844802484,1.9289280223043723,6.752143948912268,3.975427280719227,0.5887651849246558,0.7078260869565216,0.12872698404343969,0.1818624467444173,238.0,154.08467463223505,0.6474145992951053,663.768115942029,157.55163051550065,0.23735944335304682,14.514392322588062,3.730166125546304,0.2569977469701727,6,6.0,0.019995014576365627,2.224999999999997,0.6183243485420937,0.27789858361442454,46.517999999999994,18.108439358486972,0.3892781151057005,25.88321847083036,8.229202681062551,0.31793583515653684,0.7180740740740742,0.04377075835182778,0.06095577034760418,912.3333333333334,295.54112329006864,0.3239398501535279,861.111111111111,135.28661846539916,0.15710704079852808,18.4868955829673,4.595522251701702,0.24858269097033991,1,1.0,0.003332502429394271,3.240000000000009,0.0,0.0,0.0,0.0,0.0,35.05591561251056,0.0,0.0,0.7093333333333334,0.0,0.0,1233.0,0.0,0.0,933.3333333333334,0.0,0.0,21.91912212537675,0.0,0.0,30.0,0.12984999037351222,2.5442527057924247,1.2435189935309992,10.0,10.0,2.671465341082046,0.3895499711205367,1.2984999037351221,2.671465341082046,10.0,2.5442527057924247,300.06
CX138,260319,T003346,000005,well002,CX138|260319|T003346|000005|well002,/mnt/benshalom-nas/analysis/Sadegh/CX138/CX138/260319/T003346/Network/000005/well002,/mnt/benshalom-nas/analysis/Sadegh/CX138/CX138/260319/T003346/Network/000005/well002/network_results.json,80,20,20.0,0.0666646222849166,0.6915000000000017,0.5663150624873131,0.8189661062723236,12.776842105263157,21.04641238401992,1.647231155447267,9.785539550723891,10.272148200567148,1.049727319308342,0.7350000000000001,0.14761647943234524,0.2008387475270003,348.85,380.6500065677131,1.0911566764159755,721.6666666666667,257.1802221530005,0.35636982284480434,15.883979719248241,6.587768016118861,0.4147429128315865,6,6.0,0.019999386685474976,2.3250000000000064,0.6734426478921576,0.28965275178157235,48.474,8.599099022572096,0.17739610972009937,32.61846516907964,11.123641960979842,0.34102285019604145,0.7778124999999999,0.1054403897055109,0.13556016354264158,1162.8333333333333,413.03688966268163,0.35519870115753044,1022.2222222222223,229.86845406196895,0.22487131375627395,22.984822557374514,7.26909876883941,0.3162564666616133,2,2.0,0.006666462228491659,3.2250000000000014,0.10499999999999687,0.032558139534882735,90.33000000000001,0.0,0.0,43.82167149401795,2.288572469779446,0.05222467312986581,0.8265625,0.06718750000000007,0.08128544423440462,1571.5,80.5,0.051224944320712694,1200.0,33.33333333333337,0.02777777777777781,28.184970036748837,0.25633473314490196,0.009094731440575638,30.0,0.1466000000000065,2.297867039713383,1.1643702396939644,10.0,10.0,2.4127603916990523,0.4398000000000195,1.466000000000065,2.4127603916990523,10.0,2.297867039713383,300.0
CX138,260319,T003346,000005,well003,CX138|260319|T003346|000005|well003,/mnt/benshalom-nas/analysis/Sadegh/CX138/CX138/260319/T003346/Network/000005/well003,/mnt/benshalom-nas/analysis/Sadegh/CX138/CX138/260319/T003346/Network/000005/well003/network_results.json,91,8,8.0,0.02666127220259101,1.3649999999999993,0.5668333088307205,0.41526249731188336,33.69428571428572,38.2409869332978,1.1349398309721213,22.466738031612657,11.044876378313349,0.4916101466431062,0.8351648351648352,0.139543132958245,0.16708454077895124,799.25,404.6747922715226,0.5063181636177949,1075.0,301.73111650386124,0.28068010837568486,25.896264811485825,7.406774324876511,0.2860170908350987,4,4.0,0.013330636101295505,2.7299999999999986,0.25009998000801614,0.09161171428865064,77.96,11.307899893437328,0.14504745886912943,44.93347606322532,2.2848762600170627,0.05085020034510667,0.8626373626373627,0.07876522630127171,0.09130745978873535,1598.5,72.13355668480517,0.04512577834520186,1316.6666666666667,106.71873729054742,0.08105220553712462,32.16068760602066,1.777200557949771,0.05526002987626014,3,3.0,0.009997977075971628,2.8400000000000056,0.1870828693387162,0.06587424976715346,116.93999999999998,54.80999999999999,0.4687018984094407,45.86018500686601,1.877690469670509,0.040943804945169505,0.86996336996337,0.08976227659225527,0.10317937477762396,1632.0,49.48400414948922,0.03032108097395173,1344.4444444444446,109.99438818457402,0.08181400774059223,32.6710091950001,1.780321113597746,0.05449238200668139,30.0,0.13450000000000273,2.735222959407486,0.921307915879841,10.0,10.0,2.8719841073778607,0.4035000000000082,1.3450000000000273,2.8719841073778607,10.0,2.735222959407486,300.06
CX138,260319,T003346,000005,well004,CX138|260319|T003346|000005|well004,/mnt/benshalom-nas/analysis/Sadegh/CX138/CX138/260319/T003346/Network/000005/well004,/mnt/benshalom-nas/analysis/Sadegh/CX138/CX138/260319/T003346/Network/000005/well004/network_results.json,91,15,15.0,0.049988136149020625,0.5579999999999984,0.324555080071156,0.5816399284429337,13.596428571428572,32.4634659726774,2.387646564840996,8.465290687423005,5.27782070400754,0.623465974044916,0.6945054945054944,0.14961206527575832,0.21542243576098116,298.73333333333335,195.39377904347128,0.6540742436179579,797.7777777777777,214.46459318124067,0.2688274844890204,18.021025386062497,5.236307629596355,0.2905665752874488,3,3.0,0.009997627229804126,2.789999999999992,0.19442222095224318,0.0696853838538508,94.13999999999999,11.550000000000004,0.12268961121733594,42.32645343711503,1.258437811811995,0.02973170935953027,0.7044740973312402,0.03666132699578259,0.052040702610169375,1493.6666666666667,40.08601862107147,0.026837325566439276,1111.111111111111,41.57397096415491,0.03741657386773942,25.483566054582642,1.5643921864499104,0.061388276001057944,3,3.0,0.009997627229804126,2.789999999999992,0.19442222095224318,0.0696853838538508,94.13999999999999,11.550000000000004,0.12268961121733594,42.32645343711503,1.258437811811995,0.02973170935953027,0.7044740973312402,0.03666132699578259,0.052040702610169375,1493.6666666666667,40.08601862107147,0.026837325566439276,1111.111111111111,41.57397096415491,0.03741657386773942,25.483566054582642,1.5643921864499104,0.061388276001057944,30.0,0.1938999999999993,2.840389757050636,0.8301911365944812,10.0,10.0,2.982409244903168,0.5816999999999979,1.938999999999993,2.982409244903168,10.0,2.840389757050636,300.06
CX138,260319,T003346,000005,well005,CX138|260319|T003346|000005|well005,/mnt/benshalom-nas/analysis/Sadegh/CX138/CX138/260319/T003346/Network/000005/well005,/mnt/benshalom-nas/analysis/Sadegh/CX138/CX138/260319/T003346/Network/000005/well005/network_results.json,71,97,97.0,0.3232658785200155,0.4803092783505152,0.24117604302323167,0.50212655448065,3.0112500000000004,5.1360696001417265,1.7056270984281365,5.508414020182343,2.1847621828028383,0.3966227256698684,0.6599390155365181,0.09221401887204053,0.1397311216659501,189.09278350515464,77.67060801863249,0.41075395146698024,599.6563573883162,95.06672707651536,0.15853534429378777,13.394340425099378,2.0206424599492627,0.1508579292312761,22,22.0,0.07331803430350867,2.1299999999999986,0.7540798125108218,0.35402808099099636,13.709999999999999,3.410978075064605,0.2487948997129544,24.28709817989488,7.894779305927797,0.3250606246761575,0.6594376867264191,0.05369914109963253,0.08143171398984768,833.7272727272727,266.0741834045163,0.31913815477588914,690.9090909090909,104.53447461006266,0.15129989746193281,15.1142237169812,1.7597667587930768,0.11643117051495908,7,7.0,0.023328465460207302,2.8885714285714252,0.3054003728797652,0.10572713205530954,40.089999999999996,23.517210718960694,0.5866103945861985,30.689481002296564,2.78889316891366,0.09087456280883215,0.6560194500335346,0.04070542796950198,0.062049117548909856,1044.2857142857142,86.16382118750684,0.08250981509063583,690.4761904761905,34.33858357584751,0.04973174173053777,15.802278722073535,1.140085597365633,0.07214691105106857,30.0,0.09090000000000487,3.40414248544004,1.4356104925540207,10.0,10.0,3.574349609712042,0.2727000000000146,0.9090000000000487,3.574349609712042,10.0,3.40414248544004,300.05999999999995
CX138,260319,T003346,000005,well006,CX138|260319|T003346|000005|well006,/mnt/benshalom-nas/analysis/Sadegh/CX138/CX138/260319/T003346/Network/000005/well006,/mnt/benshalom-nas/analysis/Sadegh/CX138/CX138/260319/T003346/Network/000005/well006/network_results.json,49,6,6.0,0.019996320676995433,0.7199999999999989,0.44056781543820484,0.6118997436641743,20.855999999999995,40.16956489682208,1.92604357963282,7.545016101699104,5.418892397641997,0.7182081952643795,0.7755102040816326,0.16579670213542777,0.2137904843325253,276.5,213.6014591086244,0.7725188394525294,655.5555555555555,209.64402515681343,0.31979597057819,14.33832860335314,4.9582655528662505,0.34580498815648,2,2.0,0.006665440225665144,2.1599999999999966,0.09000000000000341,0.04166666666666831,103.05000000000001,0.0,0.0,22.635048305097307,1.0477950599417003,0.04629082499928846,0.8010204081632653,0.07653061224489793,0.09554140127388533,829.5,28.5,0.034358047016274866,933.3333333333334,66.66666666666663,0.07142857142857138,20.948582466684858,0.8921140379893551,0.0425858904490607,0,,,,,,,,,,,,,,,,,,,,,,,,30.0,0.20574999392467475,1.4651259787160926,0.44062464895189,7.35,7.35,1.5383822776518974,0.6172499817740242,2.0574999392467475,1.5383822776518974,7.35,1.4651259787160926,300.0299999999999
CX138,260319,T003346,000005,well007,CX138|260319|T003346|000005|well007,/mnt/benshalom-nas/analysis/Sadegh/CX138/CX138/260319/T003346/Network/000005/well007,/mnt/benshalom-nas/analysis/Sadegh/CX138/CX138/260319/T003346/Network/000005/well007/network_results.json,62,14,14.0,0.04667030695060881,0.4735714285714333,0.25460353332912766,0.5376243539378207,17.753076923076925,41.586390041531494,2.342489148316259,5.8114975632358705,2.555720688765217,0.43976972560962047,0.730414746543779,0.11733066411496786,0.16063567263689602,199.57142857142858,89.6132278865397,0.4490283430248947,630.9523809523808,80.14301276050874,0.1270191145638252,14.201366812567013,2.2858295911280813,0.16095842191086246,3,3.0,0.010000780060844745,2.210000000000022,0.35185224171516855,0.1592091591471335,114.58500000000001,23.11499999999998,0.20172797486581995,27.1203219617674,2.7810699915664054,0.10254561120207167,0.7311827956989246,0.010965633362565121,0.014997116216449358,931.3333333333334,90.98473620460864,0.09769298805076088,722.2222222222223,15.713484026367741,0.02175713172881687,16.187175743940898,0.3180700428555193,0.019649508221011174,1,1.0,0.0033335933536149153,2.700000000000003,0.0,0.0,0.0,0.0,0.0,31.04591067602801,0.0,0.0,0.7354838709677419,0.0,0.0,1060.0,0.0,0.0,733.3333333333334,0.0,0.0,16.38890310635251,0.0,0.0,30.0,0.15399999999999636,1.8514741674452302,0.6918849114154626,10.0,10.0,1.9440478758174917,0.4619999999999891,1.5399999999999636,1.9440478758174917,10.0,1.8514741674452302,299.97
CX138,260319,T003346,000005,well008,CX138|260319|T003346|000005|well008,/mnt/benshalom-nas/analysis/Sadegh/CX138/CX138/260319/T003346/Network/000005/well008,/mnt/benshalom-nas/analysis/Sadegh/CX138/CX138/260319/T003346/Network/000005/well008/network_results.json,55,8,8.0,0.026661654275662843,0.495000000000009,0.1477328670269404,0.298450236418056,31.054285714285708,21.740864654340847,0.7000922466666021,4.892793730557257,1.4077308219296158,0.2877151377009479,0.7113636363636364,0.04761892463581129,0.06694034134107657,165.5,47.00531884797719,0.28402005346209785,520.8333333333334,57.58447900452189,0.11056219968868201,11.178341545779055,0.8247350083583909,0.07377972886056706,6,6.0,0.01999624070674713,0.660000000000012,0.3277193921634731,0.49654453358101086,43.47599999999999,12.170706799524828,0.2799408133113633,6.523724974076344,3.584163290119349,0.5494044130250617,0.7045454545454546,0.025578701539597196,0.036305253798137954,220.66666666666666,120.4265566872837,0.5457396828728869,533.3333333333334,60.85806194501845,0.11410886614690958,11.001345955072404,0.8552178898721691,0.07773756896335514,0,,,,,,,,,,,,,,,,,,,,,,,,30.0,0.12299999999999045,1.7995529685990572,0.8247909443091411,10.0,10.0,1.8895306170290103,0.36899999999997135,1.2299999999999045,1.8895306170290103,10.0,1.7995529685990572,300.03
CX138,260319,T003346,000005,well009,CX138|260319|T003346|000005|well009,/mnt/benshalom-nas/analysis/Sadegh/CX138/CX138/260319/T003346/Network/000005/well009,/mnt/benshalom-nas/analysis/Sadegh/CX138/CX138/260319/T003346/Network/000005/well009/network_results.json,73,4,4.0,0.013331031508559521,0.8475000000000037,0.21358546298847275,0.25201824541412604,49.070000000000014,68.03781889508217,1.3865461360318352,11.376364652727295,2.7535770535267163,0.24204367015139513,0.821917808219178,0.13031710678383868,0.15855247992033705,422.0,120.6751838614717,0.2859601513305016,1016.6666666666667,363.2415786283895,0.35728679865087487,21.959850500954495,6.762383802420031,0.30794307102072943,2,2.0,0.0066655157542797605,1.6950000000000074,0.2850000000000108,0.16814159292035963,146.22,0.0,0.0,22.75272930545459,1.7751663986229467,0.07801993223720109,0.821917808219178,0.0,0.0,844.0,60.0,0.07109004739336493,1366.6666666666667,33.33333333333326,0.024390243902438966,28.554561383148084,0.36365577303983976,0.012735470461628482,0,,,,,,,,,,,,,,,,,,,,,,,,30.0,0.20519999999999425,2.2077534548644797,0.6293846978207847,10.0,10.0,2.3181411276077037,0.6155999999999827,2.0519999999999423,2.3181411276077037,10.0,2.2077534548644797,300.0299999999999
CX138,260319,T003346,000005,well010,CX138|260319|T003346|000005|well010,/mnt/benshalom-nas/analysis/Sadegh/CX138/CX138/260319/T003346/Network/000005/well010,/mnt/benshalom-nas/analysis/Sadegh/CX138/CX138/260319/T003346/Network/000005/well010/network_results.json,27,0,,,,,,,,,,,,,,,,,,,,,,,,0,,,,,,,,,,,,,,,,,,,,,,,,0,,,,,,,,,,,,,,,,,,,,,,,,30.0,0.19649999999995774,0.6896737962294489,0.24514154326106324,5.0,5.0,0.7241574860409213,0.5894999999998732,1.9649999999995773,0.7241574860409213,5.0,0.6896737962294489,300.03
CX138,260319,T003346,000005,well011,CX138|260319|T003346|000005|well011,/mnt/benshalom-nas/analysis/Sadegh/CX138/CX138/260319/T003346/Network/000005/well011,/mnt/benshalom-nas/analysis/Sadegh/CX138/CX138/260319/T003346/Network/000005/well011/network_results.json,61,29,29.0,0.09665223326649887,0.41689655172413864,0.1965408345440712,0.4714378992372254,10.387500000000001,15.273730862637512,1.4703952695679914,4.240187344496622,1.5660185204050345,0.36932767190996507,0.6619559072922555,0.08848205676935289,0.13366759899657152,148.06896551724137,55.13802807780811,0.3723807206000082,524.1379310344828,76.26157432367069,0.14549905627542434,11.697909313395016,1.4092550772661097,0.12047067894879326,10,10.0,0.03332835629879271,1.209000000000002,0.417215771513966,0.3450916224267703,32.29666666666667,8.527369009385144,0.2640324804227003,12.296543299040207,4.089814734492673,0.3325987340533253,0.6683879781420765,0.06698014291062679,0.10021147163180887,429.4,142.72855355534153,0.3323906696677726,583.3333333333333,85.9586463881842,0.1473576795226015,12.51480288633651,1.6162752572228811,0.12914907824776917,0,,,,,,,,,,,,,,,,,,,,,,,,30.0,0.11999999999999922,1.9659138914743657,0.8794607358969025,10.0,10.0,2.0642095860480842,0.35999999999999766,1.1999999999999922,2.0642095860480842,10.0,1.9659138914743657,300.03000000000003
CX138,260319,T003346,000005,well012,CX138|260319|T003346|000005|well012,/mnt/benshalom-nas/analysis/Sadegh/CX138/CX138/260319/T003346/Network/000005/well012,/mnt/benshalom-nas/analysis/Sadegh/CX138/CX138/260319/T003346/Network/000005/well012/network_results.json,55,6,6.0,0.020000786697610105,0.6649999999999959,0.2646223724479817,0.39792837962102756,39.81600000000002,48.33958899287418,1.214074467371764,7.287152747887483,2.9733311319291658,0.4080237144461014,0.7999999999999999,0.07784989441615228,0.09731236802019036,259.1666666666667,112.53653727666506,0.43422458113182655,600.0,92.29582069908972,0.1538263678318162,13.697939240863937,2.045593250262881,0.14933583908449752,3,3.0,0.010000393348805052,1.3299999999999919,0.27092434368288504,0.20370251404728323,99.54000000000003,9.15000000000002,0.09192284508740221,14.574305495774967,2.588069068703392,0.17757752295323181,0.8191919191919191,0.04735639664537798,0.05780867161396326,518.3333333333334,82.49579113843053,0.15915586714809749,688.888888888889,15.713484026367688,0.02280989616730793,15.577871732250562,0.36099880605187634,0.023173820676961127,0,,,,,,,,,,,,,,,,,,,,,,,,30.0,0.1616999999999962,1.6225207873571446,0.6478320731820888,10.0,10.0,1.7036468267250018,0.48509999999998865,1.616999999999962,1.7036468267250018,10.0,1.6225207873571446,299.9700000000001
CX138,260319,T003346,000005,well013,CX138|260319|T003346|000005|well013,/mnt/benshalom-nas/analysis/Sadegh/CX138/CX138/260319/T003346/Network/000005/well013,/mnt/benshalom-nas/analysis/Sadegh/CX138/CX138/260319/T003346/Network/000005/well013/network_results.json,18,0,,,,,,,,,,,,,,,,,,,,,,,,0,,,,,,,,,,,,,,,,,,,,,,,,0,,,,,,,,,,,,,,,,,,,,,,,,30.0,0.16679999999999495,0.5670977815691253,0.24740630443631484,5.0,5.0,0.5954526706475816,0.5003999999999849,1.6679999999999495,0.5954526706475816,5.0,0.5670977815691253,299.94
CX138,260319,T003346,000005,well014,CX138|260319|T003346|000005|well014,/mnt/benshalom-nas/analysis/Sadegh/CX138/CX138/260319/T003346/Network/000005/well014,/mnt/benshalom-nas/analysis/Sadegh/CX138/CX138/260319/T003346/Network/000005/well014/network_results.json,38,7,7.0,0.02333153680499935,0.39428571428571296,0.09409070742900365,0.23863585217501004,28.725000000000005,38.143627580501565,1.3278895589382613,2.1926488569823404,0.4872741337760506,0.2222308110230963,0.6015037593984963,0.07630745537663321,0.1268611445636527,77.85714285714286,18.833318283059427,0.24189583115856142,319.0476190476191,39.2676726249301,0.12307777986918388,6.174390856401699,0.38557626311456084,0.06244766035742453,5,5.0,0.01666538343214239,0.5519999999999982,0.3338502658378501,0.6048012062279914,43.087500000000006,40.03660098897008,0.9291929443335091,3.0697083997752763,1.9551329619647022,0.6369116239535427,0.6035087719298246,0.0687128281668987,0.1138555582998031,109.0,67.72296508570781,0.6213116062908973,320.0,45.21553322083512,0.14129854131510974,6.168760880423372,0.45509512921733264,0.0737741562753035,0,,,,,,,,,,,,,,,,,,,,,,,,30.0,0.11880000000000022,1.218907682598513,0.5791163811318865,5.7,5.7,1.2798530667284387,0.35640000000000066,1.1880000000000022,1.2798530667284387,5.7,1.218907682598513,300.0
CX138,260319,T003346,000005,well015,CX138|260319|T003346|000005|well015,/mnt/benshalom-nas/analysis/Sadegh/CX138/CX138/260319/T003346/Network/000005/well015,/mnt/benshalom-nas/analysis/Sadegh/CX138/CX138/260319/T003346/Network/000005/well015/network_results.json,65,15,15.0,0.049994400627129766,0.535999999999998,0.3436044237200692,0.6410530293284897,15.357857142857142,38.65219882464116,2.51677030624146,6.347888559925552,3.6110587789880104,0.5688598255780282,0.7148717948717948,0.08348743148705115,0.11678657919637717,217.06666666666666,128.0445061513986,0.5898856241618485,620.0,98.73271062899138,0.15924630746611512,13.790301311506601,2.4289908720971995,0.17613762145069695,3,3.0,0.009998880125425953,2.6799999999999904,0.12328828005938688,0.046003089574398255,106.38000000000001,33.68999999999998,0.3166948674562886,31.739442799627767,1.2895408797055157,0.040628970327123676,0.7322588522588523,0.0543299829331829,0.07419505106095643,1085.3333333333333,46.949145063805176,0.043257811790975285,755.5555555555557,83.14794192830982,0.11004874666982181,16.738660263798185,2.1552190609222204,0.12875696303983516,3,3.0,0.009998880125425953,2.6799999999999904,0.12328828005938688,0.046003089574398255,106.38000000000001,33.68999999999998,0.3166948674562886,31.739442799627767,1.2895408797055157,0.040628970327123676,0.7322588522588523,0.0543299829331829,0.07419505106095643,1085.3333333333333,46.949145063805176,0.043257811790975285,755.5555555555557,83.14794192830982,0.11004874666982181,16.738660263798185,2.1552190609222204,0.12875696303983516,30.0,0.1398000000000081,1.1054336814229733,0.6654167508158052,10.0,10.0,1.160705365494122,0.4194000000000243,1.3980000000000812,1.160705365494122,10.0,1.1054336814229733,300.03
CX138,260319,T003346,000005,well016,CX138|260319|T003346|000005|well016,/mnt/benshalom-nas/analysis/Sadegh/CX138/CX138/260319/T003346/Network/000005/well016,/mnt/benshalom-nas/analysis/Sadegh/CX138/CX138/260319/T003346/Network/000005/well016/network_results.json,46,36,36.0,0.12001872292077564,0.4258333333333337,0.2197520698929237,0.5160518275371981,5.317714285714286,14.035516395551536,2.63938896327264,3.5721925165357686,1.7427056127908687,0.487853217519448,0.6829710144927535,0.09834470687057946,0.1439954328715116,120.5,60.75520096620901,0.504192539138664,405.55555555555554,73.49309197401641,0.1812158432236021,8.9753281071046,1.5296556055013921,0.17042893443533977,6,6.0,0.020003120486795943,2.5899999999999985,0.9123595782365665,0.352262385419524,36.894000000000005,19.30983645710134,0.5233869045671745,21.433155099214606,6.156990213779811,0.2872647627136066,0.6876293995859212,0.04126440598505779,0.06000965928726509,723.0,208.3642643705169,0.28819400327872324,516.6666666666666,37.26779962499653,0.07213122508063845,10.538479476545495,1.3016402002797847,0.12351309343788382,2,2.0,0.00666770682893198,3.7050000000000125,0.7349999999999852,0.19838056680161478,40.829999999999984,0.0,0.0,28.872551423096972,4.563588691129487,0.1580597649391936,0.6964285714285714,0.033385093167701774,0.04793756967669999,972.5,153.5,0.15784061696658097,533.3333333333334,33.33333333333337,0.06250000000000007,10.220378271882957,0.23062186949491892,0.02256490546239148,30.0,0.10819999999998943,1.7043288131262657,0.7891290302207227,6.8999999999999995,6.8999999999999995,1.7895452537825791,0.3245999999999683,1.0819999999998944,1.7895452537825791,6.8999999999999995,1.7043288131262657,299.94
CX138,260319,T003346,000005,well017,CX138|260319|T003346|000005|well017,/mnt/benshalom-nas/analysis/Sadegh/CX138/CX138/260319/T003346/Network/000005/well017,/mnt/benshalom-nas/analysis/Sadegh/CX138/CX138/260319/T003346/Network/000005/well017/network_results.json,67,15,15.0,0.04999715016244074,0.493999999999999,0.27492544443903155,0.5565292397551257,14.680714285714288,34.94254538612242,2.3801665713312596,5.866511323880415,2.4524770207794253,0.41804692523072295,0.6885572139303483,0.09928334076231977,0.1441904009626176,210.33333333333334,89.38505965142545,0.4249685878831638,637.7777777777777,69.77919319158926,0.1094098847951748,14.647448146407383,1.8349670598325831,0.12527554571221677,3,3.0,0.009999430032488148,2.469999999999995,0.3929376540877745,0.1590840704808807,102.06000000000003,1.8299999999999912,0.017930629041740063,29.33255661940208,6.688450188460259,0.22802138508568223,0.6871890547263683,0.0038335907978663108,0.005578655206306812,1051.6666666666667,226.70440862252522,0.21556679108322524,722.2222222222223,15.713484026367741,0.02175713172881687,17.13689018359372,0.686452572270676,0.04005700946417119,1,1.0,0.003333143344162716,2.9700000000000015,0.0,0.0,0.0,0.0,0.0,38.76743568053098,0.0,0.0,0.6921641791044777,0.0,0.0,1372.0,0.0,0.0,700.0,0.0,0.0,16.710693287163192,0.0,0.0,30.0,0.16300000000001091,1.886002181704066,0.7504315282386114,10.0,10.0,1.9803022907892693,0.48900000000003274,1.6300000000001091,1.9803022907892693,10.0,1.886002181704066,299.99999999999994
CX138,260319,T003346,000005,well018,CX138|260319|T003346|000005|well018,/mnt/benshalom-nas/analysis/Sadegh/CX138/CX138/260319/T003346/Network/000005/well018,/mnt/benshalom-nas/analysis/Sadegh/CX138/CX138/260319/T003346/Network/000005/well018/network_results.json,54,37,37.0,0.12332276868281616,0.40702702702702104,0.1697830868103047,0.41712976175175076,8.273333333333333,11.84240075134918,1.4313941278826567,4.150438012846099,1.3599016355507973,0.3276525589207067,0.6611611611611611,0.06900375551397031,0.10436752726488471,144.0810810810811,47.872227675501456,0.33225894278626034,499.09909909909913,46.16622693808634,0.09249911895537154,11.013021085309578,0.7802751887601105,0.07085024015807347,13,13.0,0.04332962142909757,1.1699999999999855,0.4763805847622957,0.40716289295923214,24.78,6.7167961112423304,0.271057147346341,11.81278511348505,4.4748028654131495,0.3788101470079969,0.6643162393162393,0.02907152298091385,0.04376157206519036,410.0769230769231,155.1701108899825,0.37839269209712484,528.2051282051282,44.999817371241654,0.08519382900380702,11.309627282069167,0.85502799556132,0.07560178370483729,0,,,,,,,,,,,,,,,,,,,,,,,,30.0,0.08619999999999806,1.312581711348196,0.7382549213248155,10.0,10.0,1.3782107969156057,0.25859999999999417,0.8619999999999806,1.3782107969156057,10.0,1.312581711348196,300.0
CX138,260319,T003346,000005,well019,CX138|260319|T003346|000005|well019,/mnt/benshalom-nas/analysis/Sadegh/CX138/CX138/260319/T003346/Network/000005/well019,/mnt/benshalom-nas/analysis/Sadegh/CX138/CX138/260319/T003346/Network/000005/well019/network_results.json,70,18,18.0,0.059998000066664434,0.5816666666666713,0.28162721617217107,0.4841728644793733,13.501764705882351,28.020834105083953,2.075346054051441,7.619169878522197,4.509670137328861,0.5918847078132808,0.7214285714285713,0.11945169518677079,0.1655766071895833,264.72222222222223,161.45718577847867,0.6099117196248932,638.8888888888889,139.77495139343472,0.2187781847897239,14.355841598305725,3.210013870683671,0.22360332194404517,4,4.0,0.013332888903703207,2.6925000000000097,0.715729522934465,0.265823406846597,75.49999999999999,6.987546064248888,0.09255027899667403,34.2862644533499,3.995438048908801,0.11653173982674661,0.7262500000000001,0.03884324236368874,0.05348467106876246,1191.25,125.76838831757367,0.10557682125294747,816.6666666666667,37.2677996249965,0.04563404035713857,18.595767221691617,1.252702282853798,0.06736491524762388,1,1.0,0.0033332222259258018,3.930000000000007,0.0,0.0,0.0,0.0,0.0,40.943789584228014,0.0,0.0,0.7514285714285716,0.0,0.0,1401.0,0.0,0.0,766.6666666666667,0.0,0.0,16.633185984384436,0.0,0.0,30.0,0.14059999999999206,2.3719306511442424,0.9730713612730493,10.0,10.0,2.4905271837014546,0.4217999999999762,1.4059999999999206,2.4905271837014546,10.0,2.3719306511442424,299.99999999999994
CX138,260319,T003346,000005,well020,CX138|260319|T003346|000005|well020,/mnt/benshalom-nas/analysis/Sadegh/CX138/CX138/260319/T003346/Network/000005/well020,/mnt/benshalom-nas/analysis/Sadegh/CX138/CX138/260319/T003346/Network/000005/well020/network_results.json,71,8,8.0,0.02666631111585179,0.9375000000000026,0.2703123193640986,0.28833314065503773,34.50857142857143,53.07249823955675,1.5379511826332888,12.370962208904235,6.847249266050219,0.5534936693220016,0.8133802816901408,0.12069814437325783,0.14839079221647286,447.625,274.67887500679774,0.6136361351729634,833.3333333333334,321.8867985971328,0.3862641583165593,18.465998049323797,6.961989522788139,0.37701669328634413,3,3.0,0.009999866668444423,2.5000000000000067,0.4315089802078325,0.17260359208313256,119.89499999999998,1.3949999999999818,0.011635180783185137,32.98923255707796,3.9971573702592393,0.1211655155464244,0.8161189358372457,0.026163151012989768,0.032058012458869536,1193.6666666666667,134.44288337018395,0.11263017316686731,1244.4444444444446,62.853936105470964,0.05050762722761059,27.28670985186751,0.21872291724909618,0.008015730677552783,2,2.0,0.006666577778962948,2.80500000000001,0.014999999999989466,0.005347593582883926,239.78999999999996,0.0,0.0,35.516731743563696,2.1911513299789362,0.061693495499512405,0.8051643192488263,0.025821596244131384,0.03206997084548096,1278.0,76.0,0.0594679186228482,1200.0,0.0,0.0,27.364999621920806,0.2310231752659,0.008442286806422547,30.0,0.17349999999998997,1.836161714309147,0.5819762617326321,10.0,10.0,1.9279698000246046,0.5204999999999699,1.7349999999998997,1.9279698000246046,10.0,1.836161714309147,300.0
CX138,260319,T003346,000005,well021,CX138|260319|T003346|000005|well021,/mnt/benshalom-nas/analysis/Sadegh/CX138/CX138/260319/T003346/Network/000005/well021,/mnt/benshalom-nas/analysis/Sadegh/CX138/CX138/260319/T003346/Network/000005/well021/network_results.json,48,36,36.0,0.12003360941063498,0.41250000000000014,0.15911866640969474,0.38574222159925986,7.665428571428571,15.06852696239173,1.965777493323309,3.3880208969997625,1.0845709725422341,0.3201193279246501,0.6458333333333334,0.060739082237971885,0.09404761120718227,116.91666666666667,38.427691838048254,0.32867591023277193,439.8148148148149,66.11785420534149,0.15033112114056588,9.018610924237883,0.9029427764619508,0.10011993909563782,8,8.0,0.026674135424585552,1.8562500000000006,0.23595219325108566,0.1271122926605175,38.11714285714286,8.63417745984893,0.22651691109715352,15.246094036498931,1.5715923504928677,0.10308163826948057,0.6481770833333333,0.020923380339012084,0.03228034572189892,526.125,51.86385422430539,0.09857705720941866,516.6666666666667,55.27707983925666,0.10698789646307738,9.937990043889275,0.5859601591916913,0.05896163677000156,0,,,,,,,,,,,,,,,,,,,,,,,,30.0,0.11494998912571375,0.8348947344867919,0.5542358360415063,7.199999999999999,7.199999999999999,0.8766394712111315,0.34484996737714124,1.1494998912571375,0.8766394712111315,7.199999999999999,0.8348947344867919,299.90999999999997
CX138,260319,T003346,000005,well022,CX138|260319|T003346|000005|well022,/mnt/benshalom-nas/analysis/Sadegh/CX138/CX138/260319/T003346/Network/000005/well022,/mnt/benshalom-nas/analysis/Sadegh/CX138/CX138/260319/T003346/Network/000005/well022/network_results.json,2,0,,,,,,,,,,,,,,,,,,,,,,,,0,,,,,,,,,,,,,,,,,,,,,,,,0,,,,,,,,,,,,,,,,,,,,,,,,30.0,1.1292382565251664,0.0,0.0,5.0,5.0,0.0,3.387714769575499,11.292382565251664,0.0,5.0,0.0,297.7500000000003
CX138,260319,T003346,000005,well023,CX138|260319|T003346|000005|well023,/mnt/benshalom-nas/analysis/Sadegh/CX138/CX138/260319/T003346/Network/000005/well023,/mnt/benshalom-nas/analysis/Sadegh/CX138/CX138/260319/T003346/Network/000005/well023/network_results.json,81,13,13.0,0.04333022800032664,0.7038461538461499,0.388953990981709,0.5526122276242892,18.529999999999998,26.21944602771005,1.4149728023588803,9.25111045297143,6.7646140895721425,0.7312218488753821,0.7378917378917378,0.12507522702334992,0.16950349299303408,320.53846153846155,243.36822856436336,0.7592481332701521,676.9230769230769,178.4954285534063,0.2636864285448048,15.251272019244151,4.631047057838945,0.3036498891368183,5,5.0,0.01666547230781794,1.8299999999999899,0.7620236216811143,0.4164063506454199,55.0875,11.721237935900795,0.2127749114753945,24.052887177725722,10.965584305849484,0.4558947216949577,0.7104938271604938,0.09873027494975585,0.13896007421251474,833.4,382.6301608603274,0.4591194634753149,820.0,175.8787461103056,0.21448627574427512,18.31480263256149,4.888216757851617,0.2668997780604505,0,,,,,,,,,,,,,,,,,,,,,,,,30.0,0.1484999999999843,2.3813324013127835,0.9922646286770291,10.0,10.0,2.500399021378423,0.44549999999995293,1.4849999999998431,2.500399021378423,10.0,2.3813324013127835,300.0
CX138,260321,T003346,000007,well000,CX138|260321|T003346|000007|well000,/mnt/benshalom-nas/analysis/Sadegh/CX138/CX138/260321/T003346/Network/000007/well000,/mnt/benshalom-nas/analysis/Sadegh/CX138/CX138/260321/T003346/Network/000007/well000/network_results.json,90,68,68.0,0.2266870685028319,0.5444117647058816,0.5044752146682048,0.9266427497957312,3.8435820895522395,8.399217216812625,2.185257663585142,9.904406939381072,11.269466048415742,1.1378234070337958,0.6616013071895424,0.15251979196458457,0.23053127360416342,343.04411764705884,406.32113617272245,1.1844573781345704,802.9411764705883,297.5243876486006,0.37054319340851355,18.590683287973725,6.908663071681453,0.3716196421973717,10,10.0,0.03333633360335764,3.7019999999999946,0.3863366407681323,0.10435889810052211,28.323333333333334,0.6677491212191033,0.023575936961954924,67.3499671877913,3.3314645093295026,0.04946497598195424,0.6664585537918871,0.029515154387721298,0.04428655648545836,2332.7,116.73221491944715,0.050041674848650554,1443.3333333333335,93.15459074988082,0.06454128689368185,33.735536557769365,1.326762756389667,0.039328343099499646,10,10.0,0.03333633360335764,3.7019999999999946,0.3863366407681323,0.10435889810052211,28.323333333333334,0.6677491212191033,0.023575936961954924,67.3499671877913,3.3314645093295026,0.04946497598195424,0.6664585537918871,0.029515154387721298,0.04428655648545836,2332.7,116.73221491944715,0.050041674848650554,1443.3333333333335,93.15459074988082,0.06454128689368185,33.735536557769365,1.326762756389667,0.039328343099499646,30.0,0.08639999999999759,1.219087297425738,0.6811140261837848,10.0,10.0,1.280041662297025,0.25919999999999277,0.8639999999999759,1.280041662297025,10.0,1.219087297425738,299.96999999999997
CX138,260321,T003346,000007,well001,CX138|260321|T003346|000007|well001,/mnt/benshalom-nas/analysis/Sadegh/CX138/CX138/260321/T003346/Network/000007/well001,/mnt/benshalom-nas/analysis/Sadegh/CX138/CX138/260321/T003346/Network/000007/well001/network_results.json,128,86,86.0,0.28669409373496735,0.5504651162790694,0.4345912460102074,0.7894982500396676,3.4379999999999997,7.566209214815098,2.2007589339194586,10.104303472483632,13.172206409895937,1.303623396285248,0.5655886627906976,0.1665793548305732,0.2945238576895198,357.4418604651163,493.10111715151646,1.3795281742039822,836.046511627907,471.38300880401204,0.5638239048281646,18.85225791995839,10.870964565374933,0.5766399235322432,15,15.0,0.05000478379098267,3.173999999999997,1.4533629966391726,0.4578963442467467,20.64642857142857,10.092136689481743,0.48880786594964337,57.93133990890615,33.85428486549788,0.5843863601071869,0.5424596974206349,0.08881991725980276,0.16373551377574486,2049.3333333333335,1215.3612174530208,0.5930519929016042,1473.333333333333,767.6997870020306,0.5210632038475321,33.78511813521043,17.48636751607087,0.5175760358773703,11,11.0,0.03667017478005396,3.9627272727272698,0.6176655598312422,0.1558688038115088,28.904999999999994,9.039665093353843,0.3127370729408007,75.14632075488704,20.73250372598996,0.2758951272360417,0.5886169169372294,0.048846085205472,0.0829845079200824,2664.3636363636365,755.7451798453657,0.28364941238907543,1833.333333333333,562.1028339722154,0.3066015458030266,41.85799330085024,13.10315140360078,0.31303821254457087,30.0,0.10509999999999307,3.3646250741736234,2.0406073080402667,10.0,10.0,3.5328563278823046,0.3152999999999792,1.0509999999999307,3.5328563278823046,10.0,3.3646250741736234,299.96999999999997
CX138,260321,T003346,000007,well002,CX138|260321|T003346|000007|well002,/mnt/benshalom-nas/analysis/Sadegh/CX138/CX138/260321/T003346/Network/000007/well002,/mnt/benshalom-nas/analysis/Sadegh/CX138/CX138/260321/T003346/Network/000007/well002/network_results.json,76,28,28.0,0.09337722062702804,0.7478571428571394,0.44460542011072884,0.5945058148567557,10.154444444444444,16.23852491324335,1.5991544394265254,10.85224497136015,7.192462178559437,0.6627626078789097,0.7687969924812029,0.15830259710614727,0.20590949061239697,384.82142857142856,266.04605583720013,0.6913493794377359,826.1904761904761,289.5476963830409,0.3504611887056979,18.799918419913457,6.379179045528338,0.3393195067682482,8,8.0,0.026679205893436583,2.617499999999988,0.3436113356686687,0.1312746268075149,38.871428571428574,5.574253130167642,0.1434023223490389,37.98285739976053,2.1279779959356477,0.056024694865349015,0.7857730263157895,0.06527332594423728,0.08306893181391159,1346.875,64.63249472981838,0.04798700304766097,1233.3333333333335,115.47005383792514,0.09362436797669604,27.638381585025492,1.625866949103626,0.05882641659396303,5,5.0,0.016674503683397866,2.873999999999994,0.08138795979751248,0.02831870556628833,68.025,19.85211890454013,0.29183563255479794,39.43128828661735,0.38818485598489016,0.009844589737044855,0.8015350877192982,0.07119597842433302,0.0888245312216029,1391.4,9.457272334029511,0.006796947199963713,1233.3333333333335,63.245553203367535,0.0512801782730007,27.968957074066175,1.1082750587730383,0.03962518358615062,30.0,0.12589999999997303,1.7577867313463442,1.0319376147951784,10.0,10.0,1.8456760679136615,0.3776999999999191,1.2589999999997303,1.8456760679136615,10.0,1.7577867313463442,299.84999999999997
CX138,260321,T003346,000007,well003,CX138|260321|T003346|000007|well003,/mnt/benshalom-nas/analysis/Sadegh/CX138/CX138/260321/T003346/Network/000007/well003,/mnt/benshalom-nas/analysis/Sadegh/CX138/CX138/260321/T003346/Network/000007/well003/network_results.json,99,32,32.0,0.10670575654214662,0.6956250000000008,0.4048914785161589,0.5820542368606051,8.79483870967742,17.202860578135244,1.9560177447263518,13.762343998875268,6.675428477285413,0.48505025581623046,0.779040404040404,0.12753775316269128,0.16371134603703646,491.21875,246.78339874966773,0.502390022265371,1244.7916666666667,437.3697722846577,0.35135981706549907,27.595223343005276,8.523241651809073,0.3088665580222423,7,7.0,0.023341884243594572,3.1800000000000037,0.307617573341594,0.096735085956476,45.089999999999996,8.391299065103098,0.1861011103371723,62.91357256628693,3.0289935486949995,0.04814531149862129,0.7836459836459835,0.03583610147304048,0.04572996253526342,2245.5714285714284,91.20597903780704,0.04061593315507662,1895.2380952380952,156.78169174432696,0.08272400820680569,39.02942731805808,2.1086627026617006,0.05402750815372757,7,7.0,0.023341884243594572,3.1800000000000037,0.307617573341594,0.096735085956476,45.089999999999996,8.391299065103098,0.1861011103371723,62.91357256628693,3.0289935486949995,0.04814531149862129,0.7836459836459835,0.03583610147304048,0.04572996253526342,2245.5714285714284,91.20597903780704,0.04061593315507662,1895.2380952380952,156.78169174432696,0.08272400820680569,39.02942731805808,2.1086627026617006,0.05402750815372757,30.0,0.1264999999999965,2.953818217455888,0.813103888353905,10.0,10.0,3.1015091283286824,0.3794999999999895,1.264999999999965,3.1015091283286824,10.0,2.953818217455888,299.88
CX138,260321,T003346,000007,well004,CX138|260321|T003346|000007|well004,/mnt/benshalom-nas/analysis/Sadegh/CX138/CX138/260321/T003346/Network/000007/well004,/mnt/benshalom-nas/analysis/Sadegh/CX138/CX138/260321/T003346/Network/000007/well004/network_results.json,126,38,38.0,0.1266759140083893,0.5960526315789484,0.38641087672446267,0.6482831485885013,6.585405405405405,13.163513987963931,1.9988919705928978,10.758334647437994,10.397383918952265,0.966449200520855,0.5902255639097744,0.17961424879438476,0.3043145871293398,377.9736842105263,383.9754300556568,1.0158787399648372,896.4912280701758,505.6285228697325,0.5640083327509734,20.52726113610081,11.689682898460232,0.5694711447842333,10,10.0,0.03333576684431297,2.2650000000000037,1.2578016536799497,0.5553208184017429,26.819999999999997,17.173531960549056,0.6403255764559679,40.88167166026439,27.42941187941017,0.6709464355409576,0.5896230158730159,0.05552394579765828,0.09416855228327142,1436.3,968.5869140144316,0.6743625384769419,1366.6666666666667,724.7988226627672,0.5303406019483662,31.26204738803882,16.883418636967793,0.5400611939263953,6,6.0,0.020001460106587782,3.2200000000000095,0.28017851452244197,0.08701196103181402,46.17599999999999,2.4564413284261453,0.05319736071608944,62.92866441183829,3.2256590776279785,0.05125897884178136,0.610350529100529,0.05483690715667083,0.0898449408039078,2216.6666666666665,100.42852627062138,0.045306102076972055,1950.0,152.449141489025,0.07817904691744872,44.98268090973509,2.059108613286564,0.04577558677346273,30.0,0.15289999999998827,3.2828112255168405,1.2729440349202135,10.0,10.0,3.4469517867926824,0.4586999999999648,1.5289999999998827,3.4469517867926824,10.0,3.2828112255168405,299.96999999999997
CX138,260321,T003346,000007,well005,CX138|260321|T003346|000007|well005,/mnt/benshalom-nas/analysis/Sadegh/CX138/CX138/260321/T003346/Network/000007/well005,/mnt/benshalom-nas/analysis/Sadegh/CX138/CX138/260321/T003346/Network/000007/well005/network_results.json,140,90,90.0,0.30000750018750466,0.757000000000001,0.5901364249052937,0.77957255601756,3.340786516853933,6.343591161132112,1.898831646119658,17.26927710043085,14.587597317875113,0.8447138367772887,0.6505555555555554,0.2180547575703584,0.3351823771363323,597.5555555555555,521.977588090845,0.8735214378612133,1211.1111111111113,556.6655577722378,0.45963211192203113,29.193979784247365,13.877962765427027,0.4753707054670007,18,18.0,0.06000150003750094,3.7850000000000055,1.5951253869210438,0.4214333915247137,17.343529411764706,7.604378724034382,0.43845624171952413,86.34638550215423,37.65839793417282,0.4361317235824919,0.6198138699924414,0.13981989499756112,0.22558368208066434,2987.777777777778,1301.0559196947838,0.43545940041848474,1785.1851851851852,608.1973183532842,0.3406914438908439,42.962477860375174,14.461294001402832,0.33660288515948616,15,15.0,0.05000125003125078,4.566000000000006,0.7176795942480251,0.15717906137714063,21.060000000000002,0.9959561091878422,0.04729136320929924,103.34689482931303,9.225412638865436,0.08926647147069158,0.6593336167800453,0.09127991424904586,0.1384426820140387,3576.133333333333,309.43515565551945,0.08652785755252958,2053.3333333333335,110.75498483890767,0.05393911599297451,49.38025842452994,1.935847207782196,0.039202856962379774,30.0,0.07320000000001414,2.150870945610799,1.4933401679024207,10.0,10.0,2.258414492891339,0.21960000000004243,0.7320000000001414,2.258414492891339,10.0,2.150870945610799,299.96999999999997
CX138,260321,T003346,000007,well006,CX138|260321|T003346|000007|well006,/mnt/benshalom-nas/analysis/Sadegh/CX138/CX138/260321/T003346/Network/000007/well006,/mnt/benshalom-nas/analysis/Sadegh/CX138/CX138/260321/T003346/Network/000007/well006/network_results.json,58,20,20.0,0.06666357792088967,0.4920000000000032,0.3020033112401381,0.6138278683742604,13.329473684210527,21.919226713618148,1.6444180192637796,6.576612512858636,4.1363412552222565,0.6289470828842135,0.7370689655172413,0.1724892076446073,0.23402044545935025,264.55,179.91733518480092,0.6800882070867545,885.0,402.6957770934393,0.45502347694173934,16.87145748912624,6.443692645590803,0.38192863003944993,6,6.0,0.019999073376266902,1.6700000000000095,0.20322401432902246,0.12169102654432414,50.38799999999999,9.229486226220832,0.18316833821983078,21.922041709528795,2.5543519800150327,0.11651980293900907,0.7401819923371646,0.023351077956020292,0.03154775203634447,881.8333333333334,97.39338900676074,0.11044421357788026,1472.2222222222226,89.06233078822997,0.060495168082571285,26.318654834156188,1.3260267369421177,0.05038353005873265,0,,,,,,,,,,,,,,,,,,,,,,,,30.0,0.13290000000000338,1.5799227354856826,0.6137548818426641,10.0,10.0,1.6589188722599668,0.39870000000001016,1.3290000000000337,1.6589188722599668,10.0,1.5799227354856826,300.0
CX138,260321,T003346,000007,well007,CX138|260321|T003346|000007|well007,/mnt/benshalom-nas/analysis/Sadegh/CX138/CX138/260321/T003346/Network/000007/well007,/mnt/benshalom-nas/analysis/Sadegh/CX138/CX138/260321/T003346/Network/000007/well007/network_results.json,132,36,36.0,0.12003168836572856,0.9124999999999983,0.6851414087617221,0.7508399000128476,7.13828571428571,11.872519165995843,1.6632171422104336,21.490442292739957,16.073856354935998,0.7479537245432205,0.7483164983164983,0.1651108813022259,0.220643112471366,736.6944444444445,555.3599343090951,0.7538538379068446,1350.0000000000002,461.98043889966374,0.34220773251826936,33.19246551182691,11.707041246631034,0.35270176728690616,9,9.0,0.03000792209143214,3.6499999999999932,0.43772137256477817,0.1199236637163778,30.869999999999983,1.4666287873896309,0.047509840861342134,85.96176917095984,20.444367362932976,0.2378309283313311,0.7861251402918069,0.12849039778341226,0.16344776575357592,2946.777777777778,706.7988520675106,0.23985481952443705,1670.3703703703704,351.1689278854388,0.21023416968751324,40.700598670731985,9.407732259870413,0.231144812782215,9,9.0,0.03000792209143214,3.6499999999999932,0.43772137256477817,0.1199236637163778,30.869999999999983,1.4666287873896309,0.047509840861342134,85.96176917095984,20.444367362932976,0.2378309283313311,0.7861251402918069,0.12849039778341226,0.16344776575357592,2946.777777777778,706.7988520675106,0.23985481952443705,1670.3703703703704,351.1689278854388,0.21023416968751324,40.700598670731985,9.407732259870413,0.231144812782215,30.0,0.09360000000000211,1.9677668083567692,0.9779850572343491,10.0,10.0,2.066155148774608,0.2808000000000063,0.9360000000000211,2.066155148774608,10.0,1.9677668083567692,299.90999999999985
CX138,260321,T003346,000007,well008,CX138|260321|T003346|000007|well008,/mnt/benshalom-nas/analysis/Sadegh/CX138/CX138/260321/T003346/Network/000007/well008,/mnt/benshalom-nas/analysis/Sadegh/CX138/CX138/260321/T003346/Network/000007/well008/network_results.json,171,61,61.0,0.20331693243411697,0.7431147540983601,0.6298569730531135,0.8475904556858581,4.3485000000000005,9.945461414635323,2.287101624614309,21.10148154708852,21.561916918865986,1.0218200494951026,0.6354136707889945,0.19630455398342114,0.3089397710623213,719.3770491803278,749.2438847381553,1.0415176375057535,1302.1857923497266,587.1690860465214,0.45091037661147054,32.29825971164048,15.56148229264019,0.4818055966969558,9,9.0,0.029997580195197587,5.0366666666666635,0.42765510506585275,0.08490835970864057,32.14875000000001,7.738545466526637,0.24071061756760792,143.02115270804438,25.9440488514346,0.1814000821570455,0.6736421022483401,0.10236107037296495,0.15195171149684056,4875.777777777777,900.442579794055,0.18467670612429915,2029.6296296296298,410.7940051627343,0.20239850619331798,50.27513400690831,10.215930431178121,0.20320046148010962,9,9.0,0.029997580195197587,5.0366666666666635,0.42765510506585275,0.08490835970864057,32.14875000000001,7.738545466526637,0.24071061756760792,143.02115270804438,25.9440488514346,0.1814000821570455,0.6736421022483401,0.10236107037296495,0.15195171149684056,4875.777777777777,900.442579794055,0.18467670612429915,2029.6296296296298,410.7940051627343,0.20239850619331798,50.27513400690831,10.215930431178121,0.20320046148010962,30.0,0.08670000000000046,2.5507220097110532,1.3066349938972375,10.0,10.0,2.678258110196606,0.2601000000000014,0.8670000000000045,2.678258110196606,10.0,2.5507220097110532,300.0
CX138,260321,T003346,000007,well009,CX138|260321|T003346|000007|well009,/mnt/benshalom-nas/analysis/Sadegh/CX138/CX138/260321/T003346/Network/000007/well009,/mnt/benshalom-nas/analysis/Sadegh/CX138/CX138/260321/T003346/Network/000007/well009/network_results.json,111,18,18.0,0.05999244095243999,0.7516666666666683,0.4899461421648531,0.6518130494432621,9.998823529411762,20.39097663251276,2.039337585320138,15.563697262274202,14.221030091100424,0.9137308347401263,0.6831831831831833,0.174465170602648,0.2553709969700298,553.5,535.4717805615696,0.9674286911681474,1098.1481481481483,546.4218311508968,0.49758480408344724,24.67739102950142,12.566144704193805,0.5092169058378653,4,4.0,0.013331653544986664,3.420000000000009,0.4321458087266494,0.12635842360428312,55.919999999999995,8.150545993981039,0.14575368372641345,70.03663768023391,6.599624530680334,0.09423103034746216,0.7030780780780781,0.06390097386258453,0.09088745027758953,2490.75,191.0070352107482,0.07668655433534004,2033.3333333333335,254.95097567963933,0.1253857257440849,46.43062051768286,2.7032697432379647,0.058221701823012215,4,4.0,0.013331653544986664,3.420000000000009,0.4321458087266494,0.12635842360428312,55.919999999999995,8.150545993981039,0.14575368372641345,70.03663768023391,6.599624530680334,0.09423103034746216,0.7030780780780781,0.06390097386258453,0.09088745027758953,2490.75,191.0070352107482,0.07668655433534004,2033.3333333333335,254.95097567963933,0.1253857257440849,46.43062051768286,2.7032697432379647,0.058221701823012215,30.0,0.1640999999999906,2.3112199106529863,0.9973579153075647,10.0,10.0,2.426780906185636,0.49229999999997176,1.6409999999999059,2.426780906185636,10.0,2.3112199106529863,300.03
CX138,260321,T003346,000007,well010,CX138|260321|T003346|000007|well010,/mnt/benshalom-nas/analysis/Sadegh/CX138/CX138/260321/T003346/Network/000007/well010,/mnt/benshalom-nas/analysis/Sadegh/CX138/CX138/260321/T003346/Network/000007/well010/network_results.json,106,25,25.0,0.0833268060668581,0.6000000000000025,0.3634831495406673,0.6058052492344429,10.9325,22.18858645227316,2.0295985778434176,11.241969569754156,7.5832838118609684,0.6745511776035525,0.6898113207547171,0.15106881581865778,0.21900019798656623,391.76,280.9853063773976,0.7172383764993813,1010.6666666666667,392.79284899578073,0.388647278030126,23.615650066014265,8.389198125087454,0.35523892425728776,6,6.0,0.019998433456045947,2.5600000000000107,0.4482186966203002,0.17508542836730404,52.044000000000004,20.71505018096746,0.39802955539480933,46.84153987397565,15.19046989742728,0.32429484466771,0.6855345911949685,0.08298029526054267,0.12104465088464482,1632.3333333333333,532.7218369426539,0.32635603651786027,1527.777777777778,363.3265374831657,0.23781373362534478,32.956894547644474,9.056943282453618,0.27481179300314096,4,4.0,0.013332288970697298,2.8425000000000136,0.11098986440210044,0.039046566192471384,86.74000000000001,33.50488621082005,0.3862679987412963,54.42621800314077,1.2330727848478036,0.02265586017343051,0.7240566037735849,0.0431352385805941,0.05957440116668371,1891.25,33.60338524613257,0.017767817711107768,1675.0,155.2328000849763,0.09267629855819481,36.95515328892584,1.123298754820109,0.030396268310344747,30.0,0.13100000000000023,2.4747390733594195,1.3260210419250125,10.0,10.0,2.5984760270273903,0.3930000000000007,1.3100000000000023,2.5984760270273903,10.0,2.4747390733594195,300.0
CX138,260321,T003346,000007,well011,CX138|260321|T003346|000007|well011,/mnt/benshalom-nas/analysis/Sadegh/CX138/CX138/260321/T003346/Network/000007/well011,/mnt/benshalom-nas/analysis/Sadegh/CX138/CX138/260321/T003346/Network/000007/well011/network_results.json,147,46,46.0,0.1533324644493681,0.8308695652173897,0.6013637620368495,0.7237763750312697,5.864666666666666,10.41816034090899,1.77642838596834,18.783192296296498,15.538683233764944,0.8272653012677043,0.65779355220349,0.20260666624079562,0.30800950474825994,645.304347826087,545.7295424103017,0.8456932674462295,1186.2318840579712,518.758089952937,0.43731592189068597,28.714633780026652,12.993408852617932,0.452501290880328,11,11.0,0.036666458890066284,3.474545454545448,1.4871165732649547,0.42800320005009246,26.258999999999997,8.870387195607636,0.3378036938043199,78.5478950572399,35.520684174192866,0.4522168817930515,0.6386312100597815,0.13714867022429564,0.21475409917948937,2698.5454545454545,1219.5502422567222,0.4519287382032052,1609.090909090909,574.2084422662912,0.3568527042332883,38.37322015584369,13.488917055449779,0.35151902813127894,9,9.0,0.029999830000963325,4.153333333333321,0.40868352330650853,0.0983989221444245,31.331249999999997,6.243495490308288,0.19927374395558073,95.17184992646742,4.690717886483671,0.0492868205263201,0.6928697404887881,0.07730923390464847,0.11157830886092719,3269.8888888888887,149.16690461392153,0.04561834046434789,1870.3703703703707,165.88293093747183,0.08868988386755917,44.637368275720064,2.561533458580036,0.057385405043543974,30.0,0.09669999999999847,2.2372865680670886,1.4856259280590547,10.0,10.0,2.349150896470443,0.2900999999999954,0.9669999999999846,2.349150896470443,10.0,2.2372865680670886,299.99999999999994
CX138,260321,T003346,000007,well012,CX138|260321|T003346|000007|well012,/mnt/benshalom-nas/analysis/Sadegh/CX138/CX138/260321/T003346/Network/000007/well012,/mnt/benshalom-nas/analysis/Sadegh/CX138/CX138/260321/T003346/Network/000007/well012/network_results.json,87,24,24.0,0.0799970134448314,0.5437500000000018,0.3203489308550876,0.5891474590438373,10.95130434782609,23.296925959624833,2.1273197438120177,8.812609994353577,7.049181701391641,0.7998971594009264,0.6441570881226054,0.18885466629431347,0.29318107302790075,321.5,281.8530941229254,0.8766814747213855,872.2222222222223,425.8615088163734,0.4882488636111287,18.397255260126627,9.084495642579151,0.49379624917573833,5,5.0,0.016666044467673207,2.6100000000000088,0.4600869483043468,0.1762785242545384,62.4225,12.82087433640934,0.20538867133500482,42.30052797289717,4.629404101540524,0.10944081134180356,0.6493431855500822,0.0349377288454855,0.0538047208671151,1543.2,139.62578558418213,0.09047808811831397,1600.0000000000002,156.34719199411427,0.0977169949963214,33.87559505562617,3.5734276528432853,0.10548678619447006,3,3.0,0.009999626680603925,2.9600000000000186,0.19798989873221617,0.06688847930142396,124.84499999999998,70.78499999999998,0.5669830589931515,45.788713967531436,1.9351215498953824,0.04226197641776024,0.6387520525451561,0.032030509173050795,0.05014545009354224,1650.6666666666667,51.545018080207214,0.0312267880130496,1566.6666666666667,190.515868883136,0.12160587375519318,32.86020972865163,4.324775319597662,0.13161131214043295,30.0,0.14209999999999923,2.5349807513044063,1.0343675294640389,10.0,10.0,2.6617297888696267,0.4262999999999977,1.4209999999999923,2.6617297888696267,10.0,2.5349807513044063,300.0
CX138,260321,T003346,000007,well013,CX138|260321|T003346|000007|well013,/mnt/benshalom-nas/analysis/Sadegh/CX138/CX138/260321/T003346/Network/000007/well013,/mnt/benshalom-nas/analysis/Sadegh/CX138/CX138/260321/T003346/Network/000007/well013/network_results.json,88,16,16.0,0.05333000909609968,0.7049999999999992,0.47611710744311386,0.6753434148129283,13.494,21.54584377554057,1.596698071405111,10.47569306651307,7.1429549222360444,0.681859890021925,0.6626420454545454,0.14600828711320968,0.22034262406795202,359.4375,251.8556056428961,0.7006937385300535,789.5833333333335,180.55422008053122,0.22867025234473606,18.979402744392388,4.172987332429998,0.21986926504644302,5,5.0,0.01666562784253115,2.2559999999999976,0.18725383841192034,0.08300258794854634,50.205000000000005,3.6926514863983675,0.07355146870627163,33.522217812841824,2.228018129784615,0.06646392378403726,0.7009848484848485,0.10183509058733697,0.14527431057525644,1150.2,70.98563234908879,0.06171590362466422,1006.6666666666667,71.18052168020878,0.07070912749689613,23.862006381233492,1.141283600400739,0.04782848441857398,1,1.0,0.00333312556850623,2.549999999999997,0.0,0.0,0.0,0.0,0.0,37.45595659936898,0.0,0.0,0.6647727272727273,0.0,0.0,1276.0,0.0,0.0,1133.3333333333335,0.0,0.0,26.027062497030023,0.0,0.0,30.0,0.15129999999999202,2.4142049789945115,0.9347249848323105,10.0,10.0,2.534915227944237,0.4538999999999761,1.5129999999999202,2.534915227944237,10.0,2.4142049789945115,300.0
CX138,260321,T003346,000007,well014,CX138|260321|T003346|000007|well014,/mnt/benshalom-nas/analysis/Sadegh/CX138/CX138/260321/T003346/Network/000007/well014,/mnt/benshalom-nas/analysis/Sadegh/CX138/CX138/260321/T003346/Network/000007/well014/network_results.json,117,19,19.0,0.06333816814683521,0.887368421052628,0.6372378066002223,0.7181208971176911,12.98166666666667,20.340990156714486,1.5669012830952227,16.436353893000483,15.875492760087226,0.9658767913757258,0.6747638326585694,0.20120085186953482,0.29817966247065064,566.5263157894736,561.3501926437395,0.990863402102476,915.7894736842105,409.30241912130623,0.4469394231784378,21.700173989470994,10.294690006704617,0.47440587396670825,6,6.0,0.02000152678321112,2.8099999999999885,0.7749193506423726,0.27577201090476006,46.356,11.405262995652487,0.24603639217474516,52.04845399450152,17.79249379510681,0.3418448086274846,0.6937796771130104,0.0639367733998671,0.09215717252762996,1794.0,614.1978508591511,0.3423622357074421,1411.1111111111113,384.739770959573,0.2726502313886737,34.08379409274824,9.758843923342107,0.28631917845726057,5,5.0,0.016667938986009264,3.1319999999999886,0.31384072393492174,0.10020457341472634,57.945,10.694915848196299,0.18457012422463195,59.90130807088612,3.143803376287479,0.05248305049644591,0.6906552706552705,0.06961983695085867,0.10080258547047025,2065.2,106.72469255050585,0.05167765473102162,1580.0000000000002,80.55363982396379,0.050983316344280875,38.36917433910048,2.023644862426586,0.0527414232201596,30.0,0.19989999999999952,3.576927329363905,1.061625864367032,10.0,10.0,3.7557736958321004,0.5996999999999986,1.9989999999999952,3.7557736958321004,10.0,3.576927329363905,299.97
CX138,260321,T003346,000007,well015,CX138|260321|T003346|000007|well015,/mnt/benshalom-nas/analysis/Sadegh/CX138/CX138/260321/T003346/Network/000007/well015,/mnt/benshalom-nas/analysis/Sadegh/CX138/CX138/260321/T003346/Network/000007/well015/network_results.json,144,38,38.0,0.12665999590688223,0.7839473684210545,0.50280549484962,0.64137659631707,6.51162162162162,13.474637339253222,2.0693213030854163,21.85846062624885,10.843787390759585,0.49609108235818605,0.7869152046783627,0.08154926989580995,0.10363158496745749,752.0263157894736,382.3360664762505,0.5084078288867803,1580.701754385965,306.0435678715019,0.19361246802081697,39.0705225848056,6.850751185521131,0.17534321867978714,7,7.0,0.023332104509162517,4.255714285714296,0.6066973155149648,0.14256063137310315,39.57499999999999,5.339028469674975,0.1349091211541371,118.66021482820804,9.17291353453633,0.07730403613221619,0.7887896825396826,0.0199699311703276,0.02531718100828854,4082.4285714285716,292.97091866544275,0.07176388111621582,1938.0952380952383,229.1658936288756,0.11824284437853531,46.60871711607869,5.046063906896166,0.10826438098111517,7,7.0,0.023332104509162517,4.255714285714296,0.6066973155149648,0.14256063137310315,39.57499999999999,5.339028469674975,0.1349091211541371,118.66021482820804,9.17291353453633,0.07730403613221619,0.7887896825396826,0.0199699311703276,0.02531718100828854,4082.4285714285716,292.97091866544275,0.07176388111621582,1938.0952380952383,229.1658936288756,0.11824284437853531,46.60871711607869,5.046063906896166,0.10826438098111517,30.0,0.08199999999999363,1.4732836517250616,1.026567118335097,10.0,10.0,1.5469478343113148,0.2459999999999809,0.8199999999999363,1.5469478343113148,10.0,1.4732836517250616,300.0
CX138,260321,T003346,000007,well016,CX138|260321|T003346|000007|well016,/mnt/benshalom-nas/analysis/Sadegh/CX138/CX138/260321/T003346/Network/000007/well016,/mnt/benshalom-nas/analysis/Sadegh/CX138/CX138/260321/T003346/Network/000007/well016/network_results.json,127,93,93.0,0.31011070952329983,0.5370967741935476,0.3655768181786069,0.6806535353475573,3.154891304347826,8.164734412806308,2.58796060629864,11.290885997614433,8.269091175361192,0.7323686712547011,0.6128185589704513,0.12773226232611315,0.20843406332325534,380.2795698924731,282.60091415171485,0.7431398805663485,951.9713261648745,274.9372629900131,0.28880834478243095,23.2384043260487,7.46490209638446,0.32123126836281113,10,10.0,0.03334523758315052,4.994999999999992,0.5203508431817853,0.10417434297933656,31.833333333333332,3.6204542379222193,0.11373154674101213,105.00523977781423,4.491989481030078,0.042778717429100686,0.6165737936604079,0.028301083649184596,0.045900562009244375,3536.6,143.33680615947878,0.040529549895232365,1326.6666666666665,66.33249580710802,0.049999368698825146,33.076078802779385,1.4259714686714076,0.043111865743637755,10,10.0,0.03334523758315052,4.994999999999992,0.5203508431817853,0.10417434297933656,31.833333333333332,3.6204542379222193,0.11373154674101213,105.00523977781423,4.491989481030078,0.042778717429100686,0.6165737936604079,0.028301083649184596,0.045900562009244375,3536.6,143.33680615947878,0.040529549895232365,1326.6666666666665,66.33249580710802,0.049999368698825146,33.076078802779385,1.4259714686714076,0.043111865743637755,30.0,0.08480000000000132,1.2761498178024762,0.9254994374157083,10.0,10.0,1.3399573086926,0.25440000000000396,0.8480000000000132,1.3399573086926,10.0,1.2761498178024762,299.88
CX138,260321,T003346,000007,well017,CX138|260321|T003346|000007|well017,/mnt/benshalom-nas/analysis/Sadegh/CX138/CX138/260321/T003346/Network/000007/well017,/mnt/benshalom-nas/analysis/Sadegh/CX138/CX138/260321/T003346/Network/000007/well017/network_results.json,140,34,34.0,0.11332793136860476,0.8832352941176465,0.6932605001781552,0.7849103232120311,8.798181818181817,15.361573557053344,1.7459941013389833,19.873429523347514,20.582754409337298,1.0356921227489428,0.6472689075630251,0.2064826824625005,0.31900602678399953,701.2941176470588,749.899857212782,1.069308637193197,1138.235294117647,561.460068650448,0.4932724117342437,26.853887515777593,14.031175420461103,0.5225007147370115,9,9.0,0.029998570068160084,3.3366666666666642,1.1223883265410182,0.33638011784446126,35.96625,12.25102846448005,0.34062568281319433,75.07740042153506,30.88685562464541,0.4114001743697279,0.6850396825396826,0.14711881877582644,0.21475955703822197,2649.3333333333335,1094.8824391484027,0.41326715116321183,1803.703703703704,563.5961351593262,0.31246602975979065,42.86354942748059,14.065471959556733,0.32814529238540163,7,7.0,0.02333222116412451,3.9042857142857117,0.4042226099160454,0.10353305047245956,44.82500000000001,10.79246148939159,0.2407688006556963,91.42279766246573,4.404246780042366,0.04817449140314988,0.7486224489795917,0.09778383008489933,0.13061835137081898,3229.1428571428573,149.58745991314012,0.04632420011466912,2100.0000000000005,73.46308866924534,0.034982423175831105,50.310542272658054,1.4796163335302905,0.029409667769262113,30.0,0.10949999999999706,2.3364367580651333,1.4657916966169924,10.0,10.0,2.45325859596839,0.3284999999999912,1.0949999999999707,2.45325859596839,10.0,2.3364367580651333,300.0
CX138,260321,T003346,000007,well018,CX138|260321|T003346|000007|well018,/mnt/benshalom-nas/analysis/Sadegh/CX138/CX138/260321/T003346/Network/000007/well018,/mnt/benshalom-nas/analysis/Sadegh/CX138/CX138/260321/T003346/Network/000007/well018/network_results.json,109,73,73.0,0.24338476864777422,0.5880821917808225,0.4404532458021669,0.7489654540777579,3.9341666666666666,9.024849452422396,2.29396724060726,11.084070959860325,8.766205646495619,0.7908832123361005,0.6502450672363956,0.12722222767458136,0.19565273784434553,378.3013698630137,308.92782705170896,0.8166183145558645,925.5707762557079,305.3814914836813,0.32993856257980364,22.041547507899878,7.25829388983624,0.32930055783219425,10,10.0,0.03334037926681839,4.293000000000005,0.2934637967450259,0.06835867615770454,31.09666666666666,0.8457081188106308,0.027196102009131664,80.91371800698036,3.030702716085805,0.037455981392726864,0.6560963501330473,0.03470435162013992,0.05289520603658648,2761.6,99.32190090810788,0.03596534650496375,1433.3333333333335,61.46362971528591,0.042881602126943655,33.19757750359962,0.861542728074613,0.025951975802487266,10,10.0,0.03334037926681839,4.293000000000005,0.2934637967450259,0.06835867615770454,31.09666666666666,0.8457081188106308,0.027196102009131664,80.91371800698036,3.030702716085805,0.037455981392726864,0.6560963501330473,0.03470435162013992,0.05289520603658648,2761.6,99.32190090810788,0.03596534650496375,1433.3333333333335,61.46362971528591,0.042881602126943655,33.19757750359962,0.861542728074613,0.025951975802487266,30.0,0.08459999999999468,1.1567527183069102,0.794536463419004,10.0,10.0,1.2145903542222558,0.25379999999998404,0.8459999999999468,1.2145903542222558,10.0,1.1567527183069102,299.91
CX138,260321,T003346,000007,well019,CX138|260321|T003346|000007|well019,/mnt/benshalom-nas/analysis/Sadegh/CX138/CX138/260321/T003346/Network/000007/well019,/mnt/benshalom-nas/analysis/Sadegh/CX138/CX138/260321/T003346/Network/000007/well019/network_results.json,88,29,29.0,0.09666251017872898,0.5006896551724144,0.40334746751176687,0.805583784975291,9.301071428571428,21.62540987873916,2.3250450278566084,9.204950409176915,9.368989409633116,1.0178207370126255,0.6257836990595611,0.18762596781393345,0.29982559164756306,349.62068965517244,378.90017007423336,1.0837464180050072,887.3563218390805,426.373264160722,0.4804983676422644,19.048729294877823,8.804326030392957,0.4622001758805207,5,5.0,0.016665950030815342,2.9040000000000035,0.13602940858506046,0.046842082846095145,64.49999999999999,5.2561249985136484,0.08149031005447518,53.3887123732261,1.4630607387206576,0.02740393378459466,0.6231060606060607,0.03960654536262348,0.06356308799837446,2027.8,61.320143509290645,0.03023973937730084,1673.3333333333335,74.23685817106696,0.04436465627753005,35.774608387729096,1.9148225830725734,0.053524627364736406,5,5.0,0.016665950030815342,2.9040000000000035,0.13602940858506046,0.046842082846095145,64.49999999999999,5.2561249985136484,0.08149031005447518,53.3887123732261,1.4630607387206576,0.02740393378459466,0.6231060606060607,0.03960654536262348,0.06356308799837446,2027.8,61.320143509290645,0.03023973937730084,1673.3333333333335,74.23685817106696,0.04436465627753005,35.774608387729096,1.9148225830725734,0.053524627364736406,30.0,0.12420000000000009,2.7816621301883884,0.9238840437576301,10.0,10.0,2.9207452366978077,0.37260000000000026,1.2420000000000009,2.9207452366978077,10.0,2.7816621301883884,299.9999999999999
CX138,260321,T003346,000007,well020,CX138|260321|T003346|000007|well020,/mnt/benshalom-nas/analysis/Sadegh/CX138/CX138/260321/T003346/Network/000007/well020,/mnt/benshalom-nas/analysis/Sadegh/CX138/CX138/260321/T003346/Network/000007/well020/network_results.json,108,13,13.0,0.04333038686702637,0.9184615384615378,0.4697273538790913,0.5114284422469172,15.362499999999997,25.417588767426384,1.6545216447470392,16.80773122695393,11.809080194836547,0.7025981100827438,0.7635327635327636,0.17313406956397145,0.22675394931699247,619.0769230769231,465.8419113718006,0.752478236559817,1338.4615384615386,768.7092249038866,0.5743229841235934,27.738645281884885,13.473950788784892,0.4857465334683899,4,4.0,0.013332426728315808,2.9849999999999977,0.18553975315279875,0.06215737124046864,60.89000000000001,6.398812389811071,0.10508806683874315,54.62512648760028,2.0016839089425944,0.03664401416803987,0.7744984567901234,0.06648883308375898,0.08584759917962805,2012.0,56.1159513863928,0.027890631901785687,2433.3333333333335,182.57418583505532,0.07503048732947479,46.336865949655675,1.165092191737589,0.0251439575780426,4,4.0,0.013332426728315808,2.9849999999999977,0.18553975315279875,0.06215737124046864,60.89000000000001,6.398812389811071,0.10508806683874315,54.62512648760028,2.0016839089425944,0.03664401416803987,0.7744984567901234,0.06648883308375898,0.08584759917962805,2012.0,56.1159513863928,0.027890631901785687,2433.3333333333335,182.57418583505532,0.07503048732947479,46.336865949655675,1.165092191737589,0.0251439575780426,30.0,0.1747000000000014,2.7100544824598907,0.7299425556423444,10.0,10.0,2.8455572065828854,0.5241000000000042,1.747000000000014,2.8455572065828854,10.0,2.7100544824598907,300.0
CX138,260321,T003346,000007,well021,CX138|260321|T003346|000007|well021,/mnt/benshalom-nas/analysis/Sadegh/CX138/CX138/260321/T003346/Network/000007/well021,/mnt/benshalom-nas/analysis/Sadegh/CX138/CX138/260321/T003346/Network/000007/well021/network_results.json,135,32,32.0,0.10665891611876205,0.6740625000000007,0.5545429389089285,0.822687716508377,9.212903225806452,20.509576235937484,2.2261794933965757,14.791024324876176,15.428714319258479,1.0431133084751818,0.6277777777777778,0.19126142523947814,0.3046642171956289,518.375,559.155711206637,1.0786702892821547,1061.4583333333335,474.20323343185066,0.4467469127522832,24.94330701903201,11.781484380951843,0.4723304881731378,6,6.0,0.019998546772267884,3.595000000000004,0.3947467542615108,0.10980438227023931,56.496,15.89681175582073,0.2813794207699789,78.88546306600628,5.578568930066333,0.07071732500826604,0.6307084068195178,0.03785051385599844,0.06001269912806104,2764.6666666666665,182.27238469450666,0.06592924452417652,1944.4444444444446,124.22599874998832,0.06388765649999399,46.896475399465395,1.8050457652732512,0.0384900091083141,6,6.0,0.019998546772267884,3.595000000000004,0.3947467542615108,0.10980438227023931,56.496,15.89681175582073,0.2813794207699789,78.88546306600628,5.578568930066333,0.07071732500826604,0.6307084068195178,0.03785051385599844,0.06001269912806104,2764.6666666666665,182.27238469450666,0.06592924452417652,1944.4444444444446,124.22599874998832,0.06388765649999399,46.896475399465395,1.8050457652732512,0.0384900091083141,30.0,0.134399999999971,2.6794020945521426,1.6526783296818612,10.0,10.0,2.81337219927975,0.40319999999991296,1.3439999999997099,2.81337219927975,10.0,2.6794020945521426,300.0
CX138,260321,T003346,000007,well022,CX138|260321|T003346|000007|well022,/mnt/benshalom-nas/analysis/Sadegh/CX138/CX138/260321/T003346/Network/000007/well022,/mnt/benshalom-nas/analysis/Sadegh/CX138/CX138/260321/T003346/Network/000007/well022/network_results.json,6,0,,,,,,,,,,,,,,,,,,,,,,,,0,,,,,,,,,,,,,,,,,,,,,,,,0,,,,,,,,,,,,,,,,,,,,,,,,30.0,0.23044999457582746,0.026995957967298846,0.026995957967298846,5.0,5.0,0.02834575586566379,0.6913499837274824,2.3044999457582747,0.02834575586566379,5.0,0.026995957967298846,299.94
CX138,260321,T003346,000007,well023,CX138|260321|T003346|000007|well023,/mnt/benshalom-nas/analysis/Sadegh/CX138/CX138/260321/T003346/Network/000007/well023,/mnt/benshalom-nas/analysis/Sadegh/CX138/CX138/260321/T003346/Network/000007/well023/network_results.json,83,32,32.0,0.10666424894369061,0.9093749999999978,0.6019392489072247,0.6619263218223793,9.244838709677419,14.308491697289572,1.5477275641717323,15.299609941521908,12.613212899400429,0.8244140175867612,0.7579066265060241,0.17797507859741604,0.2348245448359349,532.84375,452.23135045675184,0.8487128740024666,904.1666666666667,368.72057321379714,0.4078015556281627,20.726366708385488,8.751770859018292,0.42225301627407247,9,9.0,0.029999320015412983,3.249999999999996,0.5897457079114653,0.1814602178189126,35.366249999999994,3.5832245865281713,0.10131762871461271,54.39861312541123,5.981460348954555,0.10995611846141781,0.7933400267737617,0.10202557674475032,0.12860258313153933,1894.5555555555557,184.17691441239083,0.09721378392537197,1429.6296296296298,194.6471606440135,0.13615215899969854,33.57651911418927,2.3605410036800856,0.07030332702601483,8,8.0,0.026666062235922654,3.3712499999999954,0.5088820467456051,0.15094758524155902,40.41857142857142,14.706258559413627,0.36384904363586545,55.55621662970562,5.309396249667955,0.09556799529846043,0.8006400602409638,0.10597526221369241,0.13236317725820224,1928.75,166.24661650692323,0.08619396837688827,1387.5,163.2461502013311,0.11765488302798636,33.19238057428852,2.2227485908843057,0.0669656274249305,30.0,0.09720000000001507,2.326679350199047,1.1995625254642621,10.0,10.0,2.4430133177089997,0.2916000000000452,0.9720000000001506,2.4430133177089997,10.0,2.326679350199047,299.99999999999994
CX138,260323,T003346,000009,well000,CX138|260323|T003346|000009|well000,/mnt/benshalom-nas/analysis/Sadegh/CX138/CX138/260323/T003346/Network/000009/well000,/mnt/benshalom-nas/analysis/Sadegh/CX138/CX138/260323/T003346/Network/000009/well000/network_results.json,84,39,39.0,0.1299758244966436,0.5207692307692307,0.29240281852955197,0.5614825171173082,6.806842105263157,14.876621734729536,2.1855394182313557,9.098787288769444,4.4164117323562815,0.4853846553603271,0.7063492063492064,0.08790996809274391,0.12445680876051385,328.5128205128205,162.7718037377626,0.4954808262388965,1054.7008547008547,283.59587428910066,0.2688874983130047,21.710205194409866,4.890530557409644,0.2252641333242166,7,7.0,0.023328994140423213,2.901428571428571,0.21013115437939828,0.07242334222825152,42.775,4.546473908426173,0.10628811007425303,50.693243466001185,1.4477531458624604,0.028559094799949735,0.70932944606414,0.03188131860523848,0.04494571426879079,1830.2857142857142,40.885604472249454,0.02233837272133517,1390.4761904761904,95.47589359887343,0.06866417005398431,27.850864687909695,0.7903168171583909,0.028376742554118053,7,7.0,0.023328994140423213,2.901428571428571,0.21013115437939828,0.07242334222825152,42.775,4.546473908426173,0.10628811007425303,50.693243466001185,1.4477531458624604,0.028559094799949735,0.70932944606414,0.03188131860523848,0.04494571426879079,1830.2857142857142,40.885604472249454,0.02233837272133517,1390.4761904761904,95.47589359887343,0.06866417005398431,27.850864687909695,0.7903168171583909,0.028376742554118053,30.0,0.1400000000000432,3.023304126130151,0.8803636206297087,10.0,10.0,3.174469332436659,0.4200000000001296,1.400000000000432,3.174469332436659,10.0,3.023304126130151,300.03000000000003
CX138,260323,T003346,000009,well001,CX138|260323|T003346|000009|well001,/mnt/benshalom-nas/analysis/Sadegh/CX138/CX138/260323/T003346/Network/000009/well001,/mnt/benshalom-nas/analysis/Sadegh/CX138/CX138/260323/T003346/Network/000009/well001/network_results.json,120,30,30.0,0.09997723851536466,0.8759999999999992,0.5036903810874356,0.5749890195062055,8.774482758620689,12.248102340336564,1.3958774183359286,15.740544226686138,8.105828078775845,0.5149649187499769,0.792222222222222,0.17547466490833186,0.2214967719740515,583.8,302.1580601826358,0.5175711890761148,1467.7777777777778,513.1228524714088,0.3495916481637153,29.314000235092596,7.950211367369153,0.271208681981647,11,11.0,0.036658320788967046,2.389090909090907,0.6909210525280306,0.2891983096578517,25.356,8.508116360276224,0.33554647264064613,42.92875698187129,12.878793182087136,0.30000386891066566,0.7860479797979799,0.16368772283708716,0.20824138862255723,1592.1818181818182,478.7902972704549,0.3007133304770472,1909.0909090909095,478.86458917510305,0.2508338324250539,33.407076913081426,7.5346697900470705,0.22554112739796972,7,7.0,0.023328022320251756,2.8285714285714314,0.271526298196411,0.09599414582701389,33.964999999999996,11.40835768198036,0.3358856965105362,47.96788197480504,1.8708621909085374,0.0390023931407103,0.7978174603174603,0.10977396595578977,0.1375928347220046,1775.857142857143,57.28482364822435,0.032257562990714375,2085.7142857142862,128.30660557435695,0.061516865686335506,36.0350755244087,1.5962762612231078,0.0442978469725103,30.0,0.09999999999999433,3.7511707840261757,1.3512953645855967,10.0,10.0,3.9387293232274847,0.299999999999983,0.9999999999999433,3.9387293232274847,10.0,3.7511707840261757,300.05999999999995
CX138,260323,T003346,000009,well002,CX138|260323|T003346|000009|well002,/mnt/benshalom-nas/analysis/Sadegh/CX138/CX138/260323/T003346/Network/000009/well002,/mnt/benshalom-nas/analysis/Sadegh/CX138/CX138/260323/T003346/Network/000009/well002/network_results.json,82,49,49.0,0.16331961448571652,0.6991836734693881,0.44749113198233975,0.6400194240261131,5.5981250000000005,8.6082309584708,1.537698954287516,8.784806715018943,4.048496040379882,0.4608520337116093,0.7232453957192633,0.11005170306938661,0.15216371057563505,317.1020408163265,142.08940055801878,0.44808731029366206,929.9319727891158,174.86566245963206,0.1880413488044324,18.499986511168828,1.8921170608737587,0.10227667245765007,14,14.0,0.046662746995919005,2.4471428571428584,0.2504119055655764,0.1023282743116774,20.573076923076925,3.0846552846067077,0.14993650663633276,30.746823502566297,1.2759649337708,0.0414990814795649,0.7278600464576074,0.03643823365631249,0.0500621428991085,1109.857142857143,47.426419916776865,0.04273200404394878,1130.952380952381,168.3082422197231,0.14881991943638673,20.44060013615839,0.7508805275346653,0.036734759377558365,6,6.0,0.019998320141108143,2.680000000000014,0.11180339887498948,0.04171768614738392,27.330000000000005,11.933410241837823,0.43664142853413174,31.84374972266725,0.7280676657638898,0.022863754177970798,0.7462737127371272,0.03344235481892801,0.044812451849966184,1150.8333333333333,26.143301670260055,0.022716844318835677,1205.5555555555557,174.71316881684876,0.1449233658388607,20.5795247147197,0.4070957788105926,0.019781592843075405,30.0,0.10899999999999467,2.985845828656647,1.1029708417755368,10.0,10.0,3.1351381200894797,0.326999999999984,1.0899999999999468,3.1351381200894797,10.0,2.985845828656647,300.0
CX138,260323,T003346,000009,well003,CX138|260323|T003346|000009|well003,/mnt/benshalom-nas/analysis/Sadegh/CX138/CX138/260323/T003346/Network/000009/well003,/mnt/benshalom-nas/analysis/Sadegh/CX138/CX138/260323/T003346/Network/000009/well003/network_results.json,75,49,49.0,0.1632931087975329,0.5889795918367332,0.2574779158190598,0.43715931653270834,6.135000000000001,9.903614870339007,1.6142811524594958,7.418273880653988,2.6308723337137727,0.35464750641989473,0.7257142857142858,0.12692061903967758,0.17489061678695728,278.8775510204082,103.96832968589987,0.37280996374746384,912.9251700680272,264.51652954112586,0.2897461240130067,17.470523352692904,2.700466891985761,0.15457275305776752,13,13.0,0.04332266151771281,2.2199999999999944,0.26755301415722543,0.12051937574649825,24.415000000000003,3.148710053339309,0.12896621148225715,27.961186165541957,2.2097521597649203,0.07902927102885622,0.7386324786324787,0.05482839298513282,0.07422959938973084,1051.1538461538462,71.926079739866,0.06842583509829915,1279.4871794871797,127.12364365374911,0.09935515235463356,20.42261642424097,1.6255547621200082,0.07959581320787715,1,1.0,0.003332512424439447,2.7900000000000205,0.0,0.0,0.0,0.0,0.0,31.69827132546809,0.0,0.0,0.7333333333333334,0.0,0.0,1172.0,0.0,0.0,1233.3333333333335,0.0,0.0,20.432247162781685,0.0,0.0,30.0,0.1293000000000006,3.479039755260302,0.8740967676044105,10.0,10.0,3.652991743023317,0.3879000000000018,1.2930000000000061,3.652991743023317,10.0,3.479039755260302,300.05999999999995
CX138,260323,T003346,000009,well004,CX138|260323|T003346|000009|well004,/mnt/benshalom-nas/analysis/Sadegh/CX138/CX138/260323/T003346/Network/000009/well004,/mnt/benshalom-nas/analysis/Sadegh/CX138/CX138/260323/T003346/Network/000009/well004/network_results.json,92,34,34.0,0.11330428966708199,0.6502941176470568,0.4152921388054825,0.6386220135407711,8.024545454545455,13.575423893355875,1.6917374286497633,9.170837817802468,5.219566495974242,0.5691482719105552,0.7010869565217392,0.11440412926383593,0.1631810836011303,328.4117647058824,184.83237519551392,0.5628068024939524,1004.9019607843138,213.15132446301698,0.21211156190466077,19.32424383572161,3.027962782650823,0.15669243300757346,9,9.0,0.029992311970698175,2.456666666666659,0.14996295838935655,0.06104326664424302,32.91,3.6332217108235927,0.11039871500527478,34.645387311698215,1.670495360190327,0.04821696305950301,0.7043075684380032,0.036063192013303796,0.05120375476481659,1240.6666666666667,53.41868170926306,0.04305643340348984,1274.0740740740741,153.78177401501256,0.1207008110001552,22.628905672434346,1.1583532708052604,0.05118909803121065,4,4.0,0.013329916431421411,2.5949999999999926,0.09836157786452765,0.03790426892660036,87.75999999999999,53.82082124977282,0.6132728036665089,35.729375210191385,1.8817904350775623,0.05266787969303207,0.7010869565217391,0.020872678662686397,0.02977188274367672,1277.25,57.863524780296615,0.0453032098495178,1283.3333333333335,142.4000624219589,0.1109610876015264,22.534186817351525,0.7644257025824709,0.03392293268793956,30.0,0.15899999999999181,3.840815606161142,1.0922177235357218,10.0,10.0,4.032856386469199,0.47699999999997544,1.5899999999999181,4.032856386469199,10.0,3.840815606161142,300.06
CX138,260323,T003346,000009,well005,CX138|260323|T003346|000009|well005,/mnt/benshalom-nas/analysis/Sadegh/CX138/CX138/260323/T003346/Network/000009/well005,/mnt/benshalom-nas/analysis/Sadegh/CX138/CX138/260323/T003346/Network/000009/well005/network_results.json,97,102,102.0,0.3399202320522118,0.45999999999999924,0.32295510523909865,0.7020763157371721,2.8107920792079213,6.696348152577738,2.382370507627431,8.25940654376573,3.5738270293830188,0.43269779861854285,0.6211845562967454,0.13480888268848032,0.2170190506540554,294.5686274509804,129.85840779320642,0.4408426278009404,1041.1764705882351,358.6824252007503,0.34449724454309355,22.33359233822829,4.475530766475076,0.20039457596861096,13,13.0,0.043323166830183855,3.6092307692307632,0.46197671500531534,0.127998663577773,23.492499999999996,0.7844544282493331,0.03339169642436238,64.80457442031572,6.650620003067877,0.10262578008664401,0.6244040896102752,0.028411303580057255,0.04550146940547796,2311.230769230769,218.00958124539594,0.09432618505591917,1874.3589743589744,161.27369429247577,0.08604205304249733,28.715274165783665,3.133982765364069,0.10913992139759672,13,13.0,0.043323166830183855,3.6092307692307632,0.46197671500531534,0.127998663577773,23.492499999999996,0.7844544282493331,0.03339169642436238,64.80457442031572,6.650620003067877,0.10262578008664401,0.6244040896102752,0.028411303580057255,0.04550146940547796,2311.230769230769,218.00958124539594,0.09432618505591917,1874.3589743589744,161.27369429247577,0.08604205304249733,28.715274165783665,3.133982765364069,0.10913992139759672,30.0,0.07840000000001623,3.011168316447953,1.459236023265041,10.0,10.0,3.1617267322703504,0.2352000000000487,0.7840000000001623,3.1617267322703504,10.0,3.011168316447953,300.06
CX138,260323,T003346,000009,well006,CX138|260323|T003346|000009|well006,/mnt/benshalom-nas/analysis/Sadegh/CX138/CX138/260323/T003346/Network/000009/well006,/mnt/benshalom-nas/analysis/Sadegh/CX138/CX138/260323/T003346/Network/000009/well006/network_results.json,64,34,34.0,0.11332407853358643,0.649411764705883,0.4322304748522502,0.6655722891746599,8.204545454545453,12.930872405101857,1.5760620105941323,6.4794198572594865,3.3670060861597984,0.5196462276460497,0.6829044117647058,0.13497266900226565,0.1976450388619987,255.35294117647058,126.10147229465203,0.4938320730267414,804.9019607843138,152.99458594828988,0.19007853552649898,14.23965044803584,1.6797939798030799,0.11796595611199036,10,10.0,0.03333061133340777,2.2080000000000024,0.10581115253129282,0.04792171763192604,30.013333333333335,4.076275533157952,0.13581548866585802,22.030027514682256,1.101774748329997,0.05001240909007952,0.6861979166666666,0.03771998553854147,0.05496954249259934,868.2,44.15835141850293,0.05086195740440328,1000.0,95.45214042184236,0.09545214042184236,15.891806314415948,0.7288639257109915,0.045864133459128334,0,,,,,,,,,,,,,,,,,,,,,,,,30.0,0.11600000000004229,3.508408862265879,0.7783347843763067,10.0,10.0,3.683829305379173,0.3480000000001269,1.160000000000423,3.683829305379173,10.0,3.508408862265879,300.0
CX138,260323,T003346,000009,well007,CX138|260323|T003346|000009|well007,/mnt/benshalom-nas/analysis/Sadegh/CX138/CX138/260323/T003346/Network/000009/well007,/mnt/benshalom-nas/analysis/Sadegh/CX138/CX138/260323/T003346/Network/000009/well007/network_results.json,139,16,16.0,0.05333031128236067,1.3724999999999994,0.5758417751431393,0.41955684892032025,17.298000000000002,20.794995936522803,1.2021618647544687,40.52636727597585,20.82046553119802,0.5137510941806139,0.8754496402877698,0.11425376522854347,0.1305086665990142,1466.8125,780.4413189623868,0.5320661768033657,2083.3333333333335,543.1390245600109,0.2607067317888052,49.37597987400103,12.72898422131077,0.2577970959521803,7,7.0,0.023332011186032793,3.1371428571428557,0.29387627550743217,0.09367640840400848,42.910000000000004,10.250078048483338,0.2388738766833684,92.63169663080194,4.135520774208987,0.04464476982097985,0.8931140801644398,0.06839617712082953,0.07658168048166529,3352.714285714286,132.177061210348,0.039423896564507906,2509.5238095238096,86.76603408708849,0.03457470049011116,59.04724837675661,1.186304511091136,0.020090767033237634,7,7.0,0.023332011186032793,3.1371428571428557,0.29387627550743217,0.09367640840400848,42.910000000000004,10.250078048483338,0.2388738766833684,92.63169663080194,4.135520774208987,0.04464476982097985,0.8931140801644398,0.06839617712082953,0.07658168048166529,3352.714285714286,132.177061210348,0.039423896564507906,2509.5238095238096,86.76603408708849,0.03457470049011116,59.04724837675661,1.186304511091136,0.020090767033237634,30.0,0.10429999999999495,2.529611537348379,1.0694550967973462,10.0,10.0,2.6560921142157983,0.31289999999998486,1.0429999999999495,2.6560921142157983,10.0,2.529611537348379,300.0
CX138,260323,T003346,000009,well008,CX138|260323|T003346|000009|well008,/mnt/benshalom-nas/analysis/Sadegh/CX138/CX138/260323/T003346/Network/000009/well008,/mnt/benshalom-nas/analysis/Sadegh/CX138/CX138/260323/T003346/Network/000009/well008/network_results.json,186,44,44.0,0.14664931316460886,0.8843181818181812,0.6365082222109537,0.7197728547232584,6.583953488372092,10.281927504468166,1.5616646628241009,36.781507640149194,19.7756767532448,0.5376526962059184,0.793377321603128,0.12978052489709713,0.16357982685320235,1319.2045454545455,683.5959924461448,0.5181880208050714,2722.7272727272725,643.254537774363,0.2362537534396659,66.99330218904268,12.35850004909862,0.18447366595283246,12,12.0,0.039995267226711505,3.242499999999998,0.20837166314065003,0.06426265632710876,25.54909090909091,0.7840043430475151,0.03068619333021159,134.86552801388038,2.218267086315454,0.01644799170687375,0.8134632616487455,0.06494285611501245,0.07983502043274188,4837.083333333333,82.21765659245924,0.016997362031346556,3538.888888888889,175.24233661763893,0.04951902761565935,81.34918570276965,2.3026125799154906,0.028305293532115774,12,12.0,0.039995267226711505,3.242499999999998,0.20837166314065003,0.06426265632710876,25.54909090909091,0.7840043430475151,0.03068619333021159,134.86552801388038,2.218267086315454,0.01644799170687375,0.8134632616487455,0.06494285611501245,0.07983502043274188,4837.083333333333,82.21765659245924,0.016997362031346556,3538.888888888889,175.24233661763893,0.04951902761565935,81.34918570276965,2.3026125799154906,0.028305293532115774,30.0,0.05359999999998876,2.832144576822884,1.092033985419342,10.0,10.0,2.9737518056640284,0.16079999999996628,0.5359999999998876,2.9737518056640284,10.0,2.832144576822884,300.03000000000003
CX138,260323,T003346,000009,well009,CX138|260323|T003346|000009|well009,/mnt/benshalom-nas/analysis/Sadegh/CX138/CX138/260323/T003346/Network/000009/well009,/mnt/benshalom-nas/analysis/Sadegh/CX138/CX138/260323/T003346/Network/000009/well009/network_results.json,81,47,47.0,0.15665293342616965,0.6076595744680837,0.5019757253008373,0.8260805003200073,5.946521739130433,10.007311504788646,1.6828848768745992,9.204640272201003,6.619542282697316,0.7191527411113546,0.7383766745468873,0.1023336994846205,0.1385928117886696,334.4255319148936,238.6808377872944,0.7137039938925331,1075.886524822695,268.75970510022347,0.24980302187957487,20.98810465793251,3.2479376534469635,0.15475135589336775,12,12.0,0.03999649364072416,2.3799999999999946,0.2932575659722991,0.12321746469424359,24.70363636363636,2.99793648039711,0.12135608038701778,36.051507732787265,2.28165593629944,0.06328877985384157,0.7592592592592592,0.0727138485068011,0.09576945900895756,1309.8333333333333,73.4028079995733,0.05603980760878481,1425.0,175.92348926187793,0.12345508018377399,24.329607504962482,1.0918770142288978,0.04487852975047744,5,5.0,0.016665205683635068,2.633999999999985,0.05161395160226664,0.01959527395682116,54.6225,43.33760571086039,0.79340209091236,37.20967068215226,2.2419128366487717,0.060250811027040684,0.795679012345679,0.06802906037816923,0.08549812087869214,1347.8,72.4662680148495,0.053766336262686974,1380.0,157.1976816340213,0.11391136350291399,24.733842114734763,0.6322316001782758,0.02556139872024309,30.0,0.10079999999999245,3.3203160951005652,0.7937036166636795,10.0,10.0,3.4863318998555934,0.30239999999997735,1.0079999999999245,3.4863318998555934,10.0,3.3203160951005652,299.99999999999994
CX138,260323,T003346,000009,well010,CX138|260323|T003346|000009|well010,/mnt/benshalom-nas/analysis/Sadegh/CX138/CX138/260323/T003346/Network/000009/well010,/mnt/benshalom-nas/analysis/Sadegh/CX138/CX138/260323/T003346/Network/000009/well010/network_results.json,110,47,47.0,0.15665000954898464,0.8100000000000002,0.5144672931729259,0.6351448063863282,5.791956521739131,9.720739509255724,1.6783170717477884,20.581742898006826,10.759017467001447,0.5227456936138956,0.771760154738878,0.1527571358221493,0.19793343162920102,750.7659574468086,402.7111425985373,0.5364003769804243,1589.3617021276596,534.8430044268476,0.33651434013469667,36.49726313634299,9.910065190384893,0.27152899529380653,12,12.0,0.039995747118889695,3.1725000000000008,0.6913166785200493,0.21790911852483819,24.035454545454545,5.813344153577517,0.2418653719480793,80.61182635052673,10.27598053749933,0.12747485080930912,0.7852525252525252,0.05914683747097625,0.0753220595526968,2940.5,333.6054306112737,0.1134519403541145,2391.666666666667,119.50902646832753,0.0499689309275237,49.512966122187606,2.616564140413307,0.05284603903462733,12,12.0,0.039995747118889695,3.1725000000000008,0.6913166785200493,0.21790911852483819,24.035454545454545,5.813344153577517,0.2418653719480793,80.61182635052673,10.27598053749933,0.12747485080930912,0.7852525252525252,0.05914683747097625,0.0753220595526968,2940.5,333.6054306112737,0.1134519403541145,2391.666666666667,119.50902646832753,0.0499689309275237,49.512966122187606,2.616564140413307,0.05284603903462733,30.0,0.06309999999999862,1.936466425672616,0.7901251966096822,10.0,10.0,2.033289746956247,0.18929999999999586,0.6309999999999861,2.033289746956247,10.0,1.936466425672616,300.03
CX138,260323,T003346,000009,well011,CX138|260323|T003346|000009|well011,/mnt/benshalom-nas/analysis/Sadegh/CX138/CX138/260323/T003346/Network/000009/well011,/mnt/benshalom-nas/analysis/Sadegh/CX138/CX138/260323/T003346/Network/000009/well011/network_results.json,141,69,69.0,0.22997838203208895,0.6117391304347831,0.42476235989297734,0.6943521163851081,4.139558823529412,8.578351588844667,2.07228643305779,15.930761715288222,10.441022962578971,0.6554001088698144,0.6732449378147803,0.17639325197446962,0.2620045722839108,566.2173913043479,374.1422991154537,0.660775004196839,1445.8937198067636,638.3629790740896,0.4415006236830489,33.16439182568567,13.587644874405793,0.4097058358803439,14,14.0,0.046662280412307904,3.0342857142857156,1.2008491893282018,0.39576009064488743,21.482307692307693,10.152196544322614,0.472584076614724,78.51589702534909,37.366130345497226,0.475905284931451,0.6470193869509978,0.16095186306543066,0.24875894959484482,2790.6428571428573,1328.8223898917233,0.4761707097310944,2042.8571428571431,806.8583569395965,0.3949656292711311,41.03825390678554,16.033260413068522,0.3906906090470256,11,11.0,0.03666322032395621,3.7690909090909126,0.3586959853655514,0.09516777228704926,27.860999999999997,3.7513209673393786,0.134644160918107,98.40702401584582,4.8008092393267106,0.048785229381122924,0.6853348582071986,0.09194727482476163,0.13416401299839184,3499.909090909091,133.8095352937794,0.03823228884468618,2460.6060606060605,117.04974494441188,0.04756947762519202,49.37195911561505,1.741984047837554,0.03528286256087841,30.0,0.07859999999999445,2.834300609164842,1.3065102877964874,10.0,10.0,2.976015639623084,0.23579999999998336,0.7859999999999445,2.976015639623084,10.0,2.834300609164842,300.0
CX138,260323,T003346,000009,well012,CX138|260323|T003346|000009|well012,/mnt/benshalom-nas/analysis/Sadegh/CX138/CX138/260323/T003346/Network/000009/well012,/mnt/benshalom-nas/analysis/Sadegh/CX138/CX138/260323/T003346/Network/000009/well012/network_results.json,85,26,26.0,0.08664803733863885,0.6853846153846139,0.40074191550202864,0.5846963974777086,11.112,15.830472134462699,1.4246285218198973,10.074027207487385,6.077113336326742,0.6032456743624843,0.7687782805429866,0.09095022624434389,0.11830488522660386,386.1923076923077,249.28436330219802,0.645492824007285,1208.9743589743591,316.43820264733296,0.2617410371844323,19.80782210276637,4.271681484672902,0.21565629287817145,9,9.0,0.029993551386451912,1.9799999999999958,0.12884098726724896,0.06507120569052992,34.57875000000001,5.193227410531907,0.15018551597532898,29.102745266074667,1.56280337648948,0.05369951742357632,0.7855337690631807,0.05697710517891744,0.07253298002308384,1115.6666666666667,62.243250414982526,0.05579018561247313,1511.111111111111,230.9401076758503,0.15282801243254798,24.30193548075975,0.967179742852203,0.03979846558385999,0,,,,,,,,,,,,,,,,,,,,,,,,30.0,0.13980000000000103,4.410814352328005,0.8065156606934751,10.0,10.0,4.631355069944406,0.4194000000000031,1.3980000000000103,4.631355069944406,10.0,4.410814352328005,300.06
CX138,260323,T003346,000009,well013,CX138|260323|T003346|000009|well013,/mnt/benshalom-nas/analysis/Sadegh/CX138/CX138/260323/T003346/Network/000009/well013,/mnt/benshalom-nas/analysis/Sadegh/CX138/CX138/260323/T003346/Network/000009/well013/network_results.json,112,57,57.0,0.18995687978828804,0.7547368421052636,0.43440665427021236,0.5755736702324986,4.934999999999998,8.584747063417593,1.7395637413206884,19.336885915350557,13.564329444457686,0.7014743482397889,0.7761591478696742,0.12773217595841116,0.16456956837911135,668.2631578947369,492.42206708415415,0.7368684944946782,1335.0877192982457,531.2246710900394,0.3978949573210544,32.699771096727744,13.097487961342857,0.40053760384437426,12,12.0,0.03999092206069222,3.585000000000002,0.3094753625088752,0.08632506625073222,24.859090909090902,2.1289538811583393,0.08564085826564907,91.85020809791513,1.8832273356187743,0.02050324517078063,0.7815104166666665,0.029848715469430655,0.03819362459267369,3174.25,59.27214775929754,0.018672803893611888,2202.777777777778,81.03306747674905,0.036786764554387966,52.48286960983998,0.977582935887038,0.018626705116439587,12,12.0,0.03999092206069222,3.585000000000002,0.3094753625088752,0.08632506625073222,24.859090909090902,2.1289538811583393,0.08564085826564907,91.85020809791513,1.8832273356187743,0.02050324517078063,0.7815104166666665,0.029848715469430655,0.03819362459267369,3174.25,59.27214775929754,0.018672803893611888,2202.777777777778,81.03306747674905,0.036786764554387966,52.48286960983998,0.977582935887038,0.018626705116439587,30.0,0.06510000000000103,0.787507983369328,0.44525247461441186,10.0,10.0,0.8268833825377945,0.19530000000000308,0.6510000000000103,0.8268833825377945,10.0,0.787507983369328,300.05999999999995
CX138,260323,T003346,000009,well014,CX138|260323|T003346|000009|well014,/mnt/benshalom-nas/analysis/Sadegh/CX138/CX138/260323/T003346/Network/000009/well014,/mnt/benshalom-nas/analysis/Sadegh/CX138/CX138/260323/T003346/Network/000009/well014/network_results.json,84,56,56.0,0.18666069352447387,0.5271428571428567,0.28969019341921776,0.5495477923941805,4.828363636363635,8.557730320091006,1.772387285754652,7.483304717782183,2.4838191393237414,0.33191473994391446,0.681547619047619,0.1556465102975343,0.22837217231428614,274.5,94.25364714428827,0.34336483476972046,1008.3333333333334,401.645919242863,0.39832653148052527,20.52894290715317,5.157920647169542,0.25125115650120977,13,13.0,0.04333194671103858,2.2707692307692287,0.3000887442705472,0.13215290228716522,22.027499999999993,4.1141060693667155,0.18677135713842774,32.23577416890787,1.7103282312783963,0.05305683748486011,0.6882936507936507,0.043114139231650486,0.06263916452220193,1182.4615384615386,57.25330408284195,0.048418745321164795,1664.1025641025642,176.12230524178872,0.10583620808058182,27.96963365505166,1.4228061672492718,0.05086967476216105,4,4.0,0.013332906680319561,2.60250000000001,0.07758060324592396,0.029810030065676722,80.35999999999997,45.10833847527528,0.5613282537988464,33.24042184741903,0.9162078315722748,0.027563062700523888,0.7090773809523809,0.017145414615778145,0.0241798921758718,1217.0,37.074249823833256,0.030463639953848196,1775.0000000000002,216.50635094610973,0.12197540898372378,27.51003444168164,1.1361394841065078,0.041299093482234754,30.0,0.12380000000000103,3.015043693138168,0.8325446725092229,10.0,10.0,3.1657958777950768,0.3714000000000031,1.2380000000000104,3.1657958777950768,10.0,3.015043693138168,299.99999999999994
CX138,260323,T003346,000009,well015,CX138|260323|T003346|000009|well015,/mnt/benshalom-nas/analysis/Sadegh/CX138/CX138/260323/T003346/Network/000009/well015,/mnt/benshalom-nas/analysis/Sadegh/CX138/CX138/260323/T003346/Network/000009/well015/network_results.json,161,71,71.0,0.2366373236385355,0.662957746478872,0.5131877573276444,0.7740881829246404,4.199571428571428,8.026686460215839,1.9113108555808715,23.963614168056242,10.85161551804322,0.4528371823190402,0.7746478873239435,0.08141337953243433,0.10509727176005161,856.5915492957746,365.1196438084135,0.4262470766943563,2257.74647887324,477.3084994483768,0.21140925427844506,54.86627259979423,8.043913151936378,0.1466094336426008,14,14.0,0.046660880717457706,3.3621428571428504,0.26287364078660935,0.07818633887853278,22.506923076923076,3.0567438296718104,0.1358134925518081,121.52975756657092,4.6712442730614345,0.03843704098975632,0.7834769932817849,0.03485819443968189,0.04449166311019526,4344.142857142857,147.25481177821231,0.03389732258369187,2980.952380952381,161.6945413938061,0.05424257778386466,63.581088997901986,2.139861323096257,0.033655625545622014,14,14.0,0.046660880717457706,3.3621428571428504,0.26287364078660935,0.07818633887853278,22.506923076923076,3.0567438296718104,0.1358134925518081,121.52975756657092,4.6712442730614345,0.03843704098975632,0.7834769932817849,0.03485819443968189,0.04449166311019526,4344.142857142857,147.25481177821231,0.03389732258369187,2980.952380952381,161.6945413938061,0.05424257778386466,63.581088997901986,2.139861323096257,0.033655625545622014,30.0,0.05449999999996181,1.4138616648227722,0.7602397825304995,10.0,10.0,1.484554748063911,0.16349999999988543,0.5449999999996181,1.484554748063911,10.0,1.4138616648227722,300.03
CX138,260323,T003346,000009,well016,CX138|260323|T003346|000009|well016,/mnt/benshalom-nas/analysis/Sadegh/CX138/CX138/260323/T003346/Network/000009/well016,/mnt/benshalom-nas/analysis/Sadegh/CX138/CX138/260323/T003346/Network/000009/well016/network_results.json,194,46,46.0,0.15330062919910417,0.9632608695652153,0.7470261457150268,0.7755180027734441,6.073999999999998,10.33617259917809,1.7017077048366962,41.74361717354475,21.321166848766435,0.5107647178759306,0.8229493500672348,0.11573242990650687,0.1406312914604666,1462.7391304347825,725.8256598307952,0.49620991517130725,2906.521739130435,798.0537789325185,0.27457347667087395,70.806956520956,14.682039022357754,0.2073530588482851,11,11.0,0.03665884611282926,4.028181818181809,0.2497205049220288,0.06199335486667395,27.092999999999996,3.3427983786043596,0.1233823636586705,174.56421727118712,3.9584087428459984,0.022675945876677428,0.8292564823492659,0.035525244672664,0.0428398757547505,6116.909090909091,125.86244623358004,0.020576151184040967,4084.848484848485,228.46153727237296,0.055929011350061626,87.18932432065111,3.2169443504919646,0.036896080747927294,11,11.0,0.03665884611282926,4.028181818181809,0.2497205049220288,0.06199335486667395,27.092999999999996,3.3427983786043596,0.1233823636586705,174.56421727118712,3.9584087428459984,0.022675945876677428,0.8292564823492659,0.035525244672664,0.0428398757547505,6116.909090909091,125.86244623358004,0.020576151184040967,4084.848484848485,228.46153727237296,0.055929011350061626,87.18932432065111,3.2169443504919646,0.036896080747927294,30.0,0.0608000000000004,2.52469840205187,1.1912312049897842,10.0,10.0,2.6509333221544633,0.1824000000000012,0.608000000000004,2.6509333221544633,10.0,2.52469840205187,300.06
CX138,260323,T003346,000009,well017,CX138|260323|T003346|000009|well017,/mnt/benshalom-nas/analysis/Sadegh/CX138/CX138/260323/T003346/Network/000009/well017,/mnt/benshalom-nas/analysis/Sadegh/CX138/CX138/260323/T003346/Network/000009/well017/network_results.json,118,48,48.0,0.1599667269208005,0.654374999999997,0.4232311535969475,0.646771581428003,6.246382978723405,10.625926828268225,1.701132777875218,12.865101717941386,6.4944459965291665,0.5048110880827438,0.6919138418079097,0.10564211103429862,0.15268101987707763,464.7083333333333,232.02980756192127,0.49930201573443117,1325.0000000000002,346.0424401289102,0.261164105757668,27.92877303723678,5.66996287307144,0.20301510795020644,13,13.0,0.04332432187438347,2.4161538461538354,0.8487414978528636,0.35127792015559617,24.367500000000003,8.171307652389542,0.3353363148615796,47.501914035475885,18.831622834270348,0.39643924285253673,0.6657540199913081,0.11061088456904077,0.16614377269623526,1715.8461538461538,680.5981358226064,0.3966545219086292,1517.9487179487178,531.5057444134637,0.3501473654075184,29.65308689057687,8.316405910976076,0.2804566668443162,9,9.0,0.029993761297650093,2.839999999999996,0.16248076809272208,0.05721153806081772,36.551249999999996,14.052469923024212,0.3844593529092497,56.149752565739924,2.980691338301817,0.05308467450167362,0.7096829880728186,0.036946848280789944,0.05206105951774475,2027.7777777777778,104.31019741113818,0.051440645298643485,1703.7037037037037,249.66369698300323,0.14654173518567581,33.060906879609135,1.0023990555381024,0.030319768879550874,30.0,0.1102999999999952,4.155037395157848,1.3542711171135369,10.0,10.0,4.36278926491574,0.3308999999999856,1.102999999999952,4.36278926491574,10.0,4.155037395157848,300.06
CX138,260323,T003346,000009,well018,CX138|260323|T003346|000009|well018,/mnt/benshalom-nas/analysis/Sadegh/CX138/CX138/260323/T003346/Network/000009/well018,/mnt/benshalom-nas/analysis/Sadegh/CX138/CX138/260323/T003346/Network/000009/well018/network_results.json,91,59,59.0,0.19668390928938104,0.5303389830508481,0.3065110726105417,0.5779531250885886,4.634482758620691,9.906011092611603,2.1374577506379198,8.19829652095249,4.008701652387848,0.48896763396429477,0.6442540510337121,0.13250140214445488,0.2056663856934311,288.4237288135593,145.4799425152194,0.5043965803842008,912.9943502824859,283.64170318782413,0.31067191500151525,19.680553696900734,4.383530052530129,0.222734081573144,10,10.0,0.033336255811759495,3.129000000000004,0.4301732209238484,0.13747945699068323,29.63333333333334,4.362402498114482,0.147212682726023,48.369949473619684,2.1584725428013454,0.044624246382116796,0.6515515436944008,0.0418652014836463,0.06425462711094805,1701.7,78.86450405600735,0.04634454019862922,1383.3333333333335,136.01470508735446,0.0983238831956779,24.889525964628373,1.1623190053174717,0.046699121830174495,10,10.0,0.033336255811759495,3.129000000000004,0.4301732209238484,0.13747945699068323,29.63333333333334,4.362402498114482,0.147212682726023,48.369949473619684,2.1584725428013454,0.044624246382116796,0.6515515436944008,0.0418652014836463,0.06425462711094805,1701.7,78.86450405600735,0.04634454019862922,1383.3333333333335,136.01470508735446,0.0983238831956779,24.889525964628373,1.1623190053174717,0.046699121830174495,30.0,0.1080000000000041,1.9179086406944537,0.8597123858132885,10.0,10.0,2.0138040727291764,0.32400000000001233,1.0800000000000411,2.0138040727291764,10.0,1.9179086406944537,299.97
CX138,260323,T003346,000009,well019,CX138|260323|T003346|000009|well019,/mnt/benshalom-nas/analysis/Sadegh/CX138/CX138/260323/T003346/Network/000009/well019,/mnt/benshalom-nas/analysis/Sadegh/CX138/CX138/260323/T003346/Network/000009/well019/network_results.json,88,33,33.0,0.10999263049375692,0.6354545454545438,0.2845527155623085,0.4477939729878972,8.938124999999998,14.17358909148896,1.5857452308497548,8.671155455177423,3.285741535211739,0.378927762533639,0.7000688705234159,0.09099253203809225,0.12997654355072302,338.09090909090907,135.35864003641174,0.40036166722251393,1155.5555555555557,384.6960115784341,0.3329100100197987,18.740409032229707,2.787122301379082,0.14872259706742771,10,10.0,0.03333110014962331,2.0969999999999946,0.20144726357039314,0.09606450337167079,31.659999999999993,8.147085368400163,0.25733055490840695,28.614813002085505,1.27881835921914,0.04469078162858996,0.7037878787878787,0.03381039897002692,0.04804060994664751,1115.7,37.070338547145745,0.03322608097799206,1660.0,158.32456116050557,0.09537624166295516,21.999874858039757,1.496146528753786,0.06800704724040856,0,,,,,,,,,,,,,,,,,,,,,,,,30.0,0.12190000000001078,4.783803230179254,0.9146940939969017,10.0,10.0,5.0229933916882175,0.36570000000003233,1.2190000000001078,5.0229933916882175,10.0,4.783803230179254,300.0
CX138,260323,T003346,000009,well020,CX138|260323|T003346|000009|well020,/mnt/benshalom-nas/analysis/Sadegh/CX138/CX138/260323/T003346/Network/000009/well020,/mnt/benshalom-nas/analysis/Sadegh/CX138/CX138/260323/T003346/Network/000009/well020/network_results.json,80,33,33.0,0.10998632503358749,0.5736363636363636,0.3874220796090437,0.6753792196037212,8.932500000000001,12.721408383115453,1.4241711036233362,6.186706431279435,3.217096376166785,0.5200014598884849,0.7295454545454546,0.10325287901455042,0.1415304260635582,232.96969696969697,120.91707272203436,0.5190248959192422,898.9898989898992,266.34890771075135,0.29627575127375705,15.049462354099793,1.7887856322960967,0.11886043436022108,11,11.0,0.03666210834452916,1.720909090909091,0.41079644473665516,0.23870897475452757,28.470000000000006,3.069661219092441,0.1078209068876867,18.56011929383831,2.5908193680950746,0.13959066356621905,0.7392045454545454,0.06055573194387165,0.08192012930147126,698.9090909090909,83.39332276022904,0.11931927033851711,1181.8181818181818,247.55925170303152,0.20947321297948823,16.41316957144091,1.3132497689481275,0.08001195401241672,0,,,,,,,,,,,,,,,,,,,,,,,,30.0,0.18639999999999546,3.721479546713194,0.7704315373789181,10.0,10.0,3.9075535240488537,0.5591999999999864,1.8639999999999546,3.9075535240488537,10.0,3.721479546713194,300.03000000000003
CX138,260323,T003346,000009,well021,CX138|260323|T003346|000009|well021,/mnt/benshalom-nas/analysis/Sadegh/CX138/CX138/260323/T003346/Network/000009/well021,/mnt/benshalom-nas/analysis/Sadegh/CX138/CX138/260323/T003346/Network/000009/well021/network_results.json,109,35,35.0,0.11665340706273053,0.6282857142857138,0.3637619764491634,0.5789754058990783,7.3994117647058815,13.65314485237235,1.8451662492275218,14.115104099738241,7.055269212271089,0.4998382698716282,0.744167758846658,0.0868075100585934,0.11665045821540465,528.0571428571428,269.0047203895068,0.5094235046874115,1472.380952380953,351.0063278302412,0.2383936896647821,30.114603294941254,5.341741936413129,0.17738045173952038,8,8.0,0.026663635900052694,2.748749999999998,0.20453835214942007,0.0744114059661374,35.699999999999996,3.6454276645056267,0.10211281973405117,61.753580436354795,3.4451242801532467,0.05578825156063463,0.7544533639143731,0.04267599146613442,0.05656544659661421,2310.25,109.00659383725372,0.047183895178986565,1916.666666666667,154.56030825826173,0.0806401608303974,36.28487258872227,0.6374367234509728,0.017567561299611536,7,7.0,0.023330681412546104,2.794285714285711,0.1767045268121886,0.06323781634383036,41.65,15.942524894131417,0.3827737069419308,62.10162114279899,3.5489966344316377,0.057148212383553255,0.7550895587592835,0.04558705380700902,0.06037304221490607,2319.8571428571427,113.320567508322,0.0488480800885679,1900.0000000000002,158.36465855538944,0.08334982029231022,36.199176027924274,0.6368837280523889,0.01759387361637991,30.0,0.12830000000000297,3.84258644017013,0.8340575978941103,10.0,10.0,4.034715762178637,0.3849000000000089,1.2830000000000297,4.034715762178637,10.0,3.84258644017013,300.0299999999999
CX138,260323,T003346,000009,well022,CX138|260323|T003346|000009|well022,/mnt/benshalom-nas/analysis/Sadegh/CX138/CX138/260323/T003346/Network/000009/well022,/mnt/benshalom-nas/analysis/Sadegh/CX138/CX138/260323/T003346/Network/000009/well022/network_results.json,7,0,,,,,,,,,,,,,,,,,,,,,,,,0,,,,,,,,,,,,,,,,,,,,,,,,0,,,,,,,,,,,,,,,,,,,,,,,,30.0,0.23989991663190705,0.00876430436278587,0.00876430436278587,5.0,5.0,0.009202519580925163,0.7196997498957212,2.3989991663190704,0.009202519580925163,5.0,0.00876430436278587,296.0699999999981
CX138,260323,T003346,000009,well023,CX138|260323|T003346|000009|well023,/mnt/benshalom-nas/analysis/Sadegh/CX138/CX138/260323/T003346/Network/000009/well023,/mnt/benshalom-nas/analysis/Sadegh/CX138/CX138/260323/T003346/Network/000009/well023/network_results.json,90,65,65.0,0.21664298036747986,0.5741538461538452,0.30480204071440814,0.5308717215015155,4.610625000000001,8.77248661921892,1.9026675600854372,8.978597388172028,3.4647131443036,0.3858857897858129,0.6733333333333333,0.1154503136798464,0.17146086190076198,325.83076923076925,127.63729491514006,0.3917287959527883,973.3333333333333,270.2452194442644,0.2776491980591758,20.546443660777143,4.489935682411518,0.21852617204907043,14,14.0,0.04666156500222643,2.6657142857142815,0.9448031865020821,0.35442777628695527,22.553076923076922,7.3439188706506116,0.32562824556928255,41.686345016512995,16.3814203399758,0.3929684968419926,0.6702910052910054,0.03664399346326348,0.054668782922656964,1512.7857142857142,593.7680136902228,0.3924997493584739,1285.7142857142858,374.7410292485567,0.29146524497109966,24.371328021897803,6.310761734799054,0.25894205392208386,11,11.0,0.03666265821603505,3.122727272727268,0.33417716882709003,0.10701452276850061,26.955000000000002,3.9252394831398583,0.1456219433552164,49.66810463654547,4.557934736995353,0.09176784115981051,0.6783501683501684,0.02854468327759957,0.04207956982899227,1802.909090909091,158.01694647062644,0.08764554312106146,1457.5757575757575,172.96634173127683,0.11866713673871383,27.014132111769076,3.2533811562570736,0.12043256258599896,30.0,0.10509999999999665,3.369397210384003,0.9946586072313548,10.0,10.0,3.537867070903203,0.31529999999999,1.0509999999999666,3.537867070903203,10.0,3.369397210384003,300.03000000000003
CX138,260325,T003346,000012,well000,CX138|260325|T003346|000012|well000,/mnt/benshalom-nas/analysis/Sadegh/CX138/CX138/260325/T003346/Network/000012/well000,/mnt/benshalom-nas/analysis/Sadegh/CX138/CX138/260325/T003346/Network/000012/well000/network_results.json,92,17,17.0,0.05665435378711027,0.7852941176470614,0.5114238215604731,0.6512513083541583,15.294375000000002,19.65526423402583,1.2851302674366116,11.154093978874183,7.807405533858146,0.6999587370023371,0.7359335038363171,0.09130470602493011,0.12406651626671651,412.8235294117647,304.0629260133148,0.7365445628706685,1045.0980392156864,169.1737616480235,0.1618735805637748,19.43425154596023,6.2705257167798605,0.32265331659161867,7,7.0,0.023328263324104228,1.9071428571428635,0.1982577172495022,0.1039553573592892,40.71,6.631176366226452,0.16288814458920295,27.088513948694445,1.5618964405057294,0.057658993160863536,0.744047619047619,0.05964296292633524,0.08016014217299457,1002.5714285714286,51.36106680817163,0.05122933423442596,1171.4285714285718,62.8138378965377,0.05362156893606875,25.169156752345685,1.2139531242381245,0.04823177574771105,0,,,,,,,,,,,,,,,,,,,,,,,,30.0,0.22329999999999472,3.5847335716155513,0.7958725766316999,10.0,10.0,3.763970250196329,0.6698999999999842,2.2329999999999472,3.763970250196329,10.0,3.5847335716155513,300.06
CX138,260325,T003346,000012,well001,CX138|260325|T003346|000012|well001,/mnt/benshalom-nas/analysis/Sadegh/CX138/CX138/260325/T003346/Network/000012/well001,/mnt/benshalom-nas/analysis/Sadegh/CX138/CX138/260325/T003346/Network/000012/well001/network_results.json,128,48,48.0,0.15996358162458346,0.6006250000000031,0.4648987625010398,0.7740249947988136,5.662340425531913,8.596451571944742,1.5181799266576599,10.401035439142506,8.763060891073097,0.8425181264256467,0.62109375,0.1769420583827926,0.2848878424276409,394.3333333333333,344.12257586828304,0.8726692541038454,1233.3333333333335,715.6646742196557,0.5802686547726937,24.089696536752168,11.931048864674066,0.4952760133973294,20,20.0,0.06665149234357644,1.4790000000000052,0.9678011159323984,0.6543618092849188,13.964210526315789,9.427812893544214,0.6751411313784866,24.962485053942014,19.423243773461643,0.7780973621612393,0.5931901041666667,0.16462236081724693,0.2775204098330567,946.4,754.1822989171782,0.7968959202421578,1380.0000000000002,880.4291882687419,0.6379921654121317,23.63272935406586,12.913953426877113,0.5464435881865397,3,3.0,0.009997723851536466,3.1799999999999833,0.18493242008908245,0.058154849084617426,75.15,12.510000000000012,0.16646706586826363,50.98935836608147,1.453187157221634,0.02849981258419415,0.6240885416666667,0.072860609032071,0.11674723082960678,1904.3333333333333,30.728199137310703,0.01613593513249293,2111.1111111111113,56.655772373253214,0.026836944808383098,36.771852100722796,1.1779806682620149,0.032034847334732434,30.0,0.11400000000000432,5.20571103656819,1.7688621098101205,10.0,10.0,5.4659965883966,0.34200000000001296,1.1400000000000432,5.4659965883966,10.0,5.20571103656819,300.05999999999995
CX138,260325,T003346,000012,well002,CX138|260325|T003346|000012|well002,/mnt/benshalom-nas/analysis/Sadegh/CX138/CX138/260325/T003346/Network/000012/well002,/mnt/benshalom-nas/analysis/Sadegh/CX138/CX138/260325/T003346/Network/000012/well002/network_results.json,123,35,35.0,0.11663933418268985,0.9317142857142873,0.6005972537603617,0.6446152677587434,8.257058823529412,9.397746453714554,1.1381469666819648,15.158991234562372,9.054449395998835,0.5972989400082749,0.808130081300813,0.16725287124831165,0.20696280848634138,567.0285714285715,343.59032796251375,0.6059488803128077,1775.2380952380954,652.9222641273594,0.36779419384856615,29.010259896980262,7.377566546335311,0.25430887460278345,15,15.0,0.04998828607829565,2.196000000000003,0.2636361128525418,0.1200528747051646,20.022857142857138,1.782043083379419,0.08900043938110686,35.3709795473122,2.230886995310306,0.06307111151180513,0.8340560072267389,0.08985673254350951,0.1077346506289018,1323.0666666666666,76.5292681847206,0.057842337134475924,2382.222222222222,241.25187903061496,0.10127177757814994,33.72312721395904,1.1942722657026752,0.0354140426575958,2,2.0,0.006665104810439419,2.7299999999999898,0.15000000000000568,0.054945054945057234,22.74000000000001,0.0,0.0,39.83138390561872,0.04439839165996062,0.001114658525678232,0.6300813008130082,0.024390243902439046,0.03870967741935487,1476.0,22.0,0.014905149051490514,2066.666666666667,100.00000000000011,0.048387096774193596,35.04486981117738,0.7751630862812711,0.022119160106967694,30.0,0.1319999999999979,3.688512690061907,1.2344077308539236,10.0,10.0,3.8729383245650024,0.3959999999999937,1.319999999999979,3.8729383245650024,10.0,3.688512690061907,300.06
CX138,260325,T003346,000012,well003,CX138|260325|T003346|000012|well003,/mnt/benshalom-nas/analysis/Sadegh/CX138/CX138/260325/T003346/Network/000012/well003,/mnt/benshalom-nas/analysis/Sadegh/CX138/CX138/260325/T003346/Network/000012/well003/network_results.json,116,45,45.0,0.14996160982788406,0.611333333333333,0.34218643391513176,0.5597378962624842,5.916818181818183,9.901303351471018,1.6734168681905381,9.245773677940678,5.57764505745742,0.6032642861208057,0.7095785440613027,0.1281985695718312,0.18066861046570162,345.2,220.55995405633664,0.6389338182396774,1056.296296296296,341.94954665186845,0.32372502663395686,19.727873160421666,5.749609490230823,0.2914459882966892,13,13.0,0.04332224283916651,2.1346153846153837,0.8144617418848418,0.3815496448469531,21.63,8.663414453897483,0.4005277140035822,32.00460119287157,12.473439636263326,0.38973894913090035,0.7149646330680814,0.06264471356172502,0.08761931802542709,1194.923076923077,466.2448121449406,0.3901881394286229,1243.5897435897434,342.7851275296083,0.2756416489413345,24.11610306584364,5.8626653552977315,0.2431016876686516,3,3.0,0.009997440655192272,3.1200000000000094,0.48928519290900063,0.1568221772144228,80.20499999999998,51.704999999999984,0.6446605573218627,43.97934850907154,4.667676717914561,0.10613337568999612,0.6934865900383143,0.01774074621117277,0.025581960006166256,1619.3333333333333,170.05358632567035,0.10501456545430446,1400.0,72.0082299823095,0.05143444998736393,25.942315118303185,1.4979556505978382,0.05774178764565926,30.0,0.17819999999999814,5.249419965791691,1.1872338298544216,10.0,10.0,5.511890964081275,0.5345999999999944,1.7819999999999814,5.511890964081275,10.0,5.249419965791691,300.06
CX138,260325,T003346,000012,well004,CX138|260325|T003346|000012|well004,/mnt/benshalom-nas/analysis/Sadegh/CX138/CX138/260325/T003346/Network/000012/well004,/mnt/benshalom-nas/analysis/Sadegh/CX138/CX138/260325/T003346/Network/000012/well004/network_results.json,117,49,49.0,0.1632931632151824,0.5228571428571428,0.29834235915355095,0.5706001404576112,5.491874999999999,9.362310224211488,1.7047566130349814,6.6409780101250036,4.212082934226079,0.6342564194316305,0.6373626373626373,0.12194128863244344,0.19132167699228197,237.53061224489795,156.90476795096956,0.6605665116932304,789.1156462585035,243.31308788223137,0.308336413092138,15.937440202457722,4.934860733629473,0.30963948230961613,18,18.0,0.059985243630067,1.5066666666666686,1.0264772552548664,0.6812902136647335,15.435882352941174,11.40085035983438,0.7385940174428737,18.078217916451397,13.961368091739207,0.7722756831597982,0.6175925925925926,0.07195310490406737,0.1165057770560611,646.6111111111111,502.13833185785336,0.7765692906127125,798.1481481481483,298.0331040984306,0.3734057452741357,16.54560760392426,6.277396731024505,0.3793995893832054,4,4.0,0.01333005414001489,2.8725000000000063,0.23941334549268276,0.08334668250397989,77.61999999999999,58.717029897637005,0.7564677904874647,34.503822586279064,0.7159429528047093,0.02074967059126412,0.6574074074074074,0.06213619043259701,0.09451702206648559,1239.75,21.299941314473145,0.01718083590600778,1125.0,129.90381056766583,0.11547005383792518,23.515828800545194,0.8153300728220789,0.03467154314387491,30.0,0.21050000000001223,5.4949730529597165,1.2756591478404804,10.0,10.0,5.769721705607703,0.6315000000000367,2.105000000000122,5.769721705607703,10.0,5.4949730529597165,300.06
CX138,260325,T003346,000012,well005,CX138|260325|T003346|000012|well005,/mnt/benshalom-nas/analysis/Sadegh/CX138/CX138/260325/T003346/Network/000012/well005,/mnt/benshalom-nas/analysis/Sadegh/CX138/CX138/260325/T003346/Network/000012/well005/network_results.json,112,52,52.0,0.17329162781490587,0.6109615384615398,0.3799760094420192,0.6219311454512104,5.6658823529411775,9.04954796324658,1.5972001180979218,9.663487934644186,5.369700939458437,0.5556690271436813,0.6248282967032966,0.10618693276424095,0.16994578082411083,351.6730769230769,196.07531139000238,0.5575499640334732,1077.5641025641028,154.52175376492391,0.14339912901444454,21.526582861995397,4.605454664272969,0.21394267235993947,14,14.0,0.046655438257859276,2.2692857142857195,0.20460639166507183,0.09016334539852058,22.135384615384616,1.9377965892481477,0.08754293737915596,35.892955185821265,2.1037513605814375,0.058611818104419525,0.6376062925170068,0.06749868090474134,0.10586263293965367,1306.2142857142858,70.03894689123082,0.053619798571511536,1240.4761904761906,131.64319949313412,0.10612311667392768,25.600608760900254,0.9288472287185442,0.036282232090401316,1,1.0,0.0033325313041328054,2.6400000000000006,0.0,0.0,0.0,0.0,0.0,38.24098849365377,0.0,0.0,0.6049107142857143,0.0,0.0,1375.0,0.0,0.0,1233.3333333333335,0.0,0.0,26.36669576981774,0.0,0.0,30.0,0.13284999059088937,3.985163032949543,1.7071230995979003,10.0,10.0,4.184421184597021,0.3985499717726681,1.3284999059088936,4.184421184597021,10.0,3.985163032949543,300.06
CX138,260325,T003346,000012,well006,CX138|260325|T003346|000012|well006,/mnt/benshalom-nas/analysis/Sadegh/CX138/CX138/260325/T003346/Network/000012/well006,/mnt/benshalom-nas/analysis/Sadegh/CX138/CX138/260325/T003346/Network/000012/well006/network_results.json,59,22,22.0,0.0733360712133253,0.6109090909090947,0.25512758111311623,0.41761955241730075,12.281428571428576,15.207367977935123,1.2382409659828524,4.507516339748038,1.1450153884464915,0.25402356911045515,0.6879815100154082,0.09637593464120525,0.1400850651335772,169.63636363636363,40.70129041347846,0.2399325801437637,622.7272727272726,106.071428019316,0.17033368003101843,11.010153070588048,0.6479635063306489,0.05885145303398052,9,9.0,0.030001120041814898,1.533333333333344,0.4437216344611664,0.2893836746485848,32.14125000000001,4.264300755985676,0.1326737683190814,11.01837327493965,2.5903463235322373,0.23509335351923127,0.6873822975517891,0.07101584796596914,0.10331346649295785,414.6666666666667,88.63658637630651,0.21375382566633402,703.7037037037038,108.23436441631452,0.1538067283810785,11.490871107662151,0.5385328365839923,0.046866145441740864,0,,,,,,,,,,,,,,,,,,,,,,,,30.0,0.19410000000000238,2.732834241709001,0.543072641242428,10.0,10.0,2.869475953794451,0.5823000000000071,1.9410000000000238,2.869475953794451,10.0,2.732834241709001,299.97
CX138,260325,T003346,000012,well007,CX138|260325|T003346|000012|well007,/mnt/benshalom-nas/analysis/Sadegh/CX138/CX138/260325/T003346/Network/000012/well007,/mnt/benshalom-nas/analysis/Sadegh/CX138/CX138/260325/T003346/Network/000012/well007/network_results.json,173,14,14.0,0.04666122285733332,1.2621428571428552,0.7432378831978466,0.5888698565234787,16.105384615384615,17.166792010419258,1.0659038837247474,39.90229337203364,22.056542623827752,0.5527637827274997,0.8914120561519405,0.10317505193614622,0.11574338850826593,1513.357142857143,806.7566111237246,0.5330906950362082,2850.0,592.1108326109548,0.20775818688103678,61.33563124076473,10.108179132248061,0.16480109404221782,7,7.0,0.02333061142866666,2.5242857142857105,0.21894925327618986,0.08673711222033567,34.775000000000006,5.539108682811714,0.159284218053536,79.80458674406728,3.4994990748631354,0.04385085140639852,0.9167354803192954,0.06900359143089198,0.07527099464597824,3026.714285714286,117.20764758777997,0.03872438443925331,3319.0476190476193,105.19391444940251,0.03169400578819875,67.771550155611,4.174605463251243,0.06159819944601955,4,4.0,0.01333177795923809,2.6774999999999913,0.12070107704572156,0.045079767337337796,60.150000000000006,13.98504200923255,0.23250277654584456,81.96375299347062,1.5042281929241081,0.018352358670593545,0.9241329479768786,0.06022302402908927,0.06516705649433897,3093.75,52.45176355471759,0.016954105391423866,3325.0,134.11230782859238,0.04033452867025335,69.09226837208621,2.400317722589356,0.03474075723875209,30.0,0.10709999999999999,4.284313112902176,0.9133992327955316,10.0,10.0,4.498528768547285,0.3213,1.071,4.498528768547285,10.0,4.284313112902176,300.03000000000003
CX138,260325,T003346,000012,well008,CX138|260325|T003346|000012|well008,/mnt/benshalom-nas/analysis/Sadegh/CX138/CX138/260325/T003346/Network/000012/well008,/mnt/benshalom-nas/analysis/Sadegh/CX138/CX138/260325/T003346/Network/000012/well008/network_results.json,151,37,37.0,0.12333329222223594,0.7135135135135137,0.47802643948260587,0.6699612977597126,7.902500000000002,12.017687745569033,1.5207450484744107,26.301999031438225,13.00532100966782,0.4944613142948882,0.8485770538750671,0.09637810694620186,0.11357614079485968,994.5675675675676,479.5590621427902,0.48217846406922027,2488.2882882882886,150.9163633331213,0.06065067461975547,58.307314022651674,2.769842880657649,0.04750420984203799,11,11.0,0.03666665444444852,2.4000000000000004,0.28084288716776623,0.1170178696532359,28.347,1.6876673250377356,0.059536011748606045,88.47036037847404,7.754300064540485,0.08764856423516054,0.8572847682119206,0.041263903631712756,0.048133251822237356,3345.3636363636365,269.3477889364579,0.08051375521892,2657.575757575758,98.5663998017612,0.037088839150035566,61.45318524325444,2.7505850804491603,0.0447590319291234,3,3.0,0.009999996666667779,2.809999999999993,0.11575836902790705,0.041195149120251726,114.55499999999999,85.96500000000002,0.7504255597747809,100.93457272442556,0.8049296332650544,0.007974766341585416,0.8579838116261956,0.03081735333535233,0.035918338921735696,3776.3333333333335,17.518244457961217,0.004638956075018417,2744.444444444445,83.14794192830982,0.030296820945537987,65.2842572846423,2.009721708079322,0.030784170513219522,30.0,0.06409999999999984,2.275359583007357,0.7255062529450083,10.0,10.0,2.389127562157725,0.19229999999999953,0.6409999999999983,2.389127562157725,10.0,2.275359583007357,300.0
CX138,260325,T003346,000012,well009,CX138|260325|T003346|000012|well009,/mnt/benshalom-nas/analysis/Sadegh/CX138/CX138/260325/T003346/Network/000012/well009,/mnt/benshalom-nas/analysis/Sadegh/CX138/CX138/260325/T003346/Network/000012/well009/network_results.json,112,18,18.0,0.05999774008512346,1.0816666666666626,0.5684603963533688,0.5255411984776927,16.372941176470583,15.161342391562401,0.9259999305042786,22.053481848250172,12.061562726375493,0.5469232844668704,0.8675595238095238,0.07100881125261996,0.08184892137523261,818.5,462.8449764469981,0.5654795069602909,1787.0370370370372,291.259268678648,0.1629844612295025,35.08506187445797,5.0037636230609746,0.14261806466140878,10,10.0,0.03333207782506859,1.9469999999999927,0.12033702672078972,0.061806382496553756,30.779999999999998,3.5356470412076018,0.11486832492552314,39.696267326850304,1.0843603402036095,0.02731643081892879,0.8802083333333334,0.03967525354736397,0.0450748442668277,1473.3,36.27133854712285,0.024619112568467286,1966.6666666666667,208.69967789998043,0.10611848028812564,38.48379768805237,1.6694762987252147,0.04338127729123569,0,,,,,,,,,,,,,,,,,,,,,,,,30.0,0.15429999999999566,3.979894132090984,0.7669571271241002,10.0,10.0,4.178888838695533,0.462899999999987,1.5429999999999566,4.178888838695533,10.0,3.979894132090984,299.99999999999994
CX138,260325,T003346,000012,well010,CX138|260325|T003346|000012|well010,/mnt/benshalom-nas/analysis/Sadegh/CX138/CX138/260325/T003346/Network/000012/well010,/mnt/benshalom-nas/analysis/Sadegh/CX138/CX138/260325/T003346/Network/000012/well010/network_results.json,172,22,22.0,0.07332969129199916,0.9368181818181806,0.753098969492878,0.8038902148880805,12.835714285714284,15.677227212145144,1.221375520144864,29.86823962844404,32.19497677053302,1.077900042688595,0.6641120507399578,0.2503864694263673,0.3770244330717762,1066.5,1149.2714589528605,1.0776103693885237,1693.9393939393938,1199.4795320646606,0.7081006182134849,38.263358096851476,27.033688971749676,0.7065163727481139,10,10.0,0.03333167785999962,2.081999999999997,0.7368283382172521,0.3539041009689016,29.949999999999996,12.018136294783805,0.4012733320462039,65.71012718257688,36.7439388978681,0.5591822824474885,0.6867248062015504,0.1767262555929381,0.25734654405518853,2346.3,1316.5470025790953,0.5611162266458233,2306.666666666667,1150.0531388689058,0.49857795037669317,50.916244042034805,25.37257976301983,0.4983199417080539,4,4.0,0.013332671143999848,2.6774999999999913,0.10034316120193287,0.0374764374236912,76.27,34.50075071646992,0.4523502126192464,90.48439018381094,1.2575285421358704,0.01389774014701667,0.6848352713178294,0.028510240183042178,0.04163079995599509,3227.5,63.641574461982,0.019718535851892177,3108.333333333334,331.9764047840348,0.10680206052033289,67.52866175648276,0.5914574482016861,0.008758613495622932,30.0,0.17150000000000887,3.90981298625928,1.2386055627584232,10.0,10.0,4.105303635572244,0.5145000000000266,1.7150000000000887,4.105303635572244,10.0,3.90981298625928,300.0
CX138,260325,T003346,000012,well011,CX138|260325|T003346|000012|well011,/mnt/benshalom-nas/analysis/Sadegh/CX138/CX138/260325/T003346/Network/000012/well011,/mnt/benshalom-nas/analysis/Sadegh/CX138/CX138/260325/T003346/Network/000012/well011/network_results.json,153,36,36.0,0.11999000083326389,0.7366666666666669,0.5366304335594704,0.7284576021169279,8.250857142857143,12.895263886166795,1.562899910020908,18.063696628835494,16.30404848003422,0.9025864868660212,0.7035221496005811,0.11256632577910493,0.1600039541654993,647.2777777777778,586.0438271016517,0.9053977244725543,1579.6296296296296,726.919671287551,0.4601836137107591,32.48919117283814,14.50101544919956,0.4463335320370428,14,14.0,0.04666277810182484,1.9264285714285714,0.6311396397770874,0.32762161501220705,22.123846153846152,13.09379450113181,0.5918407861851589,46.449505617005556,27.179691906671394,0.5851449126451128,0.695806100217865,0.09550573555767031,0.13725912366644435,1664.4285714285713,983.3832790267423,0.5908233587835547,1719.0476190476188,886.2901353854913,0.5155704388669063,33.90395319410715,16.56921842135346,0.488710514862124,2,2.0,0.006666111157403549,3.164999999999978,0.3750000000000142,0.1184834123222802,70.49999999999999,0.0,0.0,71.46414502463011,3.0428345399364147,0.04257847818493738,0.6944444444444444,0.03594771241830064,0.05176470588235292,2566.5,95.5,0.037210208455094484,2533.3333333333335,33.333333333333485,0.013157894736842164,46.76013083963278,0.5215449618399823,0.011153624946616557,30.0,0.19224999349805066,4.8014409202223405,1.9506932006648414,10.0,10.0,5.041512966233458,0.576749980494152,1.9224999349805065,5.041512966233458,10.0,4.8014409202223405,300.0
CX138,260325,T003346,000012,well012,CX138|260325|T003346|000012|well012,/mnt/benshalom-nas/analysis/Sadegh/CX138/CX138/260325/T003346/Network/000012/well012,/mnt/benshalom-nas/analysis/Sadegh/CX138/CX138/260325/T003346/Network/000012/well012/network_results.json,78,22,22.0,0.07332930022182113,0.5863636363636376,0.26660398712400357,0.45467346641302836,12.629999999999999,15.642384728678676,1.238510271470996,6.170341083112219,2.909444560778554,0.47152086433949253,0.7016317016317015,0.08992504284829993,0.1281655926309657,235.6818181818182,115.5333034881113,0.49020880939989364,839.3939393939395,246.31349894240236,0.29344207455232046,14.183864922263593,2.0927303061628213,0.14754302283843548,9,9.0,0.02999835009074501,1.4333333333333362,0.27450966386550213,0.19151837013872203,33.07875,2.5377915472906762,0.07671969307457738,15.083055980940978,2.70784535582224,0.17952896012876213,0.714031339031339,0.05768351380342309,0.08078568915711325,576.1111111111111,97.95173918760474,0.17002230524367265,1000.0,296.8975381308308,0.2968975381308308,16.053655376618785,0.9873247748072321,0.06150155535574865,0,,,,,,,,,,,,,,,,,,,,,,,,30.0,0.18874999337748222,3.9084899163197813,0.5261297485725729,10.0,10.0,4.1039144121357705,0.5662499801324467,1.8874999337748222,4.1039144121357705,10.0,3.9084899163197813,300.0
CX138,260325,T003346,000012,well013,CX138|260325|T003346|000012|well013,/mnt/benshalom-nas/analysis/Sadegh/CX138/CX138/260325/T003346/Network/000012/well013,/mnt/benshalom-nas/analysis/Sadegh/CX138/CX138/260325/T003346/Network/000012/well013/network_results.json,189,18,18.0,0.059993080798014624,0.8933333333333332,0.9487652794846314,1.0620506859902592,12.21176470588235,21.355398059918667,1.748756103172531,28.926067905895927,40.51753070423588,1.4007272207218078,0.5543797766019989,0.26635805348084557,0.4804613456743566,1018.6666666666666,1443.7690258486641,1.4173125253749976,1453.7037037037037,1433.2101105038578,0.9859024963975582,31.020358149873864,30.08851672853234,0.9699603268008912,5,5.0,0.016664744666115176,3.2159999999999997,0.17327434893832527,0.05387883984400662,51.17999999999999,15.093294868914485,0.29490611310891923,104.13384446122534,1.7979008511678565,0.017265288345685848,0.5703703703703704,0.07564657419878745,0.1326271106082637,3667.2,54.53952695064379,0.01487225320425496,3760.0,99.7775303139717,0.026536577211162683,79.46630810151326,1.616453731952522,0.020341371967193985,5,5.0,0.016664744666115176,3.2159999999999997,0.17327434893832527,0.05387883984400662,51.17999999999999,15.093294868914485,0.29490611310891923,104.13384446122534,1.7979008511678565,0.017265288345685848,0.5703703703703704,0.07564657419878745,0.1326271106082637,3667.2,54.53952695064379,0.01487225320425496,3760.0,99.7775303139717,0.026536577211162683,79.46630810151326,1.616453731952522,0.020341371967193985,30.0,0.22200000000000839,4.173601608821494,1.386769523250938,10.0,10.0,4.38228168926257,0.6660000000000251,2.2200000000000837,4.38228168926257,10.0,4.173601608821494,300.03
CX138,260325,T003346,000012,well014,CX138|260325|T003346|000012|well014,/mnt/benshalom-nas/analysis/Sadegh/CX138/CX138/260325/T003346/Network/000012/well014,/mnt/benshalom-nas/analysis/Sadegh/CX138/CX138/260325/T003346/Network/000012/well014/network_results.json,119,36,36.0,0.1199943202688406,0.7258333333333322,0.40129910568330573,0.5528805129965185,7.607142857142857,10.57393954735038,1.3900014428441814,15.623536487226504,5.779312943567829,0.3699106760043017,0.796218487394958,0.13652948127403725,0.1714723828138304,581.0277777777778,213.02966487624195,0.3666428233276622,1550.925925925926,278.386678311265,0.17949708213502455,35.48257354660258,4.361318315075334,0.12291437399114263,12,12.0,0.039998106756280204,2.1774999999999967,0.17682972035266414,0.0812076786923832,24.128181818181815,1.9624466092647854,0.08133421009725572,46.870609461679514,1.432170411604625,0.030555830787213023,0.801295518207283,0.04022002904978186,0.050193752661646045,1743.0833333333333,54.0932194354236,0.031033065603340976,1900.0000000000002,144.0164599646192,0.07579813682348378,41.07933094775813,1.147666855793337,0.027937817615697313,0,,,,,,,,,,,,,,,,,,,,,,,,30.0,0.10179999999999723,2.7991038306800204,0.9208279723515536,10.0,10.0,2.9390590222140216,0.3053999999999917,1.0179999999999723,2.9390590222140216,10.0,2.7991038306800204,300.0
CX138,260325,T003346,000012,well015,CX138|260325|T003346|000012|well015,/mnt/benshalom-nas/analysis/Sadegh/CX138/CX138/260325/T003346/Network/000012/well015,/mnt/benshalom-nas/analysis/Sadegh/CX138/CX138/260325/T003346/Network/000012/well015/network_results.json,155,28,28.0,0.09332583615782866,0.87642857142857,0.6118485707014326,0.6981157285916928,10.135555555555557,13.798018465716257,1.3613480178847435,30.131691286479047,19.0246403520109,0.6313830900208313,0.8601382488479262,0.056771406808140544,0.06600265350852665,1076.9642857142858,661.9384672601944,0.6146336290262127,2441.666666666667,326.43152372670704,0.13369209162868545,56.32010896309062,4.102209016015039,0.07283737712054893,10,10.0,0.03333065577065309,2.453999999999996,0.2128943399905283,0.08675400977609153,30.353333333333328,3.1102983065223113,0.1024697443396325,84.36873560214131,3.0181535798640864,0.03577336507799323,0.8708602150537634,0.0422690073111816,0.04853707469983811,3015.5,99.38334870590747,0.03295750247252776,2776.666666666667,206.58600576461558,0.07440072236420728,59.20003680251322,1.8742782305072119,0.03166008556311646,4,4.0,0.013332262308261237,2.6700000000000026,0.1656804152578086,0.062052589984197916,39.32999999999999,15.197361613122188,0.3864063466341773,87.05635685540025,0.6530349910638058,0.007501290137243975,0.8580645161290322,0.03460127507463239,0.04032479425990993,3097.5,41.22196016688192,0.013308138875506673,2816.666666666667,167.49792701868145,0.05946671965160288,58.69442651200689,1.731472594771736,0.029499778729715254,30.0,0.09514998686283685,2.990245507753904,1.2774533849365004,10.0,10.0,3.1397577831415995,0.2854499605885106,0.9514998686283684,3.1397577831415995,10.0,2.990245507753904,299.99999999999994
CX138,260325,T003346,000012,well016,CX138|260325|T003346|000012|well016,/mnt/benshalom-nas/analysis/Sadegh/CX138/CX138/260325/T003346/Network/000012/well016,/mnt/benshalom-nas/analysis/Sadegh/CX138/CX138/260325/T003346/Network/000012/well016/network_results.json,201,15,15.0,0.049995750361219296,1.1140000000000005,0.8231792028471021,0.7389400384623893,17.07857142857143,22.275287670787254,1.3042828414513656,48.839134334073044,39.56951982755285,0.8102010890874213,0.7684908789386399,0.2339956842273225,0.3044872628163045,1754.4,1421.8409099942699,0.8104428351540526,2786.6666666666665,1179.189929099163,0.4231542807772116,66.12397075511103,27.75100157943624,0.4196814145086899,6,6.0,0.019998300144487717,2.7850000000000015,0.09069178573608905,0.03256437548872136,47.315999999999995,8.724387886837665,0.1843855754255995,122.09783583518261,2.847185766658408,0.023318888063681705,0.8096323935876174,0.1188104348439061,0.14674614773926853,4386.0,88.79752248796134,0.02024567316186989,3533.3333333333335,230.13683530231097,0.06513306659499367,82.28995152223848,1.9921080010392058,0.024208399253958096,6,6.0,0.019998300144487717,2.7850000000000015,0.09069178573608905,0.03256437548872136,47.315999999999995,8.724387886837665,0.1843855754255995,122.09783583518261,2.847185766658408,0.023318888063681705,0.8096323935876174,0.1188104348439061,0.14674614773926853,4386.0,88.79752248796134,0.02024567316186989,3533.3333333333335,230.13683530231097,0.06513306659499367,82.28995152223848,1.9921080010392058,0.024208399253958096,30.0,0.1713000000000022,4.135023967427696,1.1976822787839043,10.05,10.05,4.34177516579908,0.5139000000000066,1.713000000000022,4.34177516579908,10.05,4.135023967427696,300.0
CX138,260325,T003346,000012,well017,CX138|260325|T003346|000012|well017,/mnt/benshalom-nas/analysis/Sadegh/CX138/CX138/260325/T003346/Network/000012/well017,/mnt/benshalom-nas/analysis/Sadegh/CX138/CX138/260325/T003346/Network/000012/well017/network_results.json,132,22,22.0,0.07332409449742666,0.8836363636363633,0.5415679715128995,0.6128855644693308,11.905714285714286,14.679531772547266,1.2329820303315437,21.360098565896774,13.429188086678987,0.6287044062671057,0.7892561983471075,0.08983050365103479,0.1138166590761802,792.5909090909091,500.23863933226085,0.631143549080102,1780.3030303030305,266.2229435029651,0.14953799379741017,35.431566526438445,6.410416988285409,0.18092389405086173,9,9.0,0.029996220476219995,2.1599999999999993,0.07211102550927496,0.033384734032071754,31.203750000000003,3.265470630322685,0.10464994208461113,52.21357427219211,0.6208229585432747,0.011890068190062837,0.8072390572390572,0.06991094206345495,0.08660500434972314,1937.4444444444443,27.227890566317434,0.014053507776386816,1974.0740740740741,304.20013627231225,0.1540976300066122,40.82127210952863,0.7973553582154428,0.019532839546892063,0,,,,,,,,,,,,,,,,,,,,,,,,30.0,0.1788999999999987,3.649176715581706,1.0989175844655898,10.0,10.0,3.8316355513607916,0.5366999999999961,1.788999999999987,3.8316355513607916,10.0,3.649176715581706,300.03000000000003
CX138,260325,T003346,000012,well018,CX138|260325|T003346|000012|well018,/mnt/benshalom-nas/analysis/Sadegh/CX138/CX138/260325/T003346/Network/000012/well018,/mnt/benshalom-nas/analysis/Sadegh/CX138/CX138/260325/T003346/Network/000012/well018/network_results.json,140,49,49.0,0.16329446924965194,0.690000000000001,0.39058825337363673,0.5660699324255597,5.857499999999999,9.41832688167065,1.6079089853471022,11.363028442003376,8.160502851323821,0.7181626705393577,0.6260932944606413,0.15566192596302827,0.24862417045550037,405.265306122449,299.8575019061489,0.7399041994864184,1095.918367346939,585.9516612700918,0.5346672514382587,21.622186965911002,9.480182308646661,0.4384469676260259,20,20.0,0.06665080377536814,1.7115000000000016,1.1062019481089287,0.6463347637212549,14.725263157894735,11.309823102726158,0.7680557543491208,27.839419682908265,21.994542104874025,0.7900503083538539,0.5972380952380951,0.11675628603547726,0.19549370170188352,992.9,791.8559780667189,0.7975183584114401,1238.3333333333335,778.47964363595,0.6286511254126109,21.36404990362224,10.560981381663305,0.49433424043222757,8,8.0,0.02666032151014725,2.8537499999999962,0.3451426335589375,0.12094354220199315,35.652857142857144,13.234366209969858,0.3712007191160356,50.33690687068855,2.1647157426393795,0.043004544323717774,0.6734523809523809,0.0779304436872265,0.11571782339980602,1796.5,77.33530888281238,0.04304776447693425,1975.0,237.90170706033663,0.12045656053687931,31.698284659331563,0.91752174655542,0.028945469965211933,30.0,0.14529999999999177,5.259184098510352,1.4875930942479525,10.0,10.0,5.52214330343587,0.4358999999999753,1.4529999999999177,5.52214330343587,10.0,5.259184098510352,300.06
CX138,260325,T003346,000012,well019,CX138|260325|T003346|000012|well019,/mnt/benshalom-nas/analysis/Sadegh/CX138/CX138/260325/T003346/Network/000012/well019,/mnt/benshalom-nas/analysis/Sadegh/CX138/CX138/260325/T003346/Network/000012/well019/network_results.json,96,16,16.0,0.053319665725685646,0.7874999999999943,0.4762942892792161,0.6048181451164693,17.356,21.757097784401303,1.2535778857110682,14.078415117894256,9.111935089634388,0.6472273344215242,0.8229166666666667,0.07890238233095373,0.09588137599710832,600.5625,406.37466837113504,0.676656748250407,1710.4166666666667,185.48687809234497,0.10844543420746112,26.469079736491942,4.992799456978609,0.18862761783497978,7,7.0,0.02332735375498747,1.799999999999987,0.164316767251549,0.09128709291752789,43.26000000000001,10.377933320271438,0.2398967480414109,32.17923455518687,2.2072243171842927,0.0685915730344343,0.8402777777777777,0.06247932859212518,0.07435556460550435,1372.7142857142858,68.23010287824216,0.04970451869577429,1828.5714285714287,189.76056043020264,0.10377530648526706,30.948342657433678,1.8387820381092312,0.059414556005879124,0,,,,,,,,,,,,,,,,,,,,,,,,30.0,0.1782999999999788,4.9523039185835716,0.8098975337375203,10.0,10.0,5.19991911451275,0.5348999999999364,1.782999999999788,5.19991911451275,10.0,4.9523039185835716,300.06
CX138,260325,T003346,000012,well020,CX138|260325|T003346|000012|well020,/mnt/benshalom-nas/analysis/Sadegh/CX138/CX138/260325/T003346/Network/000012/well020,/mnt/benshalom-nas/analysis/Sadegh/CX138/CX138/260325/T003346/Network/000012/well020/network_results.json,72,21,21.0,0.06999225419053624,0.6714285714285766,0.3641988691999707,0.542423847744633,12.443999999999999,16.569447305206047,1.3315209984897178,8.380364564679066,4.42187871540776,0.5276475362473805,0.8293650793650794,0.08573938981776305,0.10337955135921668,335.8095238095238,188.06068398705247,0.5600218893545238,1098.412698412698,174.71857658180332,0.15906460006724873,19.016111255319,2.9958507519483217,0.15754276527543726,8,8.0,0.026663715882109043,1.7625000000000135,0.07758060324592397,0.04401736354378631,35.41714285714285,4.255828656210256,0.12016295818599468,21.99845698228255,0.944331889287614,0.04292718757720936,0.8347800925925926,0.04030931974567486,0.04828735148736649,881.5,39.93432107849087,0.04530268982245135,1245.8333333333335,152.69568501507246,0.12256509833985747,21.835642184879354,1.6984433517871844,0.0777830730787169,0,,,,,,,,,,,,,,,,,,,,,,,,30.0,0.25444999508745975,2.536575967474014,0.6236164965584202,10.0,10.0,2.6634047658477145,0.7633499852623793,2.5444999508745973,2.6634047658477145,10.0,2.536575967474014,300.03
CX138,260325,T003346,000012,well021,CX138|260325|T003346|000012|well021,/mnt/benshalom-nas/analysis/Sadegh/CX138/CX138/260325/T003346/Network/000012/well021,/mnt/benshalom-nas/analysis/Sadegh/CX138/CX138/260325/T003346/Network/000012/well021/network_results.json,156,8,8.0,0.026659957244093573,1.4812500000000006,0.5803541483439244,0.3918002689241682,34.04571428571428,23.385244955583712,0.6868777890612874,40.543350207929656,16.659363600081278,0.41090249115187727,0.8798076923076923,0.08496612911417668,0.09657352380190574,1554.0,652.9906201470278,0.42019988426449667,2387.5,198.56254262406426,0.08316755712002692,47.30067385124449,6.559647119924823,0.13867978161482866,6,6.0,0.01999496793307018,1.9750000000000008,0.10735455276792057,0.054356735578693936,47.664,11.552818876793676,0.24238038932514425,54.057800277239544,1.6463786610402866,0.03045589447955167,0.9006410256410257,0.06492527608648929,0.07208785102841515,2072.0,56.91221310052878,0.027467284314927017,2477.777777777778,111.66528467912107,0.045066706821169936,50.13411397622675,0.8251856011769173,0.01645956287505579,0,,,,,,,,,,,,,,,,,,,,,,,,30.0,0.1781000000000006,5.3517039971185,0.7735370512178239,10.0,10.0,5.619289196974425,0.5343000000000018,1.781000000000006,5.619289196974425,10.0,5.3517039971185,300.06000000000006
CX138,260325,T003346,000012,well022,CX138|260325|T003346|000012|well022,/mnt/benshalom-nas/analysis/Sadegh/CX138/CX138/260325/T003346/Network/000012/well022,/mnt/benshalom-nas/analysis/Sadegh/CX138/CX138/260325/T003346/Network/000012/well022/network_results.json,41,8,8.0,0.026661227776200322,0.802500000000002,0.20607947496052323,0.2567968535333616,34.379999999999995,13.817122917390789,0.40189420934819053,4.472610358174647,0.8449851975743021,0.18892439311864312,0.8780487804878049,0.024390243902439046,0.027777777777777804,169.5,25.0099980007996,0.14755161062418645,800.0,224.84562605386736,0.2810570325673342,12.102851969067965,0.8230923553063725,0.06800813208407427,8,8.0,0.026661227776200322,0.802500000000002,0.20607947496052323,0.2567968535333616,34.379999999999995,13.817122917390789,0.40189420934819053,4.472610358174647,0.8449851975743021,0.18892439311864312,0.8780487804878049,0.024390243902439046,0.027777777777777804,169.5,25.0099980007996,0.14755161062418645,800.0,224.84562605386736,0.2810570325673342,12.102851969067965,0.8230923553063725,0.06800813208407427,0,,,,,,,,,,,,,,,,,,,,,,,,30.0,0.2781999999999982,1.2130570897721984,0.5818458572938627,6.1499999999999995,6.1499999999999995,1.2737099442608084,0.8345999999999947,2.7819999999999823,1.2737099442608084,6.1499999999999995,1.2130570897721984,300.06
CX138,260325,T003346,000012,well023,CX138|260325|T003346|000012|well023,/mnt/benshalom-nas/analysis/Sadegh/CX138/CX138/260325/T003346/Network/000012/well023,/mnt/benshalom-nas/analysis/Sadegh/CX138/CX138/260325/T003346/Network/000012/well023/network_results.json,107,91,91.0,0.30326974777621624,0.7061538461538448,0.26462816222663893,0.37474576350177696,3.2963333333333322,2.3997451022047227,0.7280043792713288,7.079345187154709,3.7233595932118533,0.5259468912418332,0.6496867618362944,0.12190435754798239,0.18763558796154045,267.032967032967,148.59439968071288,0.5564646243187191,835.8974358974359,272.65397434258153,0.3261811349497141,16.564537295800168,5.475188122720835,0.33053673790870297,62,62.0,0.20662334463874074,1.0364516129032237,0.6253672386226845,0.6033733083505527,4.863442622950819,1.783333483194225,0.36668130405786814,10.390651806952878,10.826886431217904,1.0419833743224,0.6467314842729374,0.08571424510072052,0.13253451731529883,391.93548387096774,423.1803882494549,1.0797195091138356,795.1612903225808,294.5652755909939,0.3704472025687955,15.71511146058949,6.005698067374871,0.3821607045190878,1,1.0,0.0033326345909474313,2.849999999999966,0.0,0.0,0.0,0.0,0.0,40.95756548902743,0.0,0.0,0.602803738317757,0.0,0.0,1537.0,0.0,0.0,1233.3333333333335,0.0,0.0,23.47277488876164,0.0,0.0,30.0,0.17709999999999762,4.216553499331305,0.9213740881170946,10.0,10.0,4.427381174297871,0.5312999999999929,1.7709999999999761,4.427381174297871,10.0,4.216553499331305,300.06
CX138,260325,T003346,000014,well000,CX138|260325|T003346|000014|well000,/mnt/benshalom-nas/analysis/Sadegh/CX138/CX138/260325/T003346/Network/000014/well000,/mnt/benshalom-nas/analysis/Sadegh/CX138/CX138/260325/T003346/Network/000014/well000/network_results.json,52,18,18.0,0.06000272012331226,0.8999999999999974,0.5514526271584855,0.6127251412872079,16.021764705882354,14.722586983069528,0.9189116962667766,7.818517377778558,4.185391204378966,0.5353177593842151,0.7158119658119659,0.11278327538800553,0.1575599190495122,290.3333333333333,154.2822089548889,0.5313968161477229,651.8518518518518,97.00593224969478,0.1488159187921454,13.076719179555283,1.912017940560055,0.1462154164440105,10,10.0,0.03333484451295125,1.6199999999999952,0.35394914889005513,0.2184871289444791,30.18333333333333,1.7181643951871708,0.0569242759311045,14.073331280001403,1.5773372719618717,0.1120798793533207,0.7583333333333334,0.0962414131179923,0.12691175356218762,522.6,52.56272443471704,0.10057926604423467,723.3333333333333,63.33333333333333,0.08755760368663595,14.430212084755894,1.2932669286138752,0.08962217055562788,0,,,,,,,,,,,,,,,,,,,,,,,,30.0,0.21659999999999968,2.3222881871826186,0.5018686495682444,10.0,10.0,2.4384025965417497,0.649799999999999,2.165999999999997,2.4384025965417497,10.0,2.3222881871826186,299.97
CX138,260325,T003346,000014,well001,CX138|260325|T003346|000014|well001,/mnt/benshalom-nas/analysis/Sadegh/CX138/CX138/260325/T003346/Network/000014/well001,/mnt/benshalom-nas/analysis/Sadegh/CX138/CX138/260325/T003346/Network/000014/well001/network_results.json,86,69,69.0,0.23005206845149287,0.7956521739130435,0.5016219439669555,0.6304538093573757,4.15720588235294,5.849091142468768,1.4069765385683126,11.777613275747395,5.84000314948937,0.4958562497136135,0.7062689585439839,0.1616631490399317,0.22889742934930915,446.17391304347825,239.0203409282183,0.5357111519537148,1180.6763285024156,480.8877257089921,0.4072985238206275,23.831956304603157,6.454105881709795,0.27081729251337966,20,20.0,0.06668175897144721,2.745,0.2251999111900363,0.08204004050638845,14.80894736842105,0.9607502262450561,0.06487633471463222,40.63276580132852,1.5195007178823874,0.037395946052796294,0.7181104651162791,0.05605328193504963,0.07805662869148311,1539.3,47.31923498958959,0.030740749035009153,1871.6666666666665,143.4786085488395,0.0766582058141618,32.5512283078768,1.4872584669908635,0.04568978021118098,18,18.0,0.06001358307430248,2.778333333333331,0.21216476825545488,0.07636404376321118,16.551176470588235,5.238100107249209,0.3164790198785818,40.69247341057261,1.5902381955814122,0.03907941843535716,0.7147286821705426,0.053038772215787844,0.07420826047545154,1537.6666666666667,49.60622720765789,0.0322607157214337,1859.2592592592591,119.95655363482706,0.06451846510239703,32.46276390450502,1.5073080575801376,0.04643190770860275,30.0,0.07170000000000697,3.4343394196873316,1.1197156231852876,10.0,10.0,3.6060563906716983,0.21510000000002089,0.7170000000000697,3.6060563906716983,10.0,3.4343394196873316,299.91
CX138,260325,T003346,000014,well002,CX138|260325|T003346|000014|well002,/mnt/benshalom-nas/analysis/Sadegh/CX138/CX138/260325/T003346/Network/000014/well002,/mnt/benshalom-nas/analysis/Sadegh/CX138/CX138/260325/T003346/Network/000014/well002/network_results.json,52,37,37.0,0.12335845733914474,0.5100000000000005,0.2478774762725313,0.4860342672010413,7.86833333333333,7.13828975004206,0.9072175068894807,4.613506003632421,2.0788949633220666,0.45061065525551697,0.6455301455301455,0.10481191608156736,0.16236564133730724,183.13513513513513,79.02314480056414,0.4315018237338951,644.1441441441441,183.7307819704873,0.2852324027793579,11.139156345758144,0.6772708052802342,0.06080090666275125,20,20.0,0.06668024721034851,0.9435000000000008,0.37559652554302775,0.39808852733760197,14.886315789473679,1.5700057342379943,0.10546637303960509,8.534986106719979,2.7259688756516853,0.31938761722241205,0.6490384615384615,0.0787803300389884,0.12138006406007104,338.8,103.7181758420384,0.30613393105678394,715.0,220.72481610467923,0.3087060365100409,11.456394327285512,0.6613770932349601,0.057729951880214944,0,,,,,,,,,,,,,,,,,,,,,,,,30.0,0.16670000000002005,2.13198774005453,0.6169096979880193,10.0,10.0,2.2385871270572566,0.5001000000000602,1.6670000000002005,2.2385871270572566,10.0,2.13198774005453,299.90999999999997
CX138,260325,T003346,000014,well003,CX138|260325|T003346|000014|well003,/mnt/benshalom-nas/analysis/Sadegh/CX138/CX138/260325/T003346/Network/000014/well003,/mnt/benshalom-nas/analysis/Sadegh/CX138/CX138/260325/T003346/Network/000014/well003/network_results.json,40,77,77.0,0.2566733401735112,0.426623376623376,0.18959019639848498,0.4443971118016245,3.7239473684210522,6.510378976548333,1.7482467748486799,2.592240601016837,0.9236623056513402,0.3563181231283172,0.6243506493506494,0.162617291634498,0.2604582726127165,97.32467532467533,35.25581523680128,0.3622495026999865,436.3636363636364,144.46815615828777,0.3310728578627428,7.460655694289119,1.2031019381864578,0.16125954440001727,20,20.0,0.06666840004506784,1.7174999999999963,0.7685432648849325,0.4474778834846778,14.861052631578948,6.667522142711311,0.4486574610834215,9.980126313914822,4.4125460250855575,0.4421332843185914,0.6597529761904761,0.0958467701224181,0.14527675293843062,374.7,165.88191583171445,0.4427059403034813,613.3333333333334,170.42430708218956,0.2778657180687873,8.821905443173094,1.4767305062877818,0.16739359946671864,5,5.0,0.01666710001126696,2.9279999999999924,0.512499756097505,0.17503406970543248,33.00750000000001,7.650981554676506,0.23179524516175126,14.709854678516976,2.7767714556093246,0.18876946892375923,0.6085119047619048,0.04962786687001591,0.08155611497762569,549.6,101.43490523483521,0.18456132684649784,640.0,80.0,0.125,9.106827061904644,0.783986038777258,0.08608772665254627,30.0,0.16280000000000427,2.7477764323230294,0.668433056584576,6.0,6.0,2.885165253939181,0.4884000000000128,1.6280000000000427,2.885165253939181,6.0,2.7477764323230294,299.96999999999997
CX138,260325,T003346,000014,well004,CX138|260325|T003346|000014|well004,/mnt/benshalom-nas/analysis/Sadegh/CX138/CX138/260325/T003346/Network/000014/well004,/mnt/benshalom-nas/analysis/Sadegh/CX138/CX138/260325/T003346/Network/000014/well004/network_results.json,59,35,35.0,0.11667603964185122,0.4825714285714304,0.16639613417801327,0.34481140889463835,8.292352941176473,9.243735258135178,1.1147300800758884,4.331948110057809,1.2905796886087848,0.297921317573576,0.7031476997578693,0.15424774083578463,0.21936748266246228,171.0,49.5885931583925,0.2899917728560965,679.047619047619,151.62311552331897,0.22328789803574323,11.820289385565994,1.1652000418430077,0.09857627032937605,16,16.0,0.05333761812198913,1.2093749999999992,0.5411153845299452,0.4474339096888439,18.712000000000003,5.097134096725336,0.2723992142328631,9.476136490751458,4.11627926664441,0.434383703808174,0.719632768361582,0.09140639056335091,0.1270181050419086,374.0625,162.51210291467524,0.4344517371152554,775.0,174.2045413363906,0.2247800533372782,12.468059332477024,1.3567094843815164,0.10881480815924056,0,,,,,,,,,,,,,,,,,,,,,,,,30.0,0.16599999999999682,3.33900175559676,0.9148768925952937,10.0,10.0,3.505951843376598,0.49799999999999045,1.6599999999999682,3.505951843376598,10.0,3.33900175559676,299.97
CX138,260325,T003346,000014,well005,CX138|260325|T003346|000014|well005,/mnt/benshalom-nas/analysis/Sadegh/CX138/CX138/260325/T003346/Network/000014/well005,/mnt/benshalom-nas/analysis/Sadegh/CX138/CX138/260325/T003346/Network/000014/well005/network_results.json,81,76,76.0,0.2533428759149928,0.5751315789473685,0.433087123303377,0.7530226806464573,3.8092,6.6712103369628535,1.7513415774868353,6.753355087616171,3.638534909746419,0.5387744110210507,0.588856400259909,0.10358256904700487,0.1759046331181688,257.2368421052632,136.50659020345893,0.5306650053945206,921.4912280701756,296.4065460922348,0.3216596502095646,16.169265909996874,2.5409695033610054,0.1571481053935798,17,17.0,0.05666880119151155,2.571176470588236,0.1288356158713719,0.050107652020437474,17.758125,1.6895976545837732,0.09514504794756053,30.19146980346053,0.9226047378227613,0.030558457200947957,0.5978213507625272,0.04216120112455988,0.07052474969450796,1150.0,33.325489273139226,0.028978686324468893,1398.0392156862745,233.88466747056387,0.1672947831837133,18.880387078141812,0.745907379068931,0.03950699612151926,11,11.0,0.03666804782980159,2.648181818181819,0.08397165991822414,0.03170917470307124,26.223000000000003,13.502096170595134,0.5148951748692039,30.44159381747858,0.9202252702998843,0.03022920796517299,0.6017396184062851,0.03484618046242234,0.05790906796981871,1155.0,31.811947441173732,0.027542811637379854,1390.909090909091,226.11828007488037,0.16256869809305124,19.088616269963094,0.750728274643088,0.03932858537391194,30.0,0.10449999999999983,2.9556214435095622,0.7095644721132313,10.0,10.0,3.1034025156850404,0.3134999999999995,1.0449999999999984,3.1034025156850404,10.0,2.9556214435095622,299.9699999999999
CX138,260325,T003346,000014,well006,CX138|260325|T003346|000014|well006,/mnt/benshalom-nas/analysis/Sadegh/CX138/CX138/260325/T003346/Network/000014/well006,/mnt/benshalom-nas/analysis/Sadegh/CX138/CX138/260325/T003346/Network/000014/well006/network_results.json,44,42,42.0,0.14001376802052204,0.4878571428571424,0.22402737624254965,0.45920692055573914,6.515121951219513,9.943955419015708,1.5262884552996556,2.832047231358409,0.7813416813412507,0.2758928850796303,0.6563852813852814,0.1105870507464933,0.16847887038707307,105.97619047619048,29.524395155482054,0.27859460717372414,476.98412698412693,148.08979387396914,0.310471115276541,7.816696710107725,0.781192760910877,0.09993898828142087,12,12.0,0.040003933720149154,1.8874999999999973,0.45504807438336115,0.24108507252098638,24.18818181818182,1.3622229038117861,0.05631770564862497,9.91216530975443,1.7506578612469328,0.1766170969247389,0.6637626262626263,0.04185972644184312,0.06306430158253709,370.9166666666667,63.99799259004578,0.17254008337015264,647.2222222222223,154.8346389930198,0.23922948513942974,8.71378662639579,0.5067082398485372,0.058150177594849216,1,1.0,0.0033336611433457627,2.7900000000000205,0.0,0.0,0.0,0.0,0.0,11.463613521376079,0.0,0.0,0.6193181818181818,0.0,0.0,417.0,0.0,0.0,733.3333333333334,0.0,0.0,8.712554292409141,0.0,0.0,30.0,0.20010000000002037,1.9820704750008056,0.5034937381843675,6.6,6.6,2.0811739987508457,0.6003000000000611,2.0010000000002037,2.0811739987508457,6.6,1.9820704750008056,299.97
CX138,260325,T003346,000014,well007,CX138|260325|T003346|000014|well007,/mnt/benshalom-nas/analysis/Sadegh/CX138/CX138/260325/T003346/Network/000014/well007,/mnt/benshalom-nas/analysis/Sadegh/CX138/CX138/260325/T003346/Network/000014/well007/network_results.json,121,71,71.0,0.2366926239577607,0.5463380281690138,0.35798433924601514,0.655243312360585,4.04742857142857,8.033866118894842,1.9849309202408552,11.874259474148769,5.666853693578851,0.47723849271746616,0.6400884646723315,0.1494686169432729,0.23351243647202355,461.6619718309859,226.930835381215,0.49155193459229557,1616.9014084507041,753.9748242899879,0.46630847146854654,29.851701626288712,4.828165172909798,0.16173835694035962,13,13.0,0.043338086076773086,2.983846153846152,0.11506108488293061,0.03856133290740136,23.457499999999996,1.3604847481688318,0.05799785774992357,64.85172482035097,1.747101906367476,0.026939945101031794,0.6494043834952925,0.047458165516852294,0.07307952752246293,2521.3846153846152,72.96104172411093,0.028936894942139305,3089.7435897435903,176.56969539165974,0.057147038342528864,35.665438664202554,1.122918418322965,0.03148477799181087,13,13.0,0.043338086076773086,2.983846153846152,0.11506108488293061,0.03856133290740136,23.457499999999996,1.3604847481688318,0.05799785774992357,64.85172482035097,1.747101906367476,0.026939945101031794,0.6494043834952925,0.047458165516852294,0.07307952752246293,2521.3846153846152,72.96104172411093,0.028936894942139305,3089.7435897435903,176.56969539165974,0.057147038342528864,35.665438664202554,1.122918418322965,0.03148477799181087,30.0,0.078400000000002,3.604097685455028,1.2202568455258023,10.0,10.0,3.78430256972778,0.235200000000006,0.78400000000002,3.78430256972778,10.0,3.604097685455028,299.93999999999994
CX138,260325,T003346,000014,well008,CX138|260325|T003346|000014|well008,/mnt/benshalom-nas/analysis/Sadegh/CX138/CX138/260325/T003346/Network/000014/well008,/mnt/benshalom-nas/analysis/Sadegh/CX138/CX138/260325/T003346/Network/000014/well008/network_results.json,143,49,49.0,0.16334275276540947,0.8393877551020399,0.563811403419237,0.6716936243020336,5.8825,8.812513475167002,1.4980898385324268,26.780415506176176,15.997929457771681,0.5973742063143939,0.7950620807763664,0.07165287684113823,0.09012236726366103,1030.0,614.5370914230433,0.5966379528379061,2217.0068027210887,218.85316928089,0.09871560565906974,46.83942224018976,8.572624130277093,0.18302156005078773,14,14.0,0.04666935793297413,2.9378571428571396,0.11971266620111491,0.04074829386860225,21.625384615384615,1.3729004411470425,0.06348559646751166,93.73145427161663,1.640976507414633,0.01750721270854694,0.8067432567432568,0.049364244429924396,0.06118953461006046,3605.0,82.63517065131184,0.022922377434483172,2421.4285714285716,108.09104250301111,0.044639368585314324,54.64649938693718,1.479100137847651,0.02706669511206089,14,14.0,0.04666935793297413,2.9378571428571396,0.11971266620111491,0.04074829386860225,21.625384615384615,1.3729004411470425,0.06348559646751166,93.73145427161663,1.640976507414633,0.01750721270854694,0.8067432567432568,0.049364244429924396,0.06118953461006046,3605.0,82.63517065131184,0.022922377434483172,2421.4285714285716,108.09104250301111,0.044639368585314324,54.64649938693718,1.479100137847651,0.02706669511206089,30.0,0.07464998325519447,4.327785910552219,0.9712508217562315,10.0,10.0,4.54417520607983,0.2239499497655834,0.7464998325519446,4.54417520607983,10.0,4.327785910552219,299.96999999999997
CX138,260325,T003346,000014,well009,CX138|260325|T003346|000014|well009,/mnt/benshalom-nas/analysis/Sadegh/CX138/CX138/260325/T003346/Network/000014/well009,/mnt/benshalom-nas/analysis/Sadegh/CX138/CX138/260325/T003346/Network/000014/well009/network_results.json,81,49,49.0,0.1633458020628908,0.6575510204081629,0.43931547221969347,0.6681085704148042,5.6674999999999995,9.12046428368644,1.6092570416738317,8.096226936604724,3.5409335338907417,0.43735601306843874,0.7256235827664399,0.12912812096418458,0.17795469170376688,304.2244897959184,138.08327350065997,0.45388612071726964,1038.7755102040817,365.5423044761046,0.35189730686304765,18.857205068071135,3.1894510523486463,0.16913699781252306,13,13.0,0.04333664136362409,2.4784615384615374,0.22062310897323661,0.08901615197554553,22.577499999999997,2.0252576996520815,0.08970247811547256,30.51654768412549,1.4858240101435756,0.04868912517638722,0.7377492877492877,0.06110701362080115,0.0828289699976876,1146.6923076923076,53.89931441748174,0.04700416498472279,1553.8461538461538,195.9148871271084,0.12608383825011926,22.571783050824155,0.9599555271743223,0.04252900734571219,8,8.0,0.026668702377614824,2.617499999999995,0.06139014578904391,0.023453732870694948,38.70428571428571,23.059932385691265,0.5957979061006122,30.994603343290404,1.0693833183890296,0.03450224242410012,0.76440329218107,0.06047028950555729,0.07910783499246525,1161.625,40.345190233781274,0.034731682112369544,1495.8333333333335,171.13793981594043,0.11440976477945877,22.70671783866665,0.86562299736757,0.03812188989698565,30.0,0.1551499919432724,3.382287364131886,0.9271075025032411,10.0,10.0,3.5514017323384803,0.4654499758298172,1.551499919432724,3.5514017323384803,10.0,3.382287364131886,299.96999999999997
CX138,260325,T003346,000014,well010,CX138|260325|T003346|000014|well010,/mnt/benshalom-nas/analysis/Sadegh/CX138/CX138/260325/T003346/Network/000014/well010,/mnt/benshalom-nas/analysis/Sadegh/CX138/CX138/260325/T003346/Network/000014/well010/network_results.json,135,72,72.0,0.24001432085447766,0.6691666666666636,0.5610846390895212,0.8384826487016545,4.070704225352113,7.4403911611438325,1.8277896769815656,17.10241954986942,10.665227617057674,0.623609284403218,0.6814814814814815,0.11167893318918592,0.16387669544065325,609.2916666666666,360.49127118034664,0.5916563296401778,1704.6296296296298,476.62346202656016,0.27960529005360396,37.049162332165665,6.3866193798100115,0.17238228822963753,16,16.0,0.053336515745439475,3.011249999999986,0.6271251370340598,0.20826073458997515,19.118000000000002,5.064150076765095,0.2648891137548433,76.96088797441237,17.34679829902384,0.2253975851317,0.6844444444444444,0.0716858179874754,0.10473577303364914,2741.8125,614.6262297882755,0.2241678560398552,2356.25,456.24048696322916,0.19362991489155615,41.360003769172465,7.791623269637723,0.1883854584037824,15,15.0,0.05000298351134951,3.1379999999999852,0.4030583084368702,0.1284443302858101,20.48357142857143,2.5284343183165365,0.12343718121292852,81.2494794481706,5.167194859381271,0.06359665187365843,0.6989629629629629,0.04592220437153805,0.06570048315131027,2895.2,162.80712515120462,0.05623346406162083,2462.222222222222,205.79265604960403,0.08358004983964062,43.23663792044011,2.899757619369669,0.0670671393253454,30.0,0.0730000000000075,2.9495269632512557,1.1732217917627816,10.0,10.0,3.0970033114138187,0.2190000000000225,0.730000000000075,3.0970033114138187,10.0,2.9495269632512557,299.96999999999997
CX138,260325,T003346,000014,well011,CX138|260325|T003346|000014|well011,/mnt/benshalom-nas/analysis/Sadegh/CX138/CX138/260325/T003346/Network/000014/well011,/mnt/benshalom-nas/analysis/Sadegh/CX138/CX138/260325/T003346/Network/000014/well011/network_results.json,122,82,82.0,0.27336650180221866,0.5469512195121945,0.3509627491330092,0.6416710240558926,3.589629629629629,7.012013754968168,1.9534087018586521,10.280340597905084,4.554485982992869,0.44302870509183095,0.6303478608556576,0.13244441843345767,0.2101132194748352,377.4024390243902,173.75549542150634,0.46039844329219376,1266.6666666666667,410.40002958314085,0.3240000233551112,25.309773870272387,3.7044872530270103,0.14636587715143984,15,15.0,0.050006067402844884,2.9899999999999967,0.17239489551608203,0.0576571556909974,20.654999999999998,2.1349665437325074,0.10336318294517104,56.1991952685478,2.3794286320358315,0.04233919401631526,0.6372332812906584,0.03572246046729546,0.056058686066965686,2063.133333333333,83.51117024419881,0.04047783480346987,2022.2222222222224,151.86088500684346,0.07509604203635116,30.03400581144568,1.3175619657150701,0.04386900548620656,15,15.0,0.050006067402844884,2.9899999999999967,0.17239489551608203,0.0576571556909974,20.654999999999998,2.1349665437325074,0.10336318294517104,56.1991952685478,2.3794286320358315,0.04233919401631526,0.6372332812906584,0.03572246046729546,0.056058686066965686,2063.133333333333,83.51117024419881,0.04047783480346987,2022.2222222222224,151.86088500684346,0.07509604203635116,30.03400581144568,1.3175619657150701,0.04386900548620656,30.0,0.11839999999997985,3.3600939838065274,1.297412731221899,10.0,10.0,3.5280986829968537,0.35519999999993956,1.1839999999997985,3.5280986829968537,10.0,3.3600939838065274,299.93999999999994
CX138,260325,T003346,000014,well012,CX138|260325|T003346|000014|well012,/mnt/benshalom-nas/analysis/Sadegh/CX138/CX138/260325/T003346/Network/000014/well012,/mnt/benshalom-nas/analysis/Sadegh/CX138/CX138/260325/T003346/Network/000014/well012/network_results.json,42,38,38.0,0.12667253582749333,0.4594736842105252,0.18532968303200387,0.40335211656449965,7.205675675675676,10.435317770719534,1.4482080849053778,2.7107391937736716,0.9103864164280759,0.335844340362641,0.6553884711779447,0.11737380220222918,0.17909042859919483,111.44736842105263,39.56985652875647,0.35505420261930243,431.57894736842104,72.92845505553169,0.16898056659208563,7.508487894623824,0.7403493530081693,0.09860165767041713,16,16.0,0.05333580455894456,1.1400000000000003,0.5267114959823775,0.462027628054717,17.680000000000003,10.514428182264602,0.5947074763724322,6.43800558521247,2.9541673460132563,0.45886374388967877,0.6824156746031746,0.08982549784064048,0.13162871426257036,264.6875,122.30429200870262,0.46207052470820353,481.25,57.69742676719263,0.11989075691884184,7.994332054830795,0.6993135237428879,0.08747616673244245,0,,,,,,,,,,,,,,,,,,,,,,,,30.0,0.18149999999999986,2.693574888508199,0.40380704062203043,6.3,6.3,2.828253632933609,0.5444999999999995,1.8149999999999986,2.828253632933609,6.3,2.693574888508199,299.97
CX138,260325,T003346,000014,well013,CX138|260325|T003346|000014|well013,/mnt/benshalom-nas/analysis/Sadegh/CX138/CX138/260325/T003346/Network/000014/well013,/mnt/benshalom-nas/analysis/Sadegh/CX138/CX138/260325/T003346/Network/000014/well013/network_results.json,144,42,42.0,0.14004061177741545,0.9978571428571419,0.6846707088753219,0.6861410110418408,6.8531707317073165,10.376950169703486,1.514182350906979,29.215590817076883,15.376531574959616,0.5263125319366069,0.734457671957672,0.13574322587151977,0.18482103333429795,1020.0952380952381,536.2462924513329,0.5256825759255901,1884.1269841269843,576.994497843522,0.30623970820675556,44.07745931010013,8.806220043854756,0.19978964717317213,12,12.0,0.04001160336497584,3.4924999999999966,0.2328492001274667,0.06667120977164408,25.409999999999993,3.1285111184366765,0.12312125613682319,102.25456785976907,3.169464632293909,0.030995824427525645,0.751736111111111,0.05591358000200694,0.0743792657763418,3570.3333333333335,102.77105083090709,0.02878472154726181,2699.9999999999995,188.07012088678616,0.06965560032843933,53.903703654664504,1.4903635839171767,0.02764863048122315,12,12.0,0.04001160336497584,3.4924999999999966,0.2328492001274667,0.06667120977164408,25.409999999999993,3.1285111184366765,0.12312125613682319,102.25456785976907,3.169464632293909,0.030995824427525645,0.751736111111111,0.05591358000200694,0.0743792657763418,3570.3333333333335,102.77105083090709,0.02878472154726181,2699.9999999999995,188.07012088678616,0.06965560032843933,53.903703654664504,1.4903635839171767,0.02764863048122315,30.0,0.06220000000000424,1.6891673966617518,0.8410653561447419,10.0,10.0,1.7736257664948394,0.1866000000000127,0.6220000000000424,1.7736257664948394,10.0,1.6891673966617518,299.9099999999999
CX138,260325,T003346,000014,well014,CX138|260325|T003346|000014|well014,/mnt/benshalom-nas/analysis/Sadegh/CX138/CX138/260325/T003346/Network/000014/well014,/mnt/benshalom-nas/analysis/Sadegh/CX138/CX138/260325/T003346/Network/000014/well014/network_results.json,74,58,58.0,0.19336053271493522,0.7536206896551715,0.45319820690769735,0.6013611530690112,5.109473684210528,6.534597377106448,1.2789179044604706,10.069720122950995,5.742434923970584,0.5702675798190632,0.7746971109040075,0.06325411181783318,0.08165011967583158,379.7931034482759,207.1774816864874,0.5455009051124146,1127.0114942528737,136.8021331071684,0.12138486058463692,22.115822318358617,3.0403406630804946,0.13747355261380764,21,21.0,0.0700098480519593,2.0814285714285687,0.17771796045810148,0.08538268518920467,14.506500000000003,2.6511493262356995,0.1827559594826939,27.81160795862656,1.1726911573450773,0.04216552883564339,0.7815851565851565,0.039153046788955176,0.05009440936675377,1048.952380952381,46.23179300878624,0.044074253367737015,1257.142857142857,123.93156378376594,0.09858192573708655,24.75238522608093,0.8811805116574335,0.03559982214275484,1,1.0,0.0033338022881885384,2.5199999999999996,0.0,0.0,0.0,0.0,0.0,29.331900768175988,0.0,0.0,0.7567567567567567,0.0,0.0,1108.0,0.0,0.0,1100.0,0.0,0.0,23.847050896406706,0.0,0.0,30.0,0.08030000000002248,2.010050909837684,0.5424573534974599,10.0,10.0,2.110553455329568,0.24090000000006745,0.8030000000002248,2.110553455329568,10.0,2.010050909837684,299.9400000000001
CX138,260325,T003346,000014,well015,CX138|260325|T003346|000014|well015,/mnt/benshalom-nas/analysis/Sadegh/CX138/CX138/260325/T003346/Network/000014/well015,/mnt/benshalom-nas/analysis/Sadegh/CX138/CX138/260325/T003346/Network/000014/well015/network_results.json,125,89,89.0,0.29666923780006094,0.5234831460674156,0.4062685809022219,0.7760872225863438,3.127840909090909,6.512488780109623,2.082103588191269,14.603571856480388,7.201436453045594,0.49312842938831647,0.6870112359550561,0.08591039156802448,0.12504947091381297,524.2022471910112,253.2686622459419,0.4831506610341842,1661.423220973783,241.50479540240897,0.145360190199376,37.48231551142948,2.950819712164617,0.07872565160134846,15,15.0,0.05000043333708892,3.1059999999999994,0.15213152204589497,0.04897988475399066,19.523571428571433,3.1617775451315313,0.16194667849062097,86.64785968178361,3.826479821518621,0.044161273406769216,0.6909028571428573,0.02503105184491026,0.036229480868588466,3110.266666666667,137.63016465231095,0.04425027799941407,2131.1111111111113,142.70750540446508,0.06696389721794503,40.80758876425254,1.1996782484311577,0.029398410559412325,15,15.0,0.05000043333708892,3.1059999999999994,0.15213152204589497,0.04897988475399066,19.523571428571433,3.1617775451315313,0.16194667849062097,86.64785968178361,3.826479821518621,0.044161273406769216,0.6909028571428573,0.02503105184491026,0.036229480868588466,3110.266666666667,137.63016465231095,0.04425027799941407,2131.1111111111113,142.70750540446508,0.06696389721794503,40.80758876425254,1.1996782484311577,0.029398410559412325,30.0,0.06259999999999442,2.2729601448387884,0.9252342251047746,10.0,10.0,2.386608152080728,0.18779999999998326,0.6259999999999443,2.386608152080728,10.0,2.2729601448387884,299.96999999999997
CX138,260325,T003346,000014,well016,CX138|260325|T003346|000014|well016,/mnt/benshalom-nas/analysis/Sadegh/CX138/CX138/260325/T003346/Network/000014/well016,/mnt/benshalom-nas/analysis/Sadegh/CX138/CX138/260325/T003346/Network/000014/well016/network_results.json,166,55,55.0,0.1833399335709419,0.7876363636363646,0.6064620609774022,0.7699772242326196,5.355,9.177517365823936,1.7138221037953194,32.52644208706256,15.50201997124973,0.476597468907172,0.819934282584885,0.07742501351544853,0.09442831597596114,1177.490909090909,542.9325045185726,0.46109273568638237,2519.393939393939,290.9191917438333,0.11547189472632308,62.49563445833349,6.127635923859109,0.09804902337529622,13,13.0,0.04333489338949536,3.332307692307696,0.3333317554203321,0.10003030518153999,23.995,2.523742261008436,0.10517783959193315,137.6118703683416,5.112810363418371,0.0371538469009473,0.8327353369522044,0.04348664312217846,0.05222144562921847,4981.692307692308,170.9662065642864,0.034318901289887946,2828.205128205128,157.89542890605793,0.05582884612272221,67.44453550191253,1.3163445078765088,0.019517437522261254,12,12.0,0.04000144005184187,3.417500000000004,0.16130328576939296,0.04719920578475282,23.634545454545457,2.3214586466129155,0.09822311375006565,138.81757016046527,3.0693609177128427,0.02211075236488317,0.829506119716963,0.0437391910779995,0.052729196371599785,5019.833333333333,112.93201002766615,0.02249716325794339,2833.3333333333335,163.29931618554517,0.05763505277136888,67.40219777368712,1.3615643527555457,0.02020059282528442,30.0,0.05759999999999367,2.583161170226982,0.8995420140135968,10.0,10.0,2.7123192287383313,0.17279999999998102,0.5759999999999367,2.7123192287383313,10.0,2.583161170226982,299.96999999999997
CX138,260325,T003346,000014,well017,CX138|260325|T003346|000014|well017,/mnt/benshalom-nas/analysis/Sadegh/CX138/CX138/260325/T003346/Network/000014/well017,/mnt/benshalom-nas/analysis/Sadegh/CX138/CX138/260325/T003346/Network/000014/well017/network_results.json,106,65,65.0,0.2166768504786392,0.5201538461538491,0.2888198390143679,0.5552584896756525,4.07765625,7.7088769330776,1.8905166253476122,8.737004816935064,3.225840604199775,0.36921584362035387,0.6480406386066764,0.11401409682724435,0.1759366466158373,318.5230769230769,123.42024615014877,0.3874766228631989,1172.3076923076926,391.9082934228988,0.3343049747045724,22.885698631409127,2.660524731109291,0.11625272070383268,13,13.0,0.04333537009572784,2.600769230769245,0.17229052112242962,0.06624598564305155,21.627499999999998,2.3117998940219664,0.10689168392194967,43.68502408467532,1.9993236012192426,0.04576679635895186,0.6529200359389039,0.033913764521514844,0.05194168145375811,1592.6153846153845,67.13538383977267,0.04215417261964088,1846.1538461538462,239.49321905303833,0.1297254936537291,26.47053421864519,1.2518997943498402,0.047294088740681056,10,10.0,0.0333349000736368,2.673000000000017,0.11099999999998632,0.041526374859702814,28.836666666666662,10.647927289174902,0.36924958811148667,44.10017469906221,1.9506137060232267,0.04423142809147889,0.6526168014375561,0.03316580682154191,0.050819725677435375,1606.8,65.84800680354722,0.04098083570048993,1913.3333333333335,218.68292622475636,0.11429421231259042,26.2577942570562,1.1293898305260743,0.04301160331555937,30.0,0.16200000000000614,3.1837512171730635,1.0325006423076024,10.0,10.0,3.342938778031717,0.4860000000000184,1.6200000000000614,3.342938778031717,10.0,3.1837512171730635,299.96999999999997
CX138,260325,T003346,000014,well018,CX138|260325|T003346|000014|well018,/mnt/benshalom-nas/analysis/Sadegh/CX138/CX138/260325/T003346/Network/000014/well018,/mnt/benshalom-nas/analysis/Sadegh/CX138/CX138/260325/T003346/Network/000014/well018/network_results.json,83,45,45.0,0.15000365008881883,0.6379999999999981,0.3093477008157636,0.484871004413424,6.2461363636363645,9.953875265422345,1.5936051802153446,8.083179431189997,3.5690765857730065,0.4415436544685945,0.6784471218206158,0.12047716783695914,0.17757783025692278,291.15555555555557,130.37296167458368,0.4477776885480282,858.5185185185187,193.49361881277122,0.22538083295706737,16.721667981142115,2.4047233916708866,0.14380882304222384,12,12.0,0.040000973357018355,2.392499999999993,0.27958674861302724,0.116859665042018,24.870000000000005,1.9600649339893277,0.0788124219537325,30.311922866962494,2.0222183285956805,0.06671362742215646,0.6848226238286479,0.04489995000237511,0.06556434971635765,1091.8333333333333,66.94628858686309,0.06131548336455176,1097.2222222222222,160.12630045924826,0.14593789408944147,19.171029274662605,1.0301792553294318,0.053736251745803154,3,3.0,0.010000243339254589,2.7800000000000105,0.1870828693386991,0.06729599616499943,61.214999999999975,33.735000000000014,0.5510904190149478,32.502759807221814,1.9117508433564105,0.058818108206664874,0.7259036144578314,0.05393725308659956,0.0743036017624525,1156.6666666666667,63.793068240644736,0.055152508565398904,1222.2222222222224,258.67659392939595,0.211644485942233,19.423916663033644,1.1505088860724604,0.05923156004175179,30.0,0.14670000000000005,3.939828795332632,1.0666152897619008,10.0,10.0,4.136820235099264,0.44010000000000016,1.4670000000000005,4.136820235099264,10.0,3.939828795332632,299.96999999999997
CX138,260325,T003346,000014,well019,CX138|260325|T003346|000014|well019,/mnt/benshalom-nas/analysis/Sadegh/CX138/CX138/260325/T003346/Network/000014/well019,/mnt/benshalom-nas/analysis/Sadegh/CX138/CX138/260325/T003346/Network/000014/well019/network_results.json,43,41,41.0,0.13668370656875223,0.6321951219512193,0.3799005787469942,0.6009229833575142,7.192499999999998,9.49319591865668,1.319874302211565,4.036666566765912,2.283527612970581,0.5656963673370954,0.6965399886557007,0.11924202517706654,0.17119193028271032,153.4390243902439,90.06800920401768,0.5869954502248808,473.98373983739833,102.14825166522891,0.21551003353041437,8.792503116490701,1.4080039498978834,0.16013687242909405,15,15.0,0.05000623411051911,1.7279999999999993,0.3031435303614502,0.17543028377398745,20.451428571428572,3.6820372023084675,0.18003814205196475,11.033555282493495,1.5359771628460699,0.13920963130380504,0.7209302325581395,0.08877858819609616,0.12314449330426243,419.4,53.56964314485086,0.1277292397349806,580.0,59.37950762616618,0.10237846142442444,10.221806347889089,0.7615696323021292,0.0745044081625946,0,,,,,,,,,,,,,,,,,,,,,,,,30.0,0.1603999999999992,2.7374579049682737,0.46416989897957084,6.45,6.45,2.8743308002166876,0.48119999999999763,1.603999999999992,2.8743308002166876,6.45,2.7374579049682737,299.94
CX138,260325,T003346,000014,well020,CX138|260325|T003346|000014|well020,/mnt/benshalom-nas/analysis/Sadegh/CX138/CX138/260325/T003346/Network/000014/well020,/mnt/benshalom-nas/analysis/Sadegh/CX138/CX138/260325/T003346/Network/000014/well020/network_results.json,36,60,60.0,0.20000620019220597,0.5215000000000009,0.3231605638069116,0.6196750983833386,4.611864406779661,7.97045529069303,1.7282501365339535,2.9256764956242383,1.5662624050126757,0.5353505103367519,0.663425925925926,0.13157518179219374,0.19832686159884053,109.31666666666666,60.033738199634236,0.5491727842625483,438.3333333333333,82.5126252965771,0.18824173071462458,7.874692878847954,1.2264657749571601,0.15574775979537486,14,14.0,0.04666811337818139,2.2435714285714328,0.16710164327041438,0.07448019757356883,20.822307692307696,1.2208455698103051,0.05863161700666432,12.538613552675306,0.5172428001081053,0.04125199312788004,0.6799933862433862,0.06935801026871644,0.10199806596926446,468.5,13.102616968704055,0.027967165354757854,521.4285714285714,74.11610674415897,0.14214047868742816,9.344765385254428,0.5157990543277916,0.05519657616462974,0,,,,,,,,,,,,,,,,,,,,,,,,30.0,0.22530000000000425,1.764775408355175,0.4433634212311308,5.3999999999999995,5.3999999999999995,1.8530141787729337,0.6759000000000127,2.2530000000000423,1.8530141787729337,5.3999999999999995,1.764775408355175,299.97
CX138,260325,T003346,000014,well021,CX138|260325|T003346|000014|well021,/mnt/benshalom-nas/analysis/Sadegh/CX138/CX138/260325/T003346/Network/000014/well021,/mnt/benshalom-nas/analysis/Sadegh/CX138/CX138/260325/T003346/Network/000014/well021/network_results.json,97,57,57.0,0.19000861372382213,0.5905263157894717,0.4076437258222113,0.6903057745652443,5.038392857142857,8.890339816899525,1.7645189783674406,10.247050179652982,6.2064617972529526,0.605682775866248,0.7100741544583108,0.11227128521633703,0.15811205704562592,370.2280701754386,230.79040522060228,0.6233736007948789,1207.6023391812867,347.42256454798866,0.28769616725281383,23.16710664041484,4.076867659602709,0.17597655688650585,13,13.0,0.04333529786683663,2.58923076923076,0.21517297294043683,0.08310304956107215,23.380000000000006,1.9630461023623464,0.08396262200010034,44.9293738646323,2.0680311866197734,0.046028488909071914,0.7195347607718741,0.05167713547609871,0.07182020701913353,1623.3076923076924,72.95139015429237,0.04493996455507751,1679.4871794871797,198.51519847021444,0.11819988916547118,28.882520334735208,1.6284919766367256,0.05638330581137823,9,9.0,0.03000136006165613,2.683333333333328,0.1839081896551191,0.06853721353606937,23.310000000000006,1.501798921294055,0.06442723815075309,45.977865278368846,1.423096519214126,0.0309517745245047,0.7284077892325315,0.051813992919045794,0.07113322191905486,1657.0,56.20992399528357,0.03392270609250668,1666.666666666667,189.2154040658489,0.11352924243950932,29.128146541014946,1.8271131686455824,0.06272672262455317,30.0,0.16830000000002343,3.784772985622747,1.0276525089559883,10.0,10.0,3.9740116349038845,0.5049000000000703,1.6830000000002343,3.9740116349038845,10.0,3.784772985622747,299.96999999999997
CX138,260325,T003346,000014,well022,CX138|260325|T003346|000014|well022,/mnt/benshalom-nas/analysis/Sadegh/CX138/CX138/260325/T003346/Network/000014/well022,/mnt/benshalom-nas/analysis/Sadegh/CX138/CX138/260325/T003346/Network/000014/well022/network_results.json,17,4,4.0,0.01333476015266967,0.5925000000000047,0.2601321779403697,0.43904165053226607,78.3,57.55070286278005,0.7350025908401028,1.8871060601148102,0.9372534342822124,0.4966617690927189,0.838235294117647,0.04877389397581471,0.05818639983079651,71.75,32.529794035622174,0.4533769203571035,400.00000000000006,52.704627669472984,0.13176156917368245,5.191709716365635,0.09267745230809847,0.0178510466438358,4,4.0,0.01333476015266967,0.5925000000000047,0.2601321779403697,0.43904165053226607,78.3,57.55070286278005,0.7350025908401028,1.8871060601148102,0.9372534342822124,0.4966617690927189,0.838235294117647,0.04877389397581471,0.05818639983079651,71.75,32.529794035622174,0.4533769203571035,400.00000000000006,52.704627669472984,0.13176156917368245,5.191709716365635,0.09267745230809847,0.0178510466438358,0,,,,,,,,,,,,,,,,,,,,,,,,30.0,0.08970000000005028,0.1858143426596491,0.18574742637007646,5.0,5.0,0.19510505979263157,0.26910000000015083,0.8970000000005028,0.19510505979263157,5.0,0.1858143426596491,299.93999999999994
CX138,260325,T003346,000014,well023,CX138|260325|T003346|000014|well023,/mnt/benshalom-nas/analysis/Sadegh/CX138/CX138/260325/T003346/Network/000014/well023,/mnt/benshalom-nas/analysis/Sadegh/CX138/CX138/260325/T003346/Network/000014/well023/network_results.json,58,64,64.0,0.2133412980751281,0.6164062500000003,0.31530920928659156,0.5115282482722903,4.446666666666666,6.913449509975765,1.5547487653618663,5.284499191101496,2.181050998978249,0.41272614870504554,0.6963900862068966,0.1438524613999528,0.20656879563505795,200.859375,82.5403059093518,0.41093578982485535,681.25,165.29382508463866,0.24263313773891912,13.045527859916934,1.7405805264209406,0.1334235413937496,21,21.0,0.07000261343090142,1.9442857142857128,0.8672922911956149,0.4460724495495451,13.985999999999999,7.299472857679514,0.5219128312369166,16.10514039192837,8.145748776686892,0.5057856422517998,0.7286261631089217,0.0807338788221228,0.11080288206732147,612.1428571428571,308.37041512630566,0.503755637312518,812.6984126984128,210.4357259577975,0.25893458467463365,14.162869098729278,2.1409602539633514,0.15116712856969375,9,9.0,0.03000112004181489,2.639999999999999,0.0979795897113298,0.03711348095126131,31.98,22.016331438275536,0.6884406328416365,21.95873123127588,2.3676743563217646,0.10782382330676189,0.7092911877394638,0.05452623540795329,0.07687426031857289,830.7777777777778,77.60266000277421,0.09340964825798688,940.7407407407409,194.8584657476431,0.20713301477111665,15.56120054679799,1.3320095197932094,0.08559812051694787,30.0,0.1567000000000007,2.916905326587281,0.7127042486891444,10.0,10.0,3.0627505929166454,0.47010000000000207,1.567000000000007,3.0627505929166454,10.0,2.916905326587281,299.96999999999997
CX138,260326,T003346,000016,well000,CX138|260326|T003346|000016|well000,/mnt/benshalom-nas/analysis/Sadegh/CX138/CX138/260326/T003346/Network/000016/well000,/mnt/benshalom-nas/analysis/Sadegh/CX138/CX138/260326/T003346/Network/000016/well000/network_results.json,71,14,14.0,0.04666195380933192,1.1614285714285835,0.3894108579977298,0.33528610159705785,21.219230769230766,11.479986908018832,0.541018052580188,11.721657284690469,3.872305872294603,0.3303548106078976,0.7826961770623742,0.09811819187313164,0.12535923229035073,444.2857142857143,147.8485849835319,0.3327781655577889,809.5238095238095,96.3035638864604,0.11896322597739226,17.53204274888309,1.6676552284046875,0.09512041764277175,11,11.0,0.03666296370733223,1.4781818181818336,0.09833321660356661,0.06652308626317475,27.584999999999997,2.384962263852398,0.08645866463122705,14.918472907787873,0.6620566502156521,0.04437831233182315,0.8015364916773368,0.05543597477794947,0.06916213466705837,565.4545454545455,29.998071563363222,0.05305125196093174,842.4242424242425,68.29956163384634,0.08107501920564493,18.17312296027085,0.9966233348521893,0.0548405101880924,0,,,,,,,,,,,,,,,,,,,,,,,,30.0,0.1910999999999887,3.431264900262353,0.5314074539161935,10.0,10.0,3.602828145275471,0.5732999999999661,1.910999999999887,3.602828145275471,10.0,3.431264900262353,300.03
CX138,260326,T003346,000016,well001,CX138|260326|T003346|000016|well001,/mnt/benshalom-nas/analysis/Sadegh/CX138/CX138/260326/T003346/Network/000016/well001,/mnt/benshalom-nas/analysis/Sadegh/CX138/CX138/260326/T003346/Network/000016/well001/network_results.json,107,82,82.0,0.2733065492915028,0.7423170731707323,0.5372656580030784,0.7237684237925479,3.6007407407407404,4.9492849658839955,1.3745185566639364,12.465247481066909,6.169852135283634,0.49496427123928644,0.6987690904946432,0.13344712386747115,0.1909745661088227,502.0487804878049,236.54478782009605,0.4711589730190409,1570.7317073170734,460.27534600899224,0.29303244078212237,28.455761622776215,4.660501257543421,0.16378058402812593,25,25.0,0.08332516746692158,2.4348000000000023,0.270822746459745,0.11122997636756397,12.112499999999997,1.0516504885179287,0.08682356974348227,40.88601173789946,3.0247803253531536,0.07398081145071239,0.7137133956386293,0.06039950522931877,0.08462711446696809,1646.72,102.61677055920245,0.06231585853041346,2168.0,186.78091741693294,0.08615355969415726,32.219655915959905,2.2489989634043868,0.06980207886982283,8,8.0,0.026664053589414902,2.756249999999998,0.21342079912698791,0.07743158244970089,36.01714285714285,19.1854354835609,0.5326751086186194,44.03867807380543,2.9979404230686337,0.06807516833371603,0.7004672897196262,0.07470662203694296,0.10665254913879782,1751.75,93.76266581107856,0.05352514103672246,2116.666666666667,138.4437310486347,0.06540648710959118,33.36129908087769,1.3540335840027604,0.0405869561829766,30.0,0.06910000000000595,4.300603319883828,1.2989230544831125,10.0,10.0,4.515633485878019,0.20730000000001786,0.6910000000000595,4.515633485878019,10.0,4.300603319883828,299.9999999999999
CX138,260326,T003346,000016,well002,CX138|260326|T003346|000016|well002,/mnt/benshalom-nas/analysis/Sadegh/CX138/CX138/260326/T003346/Network/000016/well002,/mnt/benshalom-nas/analysis/Sadegh/CX138/CX138/260326/T003346/Network/000016/well002/network_results.json,99,45,45.0,0.14998410168522136,0.9273333333333328,0.5141914904866566,0.5544839940546265,6.666818181818181,6.889761762844949,1.033440777136353,12.1295454167222,6.983140400079804,0.575713281921729,0.807631874298541,0.0818384244417679,0.10133134543859812,478.2,294.83174862962096,0.6165448528432057,1482.9629629629628,301.07808119146915,0.2030246801241176,22.054990416614306,4.270588593968244,0.19363366355177172,21,21.0,0.06999258078643664,1.987142857142856,0.13445278360974136,0.06766135767564271,14.638499999999999,1.7361545870111887,0.11860194603348628,25.991883035833286,1.2090677797931182,0.04651712914090359,0.8128908128908128,0.04863261367566548,0.05982674782941334,1024.7142857142858,42.539777303850855,0.04151379354899707,1731.7460317460316,223.12740813721373,0.12884534108748366,26.09298496017589,1.514324062461126,0.058035677588146595,0,,,,,,,,,,,,,,,,,,,,,,,,30.0,0.15870000000001025,3.566585796458285,0.6776854189892632,10.0,10.0,3.7449150862811993,0.4761000000000307,1.5870000000001026,3.7449150862811993,10.0,3.566585796458285,300.03000000000003
CX138,260326,T003346,000016,well003,CX138|260326|T003346|000016|well003,/mnt/benshalom-nas/analysis/Sadegh/CX138/CX138/260326/T003346/Network/000016/well003,/mnt/benshalom-nas/analysis/Sadegh/CX138/CX138/260326/T003346/Network/000016/well003/network_results.json,65,68,68.0,0.2266559382855878,0.5611764705882357,0.3278294454876199,0.5841824500303494,4.220149253731344,6.196708440786234,1.468362389151822,5.007545525617937,2.4996749447774858,0.49918167133768054,0.6839366515837104,0.11495951325115877,0.16808503095273628,191.35294117647058,92.2673169950613,0.4821839498665976,737.2549019607843,191.87153686510496,0.26025128670532854,12.711326666567738,1.2103141806018418,0.09521541003152002,19,19.0,0.06333033569744365,2.193157894736846,0.22341965779739334,0.1018712142584705,15.635,1.0485823763538973,0.06706634962289078,17.921741881158933,1.6016564264461224,0.08936946180047033,0.700458839406208,0.07104780874422825,0.1014303835532389,684.8421052631579,59.554718897298876,0.08696124032037186,1003.5087719298247,123.25731979123016,0.12282635014161046,13.954095052348839,0.6539986187393301,0.04686786325346444,1,1.0,0.00333317556302335,2.700000000000003,0.0,0.0,0.0,0.0,0.0,17.431862031744068,0.0,0.0,0.8615384615384616,0.0,0.0,641.0,0.0,0.0,900.0,0.0,0.0,13.835136478266854,0.0,0.0,30.0,0.17420000000001323,3.748768583853725,0.7786437598370113,10.0,10.0,3.9362070130464115,0.5226000000000397,1.7420000000001323,3.9362070130464115,10.0,3.748768583853725,300.0
CX138,260326,T003346,000016,well004,CX138|260326|T003346|000016|well004,/mnt/benshalom-nas/analysis/Sadegh/CX138/CX138/260326/T003346/Network/000016/well004,/mnt/benshalom-nas/analysis/Sadegh/CX138/CX138/260326/T003346/Network/000016/well004/network_results.json,90,67,67.0,0.2233416714223998,0.6626865671641797,0.3992327794753584,0.6024458609200223,4.359090909090909,6.689270179712435,1.5345562456066064,7.363917247921707,4.382106493362561,0.5950781826886101,0.687893864013267,0.12828662605176888,0.1864918888843217,269.2238805970149,165.31677605325618,0.6140494509129707,764.6766169154229,260.17474654572106,0.3402415358210145,15.029702905552407,3.094419856061701,0.2058869610069626,25,25.0,0.08333644456059694,1.809600000000002,0.9699504317231952,0.5360026700503946,11.9225,7.63668408080366,0.6405270774421187,19.735298224430178,11.214353226338543,0.5682383462772496,0.7139502645502646,0.08723072600181053,0.12218039593662647,721.52,412.9000963913668,0.5722642426978695,933.3333333333333,324.6878843169579,0.3478798760538835,16.370614418206493,3.489946701235606,0.21318361132214317,7,7.0,0.023334204476967144,2.8414285714285734,0.30497908927983186,0.10733301281844251,37.294999999999995,22.09826294078338,0.592526154733433,30.533362881366568,2.6644749713508404,0.08726437967882258,0.7018858654572939,0.08195590393657685,0.11676528616683397,1119.0,84.84439538691656,0.07582162232968415,1185.7142857142858,309.56043739323826,0.2610750676810443,18.78694564066574,1.5675363563456906,0.08343753084336614,30.0,0.1634999999999991,4.918421892979113,1.7418468964243958,10.0,10.0,5.1643429876280695,0.49049999999999727,1.634999999999991,5.1643429876280695,10.0,4.918421892979113,299.96999999999997
CX138,260326,T003346,000016,well005,CX138|260326|T003346|000016|well005,/mnt/benshalom-nas/analysis/Sadegh/CX138/CX138/260326/T003346/Network/000016/well005,/mnt/benshalom-nas/analysis/Sadegh/CX138/CX138/260326/T003346/Network/000016/well005/network_results.json,124,94,94.0,0.3133047181690739,0.543191489361702,0.3010980357983298,0.5543128743643362,3.028709677419355,5.2033585567930585,1.7180116653593014,7.098820896853542,4.158356296829022,0.5857812666709423,0.5861358956760467,0.10456257365913944,0.17839305599691588,262.74468085106383,167.0812604037019,0.6359072992933832,875.5319148936169,316.79450692797286,0.3618309070623263,16.686397357417885,5.531097250428588,0.33147342304956895,32,32.0,0.10665692533415282,1.633124999999999,0.9034601454270169,0.5532094269740635,9.066774193548389,6.867781905670142,0.7574669622363625,20.852786384507283,12.891580374851337,0.6182185985672026,0.5938172043010752,0.06552582194006357,0.11034678932414509,771.8125,488.47207171316353,0.6328895576492523,1035.4166666666667,347.8043730956304,0.3359076440360213,18.9556839989845,6.044803405172933,0.3188913365245362,10,10.0,0.03333028916692275,3.594000000000004,0.8232034985348355,0.22904938746100018,27.529999999999998,20.50661356733481,0.7448824397869529,39.15917783973104,3.8821520583575917,0.09913773149799754,0.572654569892473,0.02664300001350487,0.046525429838982356,1439.0,125.67418191498204,0.08733438632034889,1296.6666666666667,99.38701010583719,0.07664807977313921,24.03646892845581,0.93741088779943,0.03899952570361393,30.0,0.15579999999999924,6.237754567454198,1.7390838334179861,10.0,10.0,6.549642295826908,0.4673999999999977,1.5579999999999925,6.549642295826908,10.0,6.237754567454198,300.0
CX138,260326,T003346,000016,well006,CX138|260326|T003346|000016|well006,/mnt/benshalom-nas/analysis/Sadegh/CX138/CX138/260326/T003346/Network/000016/well006,/mnt/benshalom-nas/analysis/Sadegh/CX138/CX138/260326/T003346/Network/000016/well006/network_results.json,62,27,27.0,0.09000591038811549,0.7022222222222244,0.29600216882756136,0.4215220758620323,10.74,11.140100123842283,1.0372532703763764,5.183821858993434,1.6723065502178722,0.3226010838541029,0.6851851851851853,0.08989598550553937,0.13119954641348985,195.11111111111111,61.74999375218642,0.3164863005522083,602.4691358024693,121.35243572526599,0.2014251494620193,11.616792216855256,1.0033486023401754,0.08637053875202984,14,14.0,0.046669731312356175,1.3735714285714313,0.29222318141295894,0.2127469859480716,21.452307692307702,6.349644634327877,0.2959888849909006,9.99737072805876,2.3552539407724598,0.23558733639457535,0.6971966205837175,0.06511028842964857,0.09338870342649674,376.2857142857143,83.9493287401297,0.22309996248326042,661.904761904762,141.34116266338887,0.21353700834037162,12.298435920703298,0.8474186867454122,0.06890459016165298,0,,,,,,,,,,,,,,,,,,,,,,,,30.0,0.18919999999997117,4.053121040191862,0.7179059356938029,10.0,10.0,4.2557770922014555,0.5675999999999135,1.8919999999997117,4.2557770922014555,10.0,4.053121040191862,299.97
CX138,260326,T003346,000016,well007,CX138|260326|T003346|000016|well007,/mnt/benshalom-nas/analysis/Sadegh/CX138/CX138/260326/T003346/Network/000016/well007,/mnt/benshalom-nas/analysis/Sadegh/CX138/CX138/260326/T003346/Network/000016/well007/network_results.json,150,41,41.0,0.13667568726202597,0.9358536585365841,0.5146155354396942,0.5498888963520326,7.25925,8.270406092659538,1.139292088391988,30.572298620000193,16.26564792336907,0.5320387624608701,0.8242276422764229,0.08716872835704458,0.10575807445173092,1162.560975609756,614.6014393155976,0.5286616807288262,2528.4552845528456,236.7989983418531,0.09365362313841778,53.68378890947114,10.718879297001621,0.19966696678353393,17,17.0,0.056670406913522965,2.257058823529409,0.11482798930586814,0.050875053901479304,18.090000000000003,1.582055624812232,0.08745470562809461,73.73319078941222,1.599524061349849,0.02169340624249146,0.8350326797385621,0.05375800107250431,0.06437832000699091,2803.823529411765,54.82725309242567,0.01955445930077072,2727.450980392157,185.1462217115745,0.06788251119547303,59.53330875369776,1.636913519169605,0.02749575915462505,0,,,,,,,,,,,,,,,,,,,,,,,,30.0,0.06090000000000374,3.5319702767973102,0.9563060411739004,10.0,10.0,3.708568790637176,0.18270000000001124,0.6090000000000374,3.708568790637176,10.0,3.5319702767973102,299.96999999999997
CX138,260326,T003346,000016,well008,CX138|260326|T003346|000016|well008,/mnt/benshalom-nas/analysis/Sadegh/CX138/CX138/260326/T003346/Network/000016/well008,/mnt/benshalom-nas/analysis/Sadegh/CX138/CX138/260326/T003346/Network/000016/well008/network_results.json,159,53,53.0,0.17667968206991247,0.7194339622641536,0.49186366838843554,0.6836814693046679,5.371153846153844,7.802034412660026,1.4525806998149713,24.98891911568663,15.880070862576504,0.6354845037138038,0.7928088287646848,0.07260295934707876,0.09157688046966514,965.811320754717,612.6773615091412,0.6343654794089334,2666.0377358490564,266.15442673287765,0.09983145517935256,52.2446352553705,12.695762493654556,0.24300605089111982,16,16.0,0.05333726251167169,2.3831250000000086,0.15659337270459278,0.06570925683906309,18.561999999999994,1.0921245350233675,0.05883657660938303,82.77579457071198,2.3161984238086384,0.027981590944802164,0.7961543501048218,0.025618069029410773,0.03217726440361457,3199.25,87.87384423137524,0.027467013903688442,2937.5,196.45292056877136,0.06687758998085834,61.48595915461327,1.788506787042735,0.029088052160743498,4,4.0,0.013334315627917922,2.6025000000000027,0.08042853971072249,0.030904338025253567,62.779999999999994,39.38631996010798,0.6273704995238609,84.60001764573363,2.112876024248052,0.02497488869441866,0.797038784067086,0.0046786087713199705,0.0058699888447664005,3255.25,80.50582277077851,0.02473107219745903,2866.666666666667,164.99158227686104,0.05755520311983524,60.62190520275195,0.663866707060895,0.010950937698849469,30.0,0.08140000000000215,4.0380845661843345,0.7449294647804572,10.0,10.0,4.239988794493551,0.24420000000000647,0.8140000000000215,4.239988794493551,10.0,4.0380845661843345,299.96999999999997
CX138,260326,T003346,000016,well009,CX138|260326|T003346|000016|well009,/mnt/benshalom-nas/analysis/Sadegh/CX138/CX138/260326/T003346/Network/000016/well009,/mnt/benshalom-nas/analysis/Sadegh/CX138/CX138/260326/T003346/Network/000016/well009/network_results.json,98,44,44.0,0.14666769334052004,0.7056818181818194,0.4438437364621637,0.6289573077080569,6.498837209302326,9.198761091835243,1.4154472247232615,10.224901270478464,6.087283209437709,0.5953390696312182,0.7077922077922078,0.10347075334685668,0.14618803683867826,386.29545454545456,234.57811061422345,0.6072505069733383,1130.3030303030305,180.6019930394102,0.15978192413674358,20.549925318098154,3.1364564991975192,0.15262617506620654,14,14.0,0.046666993335620015,2.2178571428571465,0.2889680795873747,0.13029156567546663,21.408461538461538,1.7993282770302717,0.0840475283007924,32.13540399293232,2.3398826031862674,0.07281323127914895,0.7201287657920312,0.05714107136967873,0.0793484083458773,1214.0714285714287,73.91545777412992,0.06088229739588273,1321.4285714285713,155.6385428133735,0.11778051888579617,23.74442520309343,1.3883346627648818,0.058469920871531945,1,1.0,0.003333356666830001,2.5800000000000054,0.0,0.0,0.0,0.0,0.0,35.21561170921359,0.0,0.0,0.7993197278911565,0.0,0.0,1287.0,0.0,0.0,1266.6666666666667,0.0,0.0,25.268010678296335,0.0,0.0,30.0,0.15639999999999785,4.862211031593327,1.0604421180724304,10.0,10.0,5.105321583172994,0.4691999999999935,1.5639999999999785,5.105321583172994,10.0,4.862211031593327,299.96999999999997
CX138,260326,T003346,000016,well010,CX138|260326|T003346|000016|well010,/mnt/benshalom-nas/analysis/Sadegh/CX138/CX138/260326/T003346/Network/000016/well010,/mnt/benshalom-nas/analysis/Sadegh/CX138/CX138/260326/T003346/Network/000016/well010/network_results.json,147,91,91.0,0.3033483996371819,0.580879120879121,0.4663410258825658,0.8028193975655218,2.9926666666666666,5.791955302160248,1.9353827028826847,12.742175357408886,7.38890371245698,0.5798777292890364,0.6066382596994842,0.16405019715591618,0.27042507545960454,446.43956043956047,254.4330136499028,0.5699159218761668,1389.010989010989,562.7217770924102,0.40512406420418773,30.27900072381914,9.227071007014601,0.30473499080027683,19,19.0,0.0633364790451259,2.782105263157895,1.1221106941707233,0.4033315018774828,14.865,6.272242421973185,0.42194701795985096,61.02831355390572,27.978491106338023,0.45845099556331165,0.6055177626606197,0.059077633833202935,0.0975654844105948,2138.2105263157896,982.6553488512842,0.4595690353018855,2073.684210526316,759.9306637630178,0.3664640256725213,35.21444668298184,12.213771616172622,0.34683979919171065,15,15.0,0.05000248345667834,3.336000000000001,0.3450565171098789,0.10343420776675023,18.80785714285714,2.5926136249281777,0.13784736906685843,75.37403581899707,3.2181326355922746,0.042695506491390305,0.6238296800201562,0.05218166635443112,0.08364729673128908,2642.5333333333333,104.0864170880246,0.039388875733396465,2457.7777777777783,169.73472403491832,0.06906024033970455,41.4002357258853,2.5235744964546214,0.060955558638927466,30.0,0.10320000000001528,2.974424709953391,1.6813377662047744,10.0,10.0,3.1231459454510606,0.30960000000004584,1.0320000000001528,3.1231459454510606,10.0,2.974424709953391,299.9699999999999
CX138,260326,T003346,000016,well011,CX138|260326|T003346|000016|well011,/mnt/benshalom-nas/analysis/Sadegh/CX138/CX138/260326/T003346/Network/000016/well011,/mnt/benshalom-nas/analysis/Sadegh/CX138/CX138/260326/T003346/Network/000016/well011/network_results.json,137,94,94.0,0.3133454493573752,0.6114893617021275,0.42211714983485604,0.6903098831676492,3.094516129032258,5.466075928505889,1.7663750003511163,11.677233690751164,5.0945890339657876,0.4362838981291353,0.6258735828544804,0.1422528586084849,0.22728688748884232,426.22340425531917,178.72319940464453,0.4193181266451163,1371.6312056737588,496.72586269175457,0.3621424335032957,27.366767831396746,4.500474826978945,0.16445036018523676,19,19.0,0.06333578231691626,3.0252631578947358,0.2590340034791678,0.08562362675894554,15.895000000000001,0.7586336401715945,0.04772781630522771,57.771577206874184,1.9670830817263438,0.03404932281288458,0.6339882553098074,0.047916202711951926,0.0755790068832379,2108.684210526316,62.7694634369787,0.029767123556785104,2250.877192982456,243.12017124659664,0.10801129977440381,30.75427586574717,1.7698476781636077,0.05754801985550211,18,18.0,0.06000232008971015,3.0616666666666656,0.21365210558807793,0.06978294140056984,16.830000000000002,3.7956957046571724,0.22553153325354558,57.98328384445077,1.7980014155093154,0.031008961485050338,0.6347410497045534,0.04911973803838052,0.07738547563804767,2114.5555555555557,59.19386438007671,0.027993525270384654,2218.5185185185187,206.14696370482588,0.09292100200384472,30.630378898459455,1.7362955212185338,0.05668540787478996,30.0,0.11199999999999476,3.4614929452554906,1.502202943779069,10.0,10.0,3.6345675925182652,0.33599999999998426,1.1199999999999475,3.6345675925182652,10.0,3.4614929452554906,299.96999999999997
CX138,260326,T003346,000016,well012,CX138|260326|T003346|000016|well012,/mnt/benshalom-nas/analysis/Sadegh/CX138/CX138/260326/T003346/Network/000016/well012,/mnt/benshalom-nas/analysis/Sadegh/CX138/CX138/260326/T003346/Network/000016/well012/network_results.json,75,31,31.0,0.10333443556731271,0.6561290322580619,0.3730491398864623,0.568560636011818,9.775,10.758885862392997,1.1006532851552937,6.444277883685271,3.175666868448198,0.49278862981497285,0.730752688172043,0.0960537098760156,0.1314448943270961,254.19354838709677,130.38266740014444,0.5129267372340708,839.7849462365592,189.58913411212208,0.22575914817448595,14.626192404852345,2.356579729111854,0.1611205202202893,14,14.0,0.04666716444975413,1.452857142857137,0.2949680024154816,0.2030261570214729,22.51384615384615,1.1546996843104886,0.05128842386236284,14.269472456731675,2.607207071950537,0.18271222568712256,0.7449206349206349,0.06395643673587208,0.08585671243042704,562.8571428571429,93.42900829954652,0.16599062388244307,947.6190476190476,161.20296076010246,0.17011367718402773,16.311271376470735,1.2613337780219402,0.0773289677370848,0,,,,,,,,,,,,,,,,,,,,,,,,30.0,0.2000000000000015,4.075042035920968,0.6430246160474327,10.0,10.0,4.278794137717017,0.6000000000000045,2.000000000000015,4.278794137717017,10.0,4.075042035920968,299.97
CX138,260326,T003346,000016,well013,CX138|260326|T003346|000016|well013,/mnt/benshalom-nas/analysis/Sadegh/CX138/CX138/260326/T003346/Network/000016/well013,/mnt/benshalom-nas/analysis/Sadegh/CX138/CX138/260326/T003346/Network/000016/well013/network_results.json,148,41,41.0,0.13668010687717624,1.040487804878047,0.7987549800432885,0.7676735626295097,6.6975,10.499885892237113,1.567732122767766,29.659325268319318,19.35099962916088,0.6524423416277342,0.7696110744891232,0.16611586542337306,0.2158439125030038,1031.8048780487804,661.5764328946207,0.6411836646340642,2030.081300813008,508.4545305632948,0.25046018125464664,48.13558797274054,13.910968531683265,0.2889955045227894,11,11.0,0.03667027257680339,3.8781818181818113,0.4176736042287327,0.10769830395021256,26.627999999999997,1.4757560774057423,0.05542121366252601,110.54839418191744,4.072883592250188,0.03684253961706478,0.7910085410085409,0.07234115983433562,0.0914543346676133,3845.818181818182,135.0850359667893,0.03512517482116779,2372.727272727273,67.89501970426696,0.02861475926233473,58.60451980596488,1.617812868112012,0.02760559891060396,11,11.0,0.03667027257680339,3.8781818181818113,0.4176736042287327,0.10769830395021256,26.627999999999997,1.4757560774057423,0.05542121366252601,110.54839418191744,4.072883592250188,0.03684253961706478,0.7910085410085409,0.07234115983433562,0.0914543346676133,3845.818181818182,135.0850359667893,0.03512517482116779,2372.727272727273,67.89501970426696,0.02861475926233473,58.60451980596488,1.617812868112012,0.02760559891060396,30.0,0.06649999999999068,1.5885737136538143,0.9282301154237517,10.0,10.0,1.668002399336505,0.19949999999997203,0.6649999999999068,1.668002399336505,10.0,1.5885737136538143,299.96999999999997
CX138,260326,T003346,000016,well014,CX138|260326|T003346|000016|well014,/mnt/benshalom-nas/analysis/Sadegh/CX138/CX138/260326/T003346/Network/000016/well014,/mnt/benshalom-nas/analysis/Sadegh/CX138/CX138/260326/T003346/Network/000016/well014/network_results.json,120,59,59.0,0.19669754818173119,0.8796610169491506,0.46989708971326904,0.5341797358975517,5.044137931034481,5.668126259295913,1.1237056434207104,16.131009196644634,8.469899088262082,0.5250693856168579,0.8381355932203389,0.0631524958731316,0.07534878172931779,628.6271186440678,318.0752441789433,0.5059839684692943,1949.1525423728815,434.1954020530037,0.2227611193141497,34.69031971102453,3.54168588503652,0.10209435700043369,26,26.0,0.08668027546991544,1.9961538461538417,0.21036738784759887,0.10538636000072414,11.679599999999999,3.287788898332739,0.28149841589889546,36.60498240777053,1.6755636356829922,0.04577419590091928,0.8469017094017093,0.04336343548934771,0.05120244180399831,1426.5,61.090884376035625,0.042825716351935245,2380.769230769231,214.66990699160507,0.09016829695931715,37.41184858152697,2.133702359455316,0.05703279683722672,0,,,,,,,,,,,,,,,,,,,,,,,,30.0,0.07359999999999899,2.5620042837076977,0.644292442152997,10.0,10.0,2.6901044978930826,0.22079999999999694,0.7359999999999899,2.6901044978930826,10.0,2.5620042837076977,299.93999999999994
CX138,260326,T003346,000016,well015,CX138|260326|T003346|000016|well015,/mnt/benshalom-nas/analysis/Sadegh/CX138/CX138/260326/T003346/Network/000016/well015,/mnt/benshalom-nas/analysis/Sadegh/CX138/CX138/260326/T003346/Network/000016/well015/network_results.json,142,95,95.0,0.3166834508895638,0.6044210526315789,0.42231620926672836,0.6987119449728179,3.0970212765957448,5.730914640488775,1.8504602095560074,16.67586392225415,7.455122305961728,0.4470606345025864,0.676871756856931,0.10401207897945103,0.15366585756574247,592.0736842105263,256.2916201724846,0.43287115608629867,1749.8245614035086,370.0126024157084,0.21145697150286125,38.43593513882886,2.8678473521629972,0.07461370048118934,18,18.0,0.06000318016854893,3.1899999999999995,0.15524174696260395,0.04866512443968777,17.029411764705884,1.1142577090666752,0.06543136806263722,88.0115040341191,2.32452264625713,0.02641157734738848,0.68117035546613,0.027295111596518713,0.040070903522864645,3124.8333333333335,81.32462385061763,0.026025267646472117,2459.259259259259,201.09439941478848,0.08177031301504954,41.595173354149225,1.3485601130206735,0.03242107206859738,18,18.0,0.06000318016854893,3.1899999999999995,0.15524174696260395,0.04866512443968777,17.029411764705884,1.1142577090666752,0.06543136806263722,88.0115040341191,2.32452264625713,0.02641157734738848,0.68117035546613,0.027295111596518713,0.040070903522864645,3124.8333333333335,81.32462385061763,0.026025267646472117,2459.259259259259,201.09439941478848,0.08177031301504954,41.595173354149225,1.3485601130206735,0.03242107206859738,30.0,0.06520000000000437,2.778944022577408,1.0421135802801191,10.0,10.0,2.9178912237062784,0.1956000000000131,0.6520000000000437,2.9178912237062784,10.0,2.778944022577408,299.97
CX138,260326,T003346,000016,well016,CX138|260326|T003346|000016|well016,/mnt/benshalom-nas/analysis/Sadegh/CX138/CX138/260326/T003346/Network/000016/well016,/mnt/benshalom-nas/analysis/Sadegh/CX138/CX138/260326/T003346/Network/000016/well016/network_results.json,155,61,61.0,0.20333902682608446,0.7332786885245891,0.5956694025101604,0.8123369897858225,4.357499999999999,7.673193517043608,1.7609164697747814,20.768800049379347,13.15984704689532,0.6336354057820778,0.71602326811211,0.12319693556693535,0.17205716776741117,736.016393442623,455.3256983023622,0.6186352673106018,1930.054644808743,500.91737038177524,0.259535330633819,42.520763988333265,10.990277187583127,0.2584684788495007,16,16.0,0.05333482670848117,2.795624999999996,1.042161028524388,0.37278284051844923,17.343999999999994,7.61766000816523,0.43921010194679616,79.18105018825878,35.28970508865455,0.44568372110183785,0.6906922043010753,0.11233209981371149,0.16263698810294597,2806.0625,1251.833728413542,0.4461175502732181,2147.916666666667,783.8622992379891,0.3649407406733605,42.6264228137443,15.261388370985944,0.3580264860054154,13,13.0,0.04333454670064095,3.346153846153845,0.4207600899021178,0.12574439468339157,21.679999999999993,1.030921917508791,0.04755174896258262,96.38989841338108,2.9529039529088905,0.030634993931054514,0.7302315963606287,0.05822709289781035,0.07973784370329354,3416.5384615384614,92.2209849175967,0.026992520633316607,2515.3846153846152,189.74358974358984,0.07543323139653418,49.93750299678085,1.2316949675077542,0.024664728782837892,30.0,0.0776000000000039,2.667022871535289,1.3219082040953107,10.0,10.0,2.8003740151120535,0.23280000000001172,0.776000000000039,2.8003740151120535,10.0,2.667022871535289,299.96999999999997
CX138,260326,T003346,000016,well017,CX138|260326|T003346|000016|well017,/mnt/benshalom-nas/analysis/Sadegh/CX138/CX138/260326/T003346/Network/000016/well017,/mnt/benshalom-nas/analysis/Sadegh/CX138/CX138/260326/T003346/Network/000016/well017/network_results.json,126,79,79.0,0.2633432525958478,0.6383544303797466,0.454770578910286,0.7124107819534524,3.656153846153845,6.327214769988617,1.7305657902346319,9.302023819895433,7.5124535487845145,0.8076149550076044,0.6454691581273859,0.13995740714161137,0.216830510612856,331.75949367088606,276.49104250786394,0.8334080795956066,898.73417721519,338.4602779027311,0.3765966472438838,18.31053696032575,6.690040215559346,0.3653655941415018,23,23.0,0.07666955455322151,2.290434782608694,1.2931844021332017,0.5646021497544355,12.894545454545453,7.809055773018637,0.6056092322560986,31.950429642249524,18.847081247385063,0.5898850644081074,0.6440566564790167,0.09876876146608635,0.15335415055880916,1139.5217391304348,681.0101109870108,0.5976280114732057,1082.608695652174,390.94454741233926,0.3611134373688274,21.521556562617633,7.773498693688609,0.3611959326023364,14,14.0,0.046668424510656566,3.6149999999999984,1.2418980289402626,0.3435402569682609,20.20384615384615,2.137466287494968,0.10579501898890002,47.23917308461597,6.641853148586311,0.14060053796219632,0.6802181189936292,0.08355543143249089,0.12283623311315155,1689.0,218.1758792481751,0.12917458806878337,1364.2857142857142,106.50604403021448,0.0780672574043457,27.177255449945765,0.9602668572845154,0.03533347431101369,30.0,0.17900000000000207,5.051524278373378,1.7132494930678366,10.0,10.0,5.304100492292047,0.5370000000000063,1.7900000000000207,5.304100492292047,10.0,5.051524278373378,299.96999999999997
CX138,260326,T003346,000016,well018,CX138|260326|T003346|000016|well018,/mnt/benshalom-nas/analysis/Sadegh/CX138/CX138/260326/T003346/Network/000016/well018,/mnt/benshalom-nas/analysis/Sadegh/CX138/CX138/260326/T003346/Network/000016/well018/network_results.json,98,45,45.0,0.14998165224454207,0.6906666666666688,0.3801309715815799,0.5503826808613591,6.0981818181818195,8.709332056824621,1.4281850421149496,8.16643227235998,3.6077433379677255,0.4417771699617782,0.6659863945578232,0.1124487943996401,0.1688454829085505,311.24444444444447,141.81257671158875,0.4556308690576534,1054.0740740740741,326.998236027174,0.3102232035394834,17.390154575623292,2.41648824443614,0.13895726078383802,14,14.0,0.04666095847607976,2.220000000000007,0.2846049894151369,0.1282004456824937,20.55923076923077,1.4811609871389635,0.07204359947920277,26.249246589728507,1.6860411972632872,0.06423198439238426,0.681304664723032,0.0630908983065085,0.09260306229101865,1000.4285714285714,59.64623600352126,0.05962068428168625,1454.7619047619048,228.03757099839507,0.15675250379595076,20.054679318607224,0.7864254617574001,0.03921406317515809,3,3.0,0.009998776816302806,2.619999999999981,0.05099019513591399,0.019461906540425327,80.26500000000001,19.81500000000002,0.24686974397308933,28.047657402628015,0.8072842267705014,0.028782590117307275,0.7040816326530611,0.016893043566611546,0.023993018398955533,1059.0,33.50621832834417,0.03163948850646286,1433.3333333333333,94.28090415820634,0.06577737499409746,19.003025084952935,0.6276314285429762,0.03302797453232592,30.0,0.1454000000000022,4.191772690329119,1.0521325800402588,10.0,10.0,4.401361324845575,0.4362000000000066,1.454000000000022,4.401361324845575,10.0,4.191772690329119,300.03
CX138,260326,T003346,000016,well019,CX138|260326|T003346|000016|well019,/mnt/benshalom-nas/analysis/Sadegh/CX138/CX138/260326/T003346/Network/000016/well019,/mnt/benshalom-nas/analysis/Sadegh/CX138/CX138/260326/T003346/Network/000016/well019/network_results.json,93,25,25.0,0.0833243898488229,0.5255999999999992,0.2143470083766093,0.4078139428778722,10.614999999999998,13.343227682985853,1.257016267827212,6.699655725277477,2.5864557402267234,0.38605800749852726,0.650752688172043,0.10318637239606748,0.15856465024511363,265.56,107.34619881486256,0.4042257825533309,885.3333333333335,130.32608675506563,0.1472056702805711,16.9745683474311,2.6737722423698296,0.15751636139687014,10,10.0,0.03332975593952916,1.3139999999999978,0.1285457117137857,0.09782778669237893,28.226666666666667,3.2933400809647475,0.11667477849426361,16.74913931319369,1.2570136784641777,0.07504944910655788,0.6550179211469535,0.03626320948316651,0.05536216386212561,663.9,46.17889128162347,0.0695569984660694,983.3333333333333,96.89627902499089,0.09853858883897379,19.356964990148924,1.3870147958751875,0.07165455930622709,0,,,,,,,,,,,,,,,,,,,,,,,,30.0,0.20779999999999174,5.807777113627025,0.5989911645524737,10.0,10.0,6.0981659693083765,0.6233999999999752,2.0779999999999172,6.0981659693083765,10.0,5.807777113627025,300.03000000000003
CX138,260326,T003346,000016,well020,CX138|260326|T003346|000016|well020,/mnt/benshalom-nas/analysis/Sadegh/CX138/CX138/260326/T003346/Network/000016/well020,/mnt/benshalom-nas/analysis/Sadegh/CX138/CX138/260326/T003346/Network/000016/well020/network_results.json,70,27,27.0,0.08998983114908014,0.7844444444444473,0.4306354764533975,0.5489687376884651,10.273846153846149,10.016421162241937,0.9749436590981224,7.700978996687532,3.371321634039741,0.4377783182488704,0.7962962962962963,0.09456848671015315,0.11876042517089001,301.7037037037037,128.85846810007246,0.427102705463044,872.8395061728397,119.33872566513159,0.13672470691479005,16.89336857895872,1.930182801460902,0.11425683352845399,14,14.0,0.04666139392915267,1.5128571428571485,0.2058927797051019,0.13609532180696013,20.547692307692305,2.213049249847038,0.10770305573529312,14.851888065040242,1.134470731743757,0.07638562361738908,0.8069727891156463,0.05817843021461673,0.07209466167796551,581.8571428571429,37.37236783441772,0.06422945613575351,959.5238095238097,91.00721358864952,0.09484622756137169,18.28117725577368,0.8548884593418271,0.0467633154791402,0,,,,,,,,,,,,,,,,,,,,,,,,30.0,0.20599999999996044,3.146162452466709,0.5692755550741948,10.0,10.0,3.3034705750900444,0.6179999999998813,2.0599999999996044,3.3034705750900444,10.0,3.146162452466709,300.0299999999999
CX138,260326,T003346,000016,well021,CX138|260326|T003346|000016|well021,/mnt/benshalom-nas/analysis/Sadegh/CX138/CX138/260326/T003346/Network/000016/well021,/mnt/benshalom-nas/analysis/Sadegh/CX138/CX138/260326/T003346/Network/000016/well021/network_results.json,146,52,52.0,0.1733138066444514,0.6496153846153857,0.4059554804051869,0.6249166661062665,5.299411764705883,8.053362082413148,1.5196709446223056,15.49503128130064,10.77795403789021,0.6955748486224106,0.6629346680716542,0.1191824464946867,0.1797800782411408,565.4615384615385,406.90442373998786,0.7195969947789201,1616.0256410256416,558.8637122905614,0.3458260179187923,31.12295668625904,11.745434989487869,0.3773881481727456,17,17.0,0.05666028294145527,2.0100000000000025,0.8036021842853767,0.39980208173401777,16.80375,7.007865112678757,0.4170417384618765,47.396566272213725,20.610595446055644,0.43485419023146876,0.6490464679022293,0.09644361882758717,0.1485927797115987,1729.6470588235295,755.4119983143185,0.4367434352925933,1854.901960784314,645.136776952413,0.347801010830582,36.52707666530648,12.239434508589515,0.3350784028171234,2,2.0,0.006665915640171207,2.92499999999999,0.16499999999998494,0.05641025641025145,167.97,0.0,0.0,60.52253831985752,0.6421384991028525,0.010609906935978032,0.6267123287671234,0.044520547945205435,0.07103825136612014,2208.5,17.5,0.00792393026941363,2116.666666666667,250.0000000000001,0.11811023622047248,41.91362822484315,0.5924832610699262,0.014135814200850978,30.0,0.16760000000000375,5.995761060009361,1.4067074263104722,10.0,10.0,6.295549113009829,0.5028000000000112,1.6760000000000375,6.295549113009829,10.0,5.995761060009361,300.03
CX138,260326,T003346,000016,well022,CX138|260326|T003346|000016|well022,/mnt/benshalom-nas/analysis/Sadegh/CX138/CX138/260326/T003346/Network/000016/well022,/mnt/benshalom-nas/analysis/Sadegh/CX138/CX138/260326/T003346/Network/000016/well022/network_results.json,25,17,17.0,0.05666982128671828,0.7305882352941171,0.12849676527103893,0.17588124070915165,16.92375,4.464558873785853,0.26380435032341254,2.9608992341833007,0.5398666474224895,0.18233198927872324,0.9176470588235293,0.11517400706372158,0.12551013590277355,114.88235294117646,18.892520626960774,0.16445102440262835,694.1176470588235,123.26457761177814,0.17758456096612105,8.24865472003995,0.9138975003599913,0.11079352105012891,16,16.0,0.05333630238749956,0.7762499999999994,0.17131385670750476,0.22069417933333962,18.052,1.6282555082050247,0.0901980671507326,3.145955436319757,0.7805126651553731,0.24810035645909934,0.9299999999999999,0.06557438524302,0.0705100916591613,122.0625,25.647779509150496,0.2101200574226359,720.8333333333334,63.32785063987777,0.08785366562757609,8.438571111910207,0.5236880473332544,0.06205885337555793,0,,,,,,,,,,,,,,,,,,,,,,,,30.0,0.14064999111269874,0.35991514114322265,0.22774479535721887,5.0,5.0,0.3779108982003838,0.42194997333809625,1.4064999111269874,0.3779108982003838,5.0,0.35991514114322265,299.96999999999997
CX138,260326,T003346,000016,well023,CX138|260326|T003346|000016|well023,/mnt/benshalom-nas/analysis/Sadegh/CX138/CX138/260326/T003346/Network/000016/well023,/mnt/benshalom-nas/analysis/Sadegh/CX138/CX138/260326/T003346/Network/000016/well023/network_results.json,99,55,55.0,0.18331365766741037,0.7309090909090924,0.426202140378026,0.5831123811142135,5.217222222222222,7.351553732643908,1.4090934638227062,9.561327788006544,5.543227967518772,0.5797550393023905,0.727089072543618,0.11309672351136266,0.15554727444288197,381.4727272727273,231.973654816502,0.6081002342551647,1132.7272727272727,274.6156843748791,0.24243760257814365,20.202826205634665,4.260365024675962,0.21087965521812616,21,21.0,0.06999248747301123,1.9271428571428628,0.8621023188480971,0.44734738561428183,14.020500000000002,7.074406317847457,0.5045758937161625,25.041572778112386,13.04637722994389,0.5209887312408384,0.7260862594195927,0.05971128532267172,0.08223717850053075,999.0952380952381,531.9348245756917,0.5324165347738203,1211.111111111111,363.8904034864881,0.30045996618150395,20.636137451236362,5.764458505573783,0.27933805535049006,6,6.0,0.019997853563717496,2.8100000000000143,0.2860069929215067,0.10178184801477055,51.498000000000005,27.64938798599346,0.5369021706861132,34.53747628125985,1.629158844196959,0.04717075535368362,0.7362514029180697,0.06283820221474293,0.08534883867886577,1377.0,61.02731628814537,0.04431903869872576,1394.4444444444446,114.53071182271277,0.08213357819955497,24.185647968529366,0.8153061519081644,0.03371032907487324,30.0,0.16740000000000066,4.704257362790749,1.0466969060550828,10.0,10.0,4.9394702309302865,0.502200000000002,1.6740000000000066,4.9394702309302865,10.0,4.704257362790749,300.03000000000003
CX138,260327,T003346,000019,well000,CX138|260327|T003346|000019|well000,/mnt/benshalom-nas/analysis/Sadegh/CX138/CX138/260327/T003346/Network/000019/well000,/mnt/benshalom-nas/analysis/Sadegh/CX138/CX138/260327/T003346/Network/000019/well000/network_results.json,73,19,19.0,0.06332007833026954,0.7215789473684189,0.4000692460837914,0.5544358625523019,14.481666666666667,16.023953337287143,1.1064992522007464,8.768050939757318,5.437893336909455,0.620194085808991,0.7959625090122566,0.09321584057040509,0.11711084318039118,369.2631578947368,251.184948029024,0.6802328980261483,1242.1052631578948,153.26547135327408,0.12339169303865286,17.248020966138018,4.572039487153283,0.26507617866010763,9,9.0,0.0299937213143382,1.5233333333333288,0.09877021593352776,0.06483821614892432,32.542500000000004,4.128618867127354,0.12686852169093812,18.510329761709894,0.9020124947827279,0.04873022287526251,0.7955352612886859,0.02578799686017355,0.03241590676747581,779.5555555555555,25.373262879176625,0.032548370284006506,1355.5555555555557,130.5260013830081,0.09628967315139941,21.651692076833555,1.0008585084699269,0.04622541762178511,0,,,,,,,,,,,,,,,,,,,,,,,,30.0,0.17980000000000018,3.8511578414390035,0.5626588811266524,10.0,10.0,4.043715733510954,0.5394000000000005,1.7980000000000018,4.043715733510954,10.0,3.8511578414390035,300.06
CX138,260327,T003346,000019,well001,CX138|260327|T003346|000019|well001,/mnt/benshalom-nas/analysis/Sadegh/CX138/CX138/260327/T003346/Network/000019/well001,/mnt/benshalom-nas/analysis/Sadegh/CX138/CX138/260327/T003346/Network/000019/well001/network_results.json,78,68,68.0,0.22663335156398678,0.7702941176470584,0.4437638832566773,0.5760966792946559,4.371492537313433,5.142070914983618,1.1762735201061916,10.584588385715284,4.612143861190366,0.4357414471983444,0.727187028657617,0.12942193277671518,0.177976129491236,433.0,188.01212413971982,0.4342081388908079,1278.4313725490197,211.03268540650475,0.1650715790756402,23.446583136437454,1.3343865883212984,0.05691177177315779,26,26.0,0.08665392853917142,2.014615384615383,0.25533131974013384,0.12673948669804286,11.687999999999999,1.2456323695216145,0.10657361135537428,27.682769624178434,1.7337312747574234,0.06262853386039681,0.7392340565417488,0.06336270594690287,0.08571399732761692,1132.4615384615386,60.899179462219344,0.05377593621850641,1502.5641025641028,136.476752637654,0.0908292381035581,24.444285862010062,0.895164025281866,0.03662058406349599,1,1.0,0.003332843405352747,2.6100000000000136,0.0,0.0,0.0,0.0,0.0,30.51018931059941,0.0,0.0,0.7564102564102564,0.0,0.0,1252.0,0.0,0.0,1600.0,0.0,0.0,24.66509030062582,0.0,0.0,30.0,0.06569999999999253,2.703458467669921,1.2256167016396582,10.0,10.0,2.838631391053417,0.19709999999997757,0.6569999999999253,2.838631391053417,10.0,2.703458467669921,300.03000000000003
CX138,260327,T003346,000019,well002,CX138|260327|T003346|000019|well002,/mnt/benshalom-nas/analysis/Sadegh/CX138/CX138/260327/T003346/Network/000019/well002,/mnt/benshalom-nas/analysis/Sadegh/CX138/CX138/260327/T003346/Network/000019/well002/network_results.json,86,44,44.0,0.14663875642336074,0.6688636363636387,0.3516985790358966,0.5258150688949845,6.471627906976742,7.6341719309201475,1.1796370311541124,7.251913779116606,3.800495264863832,0.5240679054690568,0.7441860465116279,0.08318775490718487,0.11178354565652968,278.1818181818182,149.9848890460261,0.5391613658517278,1082.5757575757577,272.4272339472382,0.2516472699862522,17.153623149893438,2.5982001741263856,0.1514665532419911,18,18.0,0.059988582173193035,1.6350000000000058,0.0867467578644861,0.05305612101803413,16.307647058823527,2.2908193484422155,0.1404751611424365,17.726900348951702,0.7617337349190165,0.04297049793953755,0.7524763135228251,0.04822430625456386,0.06408747410107156,680.0,29.15285387211497,0.04287184392958084,1357.4074074074074,200.24847390967807,0.14752275021995384,19.425607629295264,1.1053728247754033,0.05690286995751004,0,,,,,,,,,,,,,,,,,,,,,,,,30.0,0.185799999999972,3.1559288812609108,0.8984540064778266,10.0,10.0,3.3137253253239565,0.557399999999916,1.8579999999997199,3.3137253253239565,10.0,3.1559288812609108,300.03
CX138,260327,T003346,000019,well003,CX138|260327|T003346|000019|well003,/mnt/benshalom-nas/analysis/Sadegh/CX138/CX138/260327/T003346/Network/000019/well003,/mnt/benshalom-nas/analysis/Sadegh/CX138/CX138/260327/T003346/Network/000019/well003/network_results.json,93,39,39.0,0.1299738752510745,0.5746153846153829,0.25524092343133564,0.4441943781268238,7.17157894736842,10.27470310143873,1.432697482220284,7.384324217186295,3.2979601162742127,0.44661637534800164,0.7468982630272952,0.12206262232907866,0.16342603587580964,283.02564102564105,136.02478793323442,0.4806094156003028,1005.9829059829062,273.82193091541217,0.27219342325491264,17.302206465010237,3.535881230063373,0.20436013390626714,13,13.0,0.043324625083691504,1.7238461538461487,0.43722091690302034,0.25363105398211877,22.6675,5.13142463162035,0.22637805808405645,22.152972651558887,5.887653304604399,0.2657726074604299,0.7547559966914806,0.07489484654766929,0.09923054189165167,849.0769230769231,225.31156600394027,0.2653606050055466,1230.769230769231,270.6312779888977,0.21988791336597935,19.82868902365245,3.00419236586769,0.1515073619987771,0,,,,,,,,,,,,,,,,,,,,,,,,30.0,0.20250000000000057,5.319382313991293,1.2272473055499793,10.0,10.0,5.585351429690857,0.6075000000000017,2.0250000000000057,5.585351429690857,10.0,5.319382313991293,300.05999999999995
CX138,260327,T003346,000019,well004,CX138|260327|T003346|000019|well004,/mnt/benshalom-nas/analysis/Sadegh/CX138/CX138/260327/T003346/Network/000019/well004,/mnt/benshalom-nas/analysis/Sadegh/CX138/CX138/260327/T003346/Network/000019/well004/network_results.json,100,39,39.0,0.12997036675637955,0.6184615384615407,0.31395360151672885,0.5076364203628682,7.17157894736842,10.438777032199592,1.4555758374562768,8.664057774928725,4.575929982141719,0.5281509081556607,0.7484615384615385,0.09975710145117904,0.133282869359232,321.3333333333333,177.85838984317508,0.5535012132049018,1070.9401709401711,264.3251351030852,0.24681596813296858,19.248120939066407,5.046583122053052,0.2621857550681946,14,14.0,0.04665602909203368,1.722857142857149,0.3656194073355714,0.21221690309693123,20.886923076923075,8.130175875300216,0.3892471785029382,24.135589515872876,6.5078483162277765,0.2696370151616915,0.7533928571428571,0.0502399641381106,0.06668494884413827,895.1428571428571,249.63054333006872,0.2788722954533165,1221.4285714285718,308.24828759089826,0.2523670190802675,23.202809536227935,4.779693282353105,0.20599631587245001,0,,,,,,,,,,,,,,,,,,,,,,,,30.0,0.16260000000002606,6.0403178929240084,1.2610526019702952,10.0,10.0,6.342333787570209,0.48780000000007817,1.6260000000002606,6.342333787570209,10.0,6.0403178929240084,300.05999999999995
CX138,260327,T003346,000019,well005,CX138|260327|T003346|000019|well005,/mnt/benshalom-nas/analysis/Sadegh/CX138/CX138/260327/T003346/Network/000019/well005,/mnt/benshalom-nas/analysis/Sadegh/CX138/CX138/260327/T003346/Network/000019/well005/network_results.json,126,71,71.0,0.23661066880838205,0.605492957746476,0.4335824847444479,0.7160817961585472,4.220142857142856,6.231564465997091,1.4766240568017213,7.797281485557436,6.157812581465732,0.7897383970133154,0.6101050748938074,0.12234373960291099,0.20052896564449277,292.5492957746479,247.50261280353078,0.8460201968634484,950.7042253521126,376.16211813714915,0.3956668205590754,17.35116600425432,6.691278928900047,0.38563857479430586,28,28.0,0.09331124967091123,1.6092857142857067,0.8236631097526185,0.5118190650926193,10.911111111111111,6.665152235394755,0.6108591661767087,19.771678052663503,10.823164979587235,0.5474075063714288,0.6096371882086169,0.09317851084182016,0.15284256381343755,741.8214285714286,418.75649705590314,0.5644977091890274,1060.7142857142858,403.1673774505606,0.3800904568557473,20.71947071598936,7.610524216768493,0.36731267516864696,7,7.0,0.023327812417727807,3.2099999999999933,0.7217835053334365,0.22485467455870342,46.199999999999996,50.63525747934932,1.0960012441417604,31.785237166123,1.733615989798297,0.05454154646503632,0.605026455026455,0.05759562792265665,0.0951952223645134,1175.7142857142858,55.817852458341896,0.047475694679027125,1366.6666666666665,124.7219128924647,0.09125993626277906,25.923366411823856,1.5391544590589123,0.05937324784935693,30.0,0.17249999999999943,6.429858341487203,1.7479608873526162,10.0,10.0,6.751351258561564,0.5174999999999983,1.7249999999999943,6.751351258561564,10.0,6.429858341487203,300.06
CX138,260327,T003346,000019,well006,CX138|260327|T003346|000019|well006,/mnt/benshalom-nas/analysis/Sadegh/CX138/CX138/260327/T003346/Network/000019/well006,/mnt/benshalom-nas/analysis/Sadegh/CX138/CX138/260327/T003346/Network/000019/well006/network_results.json,79,22,22.0,0.07332492540855316,0.5809090909090945,0.3406799229736876,0.5864599613005541,11.711428571428574,16.230306245303154,1.38585196044306,6.824434251438557,3.125467971700502,0.457981988916029,0.8060989643268125,0.055882412285101386,0.06932450574697088,268.0,132.7567837677745,0.4953611334618451,1166.6666666666667,205.72610996962035,0.17633666568824602,18.466384926980933,3.433559140047478,0.1859356421749208,8,8.0,0.02666360923947388,1.59750000000001,0.11691342951089892,0.0731852453902336,35.02714285714286,3.924347859511061,0.11203733845824634,18.76719419145603,0.8974896617215915,0.047822261152398765,0.8092035864978904,0.02789599542711956,0.03447339568507002,737.0,38.8329756778952,0.05269060471898941,1358.3333333333335,208.66640042581523,0.15361943589630567,21.279964227145523,1.0989722825901318,0.051643521147852374,0,,,,,,,,,,,,,,,,,,,,,,,,30.0,0.18820000000003037,4.112087922592688,0.5954880931924995,10.0,10.0,4.317692318722323,0.5646000000000911,1.8820000000003037,4.317692318722323,10.0,4.112087922592688,300.03000000000003
CX138,260327,T003346,000019,well007,CX138|260327|T003346|000019|well007,/mnt/benshalom-nas/analysis/Sadegh/CX138/CX138/260327/T003346/Network/000019/well007,/mnt/benshalom-nas/analysis/Sadegh/CX138/CX138/260327/T003346/Network/000019/well007/network_results.json,126,31,31.0,0.10332520508386674,0.8758064516128982,0.5065109889171768,0.5783366724284557,9.934,10.316734173177094,1.0385277001386244,19.530182153500274,12.340370022141757,0.6318614913650495,0.7849462365591396,0.09492513091375306,0.12093201609560322,736.9354838709677,487.0642757797937,0.6609320441748131,1970.9677419354837,146.0941748325058,0.07412306742729427,38.318832993447025,9.783600348019219,0.2553209370883589,15,15.0,0.049996066976064554,1.8099999999999894,0.12853015210447033,0.07101113375937629,21.252857142857142,2.7142887218028533,0.1277140623285607,40.36237645056723,1.2096888870953764,0.029970705232802913,0.8007054673721341,0.07166768173996071,0.08950567301003903,1523.0,48.93805608453746,0.03213266978630168,2060.0000000000005,124.84063915722794,0.0606022520180718,46.42336269294256,1.2236453536767475,0.026358395486563282,0,,,,,,,,,,,,,,,,,,,,,,,,30.0,0.08969999999999345,2.805254243270471,0.7707305159839808,10.0,10.0,2.9455169554339946,0.26909999999998035,0.8969999999999345,2.9455169554339946,10.0,2.805254243270471,300.0
CX138,260327,T003346,000019,well008,CX138|260327|T003346|000019|well008,/mnt/benshalom-nas/analysis/Sadegh/CX138/CX138/260327/T003346/Network/000019/well008,/mnt/benshalom-nas/analysis/Sadegh/CX138/CX138/260327/T003346/Network/000019/well008/network_results.json,139,37,37.0,0.1233251116592227,0.6827027027027036,0.35806272022414504,0.5244782521097922,8.008333333333333,10.246216239286683,1.2794442754572342,20.321161524096947,11.648083197917915,0.5731996758209689,0.787478125607622,0.0708766986128852,0.09000465702865891,769.4054054054054,442.06184350642064,0.5745499581894605,2172.972972972973,126.83200158831039,0.05836796092994384,45.526938052613666,8.42662740679861,0.1850910201134171,14,14.0,0.04666355576294913,1.8042857142857167,0.08398250546685095,0.04654612337830213,22.10538461538461,3.1401019468619924,0.14205145042699624,53.70592688511334,1.685568362694221,0.03138514611804309,0.7920520726276122,0.029779121359507693,0.03759742874065872,2033.4285714285713,69.17856220960186,0.03402065023656127,2264.285714285714,105.75824911672765,0.04670711317458004,52.89307127650647,1.302029559062386,0.024616259325457412,0,,,,,,,,,,,,,,,,,,,,,,,,30.0,0.1226000000000056,3.9754962474065403,0.809542204585691,10.0,10.0,4.174271059776867,0.3678000000000168,1.226000000000056,4.174271059776867,10.0,3.9754962474065403,299.99999999999994
CX138,260327,T003346,000019,well009,CX138|260327|T003346|000019|well009,/mnt/benshalom-nas/analysis/Sadegh/CX138/CX138/260327/T003346/Network/000019/well009,/mnt/benshalom-nas/analysis/Sadegh/CX138/CX138/260327/T003346/Network/000019/well009/network_results.json,103,32,32.0,0.10665639210089427,0.5831249999999982,0.33582396337217435,0.5759039028890467,8.029354838709677,12.13955117825916,1.5118962135954117,8.294695545537284,4.227893362397225,0.5097104937952688,0.6774878640776698,0.1082136281366498,0.15972777355055878,310.71875,167.15285563949394,0.5379554843069301,1088.5416666666667,125.72273699383983,0.11549648565941266,20.54055821186064,4.62146519858066,0.2249921911037505,10,10.0,0.03333012253152946,1.8659999999999943,0.15634577064955033,0.08378658662891254,27.626666666666665,4.012441761432665,0.14523799812135613,26.54302574571931,2.0007095645261037,0.07537609252587812,0.6824433656957929,0.059655050367089756,0.08741392086985529,994.3,71.39474770597624,0.07180403068085713,1203.3333333333335,113.96880664852506,0.0947109196525139,24.409806986568675,1.418672690613835,0.05811896388178938,0,,,,,,,,,,,,,,,,,,,,,,,,30.0,0.20130000000000337,4.8870667510184,0.9836375926972982,10.0,10.0,5.13142008856932,0.6039000000000101,2.0130000000000337,5.13142008856932,10.0,4.8870667510184,300.0
CX138,260327,T003346,000019,well010,CX138|260327|T003346|000019|well010,/mnt/benshalom-nas/analysis/Sadegh/CX138/CX138/260327/T003346/Network/000019/well010,/mnt/benshalom-nas/analysis/Sadegh/CX138/CX138/260327/T003346/Network/000019/well010/network_results.json,181,49,49.0,0.16332511263599733,0.821632653061225,0.6800610625007868,0.8276947854579864,5.77375,8.17166895055716,1.4153139554981011,21.80203539386157,24.29200909655937,1.1142083139356274,0.6405457210508514,0.19274711784466142,0.30091078827042805,778.795918367347,877.8102156373084,1.127137668463303,1538.0952380952383,1086.6537288992351,0.7064931364360352,33.943807113249136,23.920854354186204,0.7047192518616829,23,23.0,0.07666280797199876,1.7973913043478291,0.8579714061887125,0.4773425820595151,12.57272727272727,8.596171548384556,0.683715741375489,46.44781453474855,33.51386464055582,0.7215380309332622,0.6445071663063496,0.16606695618075706,0.2576650266473864,1659.1739130434783,1210.2435490491666,0.729425372189692,1860.8695652173917,1155.3551924269552,0.6208684445285039,39.27787460697199,24.479067722354813,0.6232279105552639,4,4.0,0.013332662255999782,3.397500000000008,1.3996495096987673,0.4119645355993419,67.78000000000002,40.62496523075435,0.5993650815986181,80.82566616526277,6.754588586504109,0.08356984738849074,0.6686809392265194,0.11159286647714184,0.16688507168489686,2871.5,243.8211434638104,0.08491072382511244,2733.3333333333335,164.9915822768612,0.060362774003729705,59.86356706205195,2.4122208879841898,0.04029530825458141,30.0,0.15999999999999656,5.345844150265871,2.3903785381652485,10.0,10.0,5.613136357779165,0.47999999999998966,1.5999999999999657,5.613136357779165,10.0,5.345844150265871,299.99999999999994
CX138,260327,T003346,000019,well011,CX138|260327|T003346|000019|well011,/mnt/benshalom-nas/analysis/Sadegh/CX138/CX138/260327/T003346/Network/000019/well011,/mnt/benshalom-nas/analysis/Sadegh/CX138/CX138/260327/T003346/Network/000019/well011/network_results.json,162,251,251.0,0.8365721340155229,0.42693227091633645,0.25014368658566455,0.5859095309164011,1.1636399999999998,2.503925707843584,2.1518044307892343,5.965447821548553,5.9047691064296215,0.9898283051106832,0.5159116619939993,0.14410545961919152,0.27932196582303204,207.0597609561753,220.43678212740244,1.064604639305357,702.1248339973439,448.621814008081,0.6389487912768773,14.92401664365396,9.05518667788087,0.6067526520570685,78,78.0,0.2599706233195649,1.4315384615384639,0.9479154956968763,0.6621655800139372,3.7570129870129865,4.397273968094401,1.1704175586548755,19.19650516934214,18.90119638808705,0.9846165341737979,0.5136854828984458,0.09603455476605577,0.1869520513295127,666.3076923076923,685.7216170536514,1.029136576044501,798.2905982905982,540.9155854090253,0.6775923286173017,16.295102018720335,10.705339108459816,0.6569666821454189,13,13.0,0.043328437219927476,3.1453846153846143,0.5207925230559747,0.16557355832055937,23.849999999999994,17.703647929169858,0.7422913177848999,52.56143980362093,16.009772972833016,0.30459159856823614,0.589857210690544,0.09134900662684937,0.15486630488064626,1866.4615384615386,620.7659803556119,0.33258975208634,1633.3333333333335,716.4728420068226,0.4386568420449934,32.642854439055256,13.969549685481319,0.42795122931307056,30.0,0.19329999999997938,7.7353681695814025,2.373051882108051,10.0,10.0,8.122136578060474,0.5798999999999381,1.9329999999997938,8.122136578060474,10.0,7.7353681695814025,300.03
CX138,260327,T003346,000019,well012,CX138|260327|T003346|000019|well012,/mnt/benshalom-nas/analysis/Sadegh/CX138/CX138/260327/T003346/Network/000019/well012,/mnt/benshalom-nas/analysis/Sadegh/CX138/CX138/260327/T003346/Network/000019/well012/network_results.json,83,21,21.0,0.07000142336227504,0.6100000000000035,0.32434549480454544,0.5317139259090878,13.885499999999999,16.847120369665557,1.213288709060931,7.847951180836958,4.500541750855872,0.5734670931497695,0.7504302925989674,0.11118103531444476,0.14815637962773484,313.8095238095238,191.31241441500094,0.6096450231737511,1069.8412698412699,133.6918837412417,0.12496422367504788,17.743876452939137,4.410805951368676,0.24858186783858383,9,9.0,0.030000610012403586,1.4233333333333416,0.20645150089604006,0.14504789290119827,34.60125,4.901074977747237,0.1416444486181059,18.311886088619573,2.1490597143560493,0.11735873104254628,0.7666220437304774,0.06681902892861288,0.08716032818918597,732.2222222222222,71.45126976210629,0.0975814002820875,1162.9629629629628,113.79475182027568,0.0978489904187084,21.857644632815695,1.0135527217795326,0.04637062862015096,0,,,,,,,,,,,,,,,,,,,,,,,,30.0,0.23580000000001175,4.264202367100984,0.5303088691510771,10.0,10.0,4.477412485456034,0.7074000000000352,2.3580000000001173,4.477412485456034,10.0,4.264202367100984,299.97
CX138,260327,T003346,000019,well013,CX138|260327|T003346|000019|well013,/mnt/benshalom-nas/analysis/Sadegh/CX138/CX138/260327/T003346/Network/000019/well013,/mnt/benshalom-nas/analysis/Sadegh/CX138/CX138/260327/T003346/Network/000019/well013/network_results.json,165,22,22.0,0.07335423929153141,1.5736363636363662,0.9564020904816526,0.6077656265336893,13.411428571428571,13.407062561598343,0.9996744560203281,50.08879217629478,28.346474734338358,0.5659245013249435,0.8763085399449035,0.13743574981551626,0.1568348858316014,1776.1363636363637,981.3596456611773,0.5525249444541497,2645.4545454545455,596.9235484392948,0.22564120387739664,63.2150761731784,12.727124445690407,0.2013305245543691,11,11.0,0.036677119645765706,3.1472727272727323,0.3548390392863343,0.11274492871605059,27.923999999999996,3.0904310378974578,0.110672935034288,100.17758435258956,3.5421273510000457,0.03535848237798402,0.8971533516988064,0.08602298114604354,0.0958843669069001,3552.2727272727275,102.4465190047878,0.028839711044214095,2966.6666666666665,217.4229226018436,0.07328862559612706,68.04288815299424,1.1770557631068228,0.017298733123441445,11,11.0,0.036677119645765706,3.1472727272727323,0.3548390392863343,0.11274492871605059,27.923999999999996,3.0904310378974578,0.110672935034288,100.17758435258956,3.5421273510000457,0.03535848237798402,0.8971533516988064,0.08602298114604354,0.0958843669069001,3552.2727272727275,102.4465190047878,0.028839711044214095,2966.6666666666665,217.4229226018436,0.07328862559612706,68.04288815299424,1.1770557631068228,0.017298733123441445,30.0,0.07019999999999983,1.8259235341203708,0.8435470314331411,10.0,10.0,1.9172197108263893,0.2105999999999995,0.7019999999999983,1.9172197108263893,10.0,1.8259235341203708,299.9099999999999
CX138,260327,T003346,000019,well014,CX138|260327|T003346|000019|well014,/mnt/benshalom-nas/analysis/Sadegh/CX138/CX138/260327/T003346/Network/000019/well014,/mnt/benshalom-nas/analysis/Sadegh/CX138/CX138/260327/T003346/Network/000019/well014/network_results.json,109,29,29.0,0.09667059793764947,0.6734482758620659,0.35970558710364403,0.534125039734036,9.9,12.858591346977764,1.2988476108058347,11.202797536676309,6.427023673637999,0.5736981010856325,0.7769693135083835,0.10661230106809846,0.13721558781606646,424.2758620689655,254.68423946360204,0.6002798231830673,1417.2413793103447,231.54001990258251,0.16337373667092198,25.702622994110467,5.724840299404315,0.22273369923046812,13,13.0,0.043335095627222174,1.5023076923076855,0.12643963875510628,0.08416361002644081,23.099999999999998,10.132386194771694,0.4386314370031037,24.99085604335484,2.3001988916601492,0.09204162064995691,0.7892260644554223,0.06032968668195605,0.07644157916095234,946.4615384615385,91.70237425381626,0.09688969971550808,1571.794871794872,224.88217383877642,0.14307348743413179,31.029295858732805,2.0553547590598327,0.06623916857208924,0,,,,,,,,,,,,,,,,,,,,,,,,30.0,0.14294999125568256,4.593080233694655,1.0905324633080005,10.0,10.0,4.822734245379388,0.4288499737670477,1.4294999125568255,4.822734245379388,10.0,4.593080233694655,299.96999999999997
CX138,260327,T003346,000019,well015,CX138|260327|T003346|000019|well015,/mnt/benshalom-nas/analysis/Sadegh/CX138/CX138/260327/T003346/Network/000019/well015,/mnt/benshalom-nas/analysis/Sadegh/CX138/CX138/260327/T003346/Network/000019/well015/network_results.json,185,52,52.0,0.1733395735579814,0.7436538461538451,0.5604257613847439,0.7536110574607375,4.985294117647057,7.421724960147946,1.4887235908261371,23.894019999535093,21.864089801583003,0.9150444254256259,0.68014553014553,0.1919188911164615,0.282173274115904,850.7884615384615,783.2809775979906,0.9206530330484282,1953.2051282051284,1060.3833288373908,0.5428939917907218,44.501661722845306,24.495701209062887,0.550444640957931,20,20.0,0.06666906675306977,1.9394999999999976,1.1755742213913982,0.60612231059108,13.329473684210527,7.978391523480095,0.5985526294958612,62.124451998791244,46.745370865352704,0.7524472146050033,0.6287162162162164,0.181004750339103,0.2878957877505345,2212.05,1668.597868720921,0.7543219496489324,1996.6666666666667,1202.2617574111443,0.6021344360990706,43.87004739270533,26.834517000397057,0.6116819697089972,11,11.0,0.036667986714188375,2.9072727272727206,0.2732993998959212,0.09400542210303754,25.326,6.61459930759226,0.2611782084653029,100.18757814347086,3.4926264626656893,0.0348608732478209,0.762899262899263,0.08654048800529518,0.11343632405202941,3568.2727272727275,108.43941828512604,0.03038989073237335,2960.6060606060605,166.2529299920631,0.056155032648291525,65.85631340871319,1.0636145305747442,0.016150532508156182,30.0,0.11369999999999436,4.287592539638055,2.3870152314249355,10.0,10.0,4.501972166619958,0.3410999999999831,1.1369999999999436,4.501972166619958,10.0,4.287592539638055,299.9699999999999
CX138,260327,T003346,000019,well016,CX138|260327|T003346|000019|well016,/mnt/benshalom-nas/analysis/Sadegh/CX138/CX138/260327/T003346/Network/000019/well016,/mnt/benshalom-nas/analysis/Sadegh/CX138/CX138/260327/T003346/Network/000019/well016/network_results.json,185,26,26.0,0.08667010458081505,0.9403846153846153,0.5517279204688258,0.5867045371038639,11.284800000000002,13.921124127023656,1.2336172663249374,30.215307150452876,22.91778982592845,0.758482768744085,0.7309771309771309,0.16936403851091408,0.2316953996693677,1079.1923076923076,837.352697458382,0.7759068439330672,1967.9487179487182,966.9973249342422,0.4913732335170741,47.35825919685705,24.82492861849805,0.5241942807759616,13,13.0,0.04333505229040752,1.8807692307692305,0.8816109515100693,0.4687501991669081,23.43750000000001,12.429121801237615,0.5303091968528046,60.43061430090575,36.755218536847735,0.6082218253455159,0.7054747054747055,0.13814412160985204,0.19581725685954468,2158.3846153846152,1315.9891008703178,0.6097101932112382,2046.1538461538462,1011.2646277169649,0.49422707369626107,49.97402711924911,25.737933274459944,0.5150261997706034,2,2.0,0.006666931121601157,2.8950000000000102,0.2550000000000239,0.08808290155441208,72.02999999999997,0.0,0.0,87.8536990606122,0.7710265842767612,0.00877625635028541,0.6855855855855857,0.07477477477477484,0.10906701708278589,3113.5,28.5,0.009153685562871366,2750.0,50.0,0.01818181818181818,66.16620189682075,0.5527209534074089,0.0083535239678608,30.0,0.18090000000000117,5.3555670013868335,1.594473858884084,10.0,10.0,5.623345351456176,0.5427000000000035,1.8090000000000117,5.623345351456176,10.0,5.3555670013868335,299.97
CX138,260327,T003346,000019,well017,CX138|260327|T003346|000019|well017,/mnt/benshalom-nas/analysis/Sadegh/CX138/CX138/260327/T003346/Network/000019/well017,/mnt/benshalom-nas/analysis/Sadegh/CX138/CX138/260327/T003346/Network/000019/well017/network_results.json,135,38,38.0,0.1266691578267706,0.6884210526315793,0.4624051898030468,0.6716894958912756,7.234864864864863,9.623478502872649,1.3301531794474508,13.912139891666683,11.87251121165457,0.8533921671364272,0.6875243664717349,0.16804803559100706,0.24442484337450135,543.3157894736842,489.6325746636402,0.9011933467605506,1394.7368421052631,669.5344597078081,0.48004357488484356,26.029558503115787,12.555264247111376,0.48234641573380843,20,20.0,0.06666797780356347,1.3320000000000003,0.8509324297498637,0.6388381604728706,14.060526315789472,10.165120173615472,0.7229544574160359,26.433065794166698,20.51291360507224,0.7760323287811386,0.6591975308641975,0.15587928053166739,0.23646824090392468,1032.3,816.4981383934688,0.7909504392070802,1350.0000000000002,745.7658256226728,0.5524191300908686,26.499079986274886,14.406466036659463,0.5436591022828433,1,1.0,0.0033333988901781734,3.0599999999999987,0.0,0.0,0.0,0.0,0.0,52.82304252274014,0.0,0.0,0.7222222222222222,0.0,0.0,2043.0,0.0,0.0,1966.6666666666667,0.0,0.0,39.465808484301554,0.0,0.0,30.0,0.18410000000000082,5.617715048428248,1.4288784271179007,10.0,10.0,5.89860080084966,0.5523000000000025,1.8410000000000082,5.89860080084966,10.0,5.617715048428248,299.9699999999999
CX138,260327,T003346,000019,well018,CX138|260327|T003346|000019|well018,/mnt/benshalom-nas/analysis/Sadegh/CX138/CX138/260327/T003346/Network/000019/well018,/mnt/benshalom-nas/analysis/Sadegh/CX138/CX138/260327/T003346/Network/000019/well018/network_results.json,71,17,17.0,0.0566780211635731,0.8399999999999992,0.4088865799877954,0.4867697380807092,16.561875,14.94464336256891,0.9023521408396639,7.351776703863622,3.374114847790598,0.45895230278381277,0.7174813587406793,0.10774965617803847,0.15017763857608826,275.8235294117647,127.78393312155421,0.4632814807136749,796.0784313725491,105.33628249853562,0.1323189755523477,14.519950344153315,2.0418573490209555,0.14062426527809313,11,11.0,0.03667401369407671,1.298181818181817,0.2680508154612075,0.20648172059336733,26.499000000000002,10.38894455659476,0.39205043800123623,11.36183672415287,2.5382088336006254,0.2233977564740856,0.747332479726846,0.08483405646982108,0.1135158162814339,426.27272727272725,98.20765653274134,0.23038691018557364,830.3030303030304,99.95407577254934,0.12038264600343533,15.552618462300721,1.350594104502004,0.08684030330814202,0,,,,,,,,,,,,,,,,,,,,,,,,30.0,0.17739999999997738,4.465924776578528,0.7785735752229335,10.0,10.0,4.689221015407455,0.5321999999999322,1.7739999999997738,4.689221015407455,10.0,4.465924776578528,299.91
CX138,260327,T003346,000019,well019,CX138|260327|T003346|000019|well019,/mnt/benshalom-nas/analysis/Sadegh/CX138/CX138/260327/T003346/Network/000019/well019,/mnt/benshalom-nas/analysis/Sadegh/CX138/CX138/260327/T003346/Network/000019/well019/network_results.json,84,33,33.0,0.1100265897591918,0.6109090909090916,0.3334790315189349,0.5458734146887321,9.106874999999999,10.707158072260576,1.1757225252636692,8.15425819338167,4.698217190692662,0.5761673323645708,0.7658730158730158,0.11319171349016761,0.14779436165555565,326.6666666666667,204.2453466205818,0.625240857001781,1151.5151515151517,199.00271711779024,0.1728181490759757,19.334845635945946,5.7279590318777815,0.2962505695534892,14,14.0,0.04667794717056622,1.4400000000000017,0.13887301496587767,0.09643959372630383,22.36384615384615,2.54753134943053,0.11391293482818042,19.220751455828225,1.0248037796458094,0.053317570959748435,0.7739512471655328,0.05784414078474271,0.07473873967719184,770.0,37.52713304111725,0.048736536417035396,1261.904761904762,200.3398473139298,0.15875987900349153,24.68724437918712,1.939671057698895,0.0785697677677691,0,,,,,,,,,,,,,,,,,,,,,,,,30.0,0.18750000000000003,4.305254049755311,0.8335568320781661,10.0,10.0,4.5205167522430765,0.5625000000000001,1.8750000000000002,4.5205167522430765,10.0,4.305254049755311,299.90999999999997
CX138,260327,T003346,000019,well020,CX138|260327|T003346|000019|well020,/mnt/benshalom-nas/analysis/Sadegh/CX138/CX138/260327/T003346/Network/000019/well020,/mnt/benshalom-nas/analysis/Sadegh/CX138/CX138/260327/T003346/Network/000019/well020/network_results.json,65,26,26.0,0.08667935074499235,0.561923076923075,0.2856439315324285,0.5083328008106206,9.803999999999998,12.766959544073135,1.3022194557398141,6.038330506065017,3.142079959441846,0.5203557434105138,0.7952662721893492,0.09228493119470724,0.11604280782667799,246.07692307692307,132.56694189291778,0.5387215519249551,976.9230769230769,149.86296611489703,0.15340303618060327,15.925303882657703,3.3229798933564503,0.20866037582963176,10,10.0,0.033338211824997056,1.460999999999995,0.2030492551082106,0.1389796407311508,27.173333333333332,3.526918705549596,0.12979337728960733,15.699659315769043,1.3841100730363156,0.08816179034191453,0.8106410256410257,0.054211368294242404,0.06687469123755982,639.8,48.56088961293852,0.07590010880421776,1090.0,131.69830843425612,0.12082413617821662,19.081984175532362,1.4303429142116595,0.07495776650133161,0,,,,,,,,,,,,,,,,,,,,,,,,30.0,0.19989999999999952,2.5344714717175147,0.37540696159467934,10.0,10.0,2.6611950453033906,0.5996999999999986,1.9989999999999952,2.6611950453033906,10.0,2.5344714717175147,299.94
CX138,260327,T003346,000019,well021,CX138|260327|T003346|000019|well021,/mnt/benshalom-nas/analysis/Sadegh/CX138/CX138/260327/T003346/Network/000019/well021,/mnt/benshalom-nas/analysis/Sadegh/CX138/CX138/260327/T003346/Network/000019/well021/network_results.json,123,35,35.0,0.11668739812773404,0.6805714285714283,0.3973335616125008,0.583823453250946,7.6720588235294125,10.496107620113778,1.3680953003023515,12.461916580571977,7.654621613625041,0.6142411212701048,0.678281068524971,0.08483126042274022,0.12506800552051253,463.8285714285714,295.2611904945262,0.636573960041174,1330.4761904761906,208.7561695423526,0.1569033486180889,26.06529111704086,6.679327511322274,0.25625370847883955,12,12.0,0.04000710792950882,2.019999999999999,0.1937782237507611,0.09592981373800058,23.61545454545455,1.723360161989908,0.07297594711432799,36.347256693334934,1.5775378626396508,0.04340184118844179,0.690481029810298,0.04896963870119623,0.07092104864148127,1352.8333333333333,53.621875718362894,0.03963671976224928,1497.2222222222224,136.39426330212135,0.09109820925559124,32.15334662615681,1.1151048350797685,0.03468083269977964,1,1.0,0.003333925660792401,2.5799999999999983,0.0,0.0,0.0,0.0,0.0,39.36531214301429,0.0,0.0,0.6130081300813008,0.0,0.0,1442.0,0.0,0.0,1400.0,0.0,0.0,30.71663603997905,0.0,0.0,30.0,0.18250000000000452,5.28335633498721,1.1484863764434694,10.0,10.0,5.547524151736571,0.5475000000000135,1.8250000000000453,5.547524151736571,10.0,5.28335633498721,299.94
CX138,260327,T003346,000019,well022,CX138|260327|T003346|000019|well022,/mnt/benshalom-nas/analysis/Sadegh/CX138/CX138/260327/T003346/Network/000019/well022,/mnt/benshalom-nas/analysis/Sadegh/CX138/CX138/260327/T003346/Network/000019/well022/network_results.json,29,31,31.0,0.10337882001413956,0.5506451612903235,0.2494372438222092,0.4529908938774735,9.377,10.796442979055646,1.1513749577749435,3.091999639285834,1.3357181153340891,0.4319916789002611,0.6740823136818688,0.244118999925477,0.36215013355281156,123.83870967741936,59.59059071330703,0.4811951841918515,541.9354838709676,300.6525450198558,0.5547755295009246,7.963691532066623,2.5292510380523923,0.3175978160213894,13,13.0,0.043352408393026266,1.3361538461538487,0.27485768237786473,0.20570811001221848,23.375,2.0136099423671836,0.08614374084993298,7.37322990906622,1.19353296944321,0.16187383062280836,0.6847922192749779,0.06446587491974602,0.09413932154194028,295.3076923076923,38.00482685009005,0.12869568873435025,884.6153846153845,100.9488188975873,0.1141160561450987,10.787576029514648,0.857316522224475,0.07947258215180775,0,,,,,,,,,,,,,,,,,,,,,,,,30.0,0.15969999999998663,0.5409948540610232,0.3263063254236882,5.0,5.0,0.5680445967640744,0.4790999999999599,1.5969999999998663,0.5680445967640744,5.0,0.5409948540610232,299.84999999999997
CX138,260327,T003346,000019,well023,CX138|260327|T003346|000019|well023,/mnt/benshalom-nas/analysis/Sadegh/CX138/CX138/260327/T003346/Network/000019/well023,/mnt/benshalom-nas/analysis/Sadegh/CX138/CX138/260327/T003346/Network/000019/well023/network_results.json,89,27,27.0,0.09002112495732333,0.7511111111111087,0.3911079545327158,0.5207058566263985,10.115769230769228,10.467377958751703,1.0347584765885112,7.416417280708684,3.8630073269802017,0.5208724348653515,0.6487723678734915,0.12238244765705789,0.1886369606926941,302.5925925925926,166.63805515731332,0.5507010390755764,851.851851851852,173.16547744534756,0.20328121265323407,15.16798573768749,3.1873514949869346,0.21013676767030492,14,14.0,0.04667762034824172,1.4485714285714242,0.30561079690298243,0.21097392291132974,20.150769230769225,5.570107665771282,0.27642158976571496,14.303090469938175,3.4369778246927503,0.24029616759514258,0.6856607811663992,0.07806623409478897,0.11385547524241948,583.5714285714286,138.18089297610385,0.23678488392478017,933.3333333333333,190.2379462422684,0.20382637097385903,17.65849829465018,2.265270676481369,0.12828218111659334,0,,,,,,,,,,,,,,,,,,,,,,,,30.0,0.23759999999998627,3.6791329211857557,0.7451036834219402,10.0,10.0,3.863089567245044,0.7127999999999588,2.3759999999998627,3.863089567245044,10.0,3.6791329211857557,299.90999999999997
CX138,260328,T003346,000027,well000,CX138|260328|T003346|000027|well000,/mnt/benshalom-nas/analysis/Sadegh/CX138/CX138/260328/T003346/Network/000027/well000,/mnt/benshalom-nas/analysis/Sadegh/CX138/CX138/260328/T003346/Network/000027/well000/network_results.json,60,10,10.0,0.033327278877670556,0.8070000000000075,0.2734611489773203,0.3388613989805673,27.506666666666668,20.50576721044324,0.7454835389157746,8.653810105894468,2.683861647134098,0.31013641555480964,0.8116666666666668,0.06994045086119095,0.08616893329920855,388.5,125.51035813828275,0.32306398491192473,996.6666666666666,90.00000000000003,0.09030100334448164,18.0540059366018,0.9436195588262469,0.05226649210927749,7,7.0,0.023329095214369388,1.1528571428571535,0.16420494909144348,0.1424330413432582,41.18,9.451137497677202,0.22950795283334632,12.362585865563526,1.3867987003861746,0.11217707326500012,0.8166666666666667,0.04859126579037749,0.05949950913107448,555.0,57.69377287516763,0.10395274391922096,1033.3333333333335,83.57108940373452,0.08087524781006565,18.58680821031095,0.5122468796226061,0.027559701150756986,0,,,,,,,,,,,,,,,,,,,,,,,,30.0,0.2556499951104983,2.536049473017476,0.3678199690558144,10.0,10.0,2.66285194666835,0.7669499853314949,2.556499951104983,2.66285194666835,10.0,2.536049473017476,300.03000000000003
CX138,260328,T003346,000027,well001,CX138|260328|T003346|000027|well001,/mnt/benshalom-nas/analysis/Sadegh/CX138/CX138/260328/T003346/Network/000027/well001,/mnt/benshalom-nas/analysis/Sadegh/CX138/CX138/260328/T003346/Network/000027/well001/network_results.json,100,65,65.0,0.2166395145141809,0.7043076923076934,0.36655976207379687,0.5204540090606544,4.6068750000000005,5.083270931140207,1.1034097801959477,10.05520645997495,3.864218493606295,0.3843002636482833,0.7315384615384616,0.16297456874976413,0.22278332216056082,395.6,146.75702577861347,0.37097327042116646,1528.717948717949,654.8928775997149,0.4283935294597262,25.333995449644284,5.190119653702197,0.20486778976567124,27,27.0,0.08998872141358283,1.6955555555555581,0.14244773787143644,0.0840124273160502,11.314615384615385,1.2978569044308021,0.11470623263036527,24.20697851475451,1.0217519195271565,0.042208981963791296,0.7503703703703705,0.08398918866998938,0.11193031066582985,952.3703703703703,31.03062781875012,0.032582521237701376,2282.716049382716,191.242497982531,0.08377848748829103,31.161628497385745,1.3656433616651298,0.04382451840665831,0,,,,,,,,,,,,,,,,,,,,,,,,30.0,0.09179999999997791,3.2712982296205197,0.9564673369143244,10.0,10.0,3.434863141101546,0.27539999999993375,0.9179999999997791,3.434863141101546,10.0,3.2712982296205197,300.03
CX138,260328,T003346,000027,well002,CX138|260328|T003346|000027|well002,/mnt/benshalom-nas/analysis/Sadegh/CX138/CX138/260328/T003346/Network/000027/well002,/mnt/benshalom-nas/analysis/Sadegh/CX138/CX138/260328/T003346/Network/000027/well002/network_results.json,122,15,15.0,0.049988485985394696,0.85,0.4188078318274386,0.4927150962675748,17.625000000000004,15.73629505769567,0.8928394358976265,13.211169368798819,6.381172730049955,0.48301346776467385,0.7442622950819672,0.1080890340071414,0.14522975934880233,522.0,260.9252766598131,0.4998568518387224,1362.2222222222224,178.41552277039153,0.1309738747906626,26.2364055444713,4.8349324916503145,0.18428334184173953,9,9.0,0.02999309159123682,1.4166666666666667,0.1412641340027791,0.09971585929607936,30.843750000000004,7.117423932681003,0.23075741220444992,22.0186156146647,1.418143157505417,0.0644065540869388,0.7877959927140255,0.08948290203814,0.11358638894552338,870.0,45.56314299957807,0.052371428735147205,1485.1851851851852,95.72479987644512,0.06445310714872864,28.819666367454033,1.6363170238278018,0.056777792045354485,0,,,,,,,,,,,,,,,,,,,,,,,,30.0,0.2925999999999931,4.081111171531089,0.6036274444080023,10.0,10.0,4.285166730107643,0.8777999999999793,2.925999999999931,4.285166730107643,10.0,4.081111171531089,300.06
CX138,260328,T003346,000027,well003,CX138|260328|T003346|000027|well003,/mnt/benshalom-nas/analysis/Sadegh/CX138/CX138/260328/T003346/Network/000027/well003,/mnt/benshalom-nas/analysis/Sadegh/CX138/CX138/260328/T003346/Network/000027/well003/network_results.json,89,43,43.0,0.14329989669077214,0.6181395348837203,0.23957574724823827,0.38757551285456193,6.2578571428571435,8.696085472844693,1.3896267163545908,7.253326634576331,2.547668697028831,0.3512414131309338,0.7130911941468514,0.13155474998819489,0.18448516973426962,286.09302325581393,106.04602203069355,0.3706697242171861,1014.7286821705428,258.9286539447959,0.255170331236659,18.274688363773848,2.2585848353418356,0.12359088102531246,14,14.0,0.04665578031792582,1.8985714285714266,0.10105565247901262,0.053227205970887065,20.160000000000004,2.461687976228451,0.12210753850339535,22.27807466334159,0.7760061997961165,0.03483273180123725,0.7241171749598717,0.061437581456079374,0.08484480631119411,878.7142857142857,29.194981397074226,0.033224657743378246,1309.5238095238096,221.62050053752563,0.16923747313774684,20.241124351786826,1.8197097879270707,0.08990161595279327,0,,,,,,,,,,,,,,,,,,,,,,,,30.0,0.20109999999999675,3.290483782845613,0.8972522645301924,10.0,10.0,3.4550079719878934,0.6032999999999903,2.0109999999999677,3.4550079719878934,10.0,3.290483782845613,300.06
CX138,260328,T003346,000027,well004,CX138|260328|T003346|000027|well004,/mnt/benshalom-nas/analysis/Sadegh/CX138/CX138/260328/T003346/Network/000027/well004,/mnt/benshalom-nas/analysis/Sadegh/CX138/CX138/260328/T003346/Network/000027/well004/network_results.json,147,41,41.0,0.13663178001883516,0.6095121951219503,0.48710168828420836,0.799166435360247,6.950999999999999,9.977309958099923,1.4353776374766112,9.572267809648423,9.732449869653061,1.016733971843452,0.5941596150655383,0.1954574533101937,0.32896455490101584,363.9268292682927,400.03800979430736,1.099226486265438,1061.7886178861788,625.2830676319289,0.5888959978463036,18.8795757839364,10.318062634801834,0.5465198346024761,20,20.0,0.06664964878967569,1.2584999999999984,0.7251984211234798,0.5762403028394761,14.597368421052632,10.498986338091102,0.719238292495875,19.62314900977926,14.602100876968416,0.7441262801241233,0.6048469387755102,0.17941119847568435,0.29662247913314327,746.05,572.670016239719,0.7676027293609262,1161.6666666666667,683.3150404055543,0.5882195469775217,22.79327920857269,12.508952604363511,0.5488000427625533,0,,,,,,,,,,,,,,,,,,,,,,,,30.0,0.19760000000002265,6.346552248913126,1.362457193171668,10.0,10.0,6.663879861358782,0.5928000000000679,1.9760000000002265,6.663879861358782,10.0,6.346552248913126,300.05999999999995
CX138,260328,T003346,000027,well005,CX138|260328|T003346|000027|well005,/mnt/benshalom-nas/analysis/Sadegh/CX138/CX138/260328/T003346/Network/000027/well005,/mnt/benshalom-nas/analysis/Sadegh/CX138/CX138/260328/T003346/Network/000027/well005/network_results.json,126,41,41.0,0.13663278173679597,0.7814634146341431,0.3717562863844901,0.4757180943122396,7.285499999999999,7.613142238918172,1.044971826081693,11.097484316326199,6.091926700848442,0.5489466375623735,0.6817653890824622,0.07134905192203965,0.10465337939501898,424.9268292682927,242.3237494016895,0.5702717096469561,1167.479674796748,180.1065334962181,0.15426952381639852,22.21017237313021,5.255864720461391,0.23664223006301013,19,19.0,0.06331763056095423,1.6863157894736773,0.2557797269098125,0.15167961333603175,16.17,1.6176217110313509,0.10003844842494439,23.947202998388114,3.60936909537635,0.15072194843044076,0.6867167919799498,0.03842637984034487,0.05595666261422483,916.9473684210526,138.51447717770023,0.15106044463186227,1287.7192982456138,85.29997039398751,0.06624112142312383,27.178169698300508,1.1039859746092233,0.04062032089961736,0,,,,,,,,,,,,,,,,,,,,,,,,30.0,0.2026000000000039,4.319839771618875,1.4187611285856185,10.0,10.0,4.535831760199819,0.6078000000000117,2.026000000000039,4.535831760199819,10.0,4.319839771618875,300.06
CX138,260328,T003346,000027,well006,CX138|260328|T003346|000027|well006,/mnt/benshalom-nas/analysis/Sadegh/CX138/CX138/260328/T003346/Network/000027/well006,/mnt/benshalom-nas/analysis/Sadegh/CX138/CX138/260328/T003346/Network/000027/well006/network_results.json,71,19,19.0,0.06333094786763033,0.6442105263157903,0.3175451197028376,0.4929213459439466,15.561666666666667,19.395839258860534,1.2463857293902023,7.48941306212127,3.505584491534697,0.4680719920850233,0.8554484803558191,0.09999447726563229,0.11689129101502423,307.6842105263158,162.96853187738873,0.5296616670664361,1191.2280701754385,214.62386662332304,0.18017025622281907,18.631169623263585,3.98499447466524,0.21388858323148027,8,8.0,0.026665662260054877,1.530000000000002,0.12990381056766603,0.0849044513514156,39.95142857142857,6.2710911070936755,0.1569678815334897,17.787356022538017,1.1479828863682877,0.06453926513382319,0.8609154929577465,0.05825842291469821,0.06767031536922001,730.75,47.57034265169844,0.06509797146999444,1329.1666666666667,224.49789655040325,0.16890123878400243,21.511194593507323,1.717271736414733,0.07983153743274925,0,,,,,,,,,,,,,,,,,,,,,,,,30.0,0.2308999999999912,2.5434127059709213,0.4308235971515608,10.0,10.0,2.6705833412694675,0.6926999999999736,2.308999999999912,2.6705833412694675,10.0,2.5434127059709213,300.0
CX138,260328,T003346,000027,well007,CX138|260328|T003346|000027|well007,/mnt/benshalom-nas/analysis/Sadegh/CX138/CX138/260328/T003346/Network/000027/well007,/mnt/benshalom-nas/analysis/Sadegh/CX138/CX138/260328/T003346/Network/000027/well007/network_results.json,136,23,23.0,0.0766643922896954,0.6821739130434817,0.3575150531551353,0.524081977219125,11.95909090909091,14.149209714227512,1.1831342216381802,12.299432888586427,7.582152113662127,0.6164635542422593,0.6934143222506394,0.09796702650079983,0.14128209262079386,464.1304347826087,316.067178377694,0.6809878316334391,1628.9855072463768,154.26445322591502,0.09469970883085531,29.38604748104073,9.092724953922811,0.3094232036407499,10,10.0,0.03333234447378061,1.569000000000008,0.1348666007579343,0.08595704318542614,29.189999999999998,4.060394069545484,0.13910222917250717,28.28869564374878,0.9458782817811799,0.03343661700394446,0.6959558823529411,0.020281399941405383,0.029141789667523847,1067.5,39.32492848054527,0.036838340496997905,1753.3333333333335,76.303487615064,0.043519099400226614,37.971658511085096,1.4401091498925163,0.037925895427298864,0,,,,,,,,,,,,,,,,,,,,,,,,30.0,0.18349999999998093,3.208106727259087,0.5801994399918553,10.0,10.0,3.3685120636220414,0.5504999999999428,1.8349999999998092,3.3685120636220414,10.0,3.208106727259087,300.00000000000006
CX138,260328,T003346,000027,well008,CX138|260328|T003346|000027|well008,/mnt/benshalom-nas/analysis/Sadegh/CX138/CX138/260328/T003346/Network/000027/well008,/mnt/benshalom-nas/analysis/Sadegh/CX138/CX138/260328/T003346/Network/000027/well008/network_results.json,168,26,26.0,0.0866558635690084,0.6992307692307711,0.3463537884094281,0.4953354509705779,10.338,12.432124516750942,1.2025657300010586,21.195220169728767,12.37752976744558,0.5839774094502352,0.7726648351648352,0.0891026699832597,0.11531865555166766,869.8076923076923,518.1279185112769,0.5956810029313818,2283.3333333333335,254.74136372635365,0.11156556075606729,45.63372131413125,9.028632903377602,0.19785002501169532,11,11.0,0.03666209612534971,1.6527272727272773,0.09175965731597976,0.055520144690636666,25.757999999999992,4.235851272176586,0.16444798789411397,50.09779312844981,2.178129593486225,0.043477555745849744,0.7786796536796537,0.04263345870766333,0.0547509601749561,2055.909090909091,81.45880670671922,0.039621794108950316,2524.242424242424,111.99829462167467,0.044369072299102814,54.175778307803256,2.3673983442445747,0.04369846485257756,0,,,,,,,,,,,,,,,,,,,,,,,,30.0,0.14809999999999945,4.550080908450166,0.7997826023300629,10.0,10.0,4.777584953872674,0.44429999999999836,1.4809999999999945,4.777584953872674,10.0,4.550080908450166,300.03
CX138,260328,T003346,000027,well009,CX138|260328|T003346|000027|well009,/mnt/benshalom-nas/analysis/Sadegh/CX138/CX138/260328/T003346/Network/000027/well009,/mnt/benshalom-nas/analysis/Sadegh/CX138/CX138/260328/T003346/Network/000027/well009/network_results.json,86,22,22.0,0.07332494984740077,0.7309090909090937,0.3531791856693711,0.4832053535277447,12.838571428571427,14.594961389437916,1.1368057163243066,7.3916703975985945,3.7120601435238174,0.502195030872831,0.6855179704016913,0.10042422386930412,0.14649393335445135,276.1363636363636,143.05729794689876,0.5180675810422671,848.4848484848484,93.05546989566115,0.10967251809131494,15.733239911308795,3.3060884012564715,0.21013398511009226,10,10.0,0.03332952265790944,1.6080000000000063,0.16442627527253392,0.10225514631376448,29.85666666666666,4.732542187403678,0.15850872571408997,16.26167487471691,1.5296696867000765,0.09406593714884523,0.6992248062015504,0.07903460990684535,0.11303175917941298,607.5,55.930760767220036,0.0920670959131194,920.0,70.23769168568494,0.07634531704965754,18.41416030958921,0.7514177822091765,0.0408065189819095,0,,,,,,,,,,,,,,,,,,,,,,,,30.0,0.21379999999999197,3.6815160964946028,0.6621502331998115,10.0,10.0,3.865591901319333,0.6413999999999759,2.1379999999999195,3.865591901319333,10.0,3.6815160964946028,300.03
CX138,260328,T003346,000027,well010,CX138|260328|T003346|000027|well010,/mnt/benshalom-nas/analysis/Sadegh/CX138/CX138/260328/T003346/Network/000027/well010,/mnt/benshalom-nas/analysis/Sadegh/CX138/CX138/260328/T003346/Network/000027/well010/network_results.json,170,108,108.0,0.36000504007056094,0.5516666666666666,0.32004773949452436,0.5801469598088055,2.6481308411214943,4.404677448137711,1.6633156412589918,9.334134084986406,9.726457595502389,1.042031055794133,0.5778867102396514,0.14922343810730743,0.25822265067390804,330.1388888888889,353.4441246199957,1.0705922159293095,945.3703703703706,752.6422364422672,0.7961347848752678,20.62885467569736,16.39473771868853,0.7947478411393822,62,62.0,0.2066695600405072,0.9706451612903231,0.7613164976364006,0.7843406921478367,4.6327868852459,5.635075786403989,1.2163468611841592,16.259459373847292,23.16443498689808,1.4246743667355368,0.5614516129032259,0.11628557400631076,0.20711593186990135,575.0806451612904,837.0248444762865,1.4554912454783273,853.225806451613,772.0117479518069,0.9048152811533463,17.496555971091183,15.23147244134475,0.8705411777329816,6,6.0,0.020000280003920054,2.839999999999989,0.3201562118716447,0.1127310605181852,49.66199999999999,16.539395877721763,0.3330392629721269,67.62556173974545,21.350908846758205,0.31572246200225906,0.7235294117647059,0.09679479834842665,0.1337814286116466,2415.5,776.3729237078445,0.3214129263952989,2366.666666666667,779.1258159225871,0.3292080912348959,48.36026216719885,17.6475886798063,0.36491921029692165,30.0,0.21389999999999534,6.741291616424013,2.1173121364827416,10.0,10.0,7.078356197245213,0.6416999999999861,2.1389999999999536,7.078356197245213,10.0,6.741291616424013,299.9699999999999
CX138,260328,T003346,000027,well011,CX138|260328|T003346|000027|well011,/mnt/benshalom-nas/analysis/Sadegh/CX138/CX138/260328/T003346/Network/000027/well011,/mnt/benshalom-nas/analysis/Sadegh/CX138/CX138/260328/T003346/Network/000027/well011/network_results.json,148,52,52.0,0.1733207964623892,0.8451923076923074,0.46033219771000206,0.5446478789742916,5.714705882352941,7.108885175813898,1.2439634378675888,19.31169894179357,8.965295149174418,0.4642416587062727,0.7849532224532224,0.12400727585374889,0.1579804659775619,704.5576923076923,314.529343957061,0.4464209920508549,1967.3076923076924,528.4831699127224,0.2686326963388227,39.34059670908304,4.952891553708337,0.12589772316709175,19,19.0,0.06332875255356529,2.313157894736841,0.16457449542056932,0.0711471083729424,16.15833333333333,1.9718807998682129,0.12203491283351499,52.85307078806661,1.9797144627270715,0.037456943053800006,0.7986308677098152,0.06050855488010066,0.07576535960050898,1928.2631578947369,64.63080747010845,0.03351762813363705,2561.40350877193,311.61964330406335,0.12165972375569596,42.62555049680518,2.3065178375470157,0.054111156587171604,3,3.0,0.009999276718983994,2.59,0.07874007874012005,0.030401574803135156,40.27499999999999,8.954999999999998,0.22234636871508381,54.163855482188524,0.696873737920359,0.012866029046797121,0.8412162162162162,0.03607121031091651,0.04287983233747504,1966.3333333333333,22.005049925465343,0.01119090520027056,2488.888888888889,159.47444549341466,0.06407455399288982,41.75813169250218,1.7047882758772186,0.04082530052903011,30.0,0.11410000000000763,2.832322750129257,1.3375024302227323,10.0,10.0,2.97393888763572,0.34230000000002286,1.1410000000000762,2.97393888763572,10.0,2.832322750129257,299.99999999999994
CX138,260328,T003346,000027,well012,CX138|260328|T003346|000027|well012,/mnt/benshalom-nas/analysis/Sadegh/CX138/CX138/260328/T003346/Network/000027/well012,/mnt/benshalom-nas/analysis/Sadegh/CX138/CX138/260328/T003346/Network/000027/well012/network_results.json,62,11,11.0,0.03665989680572321,0.6899999999999971,0.30700903155208303,0.4449406254378034,25.05899999999999,20.838614373321466,0.8315820413153547,5.907825641995789,2.3136114846402474,0.3916181053472425,0.7404692082111436,0.1448276624617683,0.19558904118599205,252.54545454545453,101.74867757582776,0.4028925317977341,796.9696969696971,129.84415324623365,0.1629223215637152,14.028895176771044,1.2529007712132518,0.08930858456251045,7,7.0,0.02332902524000568,1.0842857142857096,0.29499913524603505,0.27206771366564614,41.614999999999995,6.7932484865489755,0.16324038175054612,9.283726008850525,2.124601316112302,0.2288522209818385,0.7530721966205837,0.06345824587060096,0.08426581960583626,396.85714285714283,88.09804371336772,0.22198931101280564,838.0952380952383,133.84256497671615,0.1596985150290363,14.700607667963604,0.8801716391066452,0.059873146674389865,0,,,,,,,,,,,,,,,,,,,,,,,,30.0,0.2495000000000118,2.668648011308742,0.3744301341128162,10.0,10.0,2.8020804118741793,0.7485000000000354,2.495000000000118,2.8020804118741793,10.0,2.668648011308742,300.03
CX138,260328,T003346,000027,well013,CX138|260328|T003346|000027|well013,/mnt/benshalom-nas/analysis/Sadegh/CX138/CX138/260328/T003346/Network/000027/well013,/mnt/benshalom-nas/analysis/Sadegh/CX138/CX138/260328/T003346/Network/000027/well013/network_results.json,203,18,18.0,0.05998588332212486,1.1050000000000049,0.696939739145367,0.6307146960591529,15.225882352941172,16.49286942495185,1.0832127191476646,28.218091202615614,28.65330006134093,1.0154230438763687,0.6382047071702244,0.23320510269826875,0.3654079953942856,1008.1666666666666,1053.1922505728319,1.044660853601751,1624.0740740740741,1049.5034425834501,0.6462164868814858,34.62214972836758,22.480126761059484,0.649298987423662,9,9.0,0.02999294166106243,2.2100000000000097,0.8646386528486868,0.3912392094337932,32.355,11.564698439648124,0.3574315697619572,56.43618240523122,36.97995700010819,0.6552526309199898,0.6426746943988324,0.10472891141090546,0.16295788884121298,2016.3333333333333,1336.4335623841039,0.6628038828157236,1959.2592592592596,1001.4529910477396,0.5111385776614171,44.647461601484984,23.39748403722242,0.5240495920252768,5,5.0,0.016662745367256905,2.9280000000000057,0.24999199987199588,0.0853797813770476,40.477500000000006,6.090124690841728,0.15045703639902977,88.90017497028262,5.312163874245635,0.05975425668196238,0.6444991789819376,0.08555937911404288,0.1327532786763111,3192.4,170.48706695817137,0.05340404302661676,2840.0,85.37498983243809,0.030061616138182427,65.20672027581529,1.0890096596901357,0.016700880754066106,30.0,0.22280000000000655,4.037096453919881,1.3984304646463777,10.15,10.15,4.238951276615875,0.6684000000000196,2.2280000000000655,4.238951276615875,10.15,4.037096453919881,300.05999999999995
CX138,260328,T003346,000027,well014,CX138|260328|T003346|000027|well014,/mnt/benshalom-nas/analysis/Sadegh/CX138/CX138/260328/T003346/Network/000027/well014,/mnt/benshalom-nas/analysis/Sadegh/CX138/CX138/260328/T003346/Network/000027/well014/network_results.json,166,137,137.0,0.4565517678051023,0.4042335766423355,0.11330291823853414,0.2802907150357383,2.1895588235294117,2.072290884804949,0.9464422067750456,3.956448696606345,1.0198497346053885,0.2577689773862524,0.5154779702752617,0.07736823736197213,0.1500902886706449,132.8102189781022,33.382440606222325,0.25135445798584544,509.9756690997567,61.524952375930354,0.1206429171111993,10.816380403344802,0.4034472260919293,0.03729965210609358,125,125.0,0.41656183193896196,0.44303999999999966,0.13008442796891265,0.29361779516276804,2.399274193548387,2.0720027608444287,0.863595651725015,4.336267771480555,1.2852925559512864,0.2964052553222381,0.5207951807228914,0.07309830683330344,0.14035903084171997,145.56,42.70688937396401,0.293397151511157,514.4,62.15907907225712,0.12083802307981556,10.840273046875472,0.4102059627429385,0.0378409253133318,0,,,,,,,,,,,,,,,,,,,,,,,,30.0,0.3038999999999987,8.610435710292794,0.6438424665799722,10.0,10.332522852351353,9.040957495807435,0.9116999999999962,3.0389999999999873,9.040957495807435,10.332522852351353,8.610435710292794,300.05999999999995
CX138,260328,T003346,000027,well015,CX138|260328|T003346|000027|well015,/mnt/benshalom-nas/analysis/Sadegh/CX138/CX138/260328/T003346/Network/000027/well015,/mnt/benshalom-nas/analysis/Sadegh/CX138/CX138/260328/T003346/Network/000027/well015/network_results.json,150,48,48.0,0.16000357341313953,0.8043749999999988,0.5793203857754377,0.720211823807849,6.299999999999999,9.06339375636846,1.4386339295822956,19.329158155470267,12.613555525166976,0.6525662123364263,0.6966666666666667,0.11715769682750649,0.16816894281460262,698.8541666666666,450.7193782158757,0.6449405322510667,1843.75,398.38541326208224,0.21607344448112936,38.102954420037186,5.636705346000093,0.14793355087016352,15,15.0,0.050001116691606104,2.5739999999999963,0.18139459749397646,0.07047187159828155,21.068571428571428,1.8616039825255843,0.08835928856576547,61.85330609750485,2.67313026324595,0.043217257603531456,0.7103555555555555,0.052968974535802425,0.07456684771667113,2236.3333333333335,87.10657584565907,0.03895062267655048,2299.9999999999995,275.1430604316666,0.1196274175789855,42.53856155669829,1.2038572831337786,0.028300375919604045,8,8.0,0.026667262235523258,2.722499999999998,0.10894379284751557,0.04001608552709482,29.575714285714287,9.725202689247086,0.32882393288281697,63.332489402681766,2.680988804223496,0.042331966254747784,0.7134444444444444,0.05882407334534281,0.08245081141692653,2285.75,89.5652694966079,0.03918419315174796,2325.0,293.8017093967366,0.1263663266222523,42.67745167962376,1.3313814001288822,0.031196365943389887,30.0,0.09559999999999036,2.7500027961534954,1.5210394953482513,10.0,10.0,2.8875029359611704,0.2867999999999711,0.9559999999999036,2.8875029359611704,10.0,2.7500027961534954,299.97
CX138,260328,T003346,000027,well016,CX138|260328|T003346|000027|well016,/mnt/benshalom-nas/analysis/Sadegh/CX138/CX138/260328/T003346/Network/000027/well016,/mnt/benshalom-nas/analysis/Sadegh/CX138/CX138/260328/T003346/Network/000027/well016/network_results.json,200,26,26.0,0.08664483216896009,1.0511538461538465,0.6372375895708957,0.6062267591966075,9.8244,11.551494822749126,1.1757964682575144,38.37705983519198,25.720034682921156,0.6701929432159297,0.8138461538461539,0.15127857449285975,0.18588104616324921,1386.2692307692307,955.868536088527,0.6895258979081015,2871.794871794872,837.6652691986011,0.2916870133816557,64.17387315320899,19.625923345971128,0.30582419887788465,12,12.0,0.03998992253952004,2.277500000000001,0.6430153575148901,0.28233385620851364,22.273636363636363,7.542288382817692,0.33861953475774303,83.1502963095826,24.223055787338804,0.2913165299754588,0.8025000000000001,0.13948234323409567,0.17380977350043073,3003.5833333333335,876.4411425697044,0.29179851041357413,3038.888888888889,770.1410805499322,0.25342850913891735,70.9008345804465,18.32462357987118,0.2584542719180469,4,4.0,0.013329974179840014,3.022500000000001,0.31846310618343554,0.10536413769509857,64.23,58.74352900532959,0.9145808657220861,93.56081586863344,3.24408930575572,0.03467358931874504,0.7902083333333333,0.11338597888775022,0.14348871570292673,3394.0,114.63638165957612,0.033776187878484416,3208.3333333333335,121.04865871944946,0.03772945206839983,75.75855838292989,0.6371644182594752,0.008410461231836782,30.0,0.10589999999999122,4.215166897975216,2.064442176817961,10.0,10.0,4.425925242873977,0.31769999999997367,1.0589999999999122,4.425925242873977,10.0,4.215166897975216,300.06
CX138,260328,T003346,000027,well017,CX138|260328|T003346|000027|well017,/mnt/benshalom-nas/analysis/Sadegh/CX138/CX138/260328/T003346/Network/000027/well017,/mnt/benshalom-nas/analysis/Sadegh/CX138/CX138/260328/T003346/Network/000027/well017/network_results.json,167,32,32.0,0.10664185466181536,0.7846875000000003,0.5574326437729948,0.7103880764928645,8.753225806451614,10.316535548487437,1.178598127890586,16.599961389283706,16.40237625538294,0.9880972534051604,0.6674775449101796,0.2156051635633596,0.3230148567655155,636.875,669.5569780646006,1.0513161579032002,1394.7916666666667,881.4488300125854,0.6319573389186571,26.747514256103464,17.19729438011184,0.6429492555999898,19,19.0,0.06331860120545287,1.3215789473684216,0.8442453070667069,0.638815644534744,15.045,10.141253620731511,0.6740613905438027,27.957829708267294,22.81084448381859,0.81590183221816,0.6444216829498898,0.18234023806089442,0.2829517424463714,1072.6315789473683,888.9869580788849,0.8287905889842402,1500.0000000000002,938.8932142881092,0.6259288095254061,31.028249966186554,19.318168464275683,0.6225993565646761,1,1.0,0.00333255795818173,2.730000000000018,0.0,0.0,0.0,0.0,0.0,58.82115627719577,0.0,0.0,0.7350299401197604,0.0,0.0,2214.0,0.0,0.0,2533.3333333333335,0.0,0.0,48.56683005869147,0.0,0.0,30.0,0.21959999999995716,5.814011040642476,1.6507791020969087,10.0,10.0,6.1047115926746,0.6587999999998715,2.1959999999995716,6.1047115926746,10.0,5.814011040642476,300.06
CX138,260328,T003346,000027,well018,CX138|260328|T003346|000027|well018,/mnt/benshalom-nas/analysis/Sadegh/CX138/CX138/260328/T003346/Network/000027/well018,/mnt/benshalom-nas/analysis/Sadegh/CX138/CX138/260328/T003346/Network/000027/well018/network_results.json,81,6,6.0,0.01999649394806111,1.114999999999996,0.09394147114026641,0.08425244048454417,42.504000000000005,9.900789059463895,0.2329378190161842,10.10058075892287,0.2580176792647365,0.02554483602705748,0.7633744855967078,0.020678756422059453,0.02708861353401858,428.3333333333333,12.33783701554783,0.028804288752251744,961.1111111111112,65.02611061510908,0.06765722491745452,18.662408859603477,1.3497341993445446,0.0723236860524565,6,6.0,0.01999649394806111,1.114999999999996,0.09394147114026641,0.08425244048454417,42.504000000000005,9.900789059463895,0.2329378190161842,10.10058075892287,0.2580176792647365,0.02554483602705748,0.7633744855967078,0.020678756422059453,0.02708861353401858,428.3333333333333,12.33783701554783,0.028804288752251744,961.1111111111112,65.02611061510908,0.06765722491745452,18.662408859603477,1.3497341993445446,0.0723236860524565,0,,,,,,,,,,,,,,,,,,,,,,,,30.0,0.23919999999999675,3.5192265512425944,0.5172427701247102,10.0,10.0,3.6951878788047243,0.7175999999999902,2.3919999999999675,3.6951878788047243,10.0,3.5192265512425944,300.03
CX138,260328,T003346,000027,well019,CX138|260328|T003346|000027|well019,/mnt/benshalom-nas/analysis/Sadegh/CX138/CX138/260328/T003346/Network/000027/well019,/mnt/benshalom-nas/analysis/Sadegh/CX138/CX138/260328/T003346/Network/000027/well019/network_results.json,131,15,15.0,0.04998861925768233,0.7779999999999988,0.3220807352202277,0.41398552084862233,18.175714285714285,19.067822452006006,1.0490824268179049,11.536889461558552,4.747873159235206,0.41153841120306633,0.740966921119593,0.12587989686506104,0.16988598718395942,460.2,208.51097493097737,0.4530877334441055,1435.5555555555554,159.84560451870618,0.11134755732727211,26.32333515444567,6.005416534820848,0.22814041228383675,8,8.0,0.026660596937430576,1.4587499999999978,0.14304173342070942,0.09805774356175467,36.35142857142857,10.480055109685296,0.2882983013746643,21.631667740422284,1.4792751090407377,0.06838470000519063,0.7509541984732825,0.08048707957454714,0.10717974510054053,862.875,64.68082695049593,0.07495967196928399,1516.6666666666667,131.23346456686355,0.08652755905507487,29.379222179913654,1.57140243859841,0.05348686323196009,0,,,,,,,,,,,,,,,,,,,,,,,,30.0,0.2977999999999952,3.8297185174699178,0.6346777701024409,10.0,10.0,4.0212044433434135,0.8933999999999855,2.977999999999952,4.0212044433434135,10.0,3.8297185174699178,300.06
CX138,260328,T003346,000027,well020,CX138|260328|T003346|000027|well020,/mnt/benshalom-nas/analysis/Sadegh/CX138/CX138/260328/T003346/Network/000027/well020,/mnt/benshalom-nas/analysis/Sadegh/CX138/CX138/260328/T003346/Network/000027/well020/network_results.json,78,17,17.0,0.05665418386148918,0.5682352941176458,0.32774156415074446,0.5767708685882679,15.599999999999998,21.976791735828968,1.4087687010146777,7.247581213392917,4.129567551947393,0.5697856195548802,0.7760180995475112,0.11635403449111835,0.14993726893607673,300.88235294117646,184.29799473963874,0.6125251047065218,1107.8431372549019,138.87004870294726,0.1253517253778816,20.11839438033138,4.092852285808192,0.20343831661882236,7,7.0,0.02332819335473084,1.379999999999997,0.09486832980504695,0.06874516652539649,41.48500000000001,16.376761737291062,0.3947634503384611,17.601268661097084,0.64580731508121,0.03669095265323659,0.8127289377289377,0.09326608255696099,0.11475668974895932,730.7142857142857,22.54338221369307,0.030851158454711928,1252.3809523809525,43.120881610178174,0.034431122198241126,22.9217818450054,1.7847793630379885,0.07786390146745453,0,,,,,,,,,,,,,,,,,,,,,,,,30.0,0.27920000000000295,2.551795443995706,0.4663145806519342,10.0,10.0,2.679385216195491,0.8376000000000088,2.7920000000000296,2.679385216195491,10.0,2.551795443995706,300.06
CX138,260328,T003346,000027,well021,CX138|260328|T003346|000027|well021,/mnt/benshalom-nas/analysis/Sadegh/CX138/CX138/260328/T003346/Network/000027/well021,/mnt/benshalom-nas/analysis/Sadegh/CX138/CX138/260328/T003346/Network/000027/well021/network_results.json,101,26,26.0,0.08664893251847788,0.6034615384615379,0.3130242348407472,0.5187144745608308,11.0232,14.364576630029864,1.3031221995454918,7.523827582888552,3.974146907916445,0.5282081313180077,0.6610814927646611,0.08933320727333086,0.13513191376714678,278.34615384615387,151.45396414236856,0.5441209158078737,994.8717948717949,176.06630153951687,0.1769738597948752,17.307956175895512,3.916428789767204,0.22627910251018232,10,10.0,0.03332651250710688,1.5689999999999986,0.12003749414244748,0.0765057324043643,30.523333333333326,3.8197411197910047,0.1251416769615924,19.561951715510233,1.5630577510392865,0.07990295517394479,0.6636963696369638,0.035559428875498796,0.05357785653543577,723.7,54.45374183653498,0.0752435288607641,1116.6666666666667,210.42285469448836,0.18843837733834778,20.67343328249577,1.1544077590162607,0.05584015694160001,0,,,,,,,,,,,,,,,,,,,,,,,,30.0,0.20359999999999442,4.806304036762374,0.5596995063301451,10.0,10.0,5.046619238600493,0.6107999999999832,2.035999999999944,5.046619238600493,10.0,4.806304036762374,300.05999999999995
CX138,260328,T003346,000027,well022,CX138|260328|T003346|000027|well022,/mnt/benshalom-nas/analysis/Sadegh/CX138/CX138/260328/T003346/Network/000027/well022,/mnt/benshalom-nas/analysis/Sadegh/CX138/CX138/260328/T003346/Network/000027/well022/network_results.json,33,12,12.0,0.039997013556321126,0.7399999999999981,0.15700318468107438,0.2121664657852362,25.19181818181818,8.810821670672759,0.3497493355613307,3.9233046899910886,0.7290961463572385,0.1858372479245028,0.9292929292929292,0.04344608720728601,0.046751767755666473,175.5,33.82922799395024,0.19275913386866234,958.3333333333334,221.9964130507685,0.23164843100949756,11.478105964244397,1.4589888708989096,0.12711059433009467,11,11.0,0.03666392909329437,0.8072727272727253,0.2115351210508952,0.262036749049533,27.711000000000002,4.312891025750597,0.1556382312349102,4.279968752717552,1.1164067393366508,0.2608446004723264,0.931129476584022,0.04492976978044103,0.048252977604438155,191.45454545454547,35.38711536540239,0.1848329862390438,1012.1212121212121,138.00360650588726,0.13635086870342156,11.880059245657993,0.6191645519946134,0.05211796836963671,0,,,,,,,,,,,,,,,,,,,,,,,,30.0,0.18119999999999337,0.6615256623876822,0.3963708745918022,5.0,5.0,0.6946019455070663,0.5435999999999801,1.8119999999999337,0.6946019455070663,5.0,0.6615256623876822,300.0
CX138,260328,T003346,000027,well023,CX138|260328|T003346|000027|well023,/mnt/benshalom-nas/analysis/Sadegh/CX138/CX138/260328/T003346/Network/000027/well023,/mnt/benshalom-nas/analysis/Sadegh/CX138/CX138/260328/T003346/Network/000027/well023/network_results.json,80,22,22.0,0.07331930490632793,0.6368181818181821,0.2759839646797116,0.43337953054629924,12.947142857142856,12.018259577214428,0.9282557325444224,5.273038872658463,2.1101256141037097,0.4001725883427568,0.5715909090909089,0.1155632094219472,0.20217817950559358,201.9090909090909,83.56864847695253,0.4138924508088599,654.5454545454545,126.94763676153583,0.19394777838567975,12.814010255566325,1.8660401115421201,0.14562498970464957,12,12.0,0.039992348130724324,1.1675000000000004,0.20141685629559625,0.17251979125961128,24.673636363636366,1.4899498022494324,0.06038630789117481,9.667237933207181,1.3086820574304874,0.1353729024228456,0.5918402777777777,0.09091173641238756,0.1536085660707986,370.1666666666667,45.67974265348798,0.12340317691171898,738.8888888888888,112.90223018278652,0.15280001077369607,14.101527093027022,1.2850164647306659,0.09112605012588217,0,,,,,,,,,,,,,,,,,,,,,,,,30.0,0.24699999999999991,3.5017634051416557,0.6003643720318013,10.0,10.0,3.6768515753987385,0.7409999999999998,2.4699999999999993,3.6768515753987385,10.0,3.5017634051416557,300.03000000000003
CX138,260329,T003346,000029,well000,CX138|260329|T003346|000029|well000,/mnt/benshalom-nas/analysis/Sadegh/CX138/CX138/260329/T003346/Network/000029/well000,/mnt/benshalom-nas/analysis/Sadegh/CX138/CX138/260329/T003346/Network/000029/well000/network_results.json,59,14,14.0,0.0466553449696207,0.4757142857142865,0.16426086768633077,0.3452931152565506,20.476153846153842,22.199886534173498,1.0841824446607893,4.519739730209932,1.3167572886871357,0.2913347598061748,0.62227602905569,0.08164511041204535,0.1312040101174114,205.57142857142858,59.706082826883,0.29043959679512227,783.3333333333333,74.2689236213439,0.09481139185703477,13.653380518431177,1.3632615720132129,0.09984791460055611,7,7.0,0.02332767248481035,0.951428571428573,0.2862780152942633,0.3008928088678438,44.36499999999999,7.082614277228419,0.15964418521871793,9.039479460419866,2.653532508226073,0.29354926020295663,0.6218724778046811,0.054367205751846163,0.08742500704287788,411.14285714285717,111.77455444066042,0.2718630580558106,823.809523809524,74.99055118106484,0.09102899276314227,13.94946496956216,1.5902424937999418,0.11400024999309029,0,,,,,,,,,,,,,,,,,,,,,,,,30.0,0.21229999999999902,2.9666384221819606,0.3717871741741594,10.0,10.0,3.1149703432910587,0.636899999999997,2.12299999999999,3.1149703432910587,10.0,2.9666384221819606,300.06
CX138,260329,T003346,000029,well001,CX138|260329|T003346|000029|well001,/mnt/benshalom-nas/analysis/Sadegh/CX138/CX138/260329/T003346/Network/000029/well001,/mnt/benshalom-nas/analysis/Sadegh/CX138/CX138/260329/T003346/Network/000029/well001/network_results.json,91,59,59.0,0.1966190848481334,0.7144067796610184,0.3363627540720213,0.47082805433568725,4.892586206896551,5.289367526347097,1.081098483025449,9.714271875631455,3.6125153275813036,0.3718771076032376,0.7496740547588006,0.1337646541400618,0.17843041691378678,404.7457627118644,139.82029546678217,0.3454521537914635,1463.2768361581923,439.0837453316534,0.30006881437723026,23.266072634913016,2.0800538586526276,0.08940287822927637,25,25.0,0.08331317154581924,1.6860000000000033,0.13968536072187504,0.08285015463930888,11.78625,0.8465952028567258,0.07182905528533043,22.925681626490235,1.1011826224597812,0.048032710233024585,0.760952380952381,0.06138153723024585,0.08066409773686875,955.2,39.77335791707811,0.04163877503881711,1953.3333333333335,162.20700080795257,0.08304112669349106,25.21216082434228,1.2568956931748887,0.04985275565755391,0,,,,,,,,,,,,,,,,,,,,,,,,30.0,0.09739999999999327,2.7390283869549945,0.7408717345411164,10.0,10.0,2.875979806302744,0.2921999999999798,0.9739999999999327,2.875979806302744,10.0,2.7390283869549945,300.06
CX138,260329,T003346,000029,well002,CX138|260329|T003346|000029|well002,/mnt/benshalom-nas/analysis/Sadegh/CX138/CX138/260329/T003346/Network/000029/well002,/mnt/benshalom-nas/analysis/Sadegh/CX138/CX138/260329/T003346/Network/000029/well002/network_results.json,125,21,21.0,0.06998290084456031,0.5571428571428523,0.2878349867403794,0.5166268992776085,13.492499999999998,18.91524117609923,1.401907813681618,9.152669615276565,5.866771957467478,0.6409902470067693,0.678095238095238,0.11278378166161875,0.1663243971133423,365.76190476190476,267.2173905022801,0.7305774248858069,1253.968253968254,385.6522257213482,0.3075454458284169,21.68143016164456,8.677574846368607,0.40023074039274553,10,10.0,0.033325190878362054,1.1699999999999897,0.2772363612515446,0.23695415491585217,29.94666666666666,18.086137109829593,0.6039449168464914,19.220606192080783,6.8542117116413745,0.3566074682111445,0.6868000000000001,0.06879909560129083,0.10017340652488471,768.1,288.1692037675088,0.3751714669541841,1353.3333333333335,444.02202147591237,0.32809508976052637,26.581870502744568,8.247816097288986,0.31027974861428215,0,,,,,,,,,,,,,,,,,,,,,,,,30.0,0.2595000000000028,5.201486115917826,1.120173640858063,10.0,10.0,5.461560421713717,0.7785000000000084,2.5950000000000277,5.461560421713717,10.0,5.201486115917826,300.05999999999995
CX138,260329,T003346,000029,well003,CX138|260329|T003346|000029|well003,/mnt/benshalom-nas/analysis/Sadegh/CX138/CX138/260329/T003346/Network/000029/well003,/mnt/benshalom-nas/analysis/Sadegh/CX138/CX138/260329/T003346/Network/000029/well003/network_results.json,110,41,41.0,0.13663455754564344,0.6175609756097581,0.3154770332006779,0.5108435371732919,7.1054999999999975,10.167277401054816,1.4309024559925156,7.68860230267181,3.6412387006542297,0.4735891592921758,0.6898004434589802,0.11217364806810894,0.16261753545071397,293.1463414634146,147.2276420519465,0.5022325754330482,994.3089430894311,157.8827459374095,0.1587864084243775,18.41407512715092,2.90195661635702,0.15759448119542993,14,14.0,0.04665570257656118,1.8085714285714345,0.3575683180048545,0.19770760079257294,21.76846153846153,6.127275522240187,0.2814748994279744,22.516621029253155,4.925293182128878,0.21874033300689447,0.7057359307359307,0.07052765506076965,0.09993490764629837,858.5,192.83625548265405,0.22461998308987077,1090.4761904761904,195.35420473110491,0.17914577726433203,20.507550067362164,3.032077901346187,0.14785178587332817,0,,,,,,,,,,,,,,,,,,,,,,,,30.0,0.21620000000000766,4.415996072027714,1.2473114656243807,10.0,10.0,4.6367958756291,0.6486000000000229,2.1620000000000767,4.6367958756291,10.0,4.415996072027714,300.06
CX138,260329,T003346,000029,well004,CX138|260329|T003346|000029|well004,/mnt/benshalom-nas/analysis/Sadegh/CX138/CX138/260329/T003346/Network/000029/well004,/mnt/benshalom-nas/analysis/Sadegh/CX138/CX138/260329/T003346/Network/000029/well004/network_results.json,104,40,40.0,0.1332989422062441,0.48300000000000304,0.26688199639541194,0.5525507171747625,7.257692307692307,11.429460687085504,1.5748064539704458,5.881337866881984,3.2674287713947368,0.5555587598178537,0.5810096153846154,0.12893021619150938,0.22190719874086845,229.875,137.2257606100254,0.5969581755737918,864.1666666666667,164.21319137700914,0.19002490805439823,15.51991574817275,3.6959399139028077,0.2381417511456499,13,13.0,0.04332215621702934,1.4861538461538555,0.4848241308658466,0.3262274172492736,23.529999999999998,8.935756823011685,0.37976017097372233,18.09642420579072,6.313200813866266,0.34886454594969596,0.5902366863905325,0.09519343793820736,0.16128011039154933,707.3076923076923,250.17636382710393,0.3537023088365798,976.923076923077,146.40105049866872,0.14985934303013332,17.99006911209797,3.306340417228952,0.18378697694971624,0,,,,,,,,,,,,,,,,,,,,,,,,30.0,0.172500000000003,5.588833079796222,1.4240088037834493,10.0,10.0,5.868274733786033,0.5175000000000091,1.72500000000003,5.868274733786033,10.0,5.588833079796222,300.05999999999995
CX138,260329,T003346,000029,well005,CX138|260329|T003346|000029|well005,/mnt/benshalom-nas/analysis/Sadegh/CX138/CX138/260329/T003346/Network/000029/well005,/mnt/benshalom-nas/analysis/Sadegh/CX138/CX138/260329/T003346/Network/000029/well005/network_results.json,161,38,38.0,0.12664585453123872,0.7713157894736875,0.39307941512218014,0.5096218960983548,7.807297297297297,8.496658372925722,1.0882970187220955,15.25508931407175,8.65634106979755,0.5674395535536251,0.7116704805491991,0.08610746435796343,0.12099344670234732,590.578947368421,369.3547454383649,0.6254112969725455,1823.684210526316,192.68917107942863,0.1056592857289796,33.13577595450523,10.59375939631026,0.3197075997512563,17,17.0,0.056657355974501535,1.724117647058831,0.1861074586339066,0.10794359593232337,18.015,1.691312360269376,0.09388356149150019,34.099611407925096,1.6391988814499094,0.04807089622930257,0.7166605772743881,0.036750579686700195,0.051280314352535515,1320.1176470588234,58.06880538782893,0.043987598769855266,1952.9411764705887,129.88623656218977,0.0665080126975068,42.9783642671483,1.806680146450423,0.04203696853654826,0,,,,,,,,,,,,,,,,,,,,,,,,30.0,0.19939999999999716,5.307519084332496,1.5306043354062095,10.0,10.0,5.572895038549121,0.5981999999999915,1.9939999999999716,5.572895038549121,10.0,5.307519084332496,300.03
CX138,260329,T003346,000029,well006,CX138|260329|T003346|000029|well006,/mnt/benshalom-nas/analysis/Sadegh/CX138/CX138/260329/T003346/Network/000029/well006,/mnt/benshalom-nas/analysis/Sadegh/CX138/CX138/260329/T003346/Network/000029/well006/network_results.json,66,11,11.0,0.036664344591509204,0.6436363636363673,0.2895536605088023,0.449871506440227,25.155,26.39467531529796,1.0492814675133357,6.121910906072461,2.5994316984150774,0.42461116117136605,0.724517906336088,0.09815438981443453,0.13547545058037924,255.0,105.0765954391886,0.41206508015368076,769.6969696969696,61.058914180636,0.07932851054964521,14.124476510142001,1.1062286883498358,0.07831997791603211,6,6.0,0.019998733413550476,1.1800000000000068,0.11704699910719968,0.09919237212474492,50.19599999999999,12.975343694869913,0.2584935790674539,11.223503327799513,0.7293610346108461,0.06498514887096711,0.7575757575757577,0.09532619236452966,0.12583057392117913,467.5,21.85368008673444,0.046745839757720724,800.0,27.216552697590853,0.034020690871988564,14.815250093877799,0.6979876499755244,0.04711278213683064,0,,,,,,,,,,,,,,,,,,,,,,,,30.0,0.2652000000000214,2.6555996656300467,0.39684597753814277,10.0,10.0,2.7883796489115493,0.7956000000000643,2.652000000000214,2.7883796489115493,10.0,2.6555996656300467,299.99999999999994
CX138,260329,T003346,000029,well007,CX138|260329|T003346|000029|well007,/mnt/benshalom-nas/analysis/Sadegh/CX138/CX138/260329/T003346/Network/000029/well007,/mnt/benshalom-nas/analysis/Sadegh/CX138/CX138/260329/T003346/Network/000029/well007/network_results.json,124,0,,,,,,,,,,,,,,,,,,,,,,,,0,,,,,,,,,,,,,,,,,,,,,,,,0,,,,,,,,,,,,,,,,,,,,,,,,30.0,0.26824999534018384,5.448136338485451,0.6065325958828947,10.0,10.0,5.7205431554097235,0.8047499860205516,2.6824999534018383,5.7205431554097235,10.0,5.448136338485451,300.03000000000003
CX138,260329,T003346,000029,well008,CX138|260329|T003346|000029|well008,/mnt/benshalom-nas/analysis/Sadegh/CX138/CX138/260329/T003346/Network/000029/well008,/mnt/benshalom-nas/analysis/Sadegh/CX138/CX138/260329/T003346/Network/000029/well008/network_results.json,163,23,23.0,0.07665846421099609,0.7408695652173919,0.399411665627016,0.5391119899895165,12.593181818181819,13.897213712357672,1.103550628665832,18.988430896507392,13.193056958137177,0.6947944793355106,0.6913843691651108,0.18909621670088608,0.27350374861559484,779.5652173913044,577.3891631704668,0.740655368261056,1955.0724637681158,563.5985736647361,0.2882750302658769,36.07973199511268,15.026786969106857,0.41648832012228826,13,13.0,0.04332869716273692,1.3107692307692318,0.4504435683679294,0.34364826225252804,23.060000000000002,11.336000176429069,0.4915871715710784,33.59491620151308,15.862575573047149,0.4721719047578013,0.672251061821614,0.21843229334100409,0.3249266616985522,1379.2307692307693,670.2594393041633,0.4859661300030185,1889.7435897435898,722.931427442254,0.3825553008174749,39.49242010037934,16.01285170341896,0.4054664581891539,2,2.0,0.006665953409651834,2.865000000000009,0.16499999999999204,0.05759162303664626,37.170000000000016,0.0,0.0,47.757781417792245,0.10207258748585701,0.0021372975137373047,0.4739263803680982,0.004601226993865004,0.009708737864077614,1928.0,30.0,0.015560165975103735,2366.666666666667,66.66666666666674,0.02816901408450707,48.841512413123155,1.406923098618357,0.028805887228019845,30.0,0.19924999372648056,6.183901138778975,1.015601828896464,10.0,10.0,6.493096195717924,0.5977499811794417,1.9924999372648056,6.493096195717924,10.0,6.183901138778975,300.03000000000003
CX138,260329,T003346,000029,well009,CX138|260329|T003346|000029|well009,/mnt/benshalom-nas/analysis/Sadegh/CX138/CX138/260329/T003346/Network/000029/well009,/mnt/benshalom-nas/analysis/Sadegh/CX138/CX138/260329/T003346/Network/000029/well009/network_results.json,51,13,13.0,0.04332840833758563,0.775384615384618,0.4278140391233122,0.5517442964883967,21.2325,12.102680230015165,0.5700073109626829,5.121623031388359,2.293808118365691,0.44786742489790193,0.717948717948718,0.10616087091865928,0.14786692735098972,196.15384615384616,81.04020479304953,0.41314614208221323,571.7948717948718,81.48845426702927,0.14251344019794357,11.164597384175936,1.0468553237336151,0.09376561354710096,10,10.0,0.03332954487506587,1.0080000000000033,0.370642685075532,0.3677010764638202,28.310000000000002,1.695405556201819,0.059887161999357785,6.658109940804867,2.0365435389998705,0.30587412300279354,0.7343137254901961,0.0978871369494556,0.1333042452449195,255.0,67.8174018965634,0.2659505956727976,600.0000000000001,71.49203529842407,0.1191533921640401,11.42040422652961,1.0525736728715274,0.09216606102491519,0,,,,,,,,,,,,,,,,,,,,,,,,30.0,0.18520000000000894,2.9501236412484806,0.5992584418369544,10.0,10.0,3.0976298233109048,0.5556000000000269,1.8520000000000894,3.0976298233109048,10.0,2.9501236412484806,300.03000000000003
CX138,260329,T003346,000029,well010,CX138|260329|T003346|000029|well010,/mnt/benshalom-nas/analysis/Sadegh/CX138/CX138/260329/T003346/Network/000029/well010,/mnt/benshalom-nas/analysis/Sadegh/CX138/CX138/260329/T003346/Network/000029/well010/network_results.json,211,147,147.0,0.489953944329233,0.4997959183673441,0.28803691512224044,0.5763090584315991,2.0513013698630136,3.7848389451445694,1.845091609039057,8.445635110639039,9.156052359722656,1.0841164980225937,0.5073346874294742,0.13815025365868666,0.27230594927119245,293.4761904761905,333.4641376006716,1.1362561884819251,874.6031746031746,673.8427086262476,0.7704553655799201,18.92631948618799,14.39092067022367,0.7603655153726981,58,58.0,0.19331516170813276,1.3970689655172357,1.1465164759943565,0.8206584673290503,5.25421052631579,5.645449323210846,1.0744619567365128,21.40531657351619,25.814188516692152,1.205970882422307,0.5141094306358238,0.11509356282939555,0.22386977552046422,743.8103448275862,907.247836285493,1.2197300596777683,1003.4482758620691,838.2541987552128,0.8353736001340607,20.634260063914844,17.0468197233645,0.826141556351514,12,12.0,0.03999624035340678,3.622499999999994,1.0135180067468001,0.27978412884659815,19.974545454545453,10.131498465529415,0.5072204766103385,53.182203121623395,30.927260592455685,0.5815340241119298,0.5106060606060606,0.07012817489851944,0.13734301315437042,1844.8333333333333,1097.6699438153325,0.5949968075609355,1622.2222222222224,989.512911724317,0.6099737127067707,32.764448000710026,21.26692610315183,0.6490854386648286,30.0,0.25489999999999924,7.206597086106688,2.7039096726518466,10.55,10.55,7.566926940412023,0.7646999999999977,2.5489999999999924,7.566926940412023,10.55,7.206597086106688,300.0
CX138,260329,T003346,000029,well011,CX138|260329|T003346|000029|well011,/mnt/benshalom-nas/analysis/Sadegh/CX138/CX138/260329/T003346/Network/000029/well011,/mnt/benshalom-nas/analysis/Sadegh/CX138/CX138/260329/T003346/Network/000029/well011/network_results.json,139,41,41.0,0.1366544133209389,0.9043902439024369,0.44341825644500116,0.49029526737446305,7.26075,8.442155349050392,1.162711200502757,16.558958429966676,7.584899010212129,0.45805411265999496,0.7859273556764345,0.09758464217004786,0.12416496444007653,615.3658536585366,283.38164872487306,0.46050921909313497,1672.357723577236,364.02614926059283,0.21767241788552705,32.2680380611823,4.130994291603319,0.1280212414455036,17,17.0,0.056661586011121,2.1811764705882304,0.2288817406676909,0.10493499437299768,18.120000000000005,3.376166465090239,0.18632265259879902,39.93631150756669,1.9694071889015303,0.049313697598947985,0.7961630695443646,0.05440092477172054,0.06832887237893814,1484.1176470588234,71.50802698911103,0.04818218227565944,1992.1568627450984,232.78069338128685,0.1168485764020239,34.33947273974496,1.438784238458829,0.04189884478900461,2,2.0,0.0066660689424848235,2.609999999999985,0.09000000000000341,0.03448275862069116,86.19,0.0,0.0,43.48126910012692,0.08013476194524571,0.001842972010791925,0.7949640287769785,0.03956834532374098,0.049773755656108566,1612.5,10.5,0.0065116279069767444,1766.6666666666667,0.0,0.0,35.41769740651693,0.903693840332572,0.025515318795577335,30.0,0.15890000000001694,2.7720930834112503,1.357023034144466,10.0,10.0,2.910697737581813,0.47670000000005086,1.5890000000001694,2.910697737581813,10.0,2.7720930834112503,300.00000000000006
CX138,260329,T003346,000029,well012,CX138|260329|T003346|000029|well012,/mnt/benshalom-nas/analysis/Sadegh/CX138/CX138/260329/T003346/Network/000029/well012,/mnt/benshalom-nas/analysis/Sadegh/CX138/CX138/260329/T003346/Network/000029/well012/network_results.json,83,14,14.0,0.04666170497203797,0.5828571428571426,0.2599843009389066,0.4460514967089086,18.733846153846155,24.177396162678487,1.2905730069591046,6.899475206126129,3.7212236600543673,0.5393487981158693,0.7409638554216869,0.09732225555062357,0.13134548310084154,273.35714285714283,161.59588358568027,0.5911529579826297,978.5714285714287,137.20980508784677,0.1402143993598434,16.292854858169783,3.7836431142813245,0.23222714172673548,6,6.0,0.019997873559444844,1.3599999999999994,0.207605394920265,0.1526510256766655,48.624,11.296988271216373,0.23233358570287044,16.09877548096097,2.190183445660539,0.1360465861674221,0.7566934404283802,0.05320864152813128,0.07031730247061313,637.8333333333334,79.95293754592274,0.1253508297035632,1072.2222222222224,129.6957503325417,0.12095976714952074,20.069080557460243,1.299569379890084,0.06475480409624433,0,,,,,,,,,,,,,,,,,,,,,,,,30.0,0.24119999999999212,3.8688206855677407,0.5126143663443874,10.0,10.0,4.062261719846128,0.7235999999999764,2.4119999999999213,4.062261719846128,10.0,3.8688206855677407,300.03
CX138,260329,T003346,000029,well013,CX138|260329|T003346|000029|well013,/mnt/benshalom-nas/analysis/Sadegh/CX138/CX138/260329/T003346/Network/000029/well013,/mnt/benshalom-nas/analysis/Sadegh/CX138/CX138/260329/T003346/Network/000029/well013/network_results.json,141,11,11.0,0.036667241120110876,1.2300000000000013,0.6440638025989242,0.5236291078040028,15.765,15.639913842473689,0.9920655783364217,30.767600051582235,12.510856974802259,0.40662440209270995,0.8452611218568665,0.06638059407470664,0.07853264790989321,1154.0,453.6905232745014,0.39314603403336346,2333.333333333333,183.67736315989987,0.07871886992567138,54.98119278085926,3.5762432620282363,0.06504484681302226,6,6.0,0.020000313338242297,2.2550000000000026,0.27023138233742894,0.11983653318732977,31.398000000000007,5.829042459958589,0.18565011975153156,56.4072667612341,1.4651715865984554,0.025974872932602273,0.8546099290780141,0.049645390070922,0.058091286307053965,2115.6666666666665,33.37497399083464,0.015775157077753888,2450.0000000000005,131.58576980363347,0.05370847747087079,57.58842660207382,1.4606593155916674,0.025363764939864974,1,1.0,0.003333385556373716,2.6400000000000006,0.0,0.0,0.0,0.0,0.0,55.967366914757754,0.0,0.0,0.8014184397163121,0.0,0.0,2097.0,0.0,0.0,2433.3333333333335,0.0,0.0,56.96200573187679,0.0,0.0,30.0,0.17570000000000616,1.8411540955971974,0.5187788831688007,10.0,10.0,1.9332118003770573,0.5271000000000184,1.7570000000000616,1.9332118003770573,10.0,1.8411540955971974,299.96999999999997
CX138,260329,T003346,000029,well014,CX138|260329|T003346|000029|well014,/mnt/benshalom-nas/analysis/Sadegh/CX138/CX138/260329/T003346/Network/000029/well014,/mnt/benshalom-nas/analysis/Sadegh/CX138/CX138/260329/T003346/Network/000029/well014/network_results.json,142,0,,,,,,,,,,,,,,,,,,,,,,,,0,,,,,,,,,,,,,,,,,,,,,,,,0,,,,,,,,,,,,,,,,,,,,,,,,30.0,0.36740000000000356,6.000987669061325,0.5470738606115093,10.0,10.0,6.301037052514391,1.1022000000000107,3.6740000000000355,6.301037052514391,10.0,6.000987669061325,300.03
CX138,260329,T003346,000029,well015,CX138|260329|T003346|000029|well015,/mnt/benshalom-nas/analysis/Sadegh/CX138/CX138/260329/T003346/Network/000029/well015,/mnt/benshalom-nas/analysis/Sadegh/CX138/CX138/260329/T003346/Network/000029/well015/network_results.json,130,72,72.0,0.23998080153587714,0.563750000000003,0.33124528298528827,0.5875747813486235,4.037746478873239,7.041267130919439,1.7438606330936244,9.68421904322674,2.9737026730036122,0.3070668537886342,0.6239316239316239,0.12147431199211293,0.19469170552160567,360.34722222222223,103.73151237184686,0.2878654419261119,1366.6666666666667,422.98906970088456,0.30950419734211065,25.66957347659562,2.473954120396228,0.09637690796272365,16,16.0,0.05332906700797269,2.5368750000000135,0.2168443782416328,0.08547696604745272,19.011999999999997,1.5163693481470695,0.07975853924611138,43.578985694520334,2.744815921602636,0.0629848510207013,0.6270753205128206,0.03275064612432326,0.05222761134585853,1621.5625,93.89087332510013,0.05790148287537491,2072.916666666667,231.0058771498634,0.11144002113762254,27.722699582170648,1.5502432861272164,0.055919636597159796,9,9.0,0.029997600191984643,2.700000000000012,0.129614813968157,0.048005486654872746,30.794999999999995,21.632673205131155,0.7024735575623042,45.043577938598624,2.321322539715835,0.05153503886569929,0.6298860398860399,0.024856696774723137,0.03946221252850794,1669.0,80.99794236069621,0.04853082226524638,2062.962962962963,202.724921235615,0.09826881280721014,28.20970791062338,1.2452571475693224,0.044142858604373426,30.0,0.13269999999999982,2.341840993104672,1.2882713416122324,10.0,10.0,2.458933042759906,0.39809999999999945,1.3269999999999982,2.458933042759906,10.0,2.341840993104672,300.0
CX138,260329,T003346,000029,well016,CX138|260329|T003346|000029|well016,/mnt/benshalom-nas/analysis/Sadegh/CX138/CX138/260329/T003346/Network/000029/well016,/mnt/benshalom-nas/analysis/Sadegh/CX138/CX138/260329/T003346/Network/000029/well016/network_results.json,165,31,31.0,0.10332320765898274,0.9948387096774188,0.6521719096924401,0.6555554215455789,9.4,11.230439884528122,1.1947276472902257,28.501521390137036,16.718792643872128,0.5865929897222144,0.8443792766373411,0.055255229878989655,0.06543887493193612,1020.3548387096774,606.5103540528893,0.5944112097511798,2486.021505376344,171.18063434092386,0.06885726208350311,54.47649125916201,6.772691444838478,0.12432319498366055,13,13.0,0.043329087082799214,2.372307692307691,0.25819354237751035,0.10883644782450183,23.4575,3.9667831740593122,0.16910511239728498,67.96516639186524,1.4315015989409212,0.021062283445130472,0.8498834498834499,0.03127560842136225,0.03679987935481186,2433.153846153846,45.564571516857185,0.018726547681677575,2592.3076923076924,142.7171287187256,0.055054085262416404,60.486063284652566,1.2337879187636258,0.02039788757547858,5,5.0,0.016665033493384315,2.646000000000008,0.12499599993600473,0.047239606929706864,43.192499999999995,14.069318347027327,0.32573521669334554,69.33309172927477,0.4253615466927966,0.006135043686695924,0.8408080808080808,0.032156133739105516,0.03824432052104092,2468.8,26.92508124407427,0.010906141139044988,2553.3333333333335,140.79141387961923,0.05514024042282737,59.515676048144634,0.46651322320475264,0.007838493220296637,30.0,0.09869999999997958,3.379181024668151,1.64210832019229,10.0,10.0,3.548140075901559,0.29609999999993875,0.9869999999997958,3.548140075901559,10.0,3.379181024668151,300.0
CX138,260329,T003346,000029,well017,CX138|260329|T003346|000029|well017,/mnt/benshalom-nas/analysis/Sadegh/CX138/CX138/260329/T003346/Network/000029/well017,/mnt/benshalom-nas/analysis/Sadegh/CX138/CX138/260329/T003346/Network/000029/well017/network_results.json,149,32,32.0,0.10665877391739678,0.65625,0.35817898807718523,0.5457965532604727,9.123870967741935,12.393036982950143,1.3583091022184077,10.139513385179127,8.002277284929933,0.7892170936552853,0.610738255033557,0.11215285212797586,0.18363488974800443,373.125,316.867751396383,0.8492268044124168,1046.875,433.96263400013294,0.4145314712837091,20.075931308808926,9.668652312135123,0.48160417384436394,17,17.0,0.05666247364361704,1.2352941176470589,0.6673575428249836,0.5402418203821295,17.649375,13.032581991277677,0.7384160623975454,19.086142842690123,13.702694972298554,0.7179394540446187,0.6003421502829319,0.09739577111831428,0.1622337713125976,702.3529411764706,516.0063772036921,0.7346824466049217,1031.372549019608,504.4210540504029,0.4890774478435465,22.420038672133728,11.326262811119006,0.505184802611274,0,,,,,,,,,,,,,,,,,,,,,,,,30.0,0.2424000000000035,5.759536743056619,1.3816286990916478,10.0,10.0,6.04751358020945,0.7272000000000105,2.424000000000035,6.04751358020945,10.0,5.759536743056619,300.0
CX138,260329,T003346,000029,well018,CX138|260329|T003346|000029|well018,/mnt/benshalom-nas/analysis/Sadegh/CX138/CX138/260329/T003346/Network/000029/well018,/mnt/benshalom-nas/analysis/Sadegh/CX138/CX138/260329/T003346/Network/000029/well018/network_results.json,67,5,5.0,0.016662295591123262,0.9420000000000087,0.06177378084591371,0.06557726204449378,50.025,9.901124936086806,0.19792353695325948,7.388336648341314,0.45295504755997773,0.06130676891417318,0.8,0.02024576114365751,0.025307201429571886,315.0,22.244100341438852,0.07061619156012335,820.0,33.9934634239519,0.04145544319994134,16.250382891090858,0.6397613762731743,0.03936900321431308,5,5.0,0.016662295591123262,0.9420000000000087,0.06177378084591371,0.06557726204449378,50.025,9.901124936086806,0.19792353695325948,7.388336648341314,0.45295504755997773,0.06130676891417318,0.8,0.02024576114365751,0.025307201429571886,315.0,22.244100341438852,0.07061619156012335,820.0,33.9934634239519,0.04145544319994134,16.250382891090858,0.6397613762731743,0.03936900321431308,0,,,,,,,,,,,,,,,,,,,,,,,,30.0,0.2325999999999908,3.085202496462247,0.3886870874738819,10.0,10.0,3.2394626212853597,0.6977999999999723,2.3259999999999077,3.2394626212853597,10.0,3.085202496462247,300.05999999999995
CX138,260329,T003346,000029,well019,CX138|260329|T003346|000029|well019,/mnt/benshalom-nas/analysis/Sadegh/CX138/CX138/260329/T003346/Network/000029/well019,/mnt/benshalom-nas/analysis/Sadegh/CX138/CX138/260329/T003346/Network/000029/well019/network_results.json,128,0,,,,,,,,,,,,,,,,,,,,,,,,0,,,,,,,,,,,,,,,,,,,,,,,,0,,,,,,,,,,,,,,,,,,,,,,,,30.0,0.37419999999997344,4.645366820985535,0.5434012384248339,10.0,10.0,4.877635162034812,1.1225999999999203,3.7419999999997344,4.877635162034812,10.0,4.645366820985535,300.0
CX138,260329,T003346,000029,well020,CX138|260329|T003346|000029|well020,/mnt/benshalom-nas/analysis/Sadegh/CX138/CX138/260329/T003346/Network/000029/well020,/mnt/benshalom-nas/analysis/Sadegh/CX138/CX138/260329/T003346/Network/000029/well020/network_results.json,82,10,10.0,0.033329700395990175,0.8129999999999953,0.2757553263311508,0.33918244321174956,28.12,31.198067247828025,1.109461850918493,10.202618338977317,3.8255499123713204,0.3749576613834977,0.8329268292682925,0.09787297671821124,0.11750489152113211,422.9,172.8423848481616,0.4087074600334869,1226.6666666666665,72.72474743090474,0.05928647888388974,23.026000091622997,3.582100050244065,0.15556762077610065,6,6.0,0.019997820237594104,1.3549999999999922,0.170953209972785,0.1261647306072221,50.550000000000004,25.421257246643,0.5028933184301285,17.004363898295527,1.024576569740553,0.06025374285498876,0.8526422764227641,0.08430060287557108,0.09886983698398326,704.8333333333334,43.891596259673925,0.06227230493214555,1261.111111111111,35.57291243018248,0.028207595759616063,24.627634830844958,0.7913875894796832,0.03213412879130835,0,,,,,,,,,,,,,,,,,,,,,,,,30.0,0.2889999999999872,2.441323722589227,0.4385460101467731,10.0,10.0,2.563389908718688,0.8669999999999616,2.8899999999998722,2.563389908718688,10.0,2.441323722589227,300.03
CX138,260329,T003346,000029,well021,CX138|260329|T003346|000029|well021,/mnt/benshalom-nas/analysis/Sadegh/CX138/CX138/260329/T003346/Network/000029/well021,/mnt/benshalom-nas/analysis/Sadegh/CX138/CX138/260329/T003346/Network/000029/well021/network_results.json,98,15,15.0,0.04998800287930896,0.7999999999999966,0.3982461550347907,0.4978076937934905,20.669999999999998,20.46450515963118,0.9900583047717069,9.817523030704603,5.389025319011351,0.5489190401852901,0.734013605442177,0.11814820593395635,0.16096187462735478,371.93333333333334,217.4876139512828,0.5847489172377204,968.888888888889,159.38152068480989,0.16449927593615696,18.395547642607855,5.78974612323997,0.31473627400087467,8,8.0,0.026660268202298113,1.4999999999999936,0.2541161151914632,0.1694107434609762,41.25428571428571,4.3535137110905096,0.10552876230221474,18.40785568257113,2.470824980950508,0.13422665972386597,0.769982993197279,0.09578223894313391,0.12439526559594198,697.375,77.18474185355548,0.1106789630450697,1087.5,74.4190462478823,0.06843130689460442,23.050626618180097,1.6945510776062171,0.07351431723204087,0,,,,,,,,,,,,,,,,,,,,,,,,30.0,0.1918000000000006,5.0594159199957245,0.5728038922370082,10.0,10.0,5.312386715995511,0.5754000000000018,1.9180000000000061,5.312386715995511,10.0,5.0594159199957245,300.06
CX138,260329,T003346,000029,well022,CX138|260329|T003346|000029|well022,/mnt/benshalom-nas/analysis/Sadegh/CX138/CX138/260329/T003346/Network/000029/well022,/mnt/benshalom-nas/analysis/Sadegh/CX138/CX138/260329/T003346/Network/000029/well022/network_results.json,37,8,8.0,0.02670325903262771,0.5850000000000044,0.099498743710662,0.17008332258232692,39.651428571428596,12.947501059025624,0.3265330285818537,2.3765563225346096,0.8019441394181369,0.33743956825852095,0.7398648648648649,0.08854961096000781,0.1196834924390973,93.125,36.4603808948837,0.39152086866989205,633.3333333333334,347.21111093332763,0.5482280698947278,8.507769551784767,2.9420532036836176,0.34580781552392087,8,8.0,0.02670325903262771,0.5850000000000044,0.099498743710662,0.17008332258232692,39.651428571428596,12.947501059025624,0.3265330285818537,2.3765563225346096,0.8019441394181369,0.33743956825852095,0.7398648648648649,0.08854961096000781,0.1196834924390973,93.125,36.4603808948837,0.39152086866989205,633.3333333333334,347.21111093332763,0.5482280698947278,8.507769551784767,2.9420532036836176,0.34580781552392087,0,,,,,,,,,,,,,,,,,,,,,,,,30.0,0.5671999999999926,0.5144154547309254,0.2797790809696159,5.55,5.55,0.5401362274674717,1.7015999999999778,5.671999999999926,0.5401362274674717,5.55,0.5144154547309254,299.5800000000002
CX138,260329,T003346,000029,well023,CX138|260329|T003346|000029|well023,/mnt/benshalom-nas/analysis/Sadegh/CX138/CX138/260329/T003346/Network/000029/well023,/mnt/benshalom-nas/analysis/Sadegh/CX138/CX138/260329/T003346/Network/000029/well023/network_results.json,115,31,31.0,0.10331449565695856,0.5370967741935492,0.25437074223605616,0.4736031837428066,9.538999999999998,13.08281502582682,1.3715080224160627,7.542459970372373,3.7886869781292973,0.5023144959352365,0.6667601683029453,0.10025608035316096,0.1503630317454854,295.93548387096774,170.7015761372273,0.5768202376557714,1252.6881720430106,169.07384095484696,0.13496881724292506,21.530169839924834,7.08874897573787,0.3292472390344422,11,11.0,0.03665998232988852,1.5136363636363657,0.12293921094092433,0.08122110032133129,28.592999999999996,3.1103924189722494,0.10878160455259153,21.256023552867592,0.7781514690899701,0.036608515565226304,0.6741106719367589,0.05353060671121807,0.079409226021332,834.0,27.482225660828988,0.032952308945838116,1406.0606060606062,106.19039677536504,0.07552334253420358,27.72733615295466,1.3233450631067898,0.04772708982235831,0,,,,,,,,,,,,,,,,,,,,,,,,30.0,0.29469999999997754,4.064204468940951,0.7064707131594474,10.0,10.0,4.267414692387999,0.8840999999999326,2.9469999999997754,4.267414692387999,10.0,4.064204468940951,300.03
CX138,260330,T003346,000031,well000,CX138|260330|T003346|000031|well000,/mnt/benshalom-nas/analysis/Sadegh/CX138/CX138/260330/T003346/Network/000031/well000,/mnt/benshalom-nas/analysis/Sadegh/CX138/CX138/260330/T003346/Network/000031/well000/network_results.json,73,9,9.0,0.02999724025389664,0.9133333333333368,0.44387185337912766,0.48599108034210875,33.146249999999995,26.615256403752717,0.8029643294114032,9.154784060877018,4.029545183206594,0.4401573162634016,0.8143074581430745,0.07832377674440552,0.096184525833784,391.1111111111111,157.45295201667523,0.402578570497181,1140.7407407407409,79.78021936495563,0.0699372052874611,20.600519291698976,1.388432625055566,0.06739794300306973,6,6.0,0.019998160169264426,1.3700000000000052,0.2537715508089899,0.18523470861969996,52.866,10.5474880421833,0.19951363905314,13.73217609131553,1.6182658033382837,0.1178448188092857,0.8367579908675798,0.0748653079089936,0.08947068175754215,586.6666666666666,45.00987545960208,0.07672137862432173,1177.777777777778,71.145824860365,0.06040683242861177,21.206566403536176,1.264857082779106,0.05964459586292065,0,,,,,,,,,,,,,,,,,,,,,,,,30.0,0.2796000000000021,2.579885043382375,0.40168939707951656,10.0,10.0,2.708879295551494,0.8388000000000064,2.796000000000021,2.708879295551494,10.0,2.579885043382375,300.0
CX138,260330,T003346,000031,well001,CX138|260330|T003346|000031|well001,/mnt/benshalom-nas/analysis/Sadegh/CX138/CX138/260330/T003346/Network/000031/well001,/mnt/benshalom-nas/analysis/Sadegh/CX138/CX138/260330/T003346/Network/000031/well001/network_results.json,117,54,54.0,0.17999820001799982,0.7788888888888905,0.3706284286165423,0.47584249037787074,5.573207547169813,5.433980011763472,0.9750184190651499,15.864787152419378,7.708071746413462,0.48586039461852987,0.7882241215574547,0.05959495342730193,0.07560660958909511,713.3148148148148,341.3869220126366,0.47859222172648247,2283.950617283951,491.6061164113346,0.2152437590773951,33.229419959521266,2.0371383598976336,0.06130526390106096,26,26.0,0.08666580000866658,1.617692307692311,0.13414423042461648,0.08292320473228772,11.788800000000002,0.5686075623837589,0.04823286190144534,32.94994254733256,2.044018933881972,0.062034066704236,0.7909270216962525,0.03278093586408393,0.041446220656086157,1481.5,74.51342160980128,0.05029593088747977,2748.7179487179487,262.6672473686749,0.09555991275539479,34.65972350468263,1.0629114737965921,0.030667050002663454,0,,,,,,,,,,,,,,,,,,,,,,,,30.0,0.07720000000000482,3.2061824847383855,1.4102101972606806,10.0,10.0,3.3664916089753048,0.23160000000001446,0.7720000000000482,3.3664916089753048,10.0,3.2061824847383855,300.00000000000006
CX138,260330,T003346,000031,well002,CX138|260330|T003346|000031|well002,/mnt/benshalom-nas/analysis/Sadegh/CX138/CX138/260330/T003346/Network/000031/well002,/mnt/benshalom-nas/analysis/Sadegh/CX138/CX138/260330/T003346/Network/000031/well002/network_results.json,152,28,28.0,0.09332232129941999,0.5614285714285702,0.33095871867861637,0.5894939009542799,9.796666666666665,15.622578390123556,1.5946830612579337,8.146547574441565,6.73946683754171,0.827278890346834,0.5223214285714286,0.20052565041395232,0.38391235634807963,319.39285714285717,304.0282340372958,0.9518942807832139,980.952380952381,598.6379097073418,0.6102619467890378,17.82053891496238,9.714096439653176,0.5451067717989764,15,15.0,0.04999410069611785,1.0679999999999972,0.6441552607873424,0.6031416299506968,18.859285714285715,17.875313169798375,0.9478255667052125,15.206888805624251,10.311768246234594,0.67809848405157,0.5720394736842106,0.1895701737135166,0.33139351816508933,596.2,420.1596839298126,0.7047294262492664,1077.7777777777778,639.4055881620363,0.5932629168513739,21.106431927801022,11.320974919989553,0.5363755919861454,1,1.0,0.0033329400464078567,2.789999999999999,0.0,0.0,0.0,0.0,0.0,30.25089125712972,0.0,0.0,0.3404605263157895,0.0,0.0,1000.0,0.0,0.0,533.3333333333334,0.0,0.0,11.452364346848347,0.0,0.0,30.0,0.26460000000000156,6.985633438700927,0.8049204763099143,10.0,10.0,7.334915110635974,0.7938000000000047,2.6460000000000155,7.334915110635974,10.0,6.985633438700927,300.0299999999999
CX138,260330,T003346,000031,well003,CX138|260330|T003346|000031|well003,/mnt/benshalom-nas/analysis/Sadegh/CX138/CX138/260330/T003346/Network/000031/well003,/mnt/benshalom-nas/analysis/Sadegh/CX138/CX138/260330/T003346/Network/000031/well003/network_results.json,121,38,38.0,0.1266587293862918,0.6260526315789494,0.2829500557908063,0.4519588953363011,7.936216216216217,10.269679157953497,1.2940271381428938,9.55033054460621,4.366282160220498,0.4571864963026297,0.7259678120922141,0.07889552625575963,0.10867634203834114,388.4736842105263,196.59305240737183,0.5060653022273492,1403.5087719298247,242.40383318773218,0.17271273114625915,23.648457932717495,4.7566635013168925,0.2011405358797657,14,14.0,0.046663742405475925,1.7057142857142913,0.18172641468955436,0.10653977410610355,22.530000000000005,2.3197347328453723,0.10296203874147235,25.92232576393113,1.5996351683203094,0.061708782726049814,0.7303227075954348,0.036528947031232585,0.05001754245257282,1054.4285714285713,55.78365644640562,0.05290415866750297,1592.8571428571431,161.9222679611362,0.10165523549129626,27.73233756543119,0.984692287831265,0.035507006414731514,0,,,,,,,,,,,,,,,,,,,,,,,,30.0,0.17500000000001134,4.596161113447089,1.1205145756884418,10.0,10.0,4.825969169119444,0.525000000000034,1.7500000000001135,4.825969169119444,10.0,4.596161113447089,300.00000000000006
CX138,260330,T003346,000031,well004,CX138|260330|T003346|000031|well004,/mnt/benshalom-nas/analysis/Sadegh/CX138/CX138/260330/T003346/Network/000031/well004,/mnt/benshalom-nas/analysis/Sadegh/CX138/CX138/260330/T003346/Network/000031/well004/network_results.json,83,23,23.0,0.07666835337044081,0.5739130434782582,0.2639621041713477,0.45993396938947156,12.234545454545456,11.903793790702627,0.9729657578966331,4.420982716042184,1.5828798962881605,0.35803801958882325,0.605552645364065,0.10671576564820826,0.17622871680140967,167.7391304347826,61.013339518861414,0.3637394528081422,614.4927536231884,66.5405233811536,0.10828528569102827,11.722219404034103,1.1732692922525914,0.1000893475725954,12,12.0,0.040000880019360426,1.1174999999999933,0.2204965986132133,0.19731239249504665,24.439090909090908,1.1453896085489432,0.04686711190729597,8.47355020574752,1.902307547357262,0.22449947202377427,0.6243306559571621,0.06740858644430864,0.10796936815630886,321.5,67.85708020047232,0.21106401306523273,647.2222222222223,68.66226163504597,0.10608761454341865,12.616559051597596,0.7420710801716703,0.05881723195182161,0,,,,,,,,,,,,,,,,,,,,,,,,30.0,0.20159999999998493,3.902096248858972,0.976788223882572,10.0,10.0,4.097201061301921,0.6047999999999548,2.0159999999998495,4.097201061301921,10.0,3.902096248858972,299.96999999999997
CX138,260330,T003346,000031,well005,CX138|260330|T003346|000031|well005,/mnt/benshalom-nas/analysis/Sadegh/CX138/CX138/260330/T003346/Network/000031/well005,/mnt/benshalom-nas/analysis/Sadegh/CX138/CX138/260330/T003346/Network/000031/well005/network_results.json,126,38,38.0,0.12665201725000474,0.6734210526315767,0.3732875025456783,0.5543151659529434,7.671891891891891,8.871412891474248,1.1563526984589136,10.30052431079972,5.98097015459097,0.5806471567976539,0.6802422723475354,0.10933519128734852,0.16072978074418937,401.7894736842105,253.04713081857395,0.6298002993912635,1327.1929824561405,184.14576973734037,0.138748299736,24.534284454082027,8.220679805626261,0.33506906716647694,16,16.0,0.05332716515789674,1.5993749999999947,0.16894780074033894,0.1056336386027914,18.892,1.434927175852488,0.07595422273197586,24.463745238149336,0.7997230067183522,0.03269012977911679,0.6846064814814814,0.039710001382914244,0.058004127125676944,954.25,33.573613150806395,0.03518324668672402,1481.25,102.7191086301754,0.06934623367438002,32.05581898502018,1.7769956694164684,0.05543441801461588,0,,,,,,,,,,,,,,,,,,,,,,,,30.0,0.21160000000000423,4.888186469202256,0.9955857888426918,10.0,10.0,5.132595792662369,0.6348000000000127,2.1160000000000423,5.132595792662369,10.0,4.888186469202256,300.03000000000003
CX138,260330,T003346,000031,well006,CX138|260330|T003346|000031|well006,/mnt/benshalom-nas/analysis/Sadegh/CX138/CX138/260330/T003346/Network/000031/well006,/mnt/benshalom-nas/analysis/Sadegh/CX138/CX138/260330/T003346/Network/000031/well006/network_results.json,57,9,9.0,0.02999739022705025,0.49666666666666653,0.1470449666674211,0.29606369127668686,18.7725,25.063948586565534,1.3351417545114148,4.936518983253367,1.3461105453469047,0.2726841626485072,0.7602339181286549,0.06769495264789606,0.08904489925223251,208.33333333333334,70.11260783751933,0.3365405176200928,844.4444444444446,139.6645009997393,0.16539217223653335,13.578561225540259,1.3531173946352233,0.09965101398888349,4,4.0,0.013332173434244554,1.1174999999999997,0.1715189493904437,0.15348451847019576,49.89000000000001,13.061156150969195,0.26179908099757854,11.107167712320074,1.246741813336905,0.11224660017999176,0.756578947368421,0.019979021006895366,0.026407053852592136,468.75,39.04084399702445,0.08328713386031883,966.6666666666667,62.360956446232365,0.06451133425472313,14.839035110255594,0.698666009359347,0.04708298108119463,0,,,,,,,,,,,,,,,,,,,,,,,,30.0,0.24099999999999258,2.941826377023703,0.39256811739552644,10.0,10.0,3.0889176958748883,0.7229999999999778,2.409999999999926,3.0889176958748883,10.0,2.941826377023703,300.0
CX138,260330,T003346,000031,well007,CX138|260330|T003346|000031|well007,/mnt/benshalom-nas/analysis/Sadegh/CX138/CX138/260330/T003346/Network/000031/well007,/mnt/benshalom-nas/analysis/Sadegh/CX138/CX138/260330/T003346/Network/000031/well007/network_results.json,53,59,59.0,0.19664090670788795,0.671186440677966,0.42576783976183935,0.6343510743926396,5.164655172413794,5.659494377171146,1.095812631867556,7.074157434281588,4.477375228030038,0.632919929988063,0.8362647905340583,0.07232325367167051,0.08648367657029203,285.06779661016947,185.14811884568047,0.6494880202089987,1095.4802259887008,162.5430700121924,0.1483760876336155,18.16409108883049,4.2040108389693875,0.23144625395291754,26,26.0,0.0866553148204252,1.5230769230769228,0.36716972841924544,0.24107103381061573,11.982000000000003,1.883407550160081,0.1571864087931965,16.052895716254376,2.7815835956230384,0.1732761269237265,0.8442791485244315,0.05018291486931017,0.05943877088166413,646.8846153846154,106.6808060463466,0.16491473673851073,1226.923076923077,134.932471483398,0.10997630904602972,21.6598386607337,2.1391686314141696,0.0987619836380493,0,,,,,,,,,,,,,,,,,,,,,,,,30.0,0.05449999999999024,0.6484853138842449,0.5513019021076788,10.0,10.0,0.6809095795784572,0.16349999999997072,0.5449999999999023,0.6809095795784572,10.0,0.6484853138842449,300.03000000000003
CX138,260330,T003346,000031,well008,CX138|260330|T003346|000031|well008,/mnt/benshalom-nas/analysis/Sadegh/CX138/CX138/260330/T003346/Network/000031/well008,/mnt/benshalom-nas/analysis/Sadegh/CX138/CX138/260330/T003346/Network/000031/well008/network_results.json,179,20,20.0,0.06666268912621547,0.6885000000000033,0.3142813230212688,0.4564725098348109,13.498421052631578,16.47975544758442,1.220865417023839,15.643375153599616,11.39546715713224,0.7284532298971356,0.6002793296089386,0.24571782805105513,0.4093391458458712,612.0,471.71071643540176,0.7707691445022905,1543.3333333333335,790.5764422945521,0.5122525544025175,32.49049028382943,18.088648700285223,0.5567367110273486,13,13.0,0.04333074793204005,1.0730769230769288,0.5274377048944987,0.49151900814540833,21.299999999999997,16.84018853813697,0.7906191801942241,24.066731005537875,17.59205226794317,0.7309697467385642,0.5455522131499786,0.2339897983495782,0.428904498432035,941.5384615384615,712.8679471397011,0.7571309896091596,1461.538461538462,893.2650331569469,0.6111813384758056,31.780417697231165,19.72523454999718,0.6206726021639332,0,,,,,,,,,,,,,,,,,,,,,,,,30.0,0.2228999999999992,6.936853953131033,0.779414167929481,10.0,10.0,7.283696650787585,0.6686999999999976,2.228999999999992,7.283696650787585,10.0,6.936853953131033,299.99999999999994
CX138,260330,T003346,000031,well009,CX138|260330|T003346|000031|well009,/mnt/benshalom-nas/analysis/Sadegh/CX138/CX138/260330/T003346/Network/000031/well009,/mnt/benshalom-nas/analysis/Sadegh/CX138/CX138/260330/T003346/Network/000031/well009/network_results.json,43,21,21.0,0.07000854104200713,0.7257142857142886,0.3724765435704693,0.5132550797230855,14.092500000000001,12.524602538603766,0.8887424189181312,3.2627820760854087,1.3859177277682744,0.4247656433834093,0.6832779623477296,0.1008542641862899,0.14760356654816822,127.0,53.72416322555163,0.4230249072878081,434.92063492063494,52.93121270010498,0.12170315328856254,7.848991376084099,0.6703198166072682,0.08540203250187468,12,12.0,0.04000488059543265,1.2700000000000051,0.15795568998931042,0.12437455904670061,25.579090909090908,2.4483740598997614,0.09571779030777047,5.709868633149466,0.9241449197361071,0.1618504696186617,0.7196382428940568,0.10346409403370245,0.14377236765185944,222.25,36.71086351476903,0.16517823853664357,455.5555555555556,51.52010275275391,0.1130929084816549,8.218939853508429,0.48498128772383153,0.05900776698308687,0,,,,,,,,,,,,,,,,,,,,,,,,30.0,0.22300000000001316,2.302388251447205,0.6417345323752768,6.45,6.45,2.417507664019565,0.6690000000000395,2.2300000000001314,2.417507664019565,6.45,2.302388251447205,299.94
CX138,260330,T003346,000031,well010,CX138|260330|T003346|000031|well010,/mnt/benshalom-nas/analysis/Sadegh/CX138/CX138/260330/T003346/Network/000031/well010,/mnt/benshalom-nas/analysis/Sadegh/CX138/CX138/260330/T003346/Network/000031/well010/network_results.json,163,72,72.0,0.2399708035522345,0.6283333333333334,0.3968906930405682,0.6316562753961297,3.811690140845071,6.0726375423607095,1.5931613845752883,10.493375306532421,8.48196398667617,0.808316079326345,0.6105998636673484,0.1603100218193993,0.2625451320223932,373.7916666666667,314.73449734569044,0.8420051205324457,1101.8518518518517,733.1836734678294,0.6654103927271058,22.435940422553923,13.20812978902392,0.5887040855103329,27,27.0,0.08998905133208793,1.7588888888888863,1.0428533980749848,0.592904648305425,10.358076923076924,7.422744681683956,0.7166141685187436,27.98233415075312,21.19483040223019,0.7574361126575193,0.6130614254336136,0.13094824111808037,0.21359726070754115,996.7777777777778,767.760347124859,0.7702422387831602,1379.0123456790125,924.746574032601,0.6705861458965146,26.186040886616478,15.649539677356204,0.5976290858598096,7,7.0,0.023330494789800576,4.217142857142866,1.1883567800684651,0.28179191939292814,38.18,28.526396547759063,0.7471554884169477,51.25832089472088,14.905731338590758,0.2907963249363072,0.614592462751972,0.09146551262715637,0.1488230301712448,1819.142857142857,543.6890993340716,0.29887102994648196,2219.0476190476193,853.5373905679268,0.3846413133460614,36.399153369348724,11.514999555145875,0.31635349971745536,30.0,0.20629999999999885,4.446319761834426,2.5221521743491486,10.0,10.0,4.668635749926147,0.6188999999999966,2.0629999999999886,4.668635749926147,10.0,4.446319761834426,300.03000000000003
CX138,260330,T003346,000031,well011,CX138|260330|T003346|000031|well011,/mnt/benshalom-nas/analysis/Sadegh/CX138/CX138/260330/T003346/Network/000031/well011,/mnt/benshalom-nas/analysis/Sadegh/CX138/CX138/260330/T003346/Network/000031/well011/network_results.json,155,46,46.0,0.1533186658476339,0.8106521739130449,0.3366032509977104,0.4152252492865286,6.124,6.966639361987951,1.1375962380777191,12.701303564699662,7.141685606735808,0.562279735332401,0.7185133239831699,0.11669147493456242,0.1624068351129084,453.8478260869565,261.1041743951606,0.5753121627713459,1223.9130434782608,483.1790380146138,0.3947821624986188,24.823564906042346,9.358043014253878,0.3769822364222965,25,25.0,0.08332536187371407,1.4916000000000025,0.6349531006302747,0.4256859081726157,11.454999999999998,6.6831728991550055,0.5834284503845488,23.370398559047384,13.879637172816006,0.593898180116521,0.7079354838709677,0.1058146775366937,0.14946937955151302,835.08,502.0369643761304,0.6011842750109335,1202.6666666666667,570.4516728971098,0.4743223444266434,24.638025512111323,10.908092970873698,0.44273405616499595,1,1.0,0.003333014474948563,5.1000000000000085,0.0,0.0,0.0,0.0,0.0,41.07679734815849,0.0,0.0,0.6956989247311829,0.0,0.0,1473.0,0.0,0.0,1466.6666666666667,0.0,0.0,33.212992131365205,0.0,0.0,30.0,0.2404999999999973,4.0156713922933385,1.767245801577909,10.0,10.0,4.216454961908005,0.7214999999999919,2.404999999999973,4.216454961908005,10.0,4.0156713922933385,300.0
CX138,260330,T003346,000031,well012,CX138|260330|T003346|000031|well012,/mnt/benshalom-nas/analysis/Sadegh/CX138/CX138/260330/T003346/Network/000031/well012,/mnt/benshalom-nas/analysis/Sadegh/CX138/CX138/260330/T003346/Network/000031/well012/network_results.json,68,13,13.0,0.04333719034327388,0.5976923076923115,0.25441195684751705,0.4256570706586487,19.522499999999997,19.49675405676544,0.9986812168915581,5.5564586123703,2.349723683927635,0.42288152361946213,0.7171945701357468,0.08180852819802961,0.11406741155687405,223.15384615384616,96.75810135339982,0.4335936978952767,843.5897435897436,141.0489491228212,0.1672008819389066,14.619035188899423,1.9167153166119852,0.13111093118288628,7,7.0,0.02333541018483978,1.110000000000007,0.19704966741553429,0.1775222228968766,38.96999999999999,5.390992487473898,0.13833698967087246,10.319137422973414,1.5230768706702644,0.1475973047203975,0.7377450980392156,0.08077086790825529,0.10948343556999389,414.42857142857144,50.0709700406965,0.12081930033949517,923.8095238095239,125.62767579307543,0.13598872121930844,15.879431345561432,0.8711455050508599,0.05485999379281045,0,,,,,,,,,,,,,,,,,,,,,,,,30.0,0.2223000000000042,3.690919508282143,0.4346398075523008,10.0,10.0,3.8754654836962503,0.6669000000000126,2.223000000000042,3.8754654836962503,10.0,3.690919508282143,299.9699999999999
CX138,260330,T003346,000031,well013,CX138|260330|T003346|000031|well013,/mnt/benshalom-nas/analysis/Sadegh/CX138/CX138/260330/T003346/Network/000031/well013,/mnt/benshalom-nas/analysis/Sadegh/CX138/CX138/260330/T003346/Network/000031/well013/network_results.json,122,49,49.0,0.16335620320178157,0.7151020408163277,0.4462639579889011,0.6240563339456655,5.7175,7.197082308130151,1.258781339419353,13.035430456927868,6.153821095935721,0.47208422585425125,0.7239879558380731,0.08695730038210982,0.1201087665629049,473.83673469387753,216.61339085924917,0.45714773676041043,1588.43537414966,157.58250481414322,0.09920611652110943,34.961213733914654,4.600818462684724,0.13159778998809846,18,18.0,0.060008401176164655,1.9466666666666699,0.15456030825826111,0.07939741862581894,16.12235294117647,1.0723285789882113,0.06651191565528165,35.48533846608141,1.4200289647102036,0.04001734310826809,0.7388433515482695,0.06638033919383272,0.08984359005834001,1289.888888888889,50.56336935952404,0.03919978673750679,1737.0370370370372,99.9313893572744,0.05752979771101084,38.70922793672333,1.627797673718527,0.04205192819602171,0,,,,,,,,,,,,,,,,,,,,,,,,30.0,0.0554000000000041,0.5055284564590036,0.3055240103492558,10.0,10.0,0.5308048792819537,0.16620000000001228,0.554000000000041,0.5308048792819537,10.0,0.5055284564590036,299.93999999999994
CX138,260330,T003346,000031,well014,CX138|260330|T003346|000031|well014,/mnt/benshalom-nas/analysis/Sadegh/CX138/CX138/260330/T003346/Network/000031/well014,/mnt/benshalom-nas/analysis/Sadegh/CX138/CX138/260330/T003346/Network/000031/well014/network_results.json,137,7,7.0,0.023334430051545754,0.5014285714285788,0.1585135029334798,0.31612379502402915,40.434999999999995,31.204756448336532,0.7717263867524802,4.183309097602472,1.0999629375971276,0.26294087095489443,0.6663190823774767,0.057832845146452753,0.08679452033716459,142.57142857142858,34.582642809268776,0.24256362691871886,542.8571428571429,55.53287518900287,0.10229740166395265,10.660226205980468,0.608594188823992,0.057090175861612205,7,7.0,0.023334430051545754,0.5014285714285788,0.1585135029334798,0.31612379502402915,40.434999999999995,31.204756448336532,0.7717263867524802,4.183309097602472,1.0999629375971276,0.26294087095489443,0.6663190823774767,0.057832845146452753,0.08679452033716459,142.57142857142858,34.582642809268776,0.24256362691871886,542.8571428571429,55.53287518900287,0.10229740166395265,10.660226205980468,0.608594188823992,0.057090175861612205,0,,,,,,,,,,,,,,,,,,,,,,,,30.0,0.3423000000000016,7.16561050787271,0.5662912966977869,10.0,10.0,7.523891033266346,1.0269000000000048,3.423000000000016,7.523891033266346,10.0,7.16561050787271,299.96999999999997
CX138,260330,T003346,000031,well015,CX138|260330|T003346|000031|well015,/mnt/benshalom-nas/analysis/Sadegh/CX138/CX138/260330/T003346/Network/000031/well015,/mnt/benshalom-nas/analysis/Sadegh/CX138/CX138/260330/T003346/Network/000031/well015/network_results.json,107,41,41.0,0.13667304474208797,0.8590243902439045,0.4764544094487584,0.5546459621635164,6.89475,8.264215627480922,1.1986244066109608,11.740283211421229,6.507264518698471,0.5542681042283587,0.7036699338956005,0.08518786092629212,0.1210622435645104,427.9024390243902,237.33724126569797,0.5546526956163712,1194.308943089431,189.97966501142466,0.15907078826688378,22.271155807468475,3.600675963576867,0.16167440947853304,16,16.0,0.05333582233837579,2.2012500000000053,0.25208815422388087,0.11452045620619206,18.351999999999997,1.541017845451505,0.08397002209304193,30.0844757292669,1.1329664276899762,0.0376595037881215,0.7160241433021807,0.05655867789782421,0.0789899033808906,1096.5,39.59324437325135,0.03610874999840524,1360.4166666666667,192.2883937966327,0.14134522055495205,25.709376335220163,0.9716637288237762,0.03779413845572988,3,3.0,0.010000466688445462,2.6200000000000236,0.0616441400297044,0.02352829772126101,55.63499999999999,19.454999999999984,0.349689943380965,30.537378199024886,0.3500945195729632,0.011464458975202475,0.7326064382139149,0.05106775412642492,0.06970694149361757,1101.0,14.719601443879744,0.013369301947211394,1211.111111111111,68.49348892187746,0.056554256907972215,25.260197273441765,0.9926782163367371,0.03929811812595881,30.0,0.168200000000013,2.6945759667790288,1.4181429512268313,10.0,10.0,2.82930476511798,0.504600000000039,1.68200000000013,2.82930476511798,10.0,2.6945759667790288,299.96999999999997
CX138,260330,T003346,000031,well016,CX138|260330|T003346|000031|well016,/mnt/benshalom-nas/analysis/Sadegh/CX138/CX138/260330/T003346/Network/000031/well016,/mnt/benshalom-nas/analysis/Sadegh/CX138/CX138/260330/T003346/Network/000031/well016/network_results.json,181,4,4.0,0.01333422672652401,0.8324999999999996,0.4405890942817337,0.5292361492873681,13.479999999999999,18.490846384089615,1.371724509205461,29.867277720128254,16.945420660222528,0.5673573875399637,0.8453038674033149,0.05241344188124386,0.06200544431702706,1142.25,678.0340607226159,0.5935951505560217,2858.3333333333335,220.3217344400381,0.07708049018310371,56.1127167604922,9.525666519451077,0.169759496053449,2,2.0,0.006667113363262005,1.6649999999999991,0.134999999999998,0.08108108108107993,40.05,0.0,0.0,59.73455544025651,1.148115735095793,0.01922029429421435,0.8453038674033149,0.027624309392265234,0.032679738562091554,2284.5,28.5,0.01247537754432042,3000.0,100.0,0.03333333333333333,65.6187277304803,0.590461645390647,0.008998370828155725,0,,,,,,,,,,,,,,,,,,,,,,,,30.0,0.4135499969773903,4.392254807336251,0.7879341518084781,10.0,10.0,4.6118675477030635,1.2406499909321709,4.135499969773903,4.6118675477030635,10.0,4.392254807336251,299.97
CX138,260330,T003346,000031,well017,CX138|260330|T003346|000031|well017,/mnt/benshalom-nas/analysis/Sadegh/CX138/CX138/260330/T003346/Network/000031/well017,/mnt/benshalom-nas/analysis/Sadegh/CX138/CX138/260330/T003346/Network/000031/well017/network_results.json,144,30,30.0,0.10000236672267909,0.6610000000000009,0.35903899509662657,0.5431754842611589,9.74793103448276,11.498211968736804,1.17955409492153,8.383115155702162,5.485492726366544,0.65435015796429,0.5847222222222223,0.14089294888413506,0.24095706222464902,304.4,215.2752656484251,0.7072117793969287,940.0,271.40239361372494,0.28872595065289886,17.479920425511864,6.5928904793243275,0.37716936455282907,17,17.0,0.05666800780951815,1.1664705882352957,0.5042984781033,0.4323284986261265,17.645625,10.647946379907024,0.6034326570981207,14.793732627709698,7.713767076198701,0.5214212849670052,0.6049836601307189,0.10761931492226498,0.17788796956766015,537.1764705882352,286.42158054048224,0.5331982992978754,984.3137254901962,306.17130645535394,0.31105053046261055,20.242088182667473,7.0940419033912905,0.35045998413669827,0,,,,,,,,,,,,,,,,,,,,,,,,30.0,0.2639000000000067,5.524399757843888,1.179655256746622,10.0,10.0,5.800619745736083,0.79170000000002,2.639000000000067,5.800619745736083,10.0,5.524399757843888,299.96999999999997
CX138,260330,T003346,000031,well018,CX138|260330|T003346|000031|well018,/mnt/benshalom-nas/analysis/Sadegh/CX138/CX138/260330/T003346/Network/000031/well018,/mnt/benshalom-nas/analysis/Sadegh/CX138/CX138/260330/T003346/Network/000031/well018/network_results.json,65,6,6.0,0.019995767562532598,0.8750000000000012,0.19780040444853045,0.22605760508403447,44.814,24.459361888651145,0.5457973376322387,5.871638130886159,1.2807457469701435,0.21812409389351298,0.7564102564102564,0.05716281233232808,0.07557117562578967,259.6666666666667,61.23633634443596,0.2358267124946186,755.5555555555557,76.17394000445604,0.10081845000589769,13.052762445214512,1.2926141832540203,0.09902993245141965,5,5.0,0.016663139635443833,1.0500000000000014,0.14324803663575905,0.1364267015578656,55.875,11.666056531664848,0.2087884837881852,7.0459657570633905,0.855092337216779,0.12135913893131996,0.763076923076923,0.03588278089135567,0.04702380560359111,311.6,34.98342464653796,0.1122702973252181,786.6666666666667,33.99346342395189,0.04321202977621002,13.444052328954012,1.042293180155236,0.07752820017744826,0,,,,,,,,,,,,,,,,,,,,,,,,30.0,0.2178000000000111,3.1903725192703485,0.39291970392367137,10.0,10.0,3.349891145233866,0.6534000000000333,2.178000000000111,3.349891145233866,10.0,3.1903725192703485,300.06
CX138,260330,T003346,000031,well019,CX138|260330|T003346|000031|well019,/mnt/benshalom-nas/analysis/Sadegh/CX138/CX138/260330/T003346/Network/000031/well019,/mnt/benshalom-nas/analysis/Sadegh/CX138/CX138/260330/T003346/Network/000031/well019/network_results.json,97,14,14.0,0.046654349918288235,1.0028571428571444,0.39241793630604804,0.39129993648751166,17.912307692307692,12.162136169810704,0.6789820931355285,11.675677979690644,4.646294403309922,0.3979464328659935,0.8460972017673049,0.12526420377071443,0.14804942447400365,483.0,203.30027053597345,0.4209115332007732,1371.4285714285713,215.97219943711556,0.15747972875623012,25.383740519915886,5.358253882419123,0.2110900037847093,10,10.0,0.03332453565592017,1.4040000000000021,0.1228169369427559,0.08747645081392857,25.873333333333335,4.467932656410827,0.1726848488692667,16.3459491715669,0.6906075280648954,0.04224946014552514,0.8731958762886599,0.08442285603122987,0.09668260962254187,676.2,31.53981610599529,0.04664273307600605,1460.0,107.28984626287388,0.07348619607046156,27.926927574818205,0.942269119976799,0.033740522205759786,0,,,,,,,,,,,,,,,,,,,,,,,,30.0,0.23429999999999748,2.090501379100279,0.4341859504253529,10.0,10.0,2.195026448055293,0.7028999999999924,2.3429999999999747,2.195026448055293,10.0,2.090501379100279,300.05999999999995
CX138,260330,T003346,000031,well020,CX138|260330|T003346|000031|well020,/mnt/benshalom-nas/analysis/Sadegh/CX138/CX138/260330/T003346/Network/000031/well020,/mnt/benshalom-nas/analysis/Sadegh/CX138/CX138/260330/T003346/Network/000031/well020/network_results.json,105,9,9.0,0.02999255184962401,0.863333333333332,0.3074988708199627,0.3561762982470616,23.9325,20.78491144436271,0.8684805784754083,14.988387485116752,5.106698874552441,0.3407103585774866,0.9238095238095239,0.04897539244616353,0.053014600070589384,631.1111111111111,224.42046076478087,0.35559580050757533,1948.1481481481485,158.00540005704855,0.0811054334893595,35.34426958797152,2.204055096384291,0.0623596164831875,6,6.0,0.019995034566416006,1.294999999999998,0.0657647321898289,0.05078357698056293,38.292,12.729655769108598,0.33243642977929067,22.482581227675126,0.6115676875555085,0.027201844902163368,0.9349206349206348,0.03865331956154261,0.0413439581048758,946.6666666666666,14.794894014114764,0.01562840916983954,2022.2222222222226,103.04020550550788,0.050953947777448945,36.657489735615854,1.06988314061579,0.02918593576188901,0,,,,,,,,,,,,,,,,,,,,,,,,30.0,0.26829999999999643,2.502509338396928,0.39092686081155437,10.0,10.0,2.6276348053167746,0.8048999999999893,2.6829999999999643,2.6276348053167746,10.0,2.502509338396928,300.06
CX138,260330,T003346,000031,well021,CX138|260330|T003346|000031|well021,/mnt/benshalom-nas/analysis/Sadegh/CX138/CX138/260330/T003346/Network/000031/well021,/mnt/benshalom-nas/analysis/Sadegh/CX138/CX138/260330/T003346/Network/000031/well021/network_results.json,115,8,8.0,0.026660730210739742,0.787499999999997,0.36303408930842884,0.460995668963086,26.284285714285716,22.68816422539222,0.8631835946396301,14.036182891767986,6.145101018964796,0.4378042852782153,0.7347826086956522,0.11127377297451936,0.15143767919609144,582.75,262.1067292154095,0.44977559710923976,1479.1666666666667,106.6373657672477,0.0720928669975759,27.491217634056028,5.684557605925562,0.20677722178749738,5,5.0,0.01666295638171234,1.2599999999999951,0.10733126291997927,0.08518354199998387,45.9975,4.913518978288387,0.1068214354755886,22.457892626828777,1.110027179904697,0.04942704101179244,0.7626086956521739,0.10161642544689771,0.1332484484195352,932.4,44.91146846853262,0.04816759810009934,1540.0000000000002,85.37498983243795,0.05543830508599866,30.307995491482973,1.0935182085265296,0.03608018909841219,0,,,,,,,,,,,,,,,,,,,,,,,,30.0,0.20489999999999678,5.453291331255251,0.5875667889562868,10.0,10.0,5.725955897818014,0.6146999999999904,2.048999999999968,5.725955897818014,10.0,5.453291331255251,300.06
CX138,260330,T003346,000031,well022,CX138|260330|T003346|000031|well022,/mnt/benshalom-nas/analysis/Sadegh/CX138/CX138/260330/T003346/Network/000031/well022,/mnt/benshalom-nas/analysis/Sadegh/CX138/CX138/260330/T003346/Network/000031/well022/network_results.json,32,6,6.0,0.020003954114930052,0.6399999999999905,0.11180339887499753,0.17469281074218623,54.077999999999996,16.084953714574386,0.29743987785373693,2.7330214386238416,0.7452496530240664,0.2726834273935744,0.8645833333333334,0.1015291077584267,0.11743125716637305,113.5,33.964442190816754,0.29924618670323133,911.111111111111,314.85838478455014,0.3455762759830429,9.659178719699222,2.2501657864814537,0.23295622244698685,6,6.0,0.020003954114930052,0.6399999999999905,0.11180339887499753,0.17469281074218623,54.077999999999996,16.084953714574386,0.29743987785373693,2.7330214386238416,0.7452496530240664,0.2726834273935744,0.8645833333333334,0.1015291077584267,0.11743125716637305,113.5,33.964442190816754,0.29924618670323133,911.111111111111,314.85838478455014,0.3455762759830429,9.659178719699222,2.2501657864814537,0.23295622244698685,0,,,,,,,,,,,,,,,,,,,,,,,,30.0,0.5854000000000212,0.6192313243971381,0.2934278550946452,5.0,5.0,0.650192890616995,1.7562000000000637,5.854000000000212,0.650192890616995,5.0,0.6192313243971381,299.93999999999994
CX138,260330,T003346,000031,well023,CX138|260330|T003346|000031|well023,/mnt/benshalom-nas/analysis/Sadegh/CX138/CX138/260330/T003346/Network/000031/well023,/mnt/benshalom-nas/analysis/Sadegh/CX138/CX138/260330/T003346/Network/000031/well023/network_results.json,110,19,19.0,0.06331906543725481,0.7942105263157903,0.36747095537891783,0.4626870876209034,15.09333333333333,13.14415797565173,0.8708585231218021,7.729605218676755,3.1290419992357483,0.4048126535201515,0.6358851674641148,0.0894851974272576,0.14072540453195514,292.89473684210526,124.56953025132596,0.42530477534145433,889.4736842105264,158.22577383697526,0.17788696466878876,16.697217758504312,2.985011609669203,0.17877299397073873,11,11.0,0.0366584063057791,1.3718181818181832,0.3005697069904633,0.21910316612956218,27.125999999999998,1.867427107011142,0.06884270098839276,13.351136286805302,2.383208793412507,0.17850231936946007,0.6628099173553719,0.07720751214550728,0.11648514924696236,505.90909090909093,83.93336593605294,0.1659060243120543,954.5454545454545,123.31509060227764,0.12918723777381466,18.129887575295527,1.2560824500576995,0.06928241804264054,0,,,,,,,,,,,,,,,,,,,,,,,,30.0,0.29229999999999023,3.7682989209325912,0.6465089435047213,10.0,10.0,3.956713866979221,0.8768999999999707,2.9229999999999023,3.956713866979221,10.0,3.7682989209325912,300.05999999999995
CX138,260401,T003346,000033,well000,CX138|260401|T003346|000033|well000,/mnt/benshalom-nas/analysis/Sadegh/CX138/CX138/260401/T003346/Network/000033/well000,/mnt/benshalom-nas/analysis/Sadegh/CX138/CX138/260401/T003346/Network/000033/well000/network_results.json,81,11,11.0,0.03666832896424638,0.8181818181818182,0.303818671453818,0.37133393177688867,24.759,16.61405335852753,0.6710308719466671,9.212963028211247,3.408352508389168,0.36995182743622934,0.8271604938271605,0.09372668730017042,0.11331136822856423,399.6363636363636,159.86487062361175,0.4000258364103115,1221.212121212121,143.73989364401726,0.11770264243802904,22.43328986315113,3.9898703968230054,0.17785489427374435,8,8.0,0.026667875610361002,1.125,0.14773286702694952,0.13131810402395513,35.309999999999995,5.733779606108751,0.16238401603253333,12.667824163790463,1.1517133258458079,0.09091642818486932,0.8479938271604939,0.06669363166372233,0.07864872305385272,549.5,39.98749804626441,0.0727706970814639,1254.1666666666667,111.725730648266,0.08908363905509581,23.864398627321812,1.3477587608837978,0.05647570600588188,0,,,,,,,,,,,,,,,,,,,,,,,,30.0,0.34309999999999974,2.0282362141369363,0.35628348073820626,10.0,10.0,2.1296480248437835,1.0292999999999992,3.4309999999999974,2.1296480248437835,10.0,2.0282362141369363,299.97
CX138,260401,T003346,000033,well001,CX138|260401|T003346|000033|well001,/mnt/benshalom-nas/analysis/Sadegh/CX138/CX138/260401/T003346/Network/000033/well001,/mnt/benshalom-nas/analysis/Sadegh/CX138/CX138/260401/T003346/Network/000033/well001/network_results.json,80,55,55.0,0.18335619173857007,0.6556363636363646,0.3509973511237173,0.535353696944105,5.1899999999999995,5.8054342358402975,1.1185807776185546,7.057649822967848,3.7860734922067434,0.5364496095974683,0.7081818181818182,0.12091549880490783,0.17074075569370809,320.92727272727274,177.89321153642652,0.5543100467114305,1227.2727272727273,319.3485103681872,0.2602098973370414,16.773802463274855,1.6151574377083242,0.09629047684593914,23,23.0,0.0766762256361293,1.567826086956524,0.12486363071764386,0.07964125087370508,12.710454545454546,0.6174984525024901,0.04858193310823153,16.87698870709703,1.0194640751178334,0.060405567178529504,0.7223278985507247,0.06788461311755516,0.09398032839899792,767.4347826086956,37.66537573555542,0.049079578602785945,1579.7101449275362,151.55845173798693,0.0959406712836798,18.05502684579865,0.9929941692070909,0.05499821061956259,0,,,,,,,,,,,,,,,,,,,,,,,,30.0,0.11600000000000679,2.255684007248618,0.9975992981043955,10.0,10.0,2.3684682076110493,0.3480000000000204,1.1600000000000679,2.3684682076110493,10.0,2.255684007248618,299.94
CX138,260401,T003346,000033,well002,CX138|260401|T003346|000033|well002,/mnt/benshalom-nas/analysis/Sadegh/CX138/CX138/260401/T003346/Network/000033/well002,/mnt/benshalom-nas/analysis/Sadegh/CX138/CX138/260401/T003346/Network/000033/well002/network_results.json,80,17,17.0,0.05666948125090213,0.6494117647058821,0.28792300008724153,0.443359692163325,13.991250000000003,11.38220753797346,0.8135232761885792,4.752783710724812,1.7839223514448455,0.37534263286994657,0.625,0.10173133590925831,0.1627701374548133,188.7058823529412,67.66680018850356,0.35858341745778066,662.7450980392158,148.13981778450278,0.22352457713046273,11.779879726405326,0.8444640852372032,0.07168698703640283,11,11.0,0.03666848786823079,1.0036363636363632,0.19583261532017568,0.1951230768588708,22.332,5.5188944545080725,0.24712943106341,7.345211189301984,1.4300571316965827,0.19469244584545173,0.6460227272727274,0.09524462849000119,0.14743231850694993,291.6363636363636,52.93095455792596,0.18149641525473365,693.9393939393939,172.80699914403948,0.24902318653944555,12.041956772016732,0.7167797652350396,0.05952352917432011,0,,,,,,,,,,,,,,,,,,,,,,,,30.0,0.28909999999999064,2.40202525664573,0.7435857257099574,10.0,10.0,2.5221265194780167,0.867299999999972,2.8909999999999063,2.5221265194780167,10.0,2.40202525664573,299.97
CX138,260401,T003346,000033,well003,CX138|260401|T003346|000033|well003,/mnt/benshalom-nas/analysis/Sadegh/CX138/CX138/260401/T003346/Network/000033/well003,/mnt/benshalom-nas/analysis/Sadegh/CX138/CX138/260401/T003346/Network/000033/well003/network_results.json,96,36,36.0,0.12000836058245393,0.5508333333333353,0.2878500284677548,0.5225719124981915,7.986857142857145,10.85048222007498,1.3585421682142955,5.725221425298268,2.3171987171592323,0.40473521371944365,0.6597222222222223,0.08515797547521334,0.12908156282558653,217.36111111111111,96.68883446332646,0.44483042053415367,862.0370370370371,147.22804554054903,0.17079085841438554,15.89612201690962,3.3556050410487734,0.21109582811953903,13,13.0,0.04333635243255281,1.5253846153846207,0.43725745601444965,0.28665390459847834,23.207500000000007,4.694599956332799,0.20228805154940419,15.854459331595203,4.565682972746555,0.28797468757877703,0.6583867521367522,0.060811198944169476,0.09236394679390283,601.9230769230769,167.0962235629342,0.27760394968921975,958.9743589743589,126.86478848054338,0.13229215911072706,18.191879527179715,2.4406971007912626,0.13416409762084894,0,,,,,,,,,,,,,,,,,,,,,,,,30.0,0.2488999999999919,4.483769268407521,1.3060626453260964,10.0,10.0,4.707957731827897,0.7466999999999757,2.488999999999919,4.707957731827897,10.0,4.483769268407521,299.97
CX138,260401,T003346,000033,well004,CX138|260401|T003346|000033|well004,/mnt/benshalom-nas/analysis/Sadegh/CX138/CX138/260401/T003346/Network/000033/well004,/mnt/benshalom-nas/analysis/Sadegh/CX138/CX138/260401/T003346/Network/000033/well004/network_results.json,136,29,29.0,0.09668055643994189,0.8306896551724158,0.4619518636998226,0.5561064361683198,9.872142857142858,9.541963842919955,0.9665544736334517,12.940129937666478,7.158466161340616,0.5531989397188014,0.7852434077079107,0.1297406633042449,0.16522349889310364,534.2758620689655,339.63549391620586,0.6356931278927308,2021.8390804597702,346.88276444041026,0.17156793920588795,28.711397194893774,6.940371516559947,0.24172879743359438,15,15.0,0.05000718436548718,1.6060000000000039,0.08475848040166475,0.05277613972706385,19.716428571428573,1.1633977770973754,0.05900651697048601,25.017584546155188,0.9630043031264398,0.038493096779578524,0.7909313725490197,0.049903790559311434,0.06309496916082759,1032.9333333333334,40.69802069989263,0.03940043310303275,2266.6666666666665,294.64353855941727,0.12998979642327232,35.23082010271659,1.802621363277904,0.05116603468276649,0,,,,,,,,,,,,,,,,,,,,,,,,30.0,0.1967999999999961,3.352309547209291,1.0730071959956131,10.0,10.0,3.5199250245697558,0.5903999999999883,1.967999999999961,3.5199250245697558,10.0,3.352309547209291,299.94
CX138,260401,T003346,000033,well005,CX138|260401|T003346|000033|well005,/mnt/benshalom-nas/analysis/Sadegh/CX138/CX138/260401/T003346/Network/000033/well005,/mnt/benshalom-nas/analysis/Sadegh/CX138/CX138/260401/T003346/Network/000033/well005/network_results.json,124,51,51.0,0.1700051001530046,0.5399999999999988,0.2482408697450191,0.45970531434262896,5.386800000000001,6.781510875903688,1.2589126895195082,6.412482596734898,2.7638649192389186,0.4310132429281322,0.5842820999367488,0.07809558867517695,0.1336607585336452,275.8627450980392,135.45421332018404,0.4910203198044911,1183.6601307189542,187.67846107188143,0.15855772801765797,18.812856165567197,3.6092703787741445,0.19185127165220778,19,19.0,0.06333523339033505,1.4494736842105234,0.16718957674040985,0.11534502389498161,14.918333333333331,2.0201189458929245,0.1354118386253776,17.212453285972618,1.0080839500985217,0.05856712772722905,0.591114883984154,0.047063377730681394,0.07961798798479082,740.4736842105264,37.72388385018677,0.05094561043098647,1338.5964912280704,197.132412499477,0.14726798836789237,21.97742519004389,1.1826132634942021,0.053810364647717886,0,,,,,,,,,,,,,,,,,,,,,,,,30.0,0.22240000000005009,3.833360276652881,1.3705542831907964,10.0,10.0,4.025028290485525,0.6672000000001502,2.2240000000005007,4.025028290485525,10.0,3.833360276652881,299.97
CX138,260401,T003346,000033,well006,CX138|260401|T003346|000033|well006,/mnt/benshalom-nas/analysis/Sadegh/CX138/CX138/260401/T003346/Network/000033/well006,/mnt/benshalom-nas/analysis/Sadegh/CX138/CX138/260401/T003346/Network/000033/well006/network_results.json,59,11,11.0,0.03666760780193358,0.5018181818181783,0.28434352405043545,0.5666265877816689,24.609,21.85387903782759,0.8880441723689539,3.635275176745363,1.3536927470498468,0.37237696769403816,0.6302003081664099,0.0851510131257202,0.13511737779606944,153.0909090909091,55.9666370511032,0.3655777954644508,590.9090909090909,68.29956163384634,0.1155838735342015,10.927380879838422,0.7113759906107424,0.06510031986926232,7,7.0,0.0233339322375941,0.7885714285714229,0.31534237952823174,0.39989069867710836,41.01500000000001,11.911189067427301,0.29041055875721805,5.7125752777427135,1.8647847261957502,0.3264350377073031,0.649313962873285,0.07201100415478476,0.11090321211656719,240.57142857142858,73.40077294816284,0.30511010132846783,619.0476190476192,55.93971487843205,0.09036415480362099,11.282941072334575,0.6426166502917346,0.056954711202685526,0,,,,,,,,,,,,,,,,,,,,,,,,30.0,0.2009999999999934,2.667356344459307,0.49561360127083365,10.0,10.0,2.8007241616822727,0.6029999999999802,2.009999999999934,2.8007241616822727,10.0,2.667356344459307,299.97
CX138,260401,T003346,000033,well007,CX138|260401|T003346|000033|well007,/mnt/benshalom-nas/analysis/Sadegh/CX138/CX138/260401/T003346/Network/000033/well007,/mnt/benshalom-nas/analysis/Sadegh/CX138/CX138/260401/T003346/Network/000033/well007/network_results.json,18,140,140.0,0.4671175908476983,0.2858571428571424,0.15819511331754518,0.5534061935146517,2.07884892086331,3.784836667952051,1.820640562172394,1.5606286282019424,0.6027935401719093,0.3862504693806687,0.7273809523809524,0.11726912259901304,0.16122105234561532,61.49285714285714,22.214376435276396,0.36125133011252125,384.5238095238096,89.92154554800256,0.23385169740037814,7.190760800649008,0.8166050987710118,0.11356310151455859,28,28.0,0.09342351816953967,1.429285714285712,0.17914336978736234,0.12533769000615075,10.664444444444444,0.9199047186301553,0.08625903800449468,7.803143141009713,0.6110032534515892,0.07830219725695388,0.733682917611489,0.04657514036523709,0.06348129314072469,307.4642857142857,20.513901458796777,0.06671962374797419,514.2857142857143,70.38926428140232,0.13686801388050449,8.147337053826693,0.5985698302231158,0.07346815606971553,0,,,,,,,,,,,,,,,,,,,,,,,,30.0,0.038499999999999084,0.09245283476160417,0.09245283476160417,5.0,5.0,0.09707547649968438,0.11549999999999724,0.38499999999999085,0.09707547649968438,5.0,0.09245283476160417,299.70000000000005
CX138,260401,T003346,000033,well008,CX138|260401|T003346|000033|well008,/mnt/benshalom-nas/analysis/Sadegh/CX138/CX138/260401/T003346/Network/000033/well008,/mnt/benshalom-nas/analysis/Sadegh/CX138/CX138/260401/T003346/Network/000033/well008/network_results.json,186,190,190.0,0.6333428334758355,0.3688421052631578,0.16531541245621245,0.44820103262957156,1.5768253968253967,3.613975880927602,2.291931553235745,4.163439971850658,4.315797243407281,1.0365940838793695,0.4350877192982456,0.09061296902361107,0.2082636788042674,144.85263157894738,177.10796400536998,1.2226768825310768,547.8947368421053,265.8621867997779,0.4852431843607857,11.540120317637571,5.6691248687671525,0.4912535322619326,137,137.0,0.4566735167694182,0.5386861313868616,0.35122271828123436,0.6519988130694997,2.191323529411765,4.160236455529535,1.898503986148637,5.7741138295739045,5.781340829853142,1.0012516206802544,0.4434840715450558,0.09382556418962593,0.2115646766359538,200.8905109489051,229.79335937347645,1.1438736368783617,564.9635036496351,288.1639494561231,0.510057636634223,11.766552998052836,6.122415238568924,0.5203236019573514,1,1.0,0.003333383334083345,2.819999999999993,0.0,0.0,0.0,0.0,0.0,25.10769802162632,0.0,0.0,0.3715651135005974,0.0,0.0,829.0,0.0,0.0,633.3333333333334,0.0,0.0,11.752260403123328,0.0,0.0,30.0,0.25594999511622507,8.126103517451675,1.01195564559759,10.0,10.0,8.532408693324259,0.7678499853486752,2.559499951162251,8.532408693324259,10.0,8.126103517451675,299.96999999999997
CX138,260401,T003346,000033,well009,CX138|260401|T003346|000033|well009,/mnt/benshalom-nas/analysis/Sadegh/CX138/CX138/260401/T003346/Network/000033/well009,/mnt/benshalom-nas/analysis/Sadegh/CX138/CX138/260401/T003346/Network/000033/well009/network_results.json,53,19,19.0,0.06333438890648177,0.8147368421052629,0.38960666293140456,0.4781993924868662,14.045,10.926592561269944,0.7779702784813061,5.214430590545277,2.0183271501284374,0.38706568532871766,0.7120158887785502,0.10999106650248573,0.15447838768201275,222.05263157894737,88.40187762009924,0.3981122718136728,656.1403508771931,58.292097283635606,0.08884089692960505,11.555969134378412,0.9135938314541043,0.07905817511542237,12,12.0,0.04000066667777796,1.3150000000000006,0.28926631328241287,0.21997438272426822,22.90090909090909,1.332539984359704,0.0581872090348011,8.256181768363353,1.2190753729230812,0.1476560723983118,0.7421383647798742,0.09124917061979189,0.12295439091988908,351.5833333333333,50.40082395710962,0.14335384865733955,680.5555555555555,48.03226796052939,0.07057802639098196,11.969535797853817,0.8386707736633416,0.07006710935387474,0,,,,,,,,,,,,,,,,,,,,,,,,30.0,0.17409999999999928,2.964613255302659,0.9376383365630621,10.0,10.0,3.112843918067792,0.5222999999999979,1.7409999999999928,3.112843918067792,10.0,2.964613255302659,299.9699999999999
CX138,260401,T003346,000033,well010,CX138|260401|T003346|000033|well010,/mnt/benshalom-nas/analysis/Sadegh/CX138/CX138/260401/T003346/Network/000033/well010,/mnt/benshalom-nas/analysis/Sadegh/CX138/CX138/260401/T003346/Network/000033/well010/network_results.json,165,39,39.0,0.13000758377572025,0.8230769230769195,0.46365412532295286,0.5633180961867676,7.507894736842106,8.922624453982943,1.188432279184549,14.525846469363664,9.083628955595506,0.625342486907989,0.6898212898212899,0.12226328818696286,0.17723907625210766,520.7948717948718,331.9172880817564,0.6373282573575155,1410.2564102564102,571.5552753927471,0.405284649823948,28.289964093067685,10.748887019699442,0.37995407079125293,19,19.0,0.0633370279932996,1.7099999999999949,0.7231509997372922,0.4228953214837979,15.833333333333334,7.656804526403659,0.48358765429917844,29.816211173956994,15.682767708293424,0.525981239426945,0.6988569909622541,0.10864794808877667,0.15546520889657217,1069.0,565.4892618460212,0.5289890195004876,1559.6491228070179,698.0824987999696,0.4475894536737712,30.65603309444866,12.829933805165432,0.418512524619134,2,2.0,0.0066670555782420635,3.374999999999986,0.6749999999999972,0.2,46.890000000000015,0.0,0.0,41.20536490762839,0.46491590217767964,0.01128289734164226,0.6387626262626263,0.0743686868686868,0.11642617118007502,1469.5,13.5,0.00918679823069071,1866.666666666667,200.0000000000001,0.10714285714285719,35.9150240798582,0.5197536813233867,0.014471762017135166,30.0,0.245900000000006,4.6175687781338555,2.48655513220498,10.0,10.0,4.848447217040548,0.737700000000018,2.45900000000006,4.848447217040548,10.0,4.6175687781338555,299.97
CX138,260401,T003346,000033,well011,CX138|260401|T003346|000033|well011,/mnt/benshalom-nas/analysis/Sadegh/CX138/CX138/260401/T003346/Network/000033/well011,/mnt/benshalom-nas/analysis/Sadegh/CX138/CX138/260401/T003346/Network/000033/well011/network_results.json,141,51,51.0,0.17003105900677856,0.8376470588235312,0.45224315963044626,0.5398970304576945,5.795999999999999,6.352674082620642,1.0960445277123263,12.160973734831177,4.6008534994973616,0.37832936735318357,0.7444027256292588,0.1051189052369031,0.1412124131437643,472.05882352941177,168.6551664410058,0.35727574199340795,1731.3725490196077,520.4075729993892,0.3005751554130108,29.928531150328627,4.3482529719166765,0.1452878843293628,22,22.0,0.07334673133625742,1.9418181818181859,0.21542002024873708,0.11093727634532317,13.767142857142854,1.7022230362987538,0.12364388558774805,28.191348203472284,1.604656500976689,0.05692017598431302,0.7566086395873629,0.05615240741438008,0.07421592151657734,1094.3181818181818,52.98660753919236,0.04841974520715398,2287.878787878788,187.6342494595481,0.08201232095582897,33.880991566125026,2.443836152562213,0.07213000681496037,0,,,,,,,,,,,,,,,,,,,,,,,,30.0,0.16914999261010402,2.506480751097678,1.1790672382085767,10.0,10.0,2.631804788652562,0.5074499778303121,1.6914999261010402,2.631804788652562,10.0,2.506480751097678,299.94
CX138,260401,T003346,000033,well012,CX138|260401|T003346|000033|well012,/mnt/benshalom-nas/analysis/Sadegh/CX138/CX138/260401/T003346/Network/000033/well012,/mnt/benshalom-nas/analysis/Sadegh/CX138/CX138/260401/T003346/Network/000033/well012/network_results.json,99,3,3.0,0.009998246974030555,0.9599999999999985,0.49719211578626554,0.5179084539440274,41.565,41.26500000000004,0.9927823890292324,16.84392998931772,9.135943646309915,0.5423878900057086,0.8215488215488217,0.12625140241920993,0.1536748627807596,753.0,446.4668707380948,0.5929174910200462,1877.777777777778,390.9469352390929,0.20819659273087784,28.75639692330418,8.952674695648312,0.3113281096907195,2,2.0,0.006665497982687036,1.4399999999999977,0.060000000000002274,0.04166666666666831,82.83000000000004,0.0,0.0,25.26589498397658,0.24315946348231243,0.009624019399927141,0.851010101010101,0.0883838383838384,0.10385756676557865,1129.5,28.5,0.025232403718459494,2150.0,83.33333333333326,0.038759689922480585,35.07751483583499,0.5966416988436016,0.017009235164917553,0,,,,,,,,,,,,,,,,,,,,,,,,30.0,0.24610000000001267,5.043409514789209,0.5295050296749801,10.0,10.0,5.29557999052867,0.738300000000038,2.461000000000127,5.29557999052867,10.0,5.043409514789209,300.03000000000003
CX138,260401,T003346,000033,well013,CX138|260401|T003346|000033|well013,/mnt/benshalom-nas/analysis/Sadegh/CX138/CX138/260401/T003346/Network/000033/well013,/mnt/benshalom-nas/analysis/Sadegh/CX138/CX138/260401/T003346/Network/000033/well013/network_results.json,117,64,64.0,0.21344880913907754,0.6332812499999986,0.3980344468741841,0.6285271305193151,4.5961904761904755,5.84468295298057,1.2716363656505594,9.876406160989893,5.076162117670005,0.5139685463443143,0.6678685897435898,0.09478931103223089,0.14192808658455205,368.609375,175.4339812781702,0.4759346700776946,1525.0000000000002,395.10898637098995,0.25908785991540323,29.365209158916663,3.8503130552844995,0.1311181893664586,23,23.0,0.07670816578435599,1.7621739130434744,0.1681344317668396,0.0954130750218929,13.131818181818176,1.4847914955049968,0.11306823434098284,27.482173665363174,1.600566434349291,0.058240168839575654,0.6782484825963087,0.05801625691714468,0.08553835121762561,1025.695652173913,59.17801793895572,0.05769549457827059,2005.7971014492755,241.70333033489646,0.12050238289817815,32.494995584023044,3.5036789155808297,0.10782210776183329,0,,,,,,,,,,,,,,,,,,,,,,,,30.0,0.05180000000000007,0.5328194564048427,0.2917123376308304,10.0,10.0,0.5594604292250849,0.1554000000000002,0.5180000000000007,0.5594604292250849,10.0,0.5328194564048427,299.8199999999999
CX138,260401,T003346,000033,well014,CX138|260401|T003346|000033|well014,/mnt/benshalom-nas/analysis/Sadegh/CX138/CX138/260401/T003346/Network/000033/well014,/mnt/benshalom-nas/analysis/Sadegh/CX138/CX138/260401/T003346/Network/000033/well014/network_results.json,161,26,26.0,0.08664728655690676,0.4234615384615407,0.13424840086978615,0.3170261964227449,8.530800000000001,8.318146389671199,0.9750722546151824,3.7188605411377087,0.9492078049742424,0.2552415704956368,0.5286669851887242,0.08078809047136334,0.15281470705518618,125.73076923076923,32.315223481186905,0.2570192139831323,501.2820512820513,62.34777649121965,0.12437663852468368,10.441514780921782,0.3272465352950457,0.031340906196194285,25,25.0,0.08331469861241035,0.44040000000000235,0.12832708209883062,0.2913875615323114,8.88625,8.302374566200925,0.9342945073794823,3.8676149627832173,0.9423553987083992,0.24365284749810268,0.533416149068323,0.07804011060646808,0.146302489609238,130.76,32.263019077575485,0.24673462127237294,505.33333333333337,60.13318551349165,0.11899706895809692,10.457161155499788,0.3240507239365484,0.03098840298221078,0,,,,,,,,,,,,,,,,,,,,,,,,30.0,0.3888000000000033,7.221406896799178,0.7418630943034348,10.0,10.0,7.582477241639137,1.1664000000000099,3.888000000000033,7.582477241639137,10.0,7.221406896799178,300.05999999999995
CX138,260401,T003346,000033,well015,CX138|260401|T003346|000033|well015,/mnt/benshalom-nas/analysis/Sadegh/CX138/CX138/260401/T003346/Network/000033/well015,/mnt/benshalom-nas/analysis/Sadegh/CX138/CX138/260401/T003346/Network/000033/well015/network_results.json,115,44,44.0,0.1466299114355335,0.7738636363636356,0.384271541710533,0.49656234464797266,6.4876744186046515,7.471517338255807,1.1516480107000742,10.40009650956931,5.489567796120184,0.5278381591044984,0.691897233201581,0.07927315729279794,0.11457360065740005,375.97727272727275,196.68346612541544,0.5231259450836172,1200.0000000000002,203.38052110179174,0.16948376758482642,21.99831583057027,4.570370665195885,0.20776002583091405,18,18.0,0.059984963769081884,1.8916666666666648,0.12979684981624728,0.06861507479272991,16.353529411764704,1.4903649027176404,0.09113414390201752,25.42245813450276,0.8652369713689599,0.034034355245714056,0.7014492753623189,0.05280305942196298,0.07527708884536044,919.0555555555555,30.5149730500768,0.033202533694093116,1394.4444444444443,159.18387535438225,0.11415576718640959,26.285659606890842,1.3959911474547717,0.053108469345346375,0,,,,,,,,,,,,,,,,,,,,,,,,30.0,0.19684999364998496,2.9194112494550297,1.5867176243776178,10.0,10.0,3.0653818119277814,0.5905499809499548,1.9684999364998497,3.0653818119277814,10.0,2.9194112494550297,300.06
CX138,260401,T003346,000033,well016,CX138|260401|T003346|000033|well016,/mnt/benshalom-nas/analysis/Sadegh/CX138/CX138/260401/T003346/Network/000033/well016,/mnt/benshalom-nas/analysis/Sadegh/CX138/CX138/260401/T003346/Network/000033/well016/network_results.json,154,40,40.0,0.13333986698681569,0.9330000000000028,0.43674477672893214,0.4681080136430127,7.415384615384615,7.299975358635564,0.9844365110193188,21.001107491064722,9.714251745521437,0.4625590221684514,0.8152597402597405,0.03960373586866011,0.04857805913001717,794.1,387.13717207212227,0.4875169022442038,2211.666666666667,171.19676788226272,0.07740622511632074,44.37205733762655,6.294438268408013,0.14185590315350252,20,20.0,0.06666993349340784,1.8660000000000057,0.17839282496781966,0.09560172827857402,15.19263157894737,2.5459996322513136,0.16758121323624664,42.002214982129445,2.283938544625746,0.05437662146145117,0.8152597402597402,0.02487318146142183,0.030509517682667957,1588.2,80.37823088374115,0.05060964040029036,2318.3333333333335,147.75166853729795,0.06373184839854691,49.78495421447618,2.2820171570917696,0.04583748630682115,0,,,,,,,,,,,,,,,,,,,,,,,,30.0,0.08139999999999503,1.844912212134981,1.4364699496020266,10.0,10.0,1.93715782274173,0.2441999999999851,0.8139999999999503,1.93715782274173,10.0,1.844912212134981,299.97
CX138,260401,T003346,000033,well017,CX138|260401|T003346|000033|well017,/mnt/benshalom-nas/analysis/Sadegh/CX138/CX138/260401/T003346/Network/000033/well017,/mnt/benshalom-nas/analysis/Sadegh/CX138/CX138/260401/T003346/Network/000033/well017/network_results.json,123,34,34.0,0.11332237883671245,0.727058823529412,0.40557533145024083,0.5578301484347971,8.32272727272727,9.697133682325545,1.1651389459921466,7.715231212986006,4.393623145094181,0.5694739436582262,0.5815399330463893,0.11682574041375988,0.20089031513583216,292.0882352941176,180.1065644763512,0.6166169763564536,947.0588235294119,208.81202214451153,0.22048474387929784,16.537599355460063,4.714822558431984,0.2850971569144548,15,15.0,0.04999516713384373,1.6480000000000004,0.4427369422128692,0.2686510571680031,19.600714285714286,4.904054393029906,0.2501977387938438,17.487857416101615,4.202093323893391,0.24028634405632748,0.591237579042457,0.06483078658389367,0.10965268257963377,662.0666666666667,154.19963971711763,0.2329065145259052,1064.4444444444443,171.47148198987048,0.1610901187796278,20.690231873737805,2.887626987853015,0.13956474753278583,0,,,,,,,,,,,,,,,,,,,,,,,,30.0,0.2196999999999996,4.37036006481075,1.3947816797807064,10.0,10.0,4.588878068051288,0.6590999999999988,2.196999999999996,4.588878068051288,10.0,4.37036006481075,299.99999999999994
CX138,260401,T003346,000033,well018,CX138|260401|T003346|000033|well018,/mnt/benshalom-nas/analysis/Sadegh/CX138/CX138/260401/T003346/Network/000033/well018,/mnt/benshalom-nas/analysis/Sadegh/CX138/CX138/260401/T003346/Network/000033/well018/network_results.json,72,8,8.0,0.02667030271793721,0.8887500000000017,0.18550185309047043,0.20872219757014918,36.51428571428572,18.01667390989553,0.4934143872037116,7.381441441228444,1.7620030241991105,0.23870717369070832,0.78125,0.056309981736898794,0.07207677662323046,318.25,88.98700747862016,0.2796135348896156,1000.0,176.3834207376394,0.1763834207376394,15.501204068043505,1.9327042680732136,0.12468091250134423,7,7.0,0.023336514878195058,1.0157142857142876,0.17302825061302413,0.17035130158806844,42.6,11.29177576823061,0.2650651588786528,8.43593307568965,1.34851074836857,0.159853182365168,0.7886904761904763,0.05325819655345058,0.06752737374324298,363.7142857142857,48.20703649206139,0.13254094872129998,1028.5714285714287,170.36708399998398,0.16563466499998442,16.210686665465634,0.4919778107824001,0.030348980332244833,0,,,,,,,,,,,,,,,,,,,,,,,,30.0,0.21490000000000006,3.6315930025289003,0.4725110729166788,10.0,10.0,3.8131726526553456,0.6447000000000002,2.1490000000000005,3.8131726526553456,10.0,3.6315930025289003,299.94
CX138,260401,T003346,000033,well019,CX138|260401|T003346|000033|well019,/mnt/benshalom-nas/analysis/Sadegh/CX138/CX138/260401/T003346/Network/000033/well019,/mnt/benshalom-nas/analysis/Sadegh/CX138/CX138/260401/T003346/Network/000033/well019/network_results.json,3,0,,,,,,,,,,,,,,,,,,,,,,,,0,,,,,,,,,,,,,,,,,,,,,,,,0,,,,,,,,,,,,,,,,,,,,,,,,14.999999999986361,0.014999999999986361,0.0,0.0,5.0,5.0,0.0,0.04499999999995909,0.1499999999998636,0.0,5.0,0.0,297.47999999972944
CX138,260401,T003346,000033,well020,CX138|260401|T003346|000033|well020,/mnt/benshalom-nas/analysis/Sadegh/CX138/CX138/260401/T003346/Network/000033/well020,/mnt/benshalom-nas/analysis/Sadegh/CX138/CX138/260401/T003346/Network/000033/well020/network_results.json,109,0,,,,,,,,,,,,,,,,,,,,,,,,0,,,,,,,,,,,,,,,,,,,,,,,,0,,,,,,,,,,,,,,,,,,,,,,,,30.0,0.473700000000008,2.986702782383393,0.4406922159723101,10.0,10.0,3.1360379215025627,1.421100000000024,4.73700000000008,3.1360379215025627,10.0,2.986702782383393,299.97
CX138,260401,T003346,000033,well021,CX138|260401|T003346|000033|well021,/mnt/benshalom-nas/analysis/Sadegh/CX138/CX138/260401/T003346/Network/000033/well021,/mnt/benshalom-nas/analysis/Sadegh/CX138/CX138/260401/T003346/Network/000033/well021/network_results.json,103,19,19.0,0.06334114540793365,0.9110526315789444,0.3655118219247581,0.401197262655715,14.291666666666673,11.0432247957238,0.7727037757940848,10.956731457015541,4.867174676642904,0.4442177574340818,0.7588145120081758,0.1038647807581126,0.13687769423813223,441.0,219.79823283615076,0.4984086912384371,1275.438596491228,155.16152883617352,0.12165346827595448,22.349501637036727,6.799143900299683,0.30421903855933885,12,12.0,0.04000493394185283,1.4424999999999955,0.1797741638834681,0.12462680338542022,23.386363636363647,1.4334146943402077,0.06129275660929943,17.348158140274606,1.5842326325157863,0.09131993262373554,0.7783171521035598,0.07352228034198273,0.09446313773668469,698.25,56.33253204558327,0.08067673762346333,1319.4444444444446,111.7688863262817,0.08470905068939244,26.630348206629165,1.4408589557210172,0.05410589995073141,0,,,,,,,,,,,,,,,,,,,,,,,,30.0,0.23210000000000264,3.602044636960804,0.8561399094435642,10.0,10.0,3.7821468688088444,0.6963000000000079,2.3210000000000264,3.7821468688088444,10.0,3.602044636960804,299.9400000000001
CX138,260401,T003346,000033,well022,CX138|260401|T003346|000033|well022,/mnt/benshalom-nas/analysis/Sadegh/CX138/CX138/260401/T003346/Network/000033/well022,/mnt/benshalom-nas/analysis/Sadegh/CX138/CX138/260401/T003346/Network/000033/well022/network_results.json,23,5,5.0,0.016671740433005112,0.6779999999999994,0.09600000000000125,0.14159292035398427,33.18000000000001,27.260559421992802,0.8215961248340204,1.9011760346183895,0.26891379240076546,0.14144602472581808,0.9565217391304348,0.027498066610159837,0.028747978728803466,72.6,10.365326815879952,0.1427730966374649,313.33333333333337,33.9934634239519,0.10848977688495286,6.178824811446639,0.801823864397847,0.12976963886602202,5,5.0,0.016671740433005112,0.6779999999999994,0.09600000000000125,0.14159292035398427,33.18000000000001,27.260559421992802,0.8215961248340204,1.9011760346183895,0.26891379240076546,0.14144602472581808,0.9565217391304348,0.027498066610159837,0.028747978728803466,72.6,10.365326815879952,0.1427730966374649,313.33333333333337,33.9934634239519,0.10848977688495286,6.178824811446639,0.801823864397847,0.12976963886602202,0,,,,,,,,,,,,,,,,,,,,,,,,30.0,0.46444999730865055,0.6759138770929892,0.17919908517988714,5.0,5.0,0.7097095709476388,1.3933499919259518,4.644499973086505,0.7097095709476388,5.0,0.6759138770929892,299.8800000000001
CX138,260401,T003346,000033,well023,CX138|260401|T003346|000033|well023,/mnt/benshalom-nas/analysis/Sadegh/CX138/CX138/260401/T003346/Network/000033/well023,/mnt/benshalom-nas/analysis/Sadegh/CX138/CX138/260401/T003346/Network/000033/well023/network_results.json,130,20,20.0,0.06666753334460014,0.8009999999999897,0.36559403715049554,0.4564220189144822,15.18157894736842,12.706651910321744,0.8369782849579239,8.400548240640791,3.7525676124891145,0.44670508459610603,0.6342307692307692,0.11657019116161567,0.18379775440885432,331.6,158.3030006032735,0.47739143728369565,993.3333333333334,127.62793146051101,0.1284844947589037,18.496633662805596,4.077386256437839,0.22043936917218346,12,12.0,0.04000052000676008,1.3349999999999829,0.31284980421921094,0.23434442263611607,26.189999999999998,2.495366615440411,0.09527936675984769,14.000913734401317,2.4536752440723313,0.175251079366589,0.6590811965811966,0.09585346004432567,0.14543497909140676,552.6666666666666,80.47912082577001,0.14561963961237034,1050.0,90.77852576871219,0.08645573882734493,20.995512157101395,1.2235832897942263,0.05827832541729014,0,,,,,,,,,,,,,,,,,,,,,,,,30.0,0.2505000000000006,4.927900072314372,0.7385313406013876,10.0,10.0,5.174295075930091,0.7515000000000018,2.505000000000006,5.174295075930091,10.0,4.927900072314372,299.97
CX138,260402,T003346,000035,well000,CX138|260402|T003346|000035|well000,/mnt/benshalom-nas/analysis/Sadegh/CX138/CX138/260402/T003346/Network/000035/well000,/mnt/benshalom-nas/analysis/Sadegh/CX138/CX138/260402/T003346/Network/000035/well000/network_results.json,75,10,10.0,0.03333845634279134,0.7139999999999993,0.3433132680220841,0.4808309075939558,29.75333333333333,21.635978266663972,0.7271782971094771,6.357706845604471,2.742666133187974,0.43139235573344675,0.7546666666666667,0.11838918869558997,0.15687613343055207,266.7,115.13822128207471,0.4317143655120912,880.0,125.78641509408807,0.1429391080614637,15.905615092550661,1.8577973501697287,0.11680135218661374,7,7.0,0.023336919439953936,1.0199999999999991,0.16431676725154493,0.16109486985445595,44.629999999999995,7.009407963587235,0.1570559705038592,9.08243835086353,1.2662439503489802,0.13941674046470018,0.7828571428571429,0.10653903929275894,0.13609001369513002,381.0,43.74602022715079,0.11481895072742988,938.0952380952383,99.8865569685859,0.10647805565179204,16.80889349500555,0.6963968669566972,0.04143026232890456,0,,,,,,,,,,,,,,,,,,,,,,,,30.0,0.2883999999999957,2.7124789581279334,0.42489564875408004,10.0,10.0,2.84810290603433,0.8651999999999871,2.8839999999999573,2.84810290603433,10.0,2.7124789581279334,299.94
CX138,260402,T003346,000035,well001,CX138|260402|T003346|000035|well001,/mnt/benshalom-nas/analysis/Sadegh/CX138/CX138/260402/T003346/Network/000035/well001,/mnt/benshalom-nas/analysis/Sadegh/CX138/CX138/260402/T003346/Network/000035/well001/network_results.json,51,27,27.0,0.09000768065541595,0.7499999999999992,0.2776088375154292,0.3701451166872393,11.239615384615385,6.185598336066441,0.5503389684075127,5.349269524159092,1.7428123775013495,0.3258038073479426,0.6390704429920115,0.09550229035879129,0.14943937934551776,218.07407407407408,69.7959597291493,0.3200562012036398,634.567901234568,188.66685893666457,0.2973154780908527,10.78404804570708,0.5548598156462262,0.05145190500770304,23,23.0,0.07667320944720618,0.8804347826086947,0.3375162251928531,0.38335176194743853,13.283181818181818,4.495569926821532,0.33844074321621226,6.279577267491109,1.9421942395283354,0.3092874180532703,0.6393861892583119,0.08778213279400571,0.13729125568982495,256.0,75.66631551983899,0.29557154499937105,643.4782608695652,202.98134956535185,0.31544398918939814,10.847165043051586,0.5287697955384256,0.048747280366785044,0,,,,,,,,,,,,,,,,,,,,,,,,30.0,0.1552499919484652,1.5866539107587205,0.4949688068722238,10.0,10.0,1.6659866062966566,0.46574997584539557,1.552499919484652,1.6659866062966566,10.0,1.5866539107587205,299.97
CX138,260402,T003346,000035,well002,CX138|260402|T003346|000035|well002,/mnt/benshalom-nas/analysis/Sadegh/CX138/CX138/260402/T003346/Network/000035/well002,/mnt/benshalom-nas/analysis/Sadegh/CX138/CX138/260402/T003346/Network/000035/well002/network_results.json,40,46,46.0,0.15333916022142177,0.4434782608695657,0.20642102807552798,0.4654591809546214,6.491333333333333,7.643604617950589,1.177509184238049,2.3235828777771443,1.0339214516340582,0.44496861356766376,0.6760869565217391,0.11216211599577765,0.16589894970436567,93.47826086956522,43.466498408911974,0.4649904480953374,493.4782608695651,115.390445191185,0.2338308580966745,7.202529867482292,0.860237696539515,0.11943549174621036,19,19.0,0.06333574009145682,1.07842105263158,0.29385394076676435,0.27248535258997153,16.181666666666665,2.1737097066740354,0.1343316329183666,5.625516440934137,1.2332021087061062,0.21921580385628178,0.6885964912280701,0.08730494241533326,0.1267867953547515,226.31578947368422,45.4440693039592,0.20079937599423833,585.9649122807018,117.13729110613052,0.1999049578757317,7.863019304780352,0.8581147257562789,0.10913297964747268,0,,,,,,,,,,,,,,,,,,,,,,,,30.0,0.21999999999999884,1.1843660064227586,0.3975084801272014,6.0,6.0,1.2435843067438965,0.6599999999999965,2.199999999999988,1.2435843067438965,6.0,1.1843660064227586,299.97
CX138,260402,T003346,000035,well003,CX138|260402|T003346|000035|well003,/mnt/benshalom-nas/analysis/Sadegh/CX138/CX138/260402/T003346/Network/000035/well003,/mnt/benshalom-nas/analysis/Sadegh/CX138/CX138/260402/T003346/Network/000035/well003/network_results.json,110,34,34.0,0.11334368538993228,0.6952941176470586,0.37936661838104957,0.5456203479253675,7.969090909090906,9.5744598276736,1.201449442213206,8.33768823036334,4.630493042621845,0.5553689361709387,0.7318181818181817,0.12367430213765813,0.1689959408092223,315.0882352941176,198.74671549591767,0.6307652690059928,1043.137254901961,332.79656897944517,0.3190343048487162,18.365169068723745,6.215387418347835,0.33843344404232933,16,16.0,0.053338204889379896,1.4774999999999996,0.5779868078079258,0.39119242491230183,17.495999999999995,7.332654635259998,0.41910463164494743,17.717587489522096,7.221497771177462,0.40758922598509206,0.7245265151515152,0.07994707190466373,0.1103438869838255,669.5625,273.70512617367984,0.40878204226443365,1139.5833333333335,358.084942979859,0.3142244472218141,22.613920397925213,5.893103580413421,0.26059628214460784,1,1.0,0.0033336378055862435,2.609999999999957,0.0,0.0,0.0,0.0,0.0,29.206315796233454,0.0,0.0,0.7757575757575758,0.0,0.0,1067.0,0.0,0.0,1433.3333333333335,0.0,0.0,27.506699029960267,0.0,0.0,30.0,0.20234999382258015,4.561659422778829,1.4674129319429177,10.0,10.0,4.789742393917771,0.6070499814677405,2.0234999382258017,4.789742393917771,10.0,4.561659422778829,299.96999999999997
CX138,260402,T003346,000035,well004,CX138|260402|T003346|000035|well004,/mnt/benshalom-nas/analysis/Sadegh/CX138/CX138/260402/T003346/Network/000035/well004,/mnt/benshalom-nas/analysis/Sadegh/CX138/CX138/260402/T003346/Network/000035/well004/network_results.json,97,34,34.0,0.11334519679726476,0.734117647058824,0.4328028871210852,0.589555214828401,8.626363636363635,9.102081952375984,1.055147027886351,6.930606883273072,3.763525467055601,0.5430297130455949,0.7258944815039419,0.11556235643569765,0.15919993798033868,267.4117647058824,158.50517112497118,0.5927382114220215,1092.1568627450981,173.40474085863147,0.1587727429764848,16.26492003422848,4.170819284724656,0.2564303590763087,16,16.0,0.0533389161398893,1.560000000000001,0.20263884129159956,0.12989669313564067,18.956,1.1081804907144022,0.05846067159286781,14.727539626955277,1.331811928887233,0.09043003533663331,0.7334621993127148,0.04353506972849368,0.059355573837735445,568.25,43.674220084622,0.07685740446039947,1202.0833333333335,176.17413654929288,0.14655734063026096,20.04356117585117,1.1259766082524265,0.056176474747861804,0,,,,,,,,,,,,,,,,,,,,,,,,30.0,0.18909999999999627,3.2065003788301185,1.0807036536356138,10.0,10.0,3.3668253977716245,0.5672999999999888,1.8909999999999627,3.3668253977716245,10.0,3.2065003788301185,299.94
CX138,260402,T003346,000035,well005,CX138|260402|T003346|000035|well005,/mnt/benshalom-nas/analysis/Sadegh/CX138/CX138/260402/T003346/Network/000035/well005,/mnt/benshalom-nas/analysis/Sadegh/CX138/CX138/260402/T003346/Network/000035/well005/network_results.json,153,45,45.0,0.15000305006201792,0.640666666666664,0.33341598975187153,0.5204203794254,6.683863636363636,7.175690722504788,1.073584249006123,9.916241769452617,5.859633479435474,0.5909127283973966,0.6332607116920843,0.13282416787618773,0.20974642106136523,397.93333333333334,275.44399713109664,0.6921862886524459,1400.7407407407409,344.3719557335463,0.24584988907471575,23.274088128824395,9.077475620058724,0.39002497411773956,21,21.0,0.07000142336227504,1.3999999999999946,0.3293283207638543,0.23523451483132543,14.684999999999997,3.0570794886623425,0.20817701659260082,21.24908950596989,4.458575627633038,0.2098243139490946,0.6352318705259881,0.05925831116001988,0.09328611159095733,852.7142857142857,183.9443867449235,0.2157163188498014,1580.952380952381,303.17044790637004,0.19176443994077624,31.25469869827559,5.004225389641489,0.16011113842276734,0,,,,,,,,,,,,,,,,,,,,,,,,30.0,0.2038000000000011,5.860448635165298,1.5311189418853024,10.0,10.0,6.153471066923563,0.6114000000000033,2.038000000000011,6.153471066923563,10.0,5.860448635165298,299.9699999999999
CX138,260402,T003346,000035,well006,CX138|260402|T003346|000035|well006,/mnt/benshalom-nas/analysis/Sadegh/CX138/CX138/260402/T003346/Network/000035/well006,/mnt/benshalom-nas/analysis/Sadegh/CX138/CX138/260402/T003346/Network/000035/well006/network_results.json,51,7,7.0,0.023336390400475797,0.7542857142857174,0.3135901393701748,0.41574450295288157,39.33499999999999,32.518410554638095,0.8267042215492082,4.848829855679348,1.6482457813236386,0.3399265039982951,0.7535014005602241,0.07547447386726878,0.10016500806920058,200.28571428571428,65.50837304326457,0.32707461576522967,619.0476190476192,103.67400503370116,0.167473392746748,11.291180763179891,0.7320095427959556,0.06483020316024085,5,5.0,0.01666885028605414,1.0560000000000045,0.19571407716360742,0.1853353003443244,58.90499999999997,21.1474732533227,0.35900981671034227,6.788361797951088,1.8699478903444398,0.27546379318038716,0.7686274509803921,0.06579592837475498,0.08560184558960471,280.4,77.41731072570268,0.276095972630894,653.3333333333334,95.68466729604883,0.14645612341231962,11.38880904404851,0.7202622543066702,0.06324298278432021,0,,,,,,,,,,,,,,,,,,,,,,,,30.0,0.2272999999999996,2.4298739809133854,0.4176122866981524,10.0,10.0,2.551367679959055,0.6818999999999988,2.272999999999996,2.551367679959055,10.0,2.4298739809133854,299.93999999999994
CX138,260402,T003346,000035,well007,CX138|260402|T003346|000035|well007,/mnt/benshalom-nas/analysis/Sadegh/CX138/CX138/260402/T003346/Network/000035/well007,/mnt/benshalom-nas/analysis/Sadegh/CX138/CX138/260402/T003346/Network/000035/well007/network_results.json,17,53,53.0,0.1767650658866769,0.49188679245282985,0.21745575653906873,0.4420849672639298,5.513653846153845,4.926364328342169,0.8934845142261966,1.7954895906106034,0.6005328347158303,0.33446745548193535,0.7702552719200887,0.14734230211121943,0.19129022219338432,74.26415094339623,21.3144923178965,0.28700916993102504,364.77987421383654,107.069814865489,0.29351897523470255,5.716533789074743,0.4915163852087782,0.0859815411479153,33,33.0,0.1100612674388743,0.794545454545454,0.4229197997549843,0.532278924176754,8.959687499999998,3.70697019509785,0.4137387821950097,2.8836651000715756,1.5303363832955972,0.530691439604971,0.7964943553178847,0.11263926684568551,0.14141878858730975,119.27272727272727,57.001474051792165,0.47790870012935505,423.23232323232327,91.55773085757302,0.21632972207397919,5.9089497264181645,0.5114011414777124,0.08654687637488313,0,,,,,,,,,,,,,,,,,,,,,,,,30.0,0.05160000000000765,0.2427300968179133,0.13799100536719322,5.0,5.0,0.254866601658809,0.15480000000002295,0.5160000000000765,0.254866601658809,5.0,0.2427300968179133,299.82
CX138,260402,T003346,000035,well008,CX138|260402|T003346|000035|well008,/mnt/benshalom-nas/analysis/Sadegh/CX138/CX138/260402/T003346/Network/000035/well008,/mnt/benshalom-nas/analysis/Sadegh/CX138/CX138/260402/T003346/Network/000035/well008/network_results.json,82,37,37.0,0.12334986221487014,0.7605405405405467,0.37542729490790905,0.49363219302034556,7.547499999999998,6.640799556529313,0.8798674470393263,7.52552254470022,3.845894486520964,0.5110468361070023,0.7392880685563613,0.12428069650318124,0.16810861934491836,299.5135135135135,161.2033501130024,0.5382172851634262,1002.7027027027029,141.501679948087,0.14112027380267433,17.32907504657543,3.919745784334397,0.22619474921767488,21,21.0,0.07000938125708846,1.340000000000011,0.1902629759044003,0.14198729545104385,13.5855,2.319181913951554,0.17071008898837392,13.259254007328959,1.4654375416007546,0.1105218695403787,0.7663569492837784,0.07945166801401683,0.10367449279121269,527.7142857142857,49.98489567777818,0.09471961823076537,1061.904761904762,127.77531299998802,0.12032652793720844,20.116871182819853,1.418582045003178,0.07051703180436285,0,,,,,,,,,,,,,,,,,,,,,,,,30.0,0.14409999999998035,2.1019019882107703,0.7119083915954278,10.0,10.0,2.2069970876213088,0.43229999999994106,1.4409999999998035,2.2069970876213088,10.0,2.1019019882107703,299.94
CX138,260402,T003346,000035,well009,CX138|260402|T003346|000035|well009,/mnt/benshalom-nas/analysis/Sadegh/CX138/CX138/260402/T003346/Network/000035/well009,/mnt/benshalom-nas/analysis/Sadegh/CX138/CX138/260402/T003346/Network/000035/well009/network_results.json,39,28,28.0,0.09334045832165189,0.6675000000000024,0.31450215761240174,0.4711642810672668,9.741111111111108,9.726105129374979,0.9984595205244079,2.956422675413794,0.9880956973791442,0.33422003747851986,0.6932234432234433,0.10824082854140445,0.15614132730147112,139.39285714285714,50.713015577656115,0.36381358856632623,463.09523809523813,55.87634144143494,0.12065842367816285,7.503007127801898,0.7835861962641781,0.10443628573410935,14,14.0,0.04667022916082594,1.3350000000000048,0.2786126343150966,0.20869860248321767,20.157692307692304,1.46594235297591,0.07272371909439737,5.912845350827587,1.2014854623717683,0.203199202935961,0.7095543345543345,0.08702217233074859,0.12264342291053233,278.7857142857143,48.12361845353303,0.17261866726862987,490.4761904761905,51.065739498874336,0.10411461451226807,8.012313138481167,0.6365218607622062,0.07944295857648753,0,,,,,,,,,,,,,,,,,,,,,,,,30.0,0.18999999999999773,1.8236329090907102,0.6875643997401051,5.85,5.85,1.9148145545452457,0.5699999999999932,1.8999999999999773,1.9148145545452457,5.85,1.8236329090907102,299.9699999999999
CX138,260402,T003346,000035,well010,CX138|260402|T003346|000035|well010,/mnt/benshalom-nas/analysis/Sadegh/CX138/CX138/260402/T003346/Network/000035/well010,/mnt/benshalom-nas/analysis/Sadegh/CX138/CX138/260402/T003346/Network/000035/well010/network_results.json,163,73,73.0,0.24333665893433876,0.651780821917811,0.4833851593035748,0.7416375920378481,4.084999999999999,6.773413098283609,1.6581182615137358,10.056774320779805,8.16877468547229,0.812265884160646,0.6178670476510632,0.14327261687005663,0.23188259903928232,363.35616438356163,311.5347061675984,0.8573810952020616,1113.2420091324202,641.5529989110743,0.5762924805640904,21.72583022969092,11.318858303379207,0.5209862262437569,25,25.0,0.08333447223778725,1.954800000000006,1.1227114322033118,0.5743357029892103,12.254999999999997,8.061519707846657,0.6578147456423222,29.365781016677033,19.640070932597506,0.6688080566099629,0.6138650306748467,0.08068988069475481,0.13144563814956062,1061.0,718.5947397525256,0.677280621821419,1428.0,791.3802288828466,0.5541878353521335,26.341443839324253,13.728797657910144,0.5211862243258999,11,11.0,0.03666716778462639,3.7227272727272807,0.7358988432101291,0.1976773449404494,25.346999999999998,8.45499266705772,0.33356975843522785,47.30016079690577,10.896385989784157,0.23036678535978602,0.6267428890128278,0.059217075410495375,0.09448384089968248,1708.4545454545455,397.2831286343791,0.2325394782620215,1915.1515151515157,507.9894288973362,0.26524764483563434,36.09821430385375,8.373921578681717,0.23197606142494806,30.0,0.22530000000000425,4.658460872509909,2.5189179899618734,10.0,10.0,4.891383916135404,0.6759000000000127,2.2530000000000423,4.891383916135404,10.0,4.658460872509909,299.9699999999999
CX138,260402,T003346,000035,well011,CX138|260402|T003346|000035|well011,/mnt/benshalom-nas/analysis/Sadegh/CX138/CX138/260402/T003346/Network/000035/well011,/mnt/benshalom-nas/analysis/Sadegh/CX138/CX138/260402/T003346/Network/000035/well011/network_results.json,151,44,44.0,0.1466701867511487,0.7159090909090886,0.3065150017225833,0.428147938914086,4.519534883720929,5.223767220092552,1.1558196483687342,7.791302089254272,3.1351334413911722,0.40238889539594846,0.627031908488862,0.11540511581870765,0.1840498294525909,286.8181818181818,120.55577221716112,0.42032123435460295,1009.8484848484849,486.04669650618246,0.48130655618016566,18.430957060837457,5.99037046398371,0.3250167880165156,25,25.0,0.08333533338133449,1.2767999999999966,0.5573919267445431,0.43655382733751924,8.057500000000001,5.392236896687688,0.6692195962380003,13.712691677087516,7.692988258243774,0.5610122680070141,0.6337306843267108,0.09007741349370771,0.14213831793454645,504.8,296.01526987640347,0.5864010892955694,1074.6666666666667,595.6344889648723,0.5542504549921268,17.637544337495317,6.651008517111542,0.37709379434257695,0,,,,,,,,,,,,,,,,,,,,,,,,30.0,0.2613000000000057,5.241127363321046,1.5356582862476067,10.0,10.0,5.503183731487098,0.7839000000000171,2.613000000000057,5.503183731487098,10.0,5.241127363321046,299.97
CX138,260402,T003346,000035,well012,CX138|260402|T003346|000035|well012,/mnt/benshalom-nas/analysis/Sadegh/CX138/CX138/260402/T003346/Network/000035/well012,/mnt/benshalom-nas/analysis/Sadegh/CX138/CX138/260402/T003346/Network/000035/well012/network_results.json,112,4,4.0,0.013334168941253652,1.0049999999999955,0.37619808611953476,0.374326453850285,57.79,42.587444159047635,0.7369344896876213,20.930107040180935,6.982532487751132,0.3336118861860713,0.9263392857142857,0.02778995445979627,0.02999975806744272,956.75,310.8628113814838,0.32491540254139933,2275.0000000000005,101.03629710818447,0.04441155916843272,39.9401245560244,1.6065115731752135,0.04022299857682577,3,3.0,0.010000626705940239,1.3399999999999939,0.17204650534085905,0.1283929144334775,86.685,16.244999999999997,0.18740266482090323,27.906809386907913,1.1519764290179448,0.0412794029244482,0.9330357142857143,0.028931878117892232,0.031008328700516077,1275.6666666666667,16.49915822768611,0.01293375351007534,2322.2222222222226,68.49348892187746,0.029494803841956796,40.68767968983333,1.0980973851734754,0.026988449416245727,0,,,,,,,,,,,,,,,,,,,,,,,,30.0,0.245199999999997,5.006481318652462,0.5913133817770504,10.0,10.0,5.256805384585085,0.735599999999991,2.45199999999997,5.256805384585085,10.0,5.006481318652462,299.9699999999999
CX138,260402,T003346,000035,well013,CX138|260402|T003346|000035|well013,/mnt/benshalom-nas/analysis/Sadegh/CX138/CX138/260402/T003346/Network/000035/well013,/mnt/benshalom-nas/analysis/Sadegh/CX138/CX138/260402/T003346/Network/000035/well013/network_results.json,59,58,58.0,0.1933599525534682,0.6853448275862069,0.32786780093055795,0.47839830072886447,5.048947368421052,5.237487238760326,1.037342411513043,4.637143501624722,2.0245862569812294,0.43660202800967285,0.6516656925774399,0.15502788409934673,0.23789480690043258,180.31034482758622,64.8779243302245,0.3598125464862326,940.2298850574714,482.56016720089144,0.5132363636488698,13.103820113366002,2.505903242899306,0.19123455764958683,27,27.0,0.09001239170592484,1.4766666666666668,0.32795663669996256,0.2220925304965886,11.068846153846154,2.2785797312615466,0.20585521739045903,9.961271225712366,2.12528766135244,0.2133550641474932,0.6617493199414102,0.06721252457145438,0.10156795412710848,387.3333333333333,82.76964911617551,0.21369100460286278,1411.111111111111,284.72786805603806,0.201775654527901,14.95473264880989,2.54348686479363,0.17007905955417016,0,,,,,,,,,,,,,,,,,,,,,,,,30.0,0.10299999999998731,0.7552977405634433,0.2809735747820916,10.0,10.0,0.7930626275916155,0.3089999999999619,1.029999999999873,0.7930626275916155,10.0,0.7552977405634433,299.94
CX138,260402,T003346,000035,well014,CX138|260402|T003346|000035|well014,/mnt/benshalom-nas/analysis/Sadegh/CX138/CX138/260402/T003346/Network/000035/well014,/mnt/benshalom-nas/analysis/Sadegh/CX138/CX138/260402/T003346/Network/000035/well014/network_results.json,72,17,17.0,0.05667089809372433,0.9970588235294123,0.45433551616143253,0.4556757389229704,18.2025,10.51588530509914,0.5777165392170932,8.901662065482554,3.5554816273900327,0.39941772685091165,0.809640522875817,0.12180602654926723,0.15044457769556316,362.11764705882354,145.04923397528376,0.4005583134470149,921.5686274509804,118.78534298714477,0.12889473387966774,16.412128975163068,2.2202569141241493,0.1352814688139562,13,13.0,0.04333656913049508,1.3038461538461545,0.2746056882580361,0.21061203229229897,24.269999999999996,2.5002499875012543,0.10301812886284527,11.640635008707957,1.5545007672244764,0.13354089068694347,0.8431267806267807,0.08203801901946604,0.0973021150608915,473.53846153846155,52.747023809026985,0.11138910161100565,956.4102564102565,102.43581720737528,0.10710447375570069,17.505713797421944,0.6961645699180387,0.039767848256525386,0,,,,,,,,,,,,,,,,,,,,,,,,30.0,0.20189999999999486,2.820657782594357,0.845604057688091,10.0,10.0,2.961690671724075,0.6056999999999846,2.0189999999999486,2.961690671724075,10.0,2.820657782594357,299.97
CX138,260402,T003346,000035,well015,CX138|260402|T003346|000035|well015,/mnt/benshalom-nas/analysis/Sadegh/CX138/CX138/260402/T003346/Network/000035/well015,/mnt/benshalom-nas/analysis/Sadegh/CX138/CX138/260402/T003346/Network/000035/well015/network_results.json,110,0,,,,,,,,,,,,,,,,,,,,,,,,0,,,,,,,,,,,,,,,,,,,,,,,,0,,,,,,,,,,,,,,,,,,,,,,,,30.0,0.3460499963878034,3.379574729379422,0.4400134964167426,10.0,10.0,3.5485534658483933,1.0381499891634103,3.4604999638780343,3.5485534658483933,10.0,3.379574729379422,299.97
CX138,260402,T003346,000035,well016,CX138|260402|T003346|000035|well016,/mnt/benshalom-nas/analysis/Sadegh/CX138/CX138/260402/T003346/Network/000035/well016,/mnt/benshalom-nas/analysis/Sadegh/CX138/CX138/260402/T003346/Network/000035/well016/network_results.json,196,65,65.0,0.2166930309854366,0.670615384615383,0.4426454630030203,0.6600586165449964,4.387968750000001,6.299520611643668,1.435634793808335,12.783430096165375,10.862279295374337,0.8497155468963434,0.5975667189952903,0.18601229322965054,0.31128288660787445,462.5230769230769,407.4142517688584,0.8808517284784392,1498.4615384615386,1027.7588391381964,0.6858760220121434,28.39250721241119,17.806896244042196,0.627168855178041,29,29.0,0.0966784292088871,1.5455172413793066,0.7885324046296499,0.5102061520361424,10.029642857142859,6.976020909486431,0.6955403107418012,28.65251573278446,20.188929827455016,0.7046128170991515,0.5905993431855501,0.17114320523432758,0.2897788614379801,1036.6896551724137,739.9908248941113,0.7138016871317598,1840.2298850574712,1176.766766942886,0.6394672624861405,31.754559925547625,18.917587880666076,0.5957439789756378,7,7.0,0.023336172567662402,3.4028571428571297,0.8941031306081322,0.26275071008635387,36.39000000000001,23.222725938183924,0.6381622956357219,44.0267633020312,13.316531942826849,0.3024644771516166,0.5794582118561712,0.08599390026400705,0.14840397202853312,1567.2857142857142,499.41843729502426,0.3186518148815213,2190.476190476191,1022.8677839297515,0.46696137962010387,38.53915779720081,16.97181511111948,0.4403784639100801,30.0,0.1843999999999966,4.5600315579350195,2.532864463828657,10.0,10.0,4.78803313583177,0.5531999999999898,1.8439999999999659,4.78803313583177,10.0,4.5600315579350195,299.94
CX138,260402,T003346,000035,well017,CX138|260402|T003346|000035|well017,/mnt/benshalom-nas/analysis/Sadegh/CX138/CX138/260402/T003346/Network/000035/well017,/mnt/benshalom-nas/analysis/Sadegh/CX138/CX138/260402/T003346/Network/000035/well017/network_results.json,95,25,25.0,0.08334589078087766,0.6515999999999995,0.25632292133166384,0.39337464906639663,11.191249999999998,9.917497715527839,0.8861831980813439,5.112309119311106,1.7389897555275573,0.34015739560010994,0.5406315789473685,0.09078933638433555,0.16793198902865802,191.08,67.83209859646095,0.35499318922158757,641.3333333333335,104.25609494573126,0.16256147860561004,12.738978021529363,1.2382586542204839,0.09720235423342274,15,15.0,0.05000753446852659,1.0859999999999992,0.18467268341580945,0.17004851143260552,19.146428571428572,5.281256083199001,0.2758350500458348,8.520515198851841,1.6998126435769896,0.19949646282023453,0.5654970760233918,0.08504862348136724,0.15039622146136294,318.46666666666664,63.7598271292791,0.2002087935815756,693.3333333333335,89.60820068291534,0.12924259713882016,13.374909630981637,0.8448326212244289,0.06316548257398756,0,,,,,,,,,,,,,,,,,,,,,,,,30.0,0.21459999999999013,3.972267956475598,1.287320972002009,10.0,10.0,4.170881354299378,0.6437999999999704,2.1459999999999013,4.170881354299378,10.0,3.972267956475598,299.94
CX138,260402,T003346,000035,well018,CX138|260402|T003346|000035|well018,/mnt/benshalom-nas/analysis/Sadegh/CX138/CX138/260402/T003346/Network/000035/well018,/mnt/benshalom-nas/analysis/Sadegh/CX138/CX138/260402/T003346/Network/000035/well018/network_results.json,90,9,9.0,0.030001140043321644,0.7533333333333382,0.240185113795357,0.3188297970734807,27.61125,28.71820391210947,1.0400906844894553,7.252980355157687,2.6003667009565006,0.3585238858543642,0.719753086419753,0.08634917753108994,0.11997055540340112,343.1111111111111,157.76807481901642,0.4598162802367707,1222.2222222222224,206.67861375264752,0.16910068397943886,18.07552109978641,4.938000127629871,0.2731871518596618,6,6.0,0.020000760028881095,1.1300000000000072,0.1658312395177677,0.1467533093077581,44.178,24.568308366674337,0.5561208829434184,10.879470532736532,1.5019771810277378,0.13805609165521981,0.7398148148148147,0.07015683977598006,0.09483027153699433,514.6666666666666,55.020198311367636,0.10690453039773505,1344.4444444444446,113.31154474650637,0.08428131427426093,21.49931814161499,1.1660959769459887,0.054238742329639,0,,,,,,,,,,,,,,,,,,,,,,,,30.0,0.21599999999996555,4.133025851147945,0.5783001001876866,10.0,10.0,4.339677143705343,0.6479999999998967,2.1599999999996555,4.339677143705343,10.0,4.133025851147945,299.9699999999999
CX138,260402,T003346,000035,well019,CX138|260402|T003346|000035|well019,/mnt/benshalom-nas/analysis/Sadegh/CX138/CX138/260402/T003346/Network/000035/well019,/mnt/benshalom-nas/analysis/Sadegh/CX138/CX138/260402/T003346/Network/000035/well019/network_results.json,1,0,,,,,,,,,,,,,,,,,,,,,,,,0,,,,,,,,,,,,,,,,,,,,,,,,0,,,,,,,,,,,,,,,,,,,,,,,,30.0,0.05139990272365146,0.0,0.0,5.0,5.0,0.0,0.15419970817095438,0.5139990272365146,0.0,5.0,0.0,296.96999999999804
CX138,260402,T003346,000035,well020,CX138|260402|T003346|000035|well020,/mnt/benshalom-nas/analysis/Sadegh/CX138/CX138/260402/T003346/Network/000035/well020,/mnt/benshalom-nas/analysis/Sadegh/CX138/CX138/260402/T003346/Network/000035/well020/network_results.json,50,0,,,,,,,,,,,,,,,,,,,,,,,,0,,,,,,,,,,,,,,,,,,,,,,,,0,,,,,,,,,,,,,,,,,,,,,,,,30.0,0.4321499971074787,1.5403658885675013,0.28914599132965757,10.0,10.0,1.6173841829958764,1.296449991322436,4.321499971074787,1.6173841829958764,10.0,1.5403658885675013,299.96999999999997
CX138,260402,T003346,000035,well021,CX138|260402|T003346|000035|well021,/mnt/benshalom-nas/analysis/Sadegh/CX138/CX138/260402/T003346/Network/000035/well021,/mnt/benshalom-nas/analysis/Sadegh/CX138/CX138/260402/T003346/Network/000035/well021/network_results.json,95,16,16.0,0.053338436043714854,0.8925000000000078,0.30658400153954435,0.3435114863188142,18.544,9.316771114500982,0.502414318081373,7.934421216804894,2.7193327050286533,0.34272603265241053,0.6684210526315789,0.12007615312157721,0.17964148892204465,321.4375,115.29146149542038,0.35867458369176086,856.25,140.29668464444276,0.1638501426504441,16.063846041024433,2.405958352679821,0.14977473928319515,13,13.0,0.043337479285518316,1.0984615384615481,0.0967030469527215,0.08803498672166446,23.150000000000002,2.3005108128413534,0.09937411718537163,9.765441497606023,0.8310691886273046,0.08510308405728911,0.6991902834008097,0.09412411285475847,0.13461873697235288,395.61538461538464,39.57376454466628,0.10003090396279635,915.3846153846155,71.15095859236725,0.07772793795804825,17.009128718091297,1.4103659574333842,0.08291817769203468,0,,,,,,,,,,,,,,,,,,,,,,,,30.0,0.24039999999999706,3.7022681604464545,0.6411064171633534,10.0,10.0,3.8873815684687774,0.7211999999999912,2.4039999999999706,3.8873815684687774,10.0,3.7022681604464545,299.96999999999997
CX138,260402,T003346,000035,well022,CX138|260402|T003346|000035|well022,/mnt/benshalom-nas/analysis/Sadegh/CX138/CX138/260402/T003346/Network/000035/well022,/mnt/benshalom-nas/analysis/Sadegh/CX138/CX138/260402/T003346/Network/000035/well022/network_results.json,19,0,,,,,,,,,,,,,,,,,,,,,,,,0,,,,,,,,,,,,,,,,,,,,,,,,0,,,,,,,,,,,,,,,,,,,,,,,,30.0,0.4525000000000006,0.6180652960135915,0.17436547947629713,5.0,5.0,0.6489685608142711,1.357500000000002,4.525000000000007,0.6489685608142711,5.0,0.6180652960135915,299.85
CX138,260402,T003346,000035,well023,CX138|260402|T003346|000035|well023,/mnt/benshalom-nas/analysis/Sadegh/CX138/CX138/260402/T003346/Network/000035/well023,/mnt/benshalom-nas/analysis/Sadegh/CX138/CX138/260402/T003346/Network/000035/well023/network_results.json,113,22,22.0,0.07333514226684257,0.6572727272727324,0.3751264249699584,0.5707317668975809,13.177142857142858,13.583739979723347,1.0308562430405834,7.16924199344777,3.64966902803919,0.509073209047031,0.6090104585679806,0.09348890778010586,0.1535095275702399,290.90909090909093,153.5388340248779,0.5277897419605178,1087.878787878788,170.42592352289535,0.15665892691519626,18.786972798579345,4.25428769677873,0.2264488133554138,11,11.0,0.036667571133421284,1.314545454545465,0.19685544471947422,0.14975172143251725,27.606,2.5300442683874196,0.09164834704004272,14.338483986895541,2.1579243197634144,0.15049877809506357,0.6390453204612497,0.08864091691596933,0.13870834208126295,581.8181818181819,78.87598802933188,0.13556810442541414,1190.909090909091,164.58758320000325,0.1382033141374073,21.62836951156144,1.3856099997147626,0.06406446861258243,0,,,,,,,,,,,,,,,,,,,,,,,,30.0,0.27530000000000143,3.983907190962451,0.6091049890598925,10.0,10.0,4.183102550510574,0.8259000000000043,2.7530000000000143,4.183102550510574,10.0,3.983907190962451,299.96999999999997
CX138,260402,T003346,000036,well000,CX138|260402|T003346|000036|well000,/mnt/benshalom-nas/analysis/Sadegh/CX138/CX138/260402/T003346/Network/000036/well000,/mnt/benshalom-nas/analysis/Sadegh/CX138/CX138/260402/T003346/Network/000036/well000/network_results.json,121,14,14.0,0.04666291807891433,0.6900000000000006,0.35387649177159547,0.5128644808283987,21.01153846153846,20.02961109732436,0.9532672314304107,9.097850149000882,4.388068630111066,0.4823192906285624,0.6463990554899646,0.13399716012769974,0.20729788973180216,402.57142857142856,207.80028677476236,0.5161824014987,1435.7142857142856,154.02756180605587,0.10728287886988967,24.23803686522704,5.5933581555141565,0.23076778810987927,8,8.0,0.026664524616522474,1.2075000000000011,0.18355857375781345,0.15201538199404827,38.944285714285705,8.356793399287042,0.21458330140130336,15.921237760751549,0.5315952529738925,0.03338906565947791,0.6807851239669421,0.10047251081062394,0.1475832935731168,704.5,29.21044333795706,0.041462659102848916,1529.1666666666667,97.80578828587917,0.06396018852482561,27.393308270336302,1.0593802265014376,0.038672956769103366,0,,,,,,,,,,,,,,,,,,,,,,,,30.0,0.2917499957154889,3.008854903772469,0.4153634109607287,10.0,10.0,3.1592976489610924,0.8752499871464666,2.917499957154889,3.1592976489610924,10.0,3.008854903772469,300.0
CX138,260402,T003346,000036,well001,CX138|260402|T003346|000036|well001,/mnt/benshalom-nas/analysis/Sadegh/CX138/CX138/260402/T003346/Network/000036/well001,/mnt/benshalom-nas/analysis/Sadegh/CX138/CX138/260402/T003346/Network/000036/well001/network_results.json,110,61,61.0,0.20330907178410043,0.7096721311475429,0.3582698278549241,0.5048385192688915,4.711499999999999,5.137440291623832,1.09040439172744,8.649075991261405,5.149022923873655,0.5953263596106649,0.5655737704918031,0.09329382972310751,0.16495430762636404,403.327868852459,247.9675230791637,0.6148038413132133,1245.9016393442625,160.61856006396368,0.12891752847239188,18.103250106750078,4.520071475755611,0.2496828718104177,26,26.0,0.08665632567846904,1.6650000000000047,0.14393508152047665,0.08644749640869444,11.278799999999999,1.5736360951630506,0.1395215887473003,20.29206290257483,1.1029305443468278,0.05435280531319852,0.5772727272727273,0.06400575440330811,0.11087610998998255,946.2692307692307,39.608233111027744,0.041857255655274615,1360.2564102564104,145.59610177498232,0.10703577698820566,22.309061675581287,0.8077667697517328,0.03620801186075369,0,,,,,,,,,,,,,,,,,,,,,,,,30.0,0.10360000000002857,2.1319550140422283,0.7534046632270959,10.0,10.0,2.2385527647443397,0.31080000000008573,1.0360000000002858,2.2385527647443397,10.0,2.1319550140422283,300.03000000000003
CX138,260402,T003346,000036,well002,CX138|260402|T003346|000036|well002,/mnt/benshalom-nas/analysis/Sadegh/CX138/CX138/260402/T003346/Network/000036/well002,/mnt/benshalom-nas/analysis/Sadegh/CX138/CX138/260402/T003346/Network/000036/well002/network_results.json,88,14,14.0,0.04666396015697757,0.7371428571428525,0.291680563322978,0.39569068667846097,20.84769230769231,10.951605540071528,0.5253150026600615,4.782346777959613,1.4089717118761578,0.29461931083075815,0.5568181818181818,0.07314208003940785,0.1313572049687325,184.28571428571428,52.80480033837369,0.28653767625474097,580.952380952381,54.50249115361713,0.09381576346114423,10.976670909024849,0.6725469834550273,0.06127057912450209,13,13.0,0.043330820145764885,0.793846153846149,0.32281307907777196,0.40664438255921137,22.585000000000004,9.646394404128415,0.4271150942717916,5.15021960703343,1.5975403572666245,0.31018878400543026,0.5576923076923077,0.07248395958611148,0.12997123787854473,198.46153846153845,58.3643929709194,0.29408415062866367,584.6153846153846,54.874191177006914,0.09386374806593288,10.964528128004957,0.6964545847217413,0.06351888349329851,0,,,,,,,,,,,,,,,,,,,,,,,,30.0,0.25834999516159535,1.7792311767617073,0.6643898972361033,10.0,10.0,1.8681927355997927,0.7750499854847861,2.5834999516159534,1.8681927355997927,10.0,1.7792311767617073,300.0
CX138,260402,T003346,000036,well003,CX138|260402|T003346|000036|well003,/mnt/benshalom-nas/analysis/Sadegh/CX138/CX138/260402/T003346/Network/000036/well003,/mnt/benshalom-nas/analysis/Sadegh/CX138/CX138/260402/T003346/Network/000036/well003/network_results.json,171,49,49.0,0.16331270149537777,0.6055102040816306,0.26094851493522564,0.43095642844038085,6.0062500000000005,7.992382212926261,1.330677579675548,7.326243044676146,3.6839761399554947,0.5028465637148875,0.5569877073636471,0.11294292551810496,0.20277453887212377,268.0612244897959,152.98918304609927,0.5707247787787487,923.1292517006804,355.72442655479733,0.38534628374027413,17.61779287055634,6.737470804449398,0.3824242261191166,26,26.0,0.08665571916081269,1.1849999999999967,0.6400976488005546,0.5401667922367565,11.504399999999999,8.540430939946766,0.7423621344830471,13.80715035342812,8.903107140498834,0.6448185840381117,0.5442157744789323,0.0842289247334405,0.15477119312479828,505.1923076923077,337.57734375658487,0.6682155262787367,900.0,407.82935932174667,0.4531437325797185,18.442997395289193,7.882474726827534,0.4273966187752603,2,2.0,0.0066658245508317455,4.664999999999992,1.8449999999999989,0.39549839228295863,20.45999999999998,0.0,0.0,30.173141704287975,0.7431188819587113,0.02462848878123636,0.531107862248213,0.052225471085120184,0.09833307845236272,1093.0,16.0,0.01463860933211345,1200.0,33.33333333333337,0.02777777777777781,24.52317741994763,0.24103114519702018,0.009828707800358723,30.0,0.26329999999998677,5.431988843495219,1.790397496702922,10.0,10.0,5.70358828566998,0.7898999999999603,2.6329999999998677,5.70358828566998,10.0,5.431988843495219,300.03000000000003
CX138,260402,T003346,000036,well004,CX138|260402|T003346|000036|well004,/mnt/benshalom-nas/analysis/Sadegh/CX138/CX138/260402/T003346/Network/000036/well004,/mnt/benshalom-nas/analysis/Sadegh/CX138/CX138/260402/T003346/Network/000036/well004/network_results.json,161,55,55.0,0.18331286339692068,0.5301818181818206,0.31365580967383455,0.5916004640624424,5.253888888888889,7.913793962224639,1.5062735679395527,5.5422298817000275,3.028717272246273,0.5464799073468317,0.4747600225861095,0.09890317848605795,0.20832246562655643,210.92727272727274,132.49642939208925,0.6281616771454969,840.6060606060606,246.73143368308274,0.29351612514570047,14.269075423702748,3.571628178055227,0.2503055083808933,22,22.0,0.07332514535876827,1.4086363636363701,0.5810515190313075,0.4124922045398098,13.51,8.31811276672779,0.6157004268488372,13.855574704250069,6.2211194009472965,0.4489975720053695,0.49036796536796534,0.07256491473617653,0.14798053678266854,527.3181818181819,247.00172733360617,0.468411171566187,957.5757575757576,249.8851894313734,0.2609560522542823,16.496444967513415,3.846201497421078,0.23315335546509772,1,1.0,0.003332961152671285,2.7600000000000477,0.0,0.0,0.0,0.0,0.0,21.04288293416023,0.0,0.0,0.4337474120082816,0.0,0.0,795.0,0.0,0.0,1033.3333333333335,0.0,0.0,19.022428971356497,0.0,0.0,30.0,0.2381000000000029,5.553066411940614,1.815726930364249,10.0,10.0,5.830719732537645,0.7143000000000087,2.381000000000029,5.830719732537645,10.0,5.553066411940614,300.03000000000003
CX138,260402,T003346,000036,well005,CX138|260402|T003346|000036|well005,/mnt/benshalom-nas/analysis/Sadegh/CX138/CX138/260402/T003346/Network/000036/well005,/mnt/benshalom-nas/analysis/Sadegh/CX138/CX138/260402/T003346/Network/000036/well005/network_results.json,281,40,40.0,0.13331640215026025,0.7080000000000015,0.4218601664058836,0.5958476926636761,7.306923076923078,7.839341009014806,1.0728648606926252,15.935738178477994,9.518326995521745,0.5972943888082146,0.5588078291814946,0.12168395707947337,0.21775635688159223,654.75,457.1972632245298,0.6982776070630466,2293.3333333333335,498.3416944672044,0.21730015747116468,37.83625608188399,14.230722851812232,0.376113398244651,20,20.0,0.06665820107513012,1.416000000000003,0.32596625592229694,0.23020215813721487,14.984210526315788,4.6897304554902055,0.3129781477144851,31.871476356955988,8.199920351334823,0.2572808444609495,0.557829181494662,0.045051539543987766,0.08076224951745174,1309.5,351.4090920849943,0.268353640385639,2431.666666666667,591.652581991981,0.24331154845455008,48.28965199273772,11.178515854404992,0.23148884684623797,1,1.0,0.0033329100537565063,3.480000000000018,0.0,0.0,0.0,0.0,0.0,40.39760856376191,0.0,0.0,0.5382562277580071,0.0,0.0,1592.0,0.0,0.0,2633.3333333333335,0.0,0.0,52.830028347274876,0.0,0.0,30.0,0.22950000000000162,8.515512495305025,1.8726233183886265,14.05,14.05,8.941288120070276,0.6885000000000049,2.2950000000000164,8.941288120070276,14.05,8.515512495305025,300.03000000000003
CX138,260402,T003346,000036,well006,CX138|260402|T003346|000036|well006,/mnt/benshalom-nas/analysis/Sadegh/CX138/CX138/260402/T003346/Network/000036/well006,/mnt/benshalom-nas/analysis/Sadegh/CX138/CX138/260402/T003346/Network/000036/well006/network_results.json,105,17,17.0,0.05666111387750667,0.5717647058823545,0.24512266542950756,0.42871248068946677,15.172500000000003,19.216526578703036,1.2665366010020123,5.612513957390974,2.2343554766864693,0.3981024356730738,0.6218487394957984,0.0875779166571469,0.14083475786757405,226.1764705882353,100.67608822597563,0.4451218465127661,988.2352941176473,207.99106833217442,0.21046715247898598,15.931328548332655,2.8846539710099055,0.1810680108854957,7,7.0,0.02333104689073804,1.3885714285714326,0.21377080994297137,0.15395017176962913,40.410000000000004,4.265524586730235,0.10555616398738517,13.63039103937808,1.6094321099099362,0.11807673787643369,0.6253968253968255,0.02398274103785623,0.03834803770012544,549.2857142857143,58.35779856249912,0.10624306630363949,1138.0952380952383,211.89138534559038,0.18618071515721327,18.186750666486123,1.4080230486277754,0.0774202645897834,0,,,,,,,,,,,,,,,,,,,,,,,,30.0,0.29349999999999454,3.234742389313667,0.555139290713528,10.0,10.0,3.3964795087793505,0.8804999999999836,2.9349999999999454,3.3964795087793505,10.0,3.234742389313667,300.00000000000006
CX138,260402,T003346,000036,well007,CX138|260402|T003346|000036|well007,/mnt/benshalom-nas/analysis/Sadegh/CX138/CX138/260402/T003346/Network/000036/well007,/mnt/benshalom-nas/analysis/Sadegh/CX138/CX138/260402/T003346/Network/000036/well007/network_results.json,16,31,31.0,0.10336265387281526,0.6338709677419343,0.1738868267349946,0.2743252737295085,9.582,3.1691096541457764,0.33073571844560384,2.2219469152308307,0.6091429563767677,0.27414829409346436,0.967741935483871,0.04987627772924591,0.05153882032022077,97.93548387096774,23.372075264837388,0.23864767233529613,467.741935483871,86.12896513763779,0.18413778753563942,6.889160971427186,0.7403463277002476,0.10746538377762342,28,28.0,0.09335981640125249,0.701785714285713,0.17146539783017503,0.2443272844399445,10.646666666666667,0.9205915972291322,0.08646758896954905,2.4600126561484195,0.6685270932579046,0.27175758286731777,0.9743303571428571,0.040100991569691255,0.04115748962937384,108.42857142857143,23.855859674644435,0.2200145161034401,486.9047619047619,63.83217437359291,0.13109786423916392,7.02347550697728,0.6373319049444282,0.09074309496933365,0,,,,,,,,,,,,,,,,,,,,,,,,30.0,0.07819999999999895,0.2030317168520892,0.137835431226855,5.0,5.0,0.21318330269469368,0.23459999999999687,0.7819999999999895,0.21318330269469368,5.0,0.2030317168520892,299.91
CX138,260402,T003346,000036,well008,CX138|260402|T003346|000036|well008,/mnt/benshalom-nas/analysis/Sadegh/CX138/CX138/260402/T003346/Network/000036/well008,/mnt/benshalom-nas/analysis/Sadegh/CX138/CX138/260402/T003346/Network/000036/well008/network_results.json,128,47,47.0,0.15664766008390982,0.6899999999999985,0.355396093083088,0.5150668015696939,6.269347826086955,6.63702998079514,1.0586475922069993,8.113119769806714,4.44361609727737,0.5477074446521124,0.640625,0.11665993838248095,0.182103318450702,315.1276595744681,182.97361942411456,0.5806333207030845,1341.1347517730499,253.5061715325294,0.18902363927068558,20.486908341177564,4.849731512829575,0.23672344465376846,22,22.0,0.07332443663502161,1.4740909090909058,0.12044082254592024,0.08170515251342125,13.71,2.4001964205337103,0.17506903140289642,17.33257405367798,0.8217439711162873,0.04741038281858157,0.6454190340909091,0.0376774378145761,0.05837670695232259,673.2272727272727,34.67240429844332,0.051501782092077036,1525.757575757576,249.0247276233033,0.16321382346711039,25.046344298846964,1.4110005151039655,0.05633558727246764,0,,,,,,,,,,,,,,,,,,,,,,,,30.0,0.15760000000000218,2.828864593559593,0.9611459394380224,10.0,10.0,2.970307823237573,0.47280000000000655,1.5760000000000218,2.970307823237573,10.0,2.828864593559593,300.03
CX138,260402,T003346,000036,well009,CX138|260402|T003346|000036|well009,/mnt/benshalom-nas/analysis/Sadegh/CX138/CX138/260402/T003346/Network/000036/well009,/mnt/benshalom-nas/analysis/Sadegh/CX138/CX138/260402/T003346/Network/000036/well009/network_results.json,85,24,24.0,0.07999856002591953,0.8574999999999982,0.5024378070965607,0.5859333027365152,12.713478260869564,10.905778926269221,0.8578123706582952,6.865938554387902,3.3430618485395427,0.486905296640479,0.6862745098039215,0.10460375426156188,0.1524226133525616,286.75,150.398152138471,0.5244922480853391,1230.5555555555557,301.2192302814646,0.24478312167342495,15.990235236803324,3.164808811006015,0.19792134162741096,14,14.0,0.04666582668178639,1.4699999999999969,0.33348805932790315,0.22686262539313187,22.470000000000002,1.8385111032906727,0.08182069885583768,11.77018037895069,1.4379060502409995,0.12216516688329535,0.7123249299719888,0.08969360884468362,0.12591670608553698,491.57142857142856,51.68270543243965,0.10513773264373076,1402.3809523809525,218.3866840358458,0.15572564905781872,18.27650236344681,1.4572411508810776,0.07973304311198924,0,,,,,,,,,,,,,,,,,,,,,,,,30.0,0.21469999999999348,2.872635190413627,0.957130407539952,10.0,10.0,3.0162669499343084,0.6440999999999805,2.146999999999935,3.0162669499343084,10.0,2.872635190413627,299.99999999999994
CX138,260402,T003346,000036,well010,CX138|260402|T003346|000036|well010,/mnt/benshalom-nas/analysis/Sadegh/CX138/CX138/260402/T003346/Network/000036/well010,/mnt/benshalom-nas/analysis/Sadegh/CX138/CX138/260402/T003346/Network/000036/well010/network_results.json,343,164,164.0,0.5466564624127016,0.4959146341463407,0.3642044688793569,0.734409601576474,1.7644785276073618,3.971734203194779,2.250939380135423,10.96248173528773,9.55336035383709,0.8714596370167951,0.47955628244329096,0.1335959962771812,0.2785825171479832,380.8780487804878,347.9861361915997,0.913641879089113,1146.5447154471544,592.8848549698006,0.5171057412606663,25.0970338016086,11.270387333124184,0.44907248490862717,38,38.0,0.1266643022663577,2.3131578947368405,1.4533067652827556,0.6282782375511348,7.751351351351351,6.8515278083785525,0.8839139780683628,47.311763278610215,29.735563816776892,0.6285025489679947,0.49655192513486207,0.08871729359230564,0.17866669949615094,1643.7894736842106,1044.1193256543938,0.6351904196796069,1591.228070175439,851.3382726136208,0.535019642105583,33.173114236846665,15.161525247758819,0.4570425658414164,15,15.0,0.04999906668408856,5.1880000000000015,2.4229023917607617,0.4670205072784813,18.539999999999996,6.045906525434019,0.32610067558975303,91.26884383489623,32.77526247732217,0.35910680030758424,0.5024396190139631,0.06281546599612178,0.1250209251400139,3153.4,1147.6987874292918,0.36395598003085294,2073.3333333333335,794.4436674432875,0.3831721868697528,43.299302514237766,13.236459071138182,0.30569681963781614,30.0,0.2733000000000061,11.140841321696946,5.35096046066861,17.150000000000002,17.150000000000002,11.697883387781793,0.8199000000000183,2.733000000000061,11.697883387781793,17.150000000000002,11.140841321696946,299.99999999999994
CX138,260402,T003346,000036,well011,CX138|260402|T003346|000036|well011,/mnt/benshalom-nas/analysis/Sadegh/CX138/CX138/260402/T003346/Network/000036/well011,/mnt/benshalom-nas/analysis/Sadegh/CX138/CX138/260402/T003346/Network/000036/well011/network_results.json,243,60,60.0,0.19998173500153651,0.8004999999999972,0.40284581417708504,0.5032427410082279,4.855423728813559,5.627433205420645,1.1589994034971134,13.118573551503042,6.375990278554405,0.4860277112845005,0.5525377229080932,0.11349340298024,0.20540389963404906,508.8666666666667,267.44958818854485,0.5255789103665889,1601.6666666666667,637.10645078325,0.3977771805098335,28.125684924348306,8.556351930474282,0.3042184378260982,25,25.0,0.08332572291730689,1.9211999999999931,0.5446123024684592,0.28347506895089586,11.910000000000002,3.5070821205098666,0.2944653333761432,31.484576523607306,9.467289874957558,0.3006961160128335,0.5525788751714678,0.0715140039297704,0.12941863531713782,1221.28,373.4602008246662,0.3057940855697843,2014.666666666667,631.9690569077642,0.3136841778165606,31.919592066462638,7.600805957043564,0.23812353056446478,3,3.0,0.009999086750076826,2.609999999999985,0.024494897427821107,0.009385018171579022,81.465,0.8549999999999898,0.01049530473209341,38.20602752853775,1.0241676376332636,0.026806441388554935,0.583676268861454,0.04271165288598151,0.07317695641335024,1460.6666666666667,28.4526897771644,0.019479249048720493,2322.2222222222226,234.6523564660319,0.10104646929159267,32.69404309333584,0.7250996281177639,0.02217834074689783,30.0,0.20490000000000205,4.52590464279518,2.282305522063674,12.15,12.15,4.75219987493494,0.6147000000000061,2.0490000000000204,4.75219987493494,12.15,4.52590464279518,300.0
CX138,260402,T003346,000036,well012,CX138|260402|T003346|000036|well012,/mnt/benshalom-nas/analysis/Sadegh/CX138/CX138/260402/T003346/Network/000036/well012,/mnt/benshalom-nas/analysis/Sadegh/CX138/CX138/260402/T003346/Network/000036/well012/network_results.json,140,3,3.0,0.009998830136873986,0.5299999999999917,0.11575836902790172,0.21841201703378024,0.5550000000000068,0.1349999999999909,0.24324324324322386,8.912813362592354,1.3495266888240969,0.1514142206195124,0.6190476190476191,0.033162829231390745,0.053570724143015815,397.3333333333333,136.00571883400917,0.3422962722332446,1866.6666666666667,188.56180831641268,0.10101525445522107,28.1987786552789,7.683207482707245,0.27246596658075206,1,1.0,0.0033329433789579953,1.589999999999975,0.0,0.0,0.0,0.0,0.0,26.73844008777706,0.0,0.0,0.6190476190476191,0.0,0.0,1192.0,0.0,0.0,2133.3333333333335,0.0,0.0,33.65169018431574,0.0,0.0,0,,,,,,,,,,,,,,,,,,,,,,,,30.0,0.2896999999999821,5.71486548687662,0.572474712058495,10.0,10.0,6.000608761220452,0.8690999999999462,2.896999999999821,6.000608761220452,10.0,5.71486548687662,300.03000000000003
CX138,260402,T003346,000036,well013,CX138|260402|T003346|000036|well013,/mnt/benshalom-nas/analysis/Sadegh/CX138/CX138/260402/T003346/Network/000036/well013,/mnt/benshalom-nas/analysis/Sadegh/CX138/CX138/260402/T003346/Network/000036/well013/network_results.json,94,49,49.0,0.163371671218846,0.8051020408163259,0.34527789723983854,0.4288622804753385,5.824374999999999,5.623026285673488,0.9654299878825606,7.7300458656868285,2.7878828439930055,0.3606554077988381,0.6504559270516717,0.09597357692308174,0.1475481626527752,320.3265306122449,104.20532865749432,0.32530970337775367,1444.8979591836733,594.7064681323598,0.41159063472437335,20.037053115453897,4.350386297627167,0.21711707168515024,24,24.0,0.08001877773984294,1.6437499999999987,0.17449480651296637,0.10615653628165263,12.1395652173913,1.2780572153650651,0.10528031214281905,15.782176975777276,1.6203572469365586,0.10267007203274348,0.6533687943262412,0.048427305970736384,0.07411940452508906,654.0,72.88747034527493,0.11144873141479347,2020.8333333333333,254.3715021599533,0.1258745577698738,22.545742602359777,4.9277752440907285,0.21856788356906715,0,,,,,,,,,,,,,,,,,,,,,,,,30.0,0.10710000000000264,1.197023164871744,0.448497442738892,10.0,10.0,1.2568743231153312,0.3213000000000079,1.0710000000000264,1.2568743231153312,10.0,1.197023164871744,299.90999999999997
CX138,260402,T003346,000036,well014,CX138|260402|T003346|000036|well014,/mnt/benshalom-nas/analysis/Sadegh/CX138/CX138/260402/T003346/Network/000036/well014,/mnt/benshalom-nas/analysis/Sadegh/CX138/CX138/260402/T003346/Network/000036/well014/network_results.json,152,21,21.0,0.0699918109581179,0.8585714285714251,0.5073862594971691,0.5909656932579365,14.847,11.965671773870454,0.8059319575584599,10.806086854153087,5.509573327269207,0.5098583235199263,0.6791979949874686,0.16557780728030744,0.24378429927986228,417.8095238095238,226.1473643124932,0.5412690506681511,1758.7301587301588,514.4375633162575,0.2925051127159226,24.864725806759413,5.732464755028977,0.23054606753277052,13,13.0,0.04332826392645394,1.3869230769230714,0.2423406570983068,0.17473258692612317,24.745,2.100315452497557,0.08487837755092167,17.45598645670883,1.492196489179671,0.08548336657343004,0.7318657219973008,0.12448221192441813,0.17008886764733222,674.9230769230769,49.874398455538035,0.0738964189562337,2058.974358974359,334.65222314165027,0.1625334583128812,28.66412749665653,2.4869477069176185,0.08676167475209924,0,,,,,,,,,,,,,,,,,,,,,,,,30.0,0.2300999999999931,3.834432985265092,1.0459716329112634,10.0,10.0,4.026154634528346,0.6902999999999793,2.300999999999931,4.026154634528346,10.0,3.834432985265092,300.03000000000003
CX138,260402,T003346,000036,well015,CX138|260402|T003346|000036|well015,/mnt/benshalom-nas/analysis/Sadegh/CX138/CX138/260402/T003346/Network/000036/well015,/mnt/benshalom-nas/analysis/Sadegh/CX138/CX138/260402/T003346/Network/000036/well015/network_results.json,213,51,51.0,0.16998521128661806,0.7111764705882357,0.37287251177124864,0.524303779992657,5.722199999999998,6.799257103537116,1.1882243024600885,12.459045591686827,5.0655542821321395,0.4065764303416692,0.5884194053208138,0.10205159600288238,0.1734334304410687,471.7647058823529,189.28789031787514,0.401233682718688,1977.777777777778,703.4204222842588,0.35566201126732183,32.26111503122501,4.398862435506027,0.13635184125683317,20,20.0,0.06666086717122277,1.8135000000000012,0.1504418492308561,0.08295663040025145,15.004736842105261,1.2789278750951099,0.085234942042187,31.770566258801416,2.036566979293461,0.06410231919392592,0.6018779342723005,0.06451324175075468,0.10718658730819615,1203.0,68.81932868024796,0.05720642450560928,2785.0,291.25685495032656,0.10458055833045837,35.396636873512406,3.605642167123684,0.10186397594800356,0,,,,,,,,,,,,,,,,,,,,,,,,30.0,0.2604000000000042,3.3648566629855594,1.7775066593930333,10.65,10.65,3.5330994961348376,0.7812000000000126,2.604000000000042,3.5330994961348376,10.65,3.3648566629855594,299.99999999999994
CX138,260402,T003346,000036,well016,CX138|260402|T003346|000036|well016,/mnt/benshalom-nas/analysis/Sadegh/CX138/CX138/260402/T003346/Network/000036/well016,/mnt/benshalom-nas/analysis/Sadegh/CX138/CX138/260402/T003346/Network/000036/well016/network_results.json,317,35,35.0,0.11665220179364426,0.49628571428571977,0.11369346543065993,0.22908873287697487,8.751176470588234,7.278947792700408,0.8317679133958926,6.9156040085175166,1.4493682622995727,0.20957941786638978,0.41694456962595766,0.05204015200378114,0.12481311856505657,237.57142857142858,49.10821037800718,0.2067092439242635,762.857142857143,79.59079015533783,0.104332496458308,16.842296410159605,0.8154146183015152,0.04841469348619473,34,34.0,0.11331928174239728,0.5108823529411821,0.14229975914697549,0.27853723724796275,9.016363636363636,7.249873068139347,0.8040794893076509,7.11900412641509,1.914833495553745,0.2689749101912651,0.4170532566338838,0.05279044302269293,0.1265796206670933,244.55882352941177,63.748213897226215,0.2606661782929274,764.7058823529413,80.00865005138496,0.10462669622104186,16.857081594962466,0.8226821089332979,0.04880335331467734,0,,,,,,,,,,,,,,,,,,,,,,,,30.0,0.26140000000000896,12.137159425050552,0.9402084362273238,15.850000000000001,15.850000000000001,12.74401739630308,0.7842000000000269,2.6140000000000896,12.74401739630308,15.850000000000001,12.137159425050552,300.03
CX138,260402,T003346,000036,well017,CX138|260402|T003346|000036|well017,/mnt/benshalom-nas/analysis/Sadegh/CX138/CX138/260402/T003346/Network/000036/well017,/mnt/benshalom-nas/analysis/Sadegh/CX138/CX138/260402/T003346/Network/000036/well017/network_results.json,205,230,230.0,0.766573144743008,0.4153043478260869,0.21871093385972282,0.5266280861362673,1.2517467248908296,2.814112362717627,2.2481483727972673,4.820291619518647,3.045465968454636,0.631801187322927,0.4201908801696713,0.10405807740239645,0.24764477839304422,166.34347826086957,119.69584398032612,0.7195704047537835,639.2753623188406,268.93681624521975,0.42069010022489595,12.896023953254332,4.298882447178675,0.3333494465240851,79,79.0,0.2633012105856419,1.3298734177215186,1.2522157512882488,0.9416052194153025,3.6584615384615384,4.660875365379085,1.2739987331776306,14.033760411256814,13.538230998967775,0.9646901901010392,0.42110344733994004,0.07475160827626443,0.17751364598998504,484.2911392405063,468.9353995049092,0.9682923380351768,741.7721518987344,355.60484534353145,0.4793990235859894,14.527998656561738,6.202182917890254,0.426912409927087,11,11.0,0.03666219387901343,4.08818181818181,2.0208225966032205,0.49430839587804026,26.967000000000006,16.113929409054773,0.5975425300943661,42.806222190704105,19.40112939802847,0.4532315258187316,0.45741721692941206,0.037257211528214186,0.08145126626041202,1465.909090909091,662.8343347865293,0.4521660578388727,1184.848484848485,399.8392698192906,0.3374602533001685,21.044171502051793,6.175404775343398,0.29344965064275874,30.0,0.24574999491351682,7.568707315267854,2.286510918660871,10.25,10.25,7.947142681031248,0.7372499847405505,2.457499949135168,7.947142681031248,10.25,7.568707315267854,300.03000000000003
CX138,260402,T003346,000036,well018,CX138|260402|T003346|000036|well018,/mnt/benshalom-nas/analysis/Sadegh/CX138/CX138/260402/T003346/Network/000036/well018,/mnt/benshalom-nas/analysis/Sadegh/CX138/CX138/260402/T003346/Network/000036/well018/network_results.json,154,18,18.0,0.05999406058800179,0.5566666666666653,0.2328566559543041,0.41830536997779283,17.110588235294117,18.70244918550328,1.0930336776456127,6.311827648259776,3.370911346189117,0.5340626414472052,0.5227272727272728,0.0800353761665988,0.15311115440566722,256.6666666666667,172.6451080492388,0.6726432781139173,1238.8888888888891,527.7777777777778,0.4260089686098654,18.230410882829528,8.603401920775758,0.471925837331453,11,11.0,0.03666303702600109,0.9681818181818155,0.40271393370070613,0.4159486639162234,29.088,16.21970579264618,0.5576081474369562,10.328445242606906,5.7658280974519265,0.5582474382171995,0.5126918536009446,0.051400123639225796,0.10025539371888138,420.0,257.4296020274281,0.6129276238748288,1142.4242424242423,581.897090608614,0.5093528909836675,20.759252429642956,9.489750424989968,0.45713353393396666,0,,,,,,,,,,,,,,,,,,,,,,,,30.0,0.24240000000003195,5.876599883676673,0.8341851582190491,10.0,10.0,6.1704298778605065,0.7272000000000959,2.4240000000003197,6.1704298778605065,10.0,5.876599883676673,300.0
CX138,260402,T003346,000036,well019,CX138|260402|T003346|000036|well019,/mnt/benshalom-nas/analysis/Sadegh/CX138/CX138/260402/T003346/Network/000036/well019,/mnt/benshalom-nas/analysis/Sadegh/CX138/CX138/260402/T003346/Network/000036/well019/network_results.json,2,0,,,,,,,,,,,,,,,,,,,,,,,,0,,,,,,,,,,,,,,,,,,,,,,,,0,,,,,,,,,,,,,,,,,,,,,,,,30.0,0.2472960371700208,0.026995957967298846,0.026995957967298846,5.0,5.0,0.02834575586566379,0.7418881115100624,2.472960371700208,0.02834575586566379,5.0,0.026995957967298846,296.7000000000003
CX138,260402,T003346,000036,well020,CX138|260402|T003346|000036|well020,/mnt/benshalom-nas/analysis/Sadegh/CX138/CX138/260402/T003346/Network/000036/well020,/mnt/benshalom-nas/analysis/Sadegh/CX138/CX138/260402/T003346/Network/000036/well020/network_results.json,61,0,,,,,,,,,,,,,,,,,,,,,,,,0,,,,,,,,,,,,,,,,,,,,,,,,0,,,,,,,,,,,,,,,,,,,,,,,,30.0,0.4552499972542483,1.731920044284884,0.3117154940237221,10.0,10.0,1.8185160464991283,1.365749991762745,4.552499972542483,1.8185160464991283,10.0,1.731920044284884,300.0
CX138,260402,T003346,000036,well021,CX138|260402|T003346|000036|well021,/mnt/benshalom-nas/analysis/Sadegh/CX138/CX138/260402/T003346/Network/000036/well021,/mnt/benshalom-nas/analysis/Sadegh/CX138/CX138/260402/T003346/Network/000036/well021/network_results.json,175,26,26.0,0.08665878071762137,0.6057692307692301,0.3395151868918085,0.5604695148690179,10.875599999999999,12.452230990469142,1.1449695640212165,7.050385607039105,4.138376675239691,0.5869716786990964,0.49274725274725273,0.11059204387776594,0.22443969654051518,273.5769230769231,185.45685234803332,0.6778965501263695,1071.7948717948718,315.5096687659708,0.29437504980557083,16.7320728724327,6.142702410092372,0.3671214234437694,14,14.0,0.04666242038641151,1.1249999999999987,0.4605547896675441,0.4093820352600397,20.896153846153844,10.21563698715134,0.4888764249326981,13.093573270215481,6.052149362080632,0.46222289646843145,0.4885034013605442,0.04030088372625961,0.0824986757799772,508.07142857142856,245.07009617824923,0.4823536266688443,1076.1904761904764,407.553399252945,0.3787000612527364,19.58868769098839,5.9634342004782255,0.30443255283617865,0,,,,,,,,,,,,,,,,,,,,,,,,30.0,0.2738999999999976,6.444608781076691,0.9044160275721636,10.0,10.0,6.766839220130525,0.8216999999999928,2.738999999999976,6.766839220130525,10.0,6.444608781076691,300.0
CX138,260402,T003346,000036,well022,CX138|260402|T003346|000036|well022,/mnt/benshalom-nas/analysis/Sadegh/CX138/CX138/260402/T003346/Network/000036/well022,/mnt/benshalom-nas/analysis/Sadegh/CX138/CX138/260402/T003346/Network/000036/well022/network_results.json,11,0,,,,,,,,,,,,,,,,,,,,,,,,0,,,,,,,,,,,,,,,,,,,,,,,,0,,,,,,,,,,,,,,,,,,,,,,,,30.0,0.5754499978277763,0.2396668365400228,0.17113975804248038,5.0,5.0,0.25165017836702397,1.7263499934833288,5.754499978277763,0.25165017836702397,5.0,0.2396668365400228,299.87999999999994
CX138,260402,T003346,000036,well023,CX138|260402|T003346|000036|well023,/mnt/benshalom-nas/analysis/Sadegh/CX138/CX138/260402/T003346/Network/000036/well023,/mnt/benshalom-nas/analysis/Sadegh/CX138/CX138/260402/T003346/Network/000036/well023/network_results.json,237,36,36.0,0.119985441766399,0.6033333333333327,0.30214051182998714,0.5007853787237361,7.955142857142856,11.096263816883473,1.3948541234454679,7.769692644756997,3.8707583576973175,0.49818680540848836,0.4573370839193624,0.0879874587686773,0.19239082476021394,283.25,158.00674651559802,0.5578349391548033,985.1851851851853,318.2169114668236,0.32300212818061036,17.757443226000834,4.784466262158009,0.26943441132068435,17,17.0,0.056659791945243974,1.321764705882355,0.6633181766393936,0.5018428572705685,17.401874999999997,11.377598724439833,0.6538145300112681,16.453466777132466,8.783315217950394,0.5338276326152562,0.4630801687763713,0.05805541113751335,0.12536794933567802,599.8235294117648,326.84215209722146,0.5448971840396944,1086.2745098039215,344.7190432250801,0.3173406354599113,19.757009846681456,5.3556183757994855,0.2710743385441526,1,1.0,0.003332928937955528,2.730000000000018,0.0,0.0,0.0,0.0,0.0,27.138503754796094,0.0,0.0,0.43037974683544306,0.0,0.0,989.0,0.0,0.0,1200.0,0.0,0.0,22.54030105127961,0.0,0.0,30.0,0.3031000000000006,7.835864341536209,0.9516051430977339,11.850000000000001,11.850000000000001,8.22765755861302,0.9093000000000018,3.031000000000006,8.22765755861302,11.850000000000001,7.835864341536209,300.03000000000003
CX138,260404,T003346,000041,well000,CX138|260404|T003346|000041|well000,/mnt/benshalom-nas/analysis/Sadegh/CX138/CX138/260404/T003346/Network/000041/well000,/mnt/benshalom-nas/analysis/Sadegh/CX138/CX138/260404/T003346/Network/000041/well000/network_results.json,106,2,2.0,0.006666891118667661,0.6300000000000026,0.05999999999999517,0.09523809523808718,0.6899999999999977,0.0,0.0,10.512102319914288,2.223867893298256,0.2115531057080111,0.7924528301886793,0.07547169811320759,0.09523809523809529,497.5,125.5,0.2522613065326633,1800.0,166.66666666666663,0.09259259259259257,28.191519866995137,0.5263466102276695,0.018670387858154575,1,1.0,0.0033334455593338305,1.2600000000000051,0.0,0.0,0.0,0.0,0.0,21.024204639828575,0.0,0.0,0.7924528301886793,0.0,0.0,995.0,0.0,0.0,1966.6666666666667,0.0,0.0,28.717866477222806,0.0,0.0,0,,,,,,,,,,,,,,,,,,,,,,,,30.0,0.3836000000000013,3.338801340259276,0.48211944764924386,10.0,10.0,3.50574140727224,1.1508000000000038,3.8360000000000127,3.50574140727224,10.0,3.338801340259276,299.9699999999999
CX138,260404,T003346,000041,well001,CX138|260404|T003346|000041|well001,/mnt/benshalom-nas/analysis/Sadegh/CX138/CX138/260404/T003346/Network/000041/well001,/mnt/benshalom-nas/analysis/Sadegh/CX138/CX138/260404/T003346/Network/000041/well001/network_results.json,15,83,83.0,0.2769676381668079,0.2645783132530131,0.1516996176248173,0.5733637642468026,3.523170731707314,4.063668256951831,1.153412243233127,1.2472614759455667,0.4653348138458881,0.3730852133415819,0.7614457831325301,0.19225164285995555,0.25248237907241,65.25301204819277,27.594675308569894,0.42288738009809845,462.2489959839358,151.63288686333854,0.328032917714781,6.862677906486013,1.2702773037216257,0.18509936223599666,34,34.0,0.11345662286351167,0.6502941176470625,0.1616729686401756,0.24861514851949074,8.739090909090901,1.470166685326742,0.16822878954118567,3.044785367749472,0.5724883815277565,0.18802257380490062,0.7901960784313726,0.09325528583469167,0.11801537413323263,159.2941176470588,28.645428145399016,0.17982728156269695,623.5294117647059,68.37488538887332,0.10965783505762704,8.146470945815633,0.6397880256680833,0.07853560516246672,0,,,,,,,,,,,,,,,,,,,,,,,,30.0,0.030100000000004463,0.05453044372521994,0.05453044372521994,5.0,5.0,0.05725696591148094,0.0903000000000134,0.3010000000000446,0.05725696591148094,5.0,0.05453044372521994,299.6699999999997
CX138,260404,T003346,000041,well002,CX138|260404|T003346|000041|well002,/mnt/benshalom-nas/analysis/Sadegh/CX138/CX138/260404/T003346/Network/000041/well002,/mnt/benshalom-nas/analysis/Sadegh/CX138/CX138/260404/T003346/Network/000041/well002/network_results.json,148,0,,,,,,,,,,,,,,,,,,,,,,,,0,,,,,,,,,,,,,,,,,,,,,,,,0,,,,,,,,,,,,,,,,,,,,,,,,30.0,0.5038999999999875,4.661224324287984,0.5453100138922347,10.0,10.0,4.894285540502383,1.5116999999999625,5.0389999999998745,4.894285540502383,10.0,4.661224324287984,299.97
CX138,260404,T003346,000041,well003,CX138|260404|T003346|000041|well003,/mnt/benshalom-nas/analysis/Sadegh/CX138/CX138/260404/T003346/Network/000041/well003,/mnt/benshalom-nas/analysis/Sadegh/CX138/CX138/260404/T003346/Network/000041/well003/network_results.json,81,34,34.0,0.1133390002833475,0.6600000000000014,0.3482646052847166,0.5276736443707816,8.395454545454543,10.561851906861754,1.2580440820300958,7.066686684442223,3.2807351299437495,0.4642536561252255,0.8057371096586783,0.07804123765850392,0.09685694840537169,277.1764705882353,140.94105371692584,0.5084885214744778,1037.2549019607845,150.7637865626752,0.14534883014549024,17.715115798719744,3.1726853251652254,0.17909481152782036,13,13.0,0.04333550010833875,1.7261538461538497,0.2174869920615351,0.12599513800356285,23.024999999999995,1.1684284316978981,0.05074607738101622,18.482103636233504,1.2608401549298518,0.06821951546998252,0.8216999050332384,0.06543103438168485,0.07962886934864391,724.9230769230769,51.54305375637482,0.0711014111664763,1179.4871794871797,98.30917698810674,0.08334908483774266,20.712070992614365,1.3232155698950316,0.06388620289911481,0,,,,,,,,,,,,,,,,,,,,,,,,30.0,0.1997999999999962,2.6602363362900237,0.8903764003569606,10.0,10.0,2.793248153104525,0.5993999999999886,1.997999999999962,2.793248153104525,10.0,2.6602363362900237,299.9699999999999
CX138,260404,T003346,000041,well004,CX138|260404|T003346|000041|well004,/mnt/benshalom-nas/analysis/Sadegh/CX138/CX138/260404/T003346/Network/000041/well004,/mnt/benshalom-nas/analysis/Sadegh/CX138/CX138/260404/T003346/Network/000041/well004/network_results.json,63,25,25.0,0.08333908373011072,0.7403999999999961,0.30614349576627875,0.41348392188854727,11.219999999999999,8.432481841071462,0.7515580963521803,5.547752781154617,1.9024238273872616,0.342917916935607,0.7828571428571428,0.0857401489493069,0.10952208807393218,220.16,75.44358422026355,0.342676163791168,676.0,86.6769224701067,0.12822029951199215,13.130453539376592,1.485303715353247,0.1131189955395681,16,16.0,0.05333701358727086,1.1568749999999939,0.20729564485295074,0.17918586264976927,17.951999999999998,1.076204441544448,0.0599489996403993,8.66836372055409,1.1611246725454571,0.1339496945418018,0.8045634920634921,0.07653048101945581,0.09512049922023608,344.0,44.44097208657794,0.12918887234470333,702.0833333333334,84.54843286542926,0.12042506758280726,13.717656916722413,1.4207113110890162,0.10356807432303602,0,,,,,,,,,,,,,,,,,,,,,,,,30.0,0.18684999331014143,2.0884045934576347,0.8495687323879453,10.0,10.0,2.1928248231305165,0.5605499799304243,1.8684999331014143,2.1928248231305165,10.0,2.0884045934576347,299.96999999999997
CX138,260404,T003346,000041,well005,CX138|260404|T003346|000041|well005,/mnt/benshalom-nas/analysis/Sadegh/CX138/CX138/260404/T003346/Network/000041/well005,/mnt/benshalom-nas/analysis/Sadegh/CX138/CX138/260404/T003346/Network/000041/well005/network_results.json,131,35,35.0,0.1166714113040597,0.7414285714285715,0.3732953090451362,0.503481149001147,8.613529411764706,7.3845278961579535,0.8573173136289368,9.775822731405801,4.931986956563347,0.5045086323751401,0.6639040348964013,0.13820782682500996,0.2081744040711796,402.42857142857144,228.61887007660158,0.56809800871005,1352.3809523809525,186.06803914897304,0.13758552190593076,22.75080462701795,7.488917332950648,0.3291715372588233,20,20.0,0.06666937788803412,1.2975,0.14966211945578847,0.11534652751891211,15.39315789473684,1.1849808021166601,0.07698100742030481,17.107689779960154,1.9028507420057217,0.11122780261275896,0.6962468193384224,0.0964464495110791,0.1385233610154558,704.25,68.9774419647467,0.09794453953105674,1438.3333333333335,108.66615541802025,0.07555005011681593,27.981082354511408,1.4257551492302079,0.05095425299015756,0,,,,,,,,,,,,,,,,,,,,,,,,30.0,0.19960000000000022,4.41136585128947,1.4020444031902004,10.0,10.0,4.631934143853944,0.5988000000000007,1.9960000000000022,4.631934143853944,10.0,4.41136585128947,299.97
CX138,260404,T003346,000041,well006,CX138|260404|T003346|000041|well006,/mnt/benshalom-nas/analysis/Sadegh/CX138/CX138/260404/T003346/Network/000041/well006,/mnt/benshalom-nas/analysis/Sadegh/CX138/CX138/260404/T003346/Network/000041/well006/network_results.json,75,6,6.0,0.02000070002450086,0.5500000000000114,0.15066519173320372,0.2739367122421829,5.184000000000003,9.363776161357137,1.8062839817432739,7.4726803037309155,3.169019006092653,0.4240806346968228,0.7844444444444445,0.05072316538005922,0.06466125898307833,337.6666666666667,182.93593292613554,0.541764855654893,1188.888888888889,236.2254625052145,0.19869431425672246,18.667093982747346,5.3181642251361145,0.2848951331177371,2,2.0,0.006666900008166953,1.650000000000034,0.03000000000002956,0.01818181818183572,24.75,0.0,0.0,22.418040911192747,0.2831072713175722,0.012628546465727255,0.7844444444444445,0.011111111111111127,0.014164305949008518,1013.0,26.0,0.02566633761105627,1366.6666666666667,100.0,0.07317073170731707,23.610807130877355,1.1261214116067535,0.04769516795273182,0,,,,,,,,,,,,,,,,,,,,,,,,30.0,0.27820000000002665,2.8631512572635924,0.38938566755852655,10.0,10.0,3.006308820126772,0.83460000000008,2.7820000000002665,3.006308820126772,10.0,2.8631512572635924,299.97
CX138,260404,T003346,000041,well007,CX138|260404|T003346|000041|well007,/mnt/benshalom-nas/analysis/Sadegh/CX138/CX138/260404/T003346/Network/000041/well007,/mnt/benshalom-nas/analysis/Sadegh/CX138/CX138/260404/T003346/Network/000041/well007/network_results.json,139,0,,,,,,,,,,,,,,,,,,,,,,,,0,,,,,,,,,,,,,,,,,,,,,,,,0,,,,,,,,,,,,,,,,,,,,,,,,30.0,0.48309999999999315,4.549301764852286,0.554001795517634,10.0,10.0,4.776766853094901,1.4492999999999794,4.830999999999931,4.776766853094901,10.0,4.549301764852286,299.97
CX138,260404,T003346,000041,well008,CX138|260404|T003346|000041|well008,/mnt/benshalom-nas/analysis/Sadegh/CX138/CX138/260404/T003346/Network/000041/well008,/mnt/benshalom-nas/analysis/Sadegh/CX138/CX138/260404/T003346/Network/000041/well008/network_results.json,82,24,24.0,0.08001538962660486,0.5800000000000022,0.2450510150968539,0.4225017501669879,12.425217391304349,20.896153144947245,1.681753524857536,4.988474552049616,1.7166786664045828,0.3441289814136168,0.6280487804878049,0.08687687102911588,0.13832822183276705,195.125,67.7884654028004,0.34741045690096295,694.4444444444445,75.56372504853024,0.10881176406988355,13.193893144003502,1.1878269085885365,0.09002853787158284,11,11.0,0.036673720245527223,1.2654545454545503,0.22697070841705877,0.1793590368238245,28.544999999999995,23.899801777420663,0.8372675346793017,10.883944477199162,1.2757521259291527,0.11721413395683276,0.6356245380635624,0.05683853342122799,0.08942155316153659,425.72727272727275,46.03968823267576,0.10814361959415617,733.3333333333333,58.60327153276885,0.07991355209013935,13.752084271363623,0.831384053346731,0.06045513079627842,0,,,,,,,,,,,,,,,,,,,,,,,,30.0,0.24599999999999514,2.166186812247007,0.760498189667751,10.0,10.0,2.2744961528593577,0.7379999999999854,2.4599999999999516,2.2744961528593577,10.0,2.166186812247007,299.94
CX138,260404,T003346,000041,well009,CX138|260404|T003346|000041|well009,/mnt/benshalom-nas/analysis/Sadegh/CX138/CX138/260404/T003346/Network/000041/well009,/mnt/benshalom-nas/analysis/Sadegh/CX138/CX138/260404/T003346/Network/000041/well009/network_results.json,68,3,3.0,0.010000250006250155,0.9900000000000091,0.13638181696986373,0.13775941108066916,97.74,20.64,0.21117249846531616,4.908344349301257,1.4268175951973787,0.29069223625284113,0.6911764705882352,0.10672324047586884,0.15440809260338473,187.33333333333334,56.546932326657256,0.3018519519216579,600.0,98.13067629253165,0.1635511271542194,10.435675445995061,0.31013322948428085,0.02971855833282951,3,3.0,0.010000250006250155,0.9900000000000091,0.13638181696986373,0.13775941108066916,97.74,20.64,0.21117249846531616,4.908344349301257,1.4268175951973787,0.29069223625284113,0.6911764705882352,0.10672324047586884,0.15440809260338473,187.33333333333334,56.546932326657256,0.3018519519216579,600.0,98.13067629253165,0.1635511271542194,10.435675445995061,0.31013322948428085,0.02971855833282951,0,,,,,,,,,,,,,,,,,,,,,,,,30.0,0.28579999999999656,2.39654306439928,0.8728620149903792,10.0,10.0,2.516370217619244,0.8573999999999897,2.8579999999999655,2.516370217619244,10.0,2.39654306439928,299.96999999999997
CX138,260404,T003346,000041,well010,CX138|260404|T003346|000041|well010,/mnt/benshalom-nas/analysis/Sadegh/CX138/CX138/260404/T003346/Network/000041/well010,/mnt/benshalom-nas/analysis/Sadegh/CX138/CX138/260404/T003346/Network/000041/well010/network_results.json,115,57,57.0,0.19004985641233219,0.6915789473684206,0.4064125873244264,0.5876589923260355,5.026607142857143,7.4624379099560345,1.484587455886667,7.557152561226394,3.063861188144831,0.40542534550177456,0.6431731502669716,0.16751753024412847,0.2604547938212197,271.140350877193,115.16539419864597,0.42474457905679847,903.5087719298245,339.2851222387535,0.3755194556817272,17.728005646857188,4.632428853625125,0.2613056959650935,17,17.0,0.056681536122976266,2.318823529411763,0.4576137898084324,0.19734739793869502,17.497500000000002,3.6294963493575803,0.20742942416674268,25.338687999406147,5.2545645623184125,0.2073731900578894,0.6607161125319694,0.06349798380548874,0.09610479084905975,909.1176470588235,183.35881966080836,0.20168876960425378,1360.7843137254904,230.7235830600864,0.1695519126234064,23.43213976585286,3.075763702415063,0.13126260483036659,8,8.0,0.026673664057871183,2.6812499999999995,0.10166581283793757,0.03791731947335668,34.34142857142858,22.2091701964825,0.6467165496708576,28.16344269836666,2.643304827111461,0.093855884574252,0.6446014492753622,0.06964524947939565,0.10804389217195888,1003.25,87.7891650489968,0.08750477453176854,1437.5,147.6082465326529,0.10268399758793247,24.65781298276665,1.9351190562008802,0.07847894124078787,30.0,0.23300000000000412,3.684107617234961,2.040098948663549,10.0,10.0,3.8683129980967093,0.6990000000000124,2.3300000000000414,3.8683129980967093,10.0,3.684107617234961,299.91
CX138,260404,T003346,000041,well011,CX138|260404|T003346|000041|well011,/mnt/benshalom-nas/analysis/Sadegh/CX138/CX138/260404/T003346/Network/000041/well011,/mnt/benshalom-nas/analysis/Sadegh/CX138/CX138/260404/T003346/Network/000041/well011/network_results.json,134,41,41.0,0.13667299918229545,0.770487804878048,0.31285429648142427,0.4060470451325865,6.88425,7.480113597900769,1.0865546134874198,8.090287220146426,2.8519368770857514,0.3525136746670577,0.6152165999271934,0.11305774951714832,0.18376901652284403,327.780487804878,133.884644959232,0.4084582516056635,1088.617886178862,354.6523742533714,0.3257822407256511,17.54094298410434,3.646710746816087,0.20789707543777708,21,21.0,0.07000324348361474,1.5042857142857127,0.4861468661939516,0.3231745549247545,13.7685,5.790462222482756,0.4205586826802307,15.795322667904927,5.877935218708748,0.37213137979462313,0.6202617863065625,0.07663541130701997,0.12355333344547385,639.952380952381,239.0828659273712,0.3735947752418182,1233.3333333333335,404.86459948400517,0.32826859417622034,18.487005968273944,3.6923104760612584,0.19972463266348986,0,,,,,,,,,,,,,,,,,,,,,,,,30.0,0.21600000000000066,3.911671120610066,1.6293334399560564,10.0,10.0,4.1072546766405695,0.648000000000002,2.160000000000007,4.1072546766405695,10.0,3.911671120610066,299.96999999999997
CX138,260404,T003346,000041,well012,CX138|260404|T003346|000041|well012,/mnt/benshalom-nas/analysis/Sadegh/CX138/CX138/260404/T003346/Network/000041/well012,/mnt/benshalom-nas/analysis/Sadegh/CX138/CX138/260404/T003346/Network/000041/well012/network_results.json,125,0,,,,,,,,,,,,,,,,,,,,,,,,0,,,,,,,,,,,,,,,,,,,,,,,,0,,,,,,,,,,,,,,,,,,,,,,,,30.0,0.3067000000000064,5.468148712330323,0.4950709355916043,10.0,10.0,5.74155614794684,0.9201000000000192,3.067000000000064,5.74155614794684,10.0,5.468148712330323,299.96999999999997
CX138,260404,T003346,000041,well013,CX138|260404|T003346|000041|well013,/mnt/benshalom-nas/analysis/Sadegh/CX138/CX138/260404/T003346/Network/000041/well013,/mnt/benshalom-nas/analysis/Sadegh/CX138/CX138/260404/T003346/Network/000041/well013/network_results.json,19,0,,,,,,,,,,,,,,,,,,,,,,,,0,,,,,,,,,,,,,,,,,,,,,,,,0,,,,,,,,,,,,,,,,,,,,,,,,30.0,0.40519999999997935,0.6724452317526599,0.16702072098363424,5.0,5.0,0.706067493340293,1.215599999999938,4.0519999999997935,0.706067493340293,5.0,0.6724452317526599,299.79
CX138,260404,T003346,000041,well014,CX138|260404|T003346|000041|well014,/mnt/benshalom-nas/analysis/Sadegh/CX138/CX138/260404/T003346/Network/000041/well014,/mnt/benshalom-nas/analysis/Sadegh/CX138/CX138/260404/T003346/Network/000041/well014/network_results.json,162,131,131.0,0.43667467236899343,0.4090076335877838,0.11009957298855905,0.26918708588095036,2.285538461538461,2.0719849500264504,0.9065631512635925,3.765453568534491,0.9259683819060447,0.24591151239887157,0.5502780133823391,0.08684321489062861,0.15781698119617404,127.12977099236642,31.454413141154383,0.24741972628144734,520.3562340966921,66.86643340725433,0.12850126322274305,10.63247408390062,0.5242877128957115,0.04931003910835509,122,122.0,0.4066741223589099,0.4391803278688498,0.1327859744959696,0.30234954999082475,2.455537190082645,2.0657525994987704,0.8412630066617905,4.043232930147691,1.2894127035496767,0.31890636177188464,0.554796599878567,0.08250159855192402,0.14870602770453503,136.50819672131146,43.26609354733273,0.31694868576765906,521.3114754098361,67.49021028252777,0.12946235305767903,10.64241333775318,0.5347199801715937,0.05024424096315766,0,,,,,,,,,,,,,,,,,,,,,,,,30.0,0.3913000000000011,8.096202451725283,0.7045475613248406,10.0,10.0,8.501012574311547,1.1739000000000033,3.913000000000011,8.501012574311547,10.0,8.096202451725283,299.96999999999997
CX138,260404,T003346,000041,well015,CX138|260404|T003346|000041|well015,/mnt/benshalom-nas/analysis/Sadegh/CX138/CX138/260404/T003346/Network/000041/well015,/mnt/benshalom-nas/analysis/Sadegh/CX138/CX138/260404/T003346/Network/000041/well015/network_results.json,104,26,26.0,0.08672271845035842,0.8076923076923094,0.3082994010861255,0.3817040203923451,10.6248,10.829930792022642,1.0193067909064304,7.061265378387877,2.383238704833563,0.3375087292608833,0.6997041420118344,0.07117521730011483,0.10172187504202457,262.38461538461536,83.68120684298371,0.31892573701518273,1048.717948717949,278.3085002327007,0.26537974349817417,16.644735640066266,2.540493577943233,0.15263045523101615,13,13.0,0.04336135922517921,1.6153846153846187,0.13252665244948458,0.08204030865920457,22.087499999999995,3.647810130749693,0.16515269409166697,14.122530756775754,1.1703422920170827,0.0828705783809727,0.6997041420118344,0.051491722126652165,0.07359070646430625,524.7692307692307,41.253724952847676,0.0786130789192348,1294.8717948717951,173.3758103013022,0.1338941901336789,18.396912757846838,1.387671169497964,0.07542956732814207,0,,,,,,,,,,,,,,,,,,,,,,,,30.0,0.2901499956918876,3.5447716597530685,1.2421649544328064,10.0,10.0,3.7220102427407222,0.8704499870756628,2.901499956918876,3.7220102427407222,10.0,3.5447716597530685,299.78999999999996
CX138,260404,T003346,000041,well016,CX138|260404|T003346|000041|well016,/mnt/benshalom-nas/analysis/Sadegh/CX138/CX138/260404/T003346/Network/000041/well016,/mnt/benshalom-nas/analysis/Sadegh/CX138/CX138/260404/T003346/Network/000041/well016/network_results.json,164,33,33.0,0.11000165002475037,0.8445454545454584,0.45945350217530767,0.5440245989158624,8.4365625,8.810239287816966,1.0442925406902355,11.400383170116296,7.433381948716315,0.6520291325120862,0.6328529194382853,0.1258858751578231,0.19891806024938355,428.5151515151515,308.7723611053178,0.7205634620235831,1438.3838383838386,613.9303863914555,0.42681958042664386,23.27220070836388,10.714249988631561,0.4603883458593982,21,21.0,0.07000105001575024,1.3271428571428632,0.6820287862738139,0.5139075892267682,13.477499999999997,8.195848873057624,0.6081134389209888,17.914887838754176,11.126483970805301,0.6210747212570353,0.6142566782810684,0.10449049145177094,0.17010884072791263,673.3809523809524,423.42036707772553,0.6287976598990337,1412.6984126984125,697.195909740101,0.4935207001531053,26.091748619842125,12.216762613049955,0.468223222255001,1,1.0,0.003333383334083345,2.7900000000000205,0.0,0.0,0.0,0.0,0.0,35.560533457365665,0.0,0.0,0.8079268292682926,0.0,0.0,1313.0,0.0,0.0,1766.6666666666667,0.0,0.0,36.10632545442453,0.0,0.0,30.0,0.276299999999992,4.540251106296665,1.8697602370996866,10.0,10.0,4.767263661611499,0.828899999999976,2.76299999999992,4.767263661611499,10.0,4.540251106296665,299.96999999999997
CX138,260404,T003346,000041,well017,CX138|260404|T003346|000041|well017,/mnt/benshalom-nas/analysis/Sadegh/CX138/CX138/260404/T003346/Network/000041/well017,/mnt/benshalom-nas/analysis/Sadegh/CX138/CX138/260404/T003346/Network/000041/well017/network_results.json,134,26,26.0,0.08667010458081505,0.7869230769230773,0.4194480735329843,0.533022967343968,11.104800000000001,12.10462989768791,1.0900358311440017,11.108673458600236,5.047610757881655,0.4543846550799312,0.7548794489092996,0.1069434352753558,0.14166955456248656,467.3076923076923,247.2939342984951,0.5291886659885492,1896.1538461538462,258.91405746284573,0.13654696742462452,27.590492046442453,6.5489582561357045,0.23736286562457787,12,12.0,0.04000158672960694,1.7050000000000007,0.16740669042783105,0.09818574218641113,25.205454545454543,1.6609381994762402,0.06589598281121924,24.068792493633847,2.442196952622022,0.10146736498176961,0.7609867330016584,0.059783131830555454,0.0785600185101061,1012.5,94.65331478611829,0.09348475534431436,2052.777777777778,277.37470756192204,0.13512164373787813,33.67108747406855,1.5298941914698947,0.04543643541801634,0,,,,,,,,,,,,,,,,,,,,,,,,30.0,0.21229999999999902,4.299739293172409,0.8958892739330575,10.0,10.0,4.514726257831029,0.636899999999997,2.12299999999999,4.514726257831029,10.0,4.299739293172409,299.97
CX138,260404,T003346,000041,well018,CX138|260404|T003346|000041|well018,/mnt/benshalom-nas/analysis/Sadegh/CX138/CX138/260404/T003346/Network/000041/well018,/mnt/benshalom-nas/analysis/Sadegh/CX138/CX138/260404/T003346/Network/000041/well018/network_results.json,72,7,7.0,0.023330455910437715,1.3157142857142858,0.19536465120070198,0.14848561980509378,39.275000000000006,8.814478146776462,0.22442974275687996,6.499721313599168,0.635181697985696,0.09772445114788611,0.7738095238095237,0.04559176703601609,0.058918591246543875,268.7142857142857,25.910363540010593,0.09642346878260188,761.904761904762,109.00498230723423,0.1430690392782449,13.54958884647911,1.191902575928868,0.08796595892565304,7,7.0,0.023330455910437715,1.3157142857142858,0.19536465120070198,0.14848561980509378,39.275000000000006,8.814478146776462,0.22442974275687996,6.499721313599168,0.635181697985696,0.09772445114788611,0.7738095238095237,0.04559176703601609,0.058918591246543875,268.7142857142857,25.910363540010593,0.09642346878260188,761.904761904762,109.00498230723423,0.1430690392782449,13.54958884647911,1.191902575928868,0.08796595892565304,0,,,,,,,,,,,,,,,,,,,,,,,,30.0,0.2608999999999995,2.5822155706416874,0.46615561443400333,10.0,10.0,2.711326349173772,0.7826999999999986,2.608999999999995,2.711326349173772,10.0,2.5822155706416874,300.03000000000003
CX138,260404,T003346,000041,well019,CX138|260404|T003346|000041|well019,/mnt/benshalom-nas/analysis/Sadegh/CX138/CX138/260404/T003346/Network/000041/well019,/mnt/benshalom-nas/analysis/Sadegh/CX138/CX138/260404/T003346/Network/000041/well019/network_results.json,1,0,,,,,,,,,,,,,,,,,,,,,,,,0,,,,,,,,,,,,,,,,,,,,,,,,0,,,,,,,,,,,,,,,,,,,,,,,,30.0,0.9177214937005603,0.0,0.0,5.0,5.0,0.0,2.753164481101681,9.177214937005603,0.0,5.0,0.0,296.87999999999806
CX138,260404,T003346,000041,well020,CX138|260404|T003346|000041|well020,/mnt/benshalom-nas/analysis/Sadegh/CX138/CX138/260404/T003346/Network/000041/well020,/mnt/benshalom-nas/analysis/Sadegh/CX138/CX138/260404/T003346/Network/000041/well020/network_results.json,116,0,,,,,,,,,,,,,,,,,,,,,,,,0,,,,,,,,,,,,,,,,,,,,,,,,0,,,,,,,,,,,,,,,,,,,,,,,,30.0,0.5858000000000061,2.892374520266372,0.4316961446916405,10.0,10.0,3.0369932462796907,1.7574000000000183,5.858000000000061,3.0369932462796907,10.0,2.892374520266372,300.0
CX138,260404,T003346,000041,well021,CX138|260404|T003346|000041|well021,/mnt/benshalom-nas/analysis/Sadegh/CX138/CX138/260404/T003346/Network/000041/well021,/mnt/benshalom-nas/analysis/Sadegh/CX138/CX138/260404/T003346/Network/000041/well021/network_results.json,80,24,24.0,0.0799929606194655,0.6875000000000003,0.2960890913221875,0.4306750419231816,12.520434782608694,10.690486822713746,0.8538430979699836,6.072455533920568,2.2305826400562605,0.36732794955784986,0.7020833333333334,0.08106281857643215,0.1154603944115354,252.66666666666666,100.3965747534358,0.39734792118774065,887.5,120.11279421166316,0.13533835967511343,16.446230845011364,1.9216068489585902,0.11684177773422603,14,14.0,0.046662560361354875,1.178571428571429,0.24118330737242355,0.20464038201296536,22.151538461538465,1.6251004520613228,0.07336287070457753,10.40992377243526,1.699871101739948,0.1632933284527103,0.7220238095238095,0.06125098337865774,0.08483235950218054,433.14285714285717,55.1178699863913,0.1272510190978691,945.2380952380954,107.35428873900476,0.11357380672640299,17.508486667755403,1.1912608113409335,0.06803905065849154,0,,,,,,,,,,,,,,,,,,,,,,,,30.0,0.2713999999999999,2.462444078857473,0.6156794850609328,10.0,10.0,2.5855662828003467,0.8141999999999998,2.713999999999999,2.5855662828003467,10.0,2.462444078857473,300.0
CX138,260404,T003346,000041,well022,CX138|260404|T003346|000041|well022,/mnt/benshalom-nas/analysis/Sadegh/CX138/CX138/260404/T003346/Network/000041/well022,/mnt/benshalom-nas/analysis/Sadegh/CX138/CX138/260404/T003346/Network/000041/well022/network_results.json,9,0,,,,,,,,,,,,,,,,,,,,,,,,0,,,,,,,,,,,,,,,,,,,,,,,,0,,,,,,,,,,,,,,,,,,,,,,,,30.0,0.31799999999999784,0.010980267535382424,0.010980267535382424,5.0,5.0,0.011529280912151546,0.9539999999999935,3.1799999999999784,0.011529280912151546,5.0,0.010980267535382424,299.4599999999997
CX138,260404,T003346,000041,well023,CX138|260404|T003346|000041|well023,/mnt/benshalom-nas/analysis/Sadegh/CX138/CX138/260404/T003346/Network/000041/well023,/mnt/benshalom-nas/analysis/Sadegh/CX138/CX138/260404/T003346/Network/000041/well023/network_results.json,76,25,25.0,0.08332277911464547,0.7883999999999998,0.3482605920858619,0.441730837247415,12.17,8.361095920990255,0.6870251373040472,5.427460399922779,2.099543083444682,0.3868371077335827,0.6121052631578947,0.10401363643819476,0.16992769495491836,212.04,81.44469534598309,0.3841006194396486,613.3333333333334,73.02967433402216,0.11907012119677525,12.31287897462712,1.1933447331837892,0.09691841653303736,17,17.0,0.05665948979795892,1.1770588235294122,0.21251338244040852,0.18054610202333551,18.255,1.1474754899343127,0.06285814790108533,7.981559411651146,1.089523704396527,0.13650511738421514,0.6366099071207431,0.09022092280862822,0.14172089029634974,311.8235294117647,42.15410843715578,0.1351857844617333,639.2156862745097,65.91269142733965,0.10311494671148229,12.858075104247407,0.9152121804384146,0.0711780086069098,0,,,,,,,,,,,,,,,,,,,,,,,,30.0,0.2253999999999792,3.0589873046239555,1.025637281841007,10.0,10.0,3.2119366698551532,0.6761999999999376,2.253999999999792,3.2119366698551532,10.0,3.0589873046239555,300.03
CX138,260404,T003346,000043,well000,CX138|260404|T003346|000043|well000,/mnt/benshalom-nas/analysis/Sadegh/CX138/CX138/260404/T003346/Network/000043/well000,/mnt/benshalom-nas/analysis/Sadegh/CX138/CX138/260404/T003346/Network/000043/well000/network_results.json,57,16,16.0,0.05334008974470099,1.066874999999988,0.3359077021668283,0.31485197625479283,19.2,5.333917884632273,0.2778082231579309,5.687741043351603,1.439952285956403,0.2531676943414226,0.7807017543859649,0.0774715865467355,0.09923326816098704,244.4375,58.97453767305005,0.2412663264558427,706.25,75.66258248889531,0.10713286016126769,12.915454714821857,1.3748469262131269,0.10644975005296127,15,15.0,0.05000633413565717,1.1379999999999872,0.24991198450654548,0.219606313274647,20.571428571428573,1.7135087525011266,0.08329556435769364,6.066923779575043,1.0266996181825838,0.1692290286617873,0.7877192982456142,0.07149347034836145,0.09076008485204014,260.73333333333335,41.744407476398024,0.16010383844182313,715.5555555555555,68.70944370551247,0.0960225144952814,13.000736334616608,1.3783506086703048,0.1060209647510671,0,,,,,,,,,,,,,,,,,,,,,,,,30.0,0.19549999999998136,2.0838664475670896,0.4109277107903919,10.0,10.0,2.1880597699454443,0.5864999999999441,1.9549999999998136,2.1880597699454443,10.0,2.0838664475670896,299.93999999999994
CX138,260404,T003346,000043,well001,CX138|260404|T003346|000043|well001,/mnt/benshalom-nas/analysis/Sadegh/CX138/CX138/260404/T003346/Network/000043/well001,/mnt/benshalom-nas/analysis/Sadegh/CX138/CX138/260404/T003346/Network/000043/well001/network_results.json,92,76,76.0,0.25336069628853247,0.5486842105263152,0.3654785691220963,0.6661000300546607,3.9348,4.653308603563705,1.1826035893981155,6.162878568131652,3.16383113210095,0.5133690526471142,0.7072368421052632,0.12290346490291727,0.173779782932497,288.10526315789474,169.92649950922035,0.5898069950082547,1677.1929824561403,203.49364735086345,0.121329894340996,25.82588084049199,5.125752498176528,0.1984734820792614,32,32.0,0.10667818791096105,1.3031249999999988,0.2541091977378971,0.19499986397152794,9.511935483870968,2.4720546754508326,0.25988976477422526,14.636836599312673,0.9827386846621974,0.06714146721487248,0.7160609148550724,0.05693566372385829,0.07951231877441854,684.25,43.36329092677354,0.06337346134712976,1815.625,155.22930507084604,0.085496347026972,30.25881078398679,1.5838332443035685,0.05234287809954997,0,,,,,,,,,,,,,,,,,,,,,,,,30.0,0.040099999999995355,0.45461389980213096,0.2560638558426463,10.0,10.0,0.4773445947922375,0.12029999999998606,0.40099999999995356,0.4773445947922375,10.0,0.45461389980213096,299.94000000000005
CX138,260404,T003346,000043,well002,CX138|260404|T003346|000043|well002,/mnt/benshalom-nas/analysis/Sadegh/CX138/CX138/260404/T003346/Network/000043/well002,/mnt/benshalom-nas/analysis/Sadegh/CX138/CX138/260404/T003346/Network/000043/well002/network_results.json,119,24,24.0,0.08000202671801018,0.7287500000000041,0.34330880778097905,0.4710927036445655,11.731304347826086,11.507943685293824,0.9809602874574086,8.123717244115758,3.8933119996728918,0.4792525247592695,0.6992296918767508,0.10832350995425599,0.15491834973928648,314.375,164.92190386664836,0.5246024775082254,998.6111111111112,242.76172715821477,0.2430993651653889,17.976968296066392,5.100001534661178,0.2836964192553607,15,15.0,0.05000126669875636,1.1660000000000066,0.40544296762921855,0.3477212415344908,19.234285714285715,9.256410685331003,0.4812453564863118,12.99794759058521,5.434141512001857,0.4180768905344689,0.7183006535947712,0.08729264922264537,0.12152661811705862,503.0,213.09684809181638,0.4236517854708079,1051.1111111111113,243.39167235721013,0.2315565593250413,19.48896377328131,4.688282004414438,0.24056086608575408,0,,,,,,,,,,,,,,,,,,,,,,,,30.0,0.2694000000000045,4.663519581650066,0.8597122430266246,10.0,10.0,4.896695560732569,0.8082000000000136,2.6940000000000452,4.896695560732569,10.0,4.663519581650066,299.96999999999997
CX138,260404,T003346,000043,well003,CX138|260404|T003346|000043|well003,/mnt/benshalom-nas/analysis/Sadegh/CX138/CX138/260404/T003346/Network/000043/well003,/mnt/benshalom-nas/analysis/Sadegh/CX138/CX138/260404/T003346/Network/000043/well003/network_results.json,30,61,61.0,0.2033782121254757,0.7008196721311488,0.48220903936549814,0.6880643602642184,4.881499999999999,5.587881776666362,1.1447058848031062,3.2115959300548913,1.6876159688687382,0.5254758087951289,0.8393442622950819,0.08109186513418169,0.09661335494502117,136.18032786885246,73.05006327276381,0.5364215552712883,602.185792349727,127.3048136257128,0.21140454531311648,8.867782199858441,1.6095414439372537,0.1815043950857236,25,25.0,0.08335172628093265,1.710000000000003,0.33845531462808975,0.1979270845778299,12.182499999999997,1.1177740156221214,0.09175243304921991,7.836294069333937,0.9497920660428304,0.12120423986635305,0.8568888888888888,0.05980482659410206,0.06979297709373944,332.28,34.9187857749951,0.10508843678522663,690.6666666666667,134.1707038730057,0.19426260213273022,10.112977161175232,0.8763196349170156,0.08665298269250499,0,,,,,,,,,,,,,,,,,,,,,,,,30.0,0.13930000000000575,1.2521109321613033,0.33644377490873456,5.0,5.0,1.3147164787693686,0.41790000000001726,1.3930000000000575,1.3147164787693686,5.0,1.2521109321613033,299.9099999999999
CX138,260404,T003346,000043,well004,CX138|260404|T003346|000043|well004,/mnt/benshalom-nas/analysis/Sadegh/CX138/CX138/260404/T003346/Network/000043/well004,/mnt/benshalom-nas/analysis/Sadegh/CX138/CX138/260404/T003346/Network/000043/well004/network_results.json,70,36,36.0,0.1200107209577389,0.7133333333333342,0.33846056720917544,0.4744774306670678,7.974857142857141,6.989713001027634,0.8764687411721382,6.329365047078667,2.5401554759892635,0.40132864151384,0.7384920634920635,0.08382977599223043,0.1135147960776038,277.55555555555554,121.49015608143468,0.43771473368010894,900.9259259259259,110.41060042346957,0.12255236223776686,15.705624458407563,2.355417489276893,0.14997286453108757,20,20.0,0.06667262275429939,1.2840000000000014,0.275379737816711,0.21447020079183077,14.670000000000002,0.6827190221151762,0.04653844731528126,11.392857084741603,1.8535684522384974,0.16269566434928534,0.7669047619047619,0.07513366773431793,0.09797001070603394,499.6,64.99876921911675,0.1301016197340207,958.3333333333334,93.02030841583885,0.09706466965131011,17.159524201434756,1.0889578151242514,0.06346083972615048,0,,,,,,,,,,,,,,,,,,,,,,,,30.0,0.1731000000000007,2.4671025080943805,1.1973179337792188,10.0,10.0,2.5904576334990996,0.5193000000000021,1.731000000000007,2.5904576334990996,10.0,2.4671025080943805,299.97
CX138,260404,T003346,000043,well005,CX138|260404|T003346|000043|well005,/mnt/benshalom-nas/analysis/Sadegh/CX138/CX138/260404/T003346/Network/000043/well005,/mnt/benshalom-nas/analysis/Sadegh/CX138/CX138/260404/T003346/Network/000043/well005/network_results.json,103,45,45.0,0.15001390128818604,0.7566666666666654,0.3436794372021062,0.4542018993860442,6.6647727272727275,4.797681015883119,0.7198566571146026,7.523826327001649,3.193530931631209,0.4244556948597026,0.6614886731391586,0.1225439475976019,0.18525479357954494,309.3777777777778,136.41330806517357,0.4409279459081174,906.6666666666666,144.11929215191967,0.1589551016381467,17.193574977966872,2.6280522525307792,0.15285083270341165,29,29.0,0.09667562527460878,1.1741379310344806,0.1547304049513492,0.13178213637559869,10.459285714285715,0.7629684910711177,0.07294651966807109,11.674902921209455,1.3536578424929289,0.11594596131791196,0.6998381877022655,0.09636303089084604,0.13769330194345167,480.0689655172414,48.442593850142316,0.10090757230671794,970.1149425287357,99.17082579366894,0.10222585123281039,18.588285324807636,1.1790618761863512,0.06343037324764934,0,,,,,,,,,,,,,,,,,,,,,,,,30.0,0.17264999275990894,2.876349571567683,0.9094516096846247,10.0,10.0,3.020167050146067,0.5179499782797268,1.7264999275990895,3.020167050146067,10.0,2.876349571567683,299.97
CX138,260404,T003346,000043,well006,CX138|260404|T003346|000043|well006,/mnt/benshalom-nas/analysis/Sadegh/CX138/CX138/260404/T003346/Network/000043/well006,/mnt/benshalom-nas/analysis/Sadegh/CX138/CX138/260404/T003346/Network/000043/well006/network_results.json,25,11,11.0,0.03666220609825804,0.6736363636363685,0.2517673069711494,0.3737436405779519,23.009999999999998,13.034383759886762,0.5664660478003808,2.100275158068559,0.5414556857128022,0.25780226159068226,0.7490909090909091,0.08543520090524169,0.11405184586864787,80.63636363636364,21.162886584656672,0.26244842438694854,342.42424242424244,85.3878957794265,0.2493628814797411,5.413399177237114,0.3572655475964523,0.06599652748659728,10,10.0,0.03332927827114368,0.7410000000000053,0.25947832279402394,0.3501731751606236,25.566666666666666,11.176491200531373,0.4371508944145257,2.310302673875415,0.7485367198656613,0.32399941718893005,0.756,0.08475848040166838,0.11211439206569891,88.7,25.640007800310826,0.28906434949617615,353.33333333333337,81.92137151629673,0.23185293825366995,5.427499271509684,0.37177358621328016,0.06849813654785984,0,,,,,,,,,,,,,,,,,,,,,,,,30.0,0.2090000000000032,1.4695557712702811,0.44365467388290836,5.0,5.0,1.5430335598337952,0.6270000000000097,2.0900000000000323,1.5430335598337952,5.0,1.4695557712702811,300.03000000000003
CX138,260404,T003346,000043,well007,CX138|260404|T003346|000043|well007,/mnt/benshalom-nas/analysis/Sadegh/CX138/CX138/260404/T003346/Network/000043/well007,/mnt/benshalom-nas/analysis/Sadegh/CX138/CX138/260404/T003346/Network/000043/well007/network_results.json,56,92,92.0,0.30683286780339347,0.6035869565217381,0.30051615568861967,0.4978837803593203,3.261758241758241,14.142254478821643,4.335776421982245,5.7010045504020495,2.837826397877741,0.4977765537264148,0.8144409937888198,0.11938232159715403,0.1465819163175733,236.55434782608697,127.387833366425,0.5385140224101043,922.8260869565216,106.2002196912317,0.11508151014833118,17.953365920974733,3.4867519352171072,0.1942116007975736,50,50.0,0.1667569933714095,1.110599999999998,0.14836994304777493,0.13359440216799495,6.057551020408162,18.953578901784546,3.1289177487616833,10.48984837273977,0.9179021284596213,0.08750385094650141,0.8414880952380952,0.08762909572948556,0.10413587099493227,435.26,33.65935828265299,0.07733161393799795,987.3333333333336,78.28438186793358,0.07928870547056066,20.37793209667857,0.9972604273313638,0.04893825450983364,0,,,,,,,,,,,,,,,,,,,,,,,,30.0,0.0467000000000013,0.4823068580937495,0.28172961550781983,10.0,10.0,0.506422200998437,0.14010000000000392,0.467000000000013,0.506422200998437,10.0,0.4823068580937495,299.82
CX138,260404,T003346,000043,well008,CX138|260404|T003346|000043|well008,/mnt/benshalom-nas/analysis/Sadegh/CX138/CX138/260404/T003346/Network/000043/well008,/mnt/benshalom-nas/analysis/Sadegh/CX138/CX138/260404/T003346/Network/000043/well008/network_results.json,42,51,51.0,0.17006201594848255,0.7835294117647086,0.37179914211321924,0.47451842461897187,5.8806,5.437613965702237,0.9246699258072708,5.074522368318103,1.9447263273252842,0.38323337373914135,0.7432306255835668,0.12134237667699636,0.16326342389580792,210.15686274509804,82.92315662035016,0.39457743866746203,638.562091503268,93.43891064562379,0.1463270555658182,12.140314032028359,1.4345801818084085,0.11816664527982759,27,27.0,0.09003283197272605,1.4800000000000053,0.2309401076758439,0.15604061329448854,11.286923076923076,2.2142749624803773,0.19618056642980242,9.585208917934196,0.6121564528346802,0.0638646959159459,0.7610229276895943,0.07139862633566425,0.09381928420005013,396.962962962963,24.59370814069605,0.06195466689669652,690.1234567901234,63.38517359502932,0.0918461370518314,13.060818634780178,0.7227868069430098,0.055340084504218734,0,,,,,,,,,,,,,,,,,,,,,,,,30.0,0.07150000000000033,0.6011453460366928,0.2465382549282661,6.3,6.3,0.6312026133385275,0.21450000000000097,0.7150000000000033,0.6312026133385275,6.3,0.6011453460366928,299.88
CX138,260404,T003346,000043,well009,CX138|260404|T003346|000043|well009,/mnt/benshalom-nas/analysis/Sadegh/CX138/CX138/260404/T003346/Network/000043/well009,/mnt/benshalom-nas/analysis/Sadegh/CX138/CX138/260404/T003346/Network/000043/well009/network_results.json,60,26,26.0,0.08666019603869578,0.9138461538461521,0.4507094998493315,0.49320063114825935,11.323199999999996,6.994132237811918,0.617681595115508,4.880132865096689,1.7000056688162377,0.3483523329815234,0.6807692307692308,0.08569628188240207,0.12588154400804824,226.80769230769232,81.45362967346665,0.3591308074461816,684.6153846153848,81.77035240565114,0.1194398405925241,11.345479828258776,0.8097304753999008,0.071370315549199,19,19.0,0.06332860479750844,1.2505263157894713,0.3444060284974326,0.27540886117218993,15.726666666666667,1.8120307821766035,0.11522027016807568,6.678076552237574,1.6983789124288762,0.25432156986277926,0.6969298245614035,0.0771481129562983,0.11069710354962876,310.36842105263156,81.89608982781701,0.2638673404660884,699.9999999999999,88.52263727398501,0.1264609103914072,11.58837559435959,0.7806217125061068,0.06736247942171109,0,,,,,,,,,,,,,,,,,,,,,,,,30.0,0.19630000000000794,2.203885137537177,0.855854726427216,10.0,10.0,2.3140793944140357,0.5889000000000238,1.9630000000000793,2.3140793944140357,10.0,2.203885137537177,299.9999999999999
CX138,260404,T003346,000043,well010,CX138|260404|T003346|000043|well010,/mnt/benshalom-nas/analysis/Sadegh/CX138/CX138/260404/T003346/Network/000043/well010,/mnt/benshalom-nas/analysis/Sadegh/CX138/CX138/260404/T003346/Network/000043/well010/network_results.json,124,74,74.0,0.24663986513465536,0.6352702702702665,0.3662085618029231,0.5764610417659322,4.024520547945205,5.690948843798236,1.4140687756467931,7.5436893254520445,3.8828933189614117,0.5147207356300738,0.6139930252833478,0.11844450908165183,0.19290855792212236,271.2027027027027,134.6888285391032,0.49663527389972784,1124.7747747747746,540.4386165167575,0.48048607475658867,18.431383630184747,3.7616829977625255,0.20409118887863006,23,23.0,0.07665833646077126,2.073913043478252,0.3330457486584006,0.16058809683738465,13.307727272727272,2.8030728784645396,0.21063498079113255,24.27100043841093,2.9405484840846348,0.1211548115433662,0.6273083216456288,0.0657799103512001,0.10486057347149248,872.5652173913044,92.39086444908064,0.1058841936483559,1882.608695652174,189.29555788122545,0.10054960349349157,21.372833379687194,1.8749596311654688,0.08772630178960905,3,3.0,0.009998913451404948,2.7399999999999913,0.07483314773548293,0.02731136778667269,76.78500000000001,62.56499999999998,0.8148075796053913,29.08569541301988,1.729316114987674,0.059455897149138306,0.5887096774193549,0.025871473864139998,0.04394606519388164,1026.0,50.80026246651356,0.0495129263806175,1811.1111111111113,128.62041003100248,0.07101740431159645,21.920016479300003,0.6019870257449823,0.02746289111203288,30.0,0.19470000000001164,3.5100183309897695,2.045542555153898,10.0,10.0,3.685519247539258,0.5841000000000349,1.9470000000001164,3.685519247539258,10.0,3.5100183309897695,300.03
CX138,260404,T003346,000043,well011,CX138|260404|T003346|000043|well011,/mnt/benshalom-nas/analysis/Sadegh/CX138/CX138/260404/T003346/Network/000043/well011,/mnt/benshalom-nas/analysis/Sadegh/CX138/CX138/260404/T003346/Network/000043/well011/network_results.json,85,37,37.0,0.12333345666678999,0.9997297297297292,0.35797090691455585,0.35806768196373545,8.002499999999998,4.66130011370219,0.5824804890599427,5.7746903821845885,1.8505450803373613,0.3204578874127088,0.6607313195548491,0.08746408119351413,0.13237465608931756,221.43243243243242,70.42709112517386,0.31805228507645955,690.990990990991,111.67537915417233,0.16161625927135762,11.97083128129915,1.0422157455017174,0.08706293832157407,31,31.0,0.10333343666676999,1.2067741935483869,0.3871766046715611,0.3208359995941833,9.602999999999998,3.6152041436134708,0.37646611929745616,6.89237239163967,1.878256301917321,0.2725123071114982,0.670777988614801,0.07811662785633648,0.11645675496545774,264.2903225806452,69.78223895870273,0.26403630022211455,708.6021505376344,107.08511401740537,0.15112163283184674,12.105813430964204,0.9459093337301743,0.07813678437425203,0,,,,,,,,,,,,,,,,,,,,,,,,30.0,0.18750000000000003,3.1487624865107886,1.4726872979049113,10.0,10.0,3.306200610836328,0.5625000000000001,1.8750000000000002,3.306200610836328,10.0,3.1487624865107886,299.9699999999999
CX138,260404,T003346,000043,well012,CX138|260404|T003346|000043|well012,/mnt/benshalom-nas/analysis/Sadegh/CX138/CX138/260404/T003346/Network/000043/well012,/mnt/benshalom-nas/analysis/Sadegh/CX138/CX138/260404/T003346/Network/000043/well012/network_results.json,78,14,14.0,0.04666158055438624,0.7757142857142938,0.25678546592478413,0.3310309873800129,21.21692307692308,11.678116539800413,0.550415180253083,5.613617462152333,1.594217204262908,0.28399106547806424,0.6804029304029304,0.0855185847047988,0.1256881487182238,222.78571428571428,63.37550064206714,0.2844684222471754,700.0,79.68190728895958,0.11383129612708512,12.329509131068077,0.8305727357409243,0.06736462310961229,11,11.0,0.03666267043558919,0.9872727272727375,0.2517968484563689,0.25504284834438573,27.582000000000004,2.899999310344746,0.10514100900387012,7.144604042739331,1.5996005359486485,0.2238893193212344,0.6981351981351982,0.0750278645194922,0.10746896119820418,283.54545454545456,55.7500324278155,0.19661761997626498,709.0909090909091,84.19663023908974,0.11873883751666502,12.589914992116427,0.717632547417274,0.05700058720544518,0,,,,,,,,,,,,,,,,,,,,,,,,30.0,0.20310000000000092,3.7688535635949822,0.4910673962391152,10.0,10.0,3.9572962417747317,0.6093000000000027,2.031000000000009,3.9572962417747317,10.0,3.7688535635949822,300.03000000000003
CX138,260404,T003346,000043,well013,CX138|260404|T003346|000043|well013,/mnt/benshalom-nas/analysis/Sadegh/CX138/CX138/260404/T003346/Network/000043/well013,/mnt/benshalom-nas/analysis/Sadegh/CX138/CX138/260404/T003346/Network/000043/well013/network_results.json,17,0,,,,,,,,,,,,,,,,,,,,,,,,0,,,,,,,,,,,,,,,,,,,,,,,,0,,,,,,,,,,,,,,,,,,,,,,,,30.0,0.3990000000000009,0.5678119069779775,0.1432465257951105,5.0,5.0,0.5962025023268763,1.1970000000000027,3.990000000000009,0.5962025023268763,5.0,0.5678119069779775,299.97
CX138,260404,T003346,000043,well014,CX138|260404|T003346|000043|well014,/mnt/benshalom-nas/analysis/Sadegh/CX138/CX138/260404/T003346/Network/000043/well014,/mnt/benshalom-nas/analysis/Sadegh/CX138/CX138/260404/T003346/Network/000043/well014/network_results.json,48,18,18.0,0.059995360358798926,0.6783333333333295,0.2703958004276122,0.39861788760827577,15.45705882352941,14.816472059524072,0.958557008075158,4.8275866651779715,1.9462418565697184,0.4031500605899468,0.8275462962962963,0.07440788500206219,0.08991386383465977,205.61111111111111,82.72587858496469,0.4023414792027464,692.5925925925926,79.78021936495561,0.11519069106170061,12.024418452523866,1.1901737656811884,0.09897973614111681,10,10.0,0.033330755754888294,1.220999999999993,0.1482194319244283,0.1213918361379436,29.196666666666665,6.2095213628391255,0.21267911963143485,8.689655997320347,0.8852437965392136,0.10187328437537672,0.8482638888888889,0.06848380705468779,0.08073408281518658,370.1,35.390535457944125,0.09562425144000034,740.0000000000001,71.18052168020876,0.09618989416244425,12.767013727214113,0.9402135715722668,0.07364396965972642,0,,,,,,,,,,,,,,,,,,,,,,,,30.0,0.2820999999999856,1.9690430069880125,0.3561674178857064,7.199999999999999,7.199999999999999,2.0674951573374134,0.8462999999999568,2.820999999999856,2.0674951573374134,7.199999999999999,1.9690430069880125,300.0
CX138,260404,T003346,000043,well015,CX138|260404|T003346|000043|well015,/mnt/benshalom-nas/analysis/Sadegh/CX138/CX138/260404/T003346/Network/000043/well015,/mnt/benshalom-nas/analysis/Sadegh/CX138/CX138/260404/T003346/Network/000043/well015/network_results.json,81,67,67.0,0.2233360878117497,0.6971641791044793,0.3198544723667059,0.4587936126861324,4.330909090909093,5.113638545454081,1.1807309823676504,5.191968706889639,1.9780660423331449,0.38098574047803685,0.6449235304956698,0.1357453278152058,0.21048282687232053,206.49253731343285,82.92963626577642,0.4016108153095063,875.6218905472638,272.7892953425298,0.31153777479459366,12.910015864068384,1.19475859273397,0.09254509098313848,25,25.0,0.0833343611237872,1.8684000000000043,0.23043749694873925,0.12333413452619285,11.891250000000001,1.0505645803566785,0.08834769938876724,13.914476134464232,1.4393322970411844,0.10344135726936621,0.6555555555555556,0.06929483961452197,0.10570399263232165,553.4,51.45872132107443,0.09298648594339434,1194.6666666666667,161.29476122924763,0.1350123559396604,13.888457091382747,0.9824764471053763,0.07074050347284186,0,,,,,,,,,,,,,,,,,,,,,,,,30.0,0.17319999999999736,2.2096734472967436,1.1445880492032368,10.0,10.0,2.320157119661581,0.5195999999999921,1.7319999999999736,2.320157119661581,10.0,2.2096734472967436,299.9700000000001
CX138,260404,T003346,000043,well016,CX138|260404|T003346|000043|well016,/mnt/benshalom-nas/analysis/Sadegh/CX138/CX138/260404/T003346/Network/000043/well016,/mnt/benshalom-nas/analysis/Sadegh/CX138/CX138/260404/T003346/Network/000043/well016/network_results.json,116,47,47.0,0.1566717323860138,0.8821276595744686,0.4525950525308205,0.5130720566557779,6.267391304347826,6.095342995942498,0.9725486570008842,9.044079507985822,5.095112363597617,0.5633643931478808,0.6282098312545856,0.05348604153180989,0.0851404083011467,350.74468085106383,203.32527844487362,0.5796959713017324,1072.3404255319151,160.8663232158073,0.15001422998299488,18.141047959237333,4.581066794741877,0.25252492607017335,23,23.0,0.0766691456357089,1.802608695652175,0.17106361367745773,0.09489780787702666,13.082727272727272,0.8868082800807724,0.06778466458820441,18.481379864144948,1.1364459798996989,0.06149140314487428,0.6297476261869066,0.03977538919224059,0.06316084021321172,716.7391304347826,38.88021447349187,0.05424597712407115,1157.9710144927535,166.2944804625341,0.14360850002396564,22.490672002122256,1.0222446503809104,0.045451938932035904,0,,,,,,,,,,,,,,,,,,,,,,,,30.0,0.15509999999999025,2.775975427308487,1.1557711995586133,10.0,10.0,2.9147741986739115,0.46529999999997074,1.5509999999999025,2.9147741986739115,10.0,2.775975427308487,299.96999999999997
CX138,260404,T003346,000043,well017,CX138|260404|T003346|000043|well017,/mnt/benshalom-nas/analysis/Sadegh/CX138/CX138/260404/T003346/Network/000043/well017,/mnt/benshalom-nas/analysis/Sadegh/CX138/CX138/260404/T003346/Network/000043/well017/network_results.json,95,50,50.0,0.1666538343214239,0.6743999999999994,0.3877430076738945,0.5749451477964039,5.84265306122449,6.823787258781068,1.1679261437013948,6.424386896694476,3.1933504540363384,0.49706695835510856,0.6549473684210525,0.09523355166579102,0.14540641929042347,277.58,152.58926436679613,0.54971274719647,1005.3333333333335,160.1887775234097,0.1593389696850892,14.946980117684301,2.50234790181604,0.1674149481777542,22,22.0,0.07332768710142651,1.5327272727272714,0.3808624401895011,0.2484867640619523,13.591428571428573,4.063195183847408,0.2989527673631685,14.600879310669267,3.7736817444522197,0.25845578640559586,0.6659489633173843,0.057620196504517884,0.08652344200295227,630.8636363636364,168.37493212647496,0.2668959223850745,1112.1212121212122,173.3640574592461,0.15588593722493518,16.790971657296634,2.27191457590369,0.13530572394935902,0,,,,,,,,,,,,,,,,,,,,,,,,30.0,0.1717999999999993,4.888763135873143,1.52661776537369,10.0,10.0,5.133201292666801,0.5153999999999979,1.7179999999999929,5.133201292666801,10.0,4.888763135873143,299.99999999999994
CX138,260404,T003346,000043,well018,CX138|260404|T003346|000043|well018,/mnt/benshalom-nas/analysis/Sadegh/CX138/CX138/260404/T003346/Network/000043/well018,/mnt/benshalom-nas/analysis/Sadegh/CX138/CX138/260404/T003346/Network/000043/well018/network_results.json,88,16,16.0,0.05332928030802993,1.1868749999999941,0.40290691775519966,0.33946870374319255,19.036,7.458990816457672,0.3918360378471145,8.399581188890192,2.458017615012981,0.29263573501308704,0.8025568181818181,0.09027432866724801,0.11248341129511966,346.8125,105.36141297339363,0.30379935259944096,1095.8333333333335,222.63416678987576,0.2031642586675672,20.25087364505609,3.947460076023818,0.19492789028326804,14,14.0,0.04666312026952619,1.3564285714285647,0.3411452799626862,0.25150257606517273,21.964615384615385,1.7510990631583572,0.0797236387933692,9.599521358731648,1.8041834998447037,0.18794515189068597,0.8169642857142857,0.0687268049925922,0.08412461376142434,396.35714285714283,60.42422307894308,0.1524489318985769,1154.7619047619048,168.84629191896568,0.14621740743498057,21.65066360374394,1.456991880688995,0.06729548374845401,0,,,,,,,,,,,,,,,,,,,,,,,,30.0,0.19869999999997387,3.635286923595631,0.7696660622701668,10.0,10.0,3.8170512697754124,0.5960999999999216,1.9869999999997388,3.8170512697754124,10.0,3.635286923595631,300.0
CX138,260404,T003346,000043,well019,CX138|260404|T003346|000043|well019,/mnt/benshalom-nas/analysis/Sadegh/CX138/CX138/260404/T003346/Network/000043/well019,/mnt/benshalom-nas/analysis/Sadegh/CX138/CX138/260404/T003346/Network/000043/well019/network_results.json,2,0,,,,,,,,,,,,,,,,,,,,,,,,0,,,,,,,,,,,,,,,,,,,,,,,,0,,,,,,,,,,,,,,,,,,,,,,,,30.0,0.6057499484110589,0.0,0.0,5.0,5.0,0.0,1.8172498452331767,6.057499484110589,0.0,5.0,0.0,299.1000000000002
CX138,260404,T003346,000043,well020,CX138|260404|T003346|000043|well020,/mnt/benshalom-nas/analysis/Sadegh/CX138/CX138/260404/T003346/Network/000043/well020,/mnt/benshalom-nas/analysis/Sadegh/CX138/CX138/260404/T003346/Network/000043/well020/network_results.json,110,10,10.0,0.03333096683468807,1.0350000000000037,0.3103949097520771,0.29989846352857585,11.84333333333333,7.422395540225232,0.6267150751667803,12.994862340368082,3.649045341403758,0.2808067716168202,0.8636363636363636,0.06605782590758164,0.07648800894562084,542.7,149.1791205229472,0.2748832145254232,1590.0000000000002,111.60446028522136,0.07019148445611406,29.291623323149146,1.1431437174748615,0.0390263013033981,8,8.0,0.026664773467750456,1.2937500000000046,0.06263734908182407,0.048415342285467705,15.227142857142853,4.788786647055833,0.31449016351806774,16.2435779254601,0.6922042880078335,0.04261402821375185,0.8789772727272727,0.04815487561456832,0.054785120285481735,678.375,29.99973958220304,0.04422294392069732,1620.8333333333335,103.99986645290569,0.06416444202749964,29.578814215851786,1.097007795968733,0.03708761913047982,0,,,,,,,,,,,,,,,,,,,,,,,,30.0,0.3714999999999975,1.8169622081047603,0.6245566542088503,10.0,10.0,1.9078103185099984,1.1144999999999925,3.714999999999975,1.9078103185099984,10.0,1.8169622081047603,300.0
CX138,260404,T003346,000043,well021,CX138|260404|T003346|000043|well021,/mnt/benshalom-nas/analysis/Sadegh/CX138/CX138/260404/T003346/Network/000043/well021,/mnt/benshalom-nas/analysis/Sadegh/CX138/CX138/260404/T003346/Network/000043/well021/network_results.json,50,21,21.0,0.07000296345878643,0.9942857142857127,0.11536985776896934,0.1160329029285613,12.783000000000001,4.1385747546709934,0.32375614133388037,5.470896662919072,0.6147364905347354,0.11236485139654133,0.7904761904761906,0.03981818087688927,0.050372397494859916,227.57142857142858,25.389483065634405,0.11156709445037089,612.6984126984128,82.60071003973135,0.13481463037572733,11.24856959196223,1.0270343099910955,0.0913035476728501,21,21.0,0.07000296345878643,0.9942857142857127,0.11536985776896934,0.1160329029285613,12.783000000000001,4.1385747546709934,0.32375614133388037,5.470896662919072,0.6147364905347354,0.11236485139654133,0.7904761904761906,0.03981818087688927,0.050372397494859916,227.57142857142858,25.389483065634405,0.11156709445037089,612.6984126984128,82.60071003973135,0.13481463037572733,11.24856959196223,1.0270343099910955,0.0913035476728501,0,,,,,,,,,,,,,,,,,,,,,,,,30.0,0.19939999999999716,1.334741570500935,0.4064301866596831,10.0,10.0,1.4014786490259816,0.5981999999999915,1.9939999999999716,1.4014786490259816,10.0,1.334741570500935,299.96999999999997
CX138,260404,T003346,000043,well022,CX138|260404|T003346|000043|well022,/mnt/benshalom-nas/analysis/Sadegh/CX138/CX138/260404/T003346/Network/000043/well022,/mnt/benshalom-nas/analysis/Sadegh/CX138/CX138/260404/T003346/Network/000043/well022/network_results.json,25,26,26.0,0.08665713438188466,0.5653846153846158,0.19946526146811952,0.3527957005558574,11.723999999999997,6.4627492601833225,0.5512409809095296,1.7211823526729721,0.43308141805824074,0.25161855592213767,0.8523076923076923,0.12191761696097815,0.1430441354235303,105.65384615384616,36.43850700700302,0.3448857598041785,685.8974358974358,241.11086872861293,0.3515261263706881,7.005780949389069,0.9158153886237931,0.13072281238020375,20,20.0,0.06665933413991128,0.7350000000000005,0.1898552079875526,0.2583064054252414,15.42631578947368,1.258065392519782,0.08155319842332263,2.2375370584748637,0.7123742686589082,0.318374288354568,0.8809999999999999,0.10458967444255671,0.11871699709711318,137.35,31.59473848602011,0.23003085901725598,783.3333333333334,183.03005217723128,0.23365538575816758,7.2006132013187125,0.8755703203999833,0.12159663294226557,0,,,,,,,,,,,,,,,,,,,,,,,,30.0,0.10619999999997276,0.5684152133881221,0.19896843650149187,5.0,5.0,0.5968359740575282,0.3185999999999183,1.0619999999997276,0.5968359740575282,5.0,0.5684152133881221,300.03
CX138,260404,T003346,000043,well023,CX138|260404|T003346|000043|well023,/mnt/benshalom-nas/analysis/Sadegh/CX138/CX138/260404/T003346/Network/000043/well023,/mnt/benshalom-nas/analysis/Sadegh/CX138/CX138/260404/T003346/Network/000043/well023/network_results.json,94,42,42.0,0.13999682673859393,0.6500000000000008,0.26142466819881083,0.4021917972289392,7.05073170731707,6.242119086024926,0.8853150772347519,7.2239779395726,2.6496074282164304,0.36677955696708453,0.7223910840932117,0.08654463302610838,0.11980301935030711,298.7857142857143,115.73996628614668,0.38736780492614237,1023.8095238095239,114.61592507006792,0.11195043844053144,19.418472105913516,2.772722220079672,0.14278786739535979,23,23.0,0.07666492892827763,1.1869565217391318,0.1474547766371792,0.12422929899835597,13.116818181818177,1.3857665629326457,0.10564807285760203,13.191611889654313,1.408906962374692,0.10680324543808364,0.7415972864631514,0.06998732208843578,0.09437375697829407,545.6086956521739,50.287641433133174,0.09216796182660475,1086.9565217391305,86.66618195783218,0.0797328874012056,20.87915750763223,0.9873369906301382,0.04728816238247277,0,,,,,,,,,,,,,,,,,,,,,,,,30.0,0.20449999999999594,2.420711131374835,0.8014041251327977,10.0,10.0,2.5417466879435766,0.6134999999999878,2.0449999999999595,2.5417466879435766,10.0,2.420711131374835,299.99999999999994
CX138,260404,T003346,000044,well000,CX138|260404|T003346|000044|well000,/mnt/benshalom-nas/analysis/Sadegh/CX138/CX138/260404/T003346/Network/000044/well000,/mnt/benshalom-nas/analysis/Sadegh/CX138/CX138/260404/T003346/Network/000044/well000/network_results.json,108,16,16.0,0.05332958248603182,0.7968750000000033,0.29886700114767156,0.37504878575393924,17.408,11.840107094110264,0.6801532108289443,5.121300348272232,1.6698236791225822,0.3260546278419169,0.4785879629629629,0.07696324131392827,0.16081315718315364,218.4375,71.84094301823995,0.3288855760491672,687.5,117.77745020918809,0.17131265484972813,12.251361635468733,1.103074875662674,0.09003692066922411,12,12.0,0.039997186864523866,1.0625000000000044,0.1801908710229144,0.16959140802156578,23.713636363636365,6.81930318051403,0.2875688517755581,6.828400464362976,1.355527710881304,0.1985132122750744,0.49807098765432106,0.0697385319541868,0.14001725393125652,291.25,56.56578029162154,0.19421727138754177,722.2222222222223,114.93422703098443,0.15913969896597843,12.672504663215518,0.9094934826866004,0.07176903910136938,0,,,,,,,,,,,,,,,,,,,,,,,,30.0,0.24970000000000428,3.8476175549020963,0.662023679591619,10.0,10.0,4.039998432647201,0.7491000000000129,2.497000000000043,4.039998432647201,10.0,3.8476175549020963,300.0
CX138,260404,T003346,000044,well001,CX138|260404|T003346|000044|well001,/mnt/benshalom-nas/analysis/Sadegh/CX138/CX138/260404/T003346/Network/000044/well001,/mnt/benshalom-nas/analysis/Sadegh/CX138/CX138/260404/T003346/Network/000044/well001/network_results.json,141,33,33.0,0.10999351038288742,0.6281818181818203,0.26679301414522444,0.4247066795365353,9.211875000000001,35.72981811784626,3.8786694476256196,5.942545234344785,2.864875370578519,0.4820956774583804,0.4614227380184827,0.10379309535750904,0.22494144047437797,269.969696969697,140.65485046920435,0.5210023645172009,1126.2626262626263,212.37118508177,0.18856275626094374,16.63395394666491,3.3650958159211375,0.2023028214885635,15,15.0,0.049997050174039735,1.3900000000000048,0.1612451549659737,0.11600370860861377,21.012857142857143,51.7418859654855,2.4623917449071895,13.073599515558529,1.0320429129334203,0.07894099185960336,0.4717100078802206,0.05847017516065055,0.1239536456379311,593.9333333333333,39.60044893123757,0.06667490559754896,1313.3333333333335,154.34449203720303,0.11752118683035762,19.500832653314333,1.2218822317199511,0.06265795176249983,0,,,,,,,,,,,,,,,,,,,,,,,,30.0,0.3691000000000031,3.7211466735432848,1.431436772198516,10.0,10.0,3.9072040072204492,1.1073000000000093,3.691000000000031,3.9072040072204492,10.0,3.7211466735432848,300.00000000000006
CX138,260404,T003346,000044,well002,CX138|260404|T003346|000044|well002,/mnt/benshalom-nas/analysis/Sadegh/CX138/CX138/260404/T003346/Network/000044/well002,/mnt/benshalom-nas/analysis/Sadegh/CX138/CX138/260404/T003346/Network/000044/well002/network_results.json,194,160,160.0,0.533268096869483,0.42018750000000005,0.1917859219122981,0.4564293842922459,1.7524528301886795,3.987649757363058,2.2754676694685836,4.6560346260044385,2.7144428896286676,0.5829945667646502,0.44996778350515465,0.10099442599304098,0.22444812649989204,162.49375,110.92700284843858,0.682653965758305,617.9166666666667,225.98203898638593,0.3657160442126272,12.449470259562625,3.63322098525686,0.291837396251148,63,63.0,0.20997431314235893,1.1490476190476189,1.2033125104196467,1.0472259725989468,4.488387096774194,5.8691729355106155,1.307635194773818,11.824849843820791,13.375093267986971,1.1311004743942923,0.467923752459835,0.058442116519940156,0.12489666577666761,412.6825396825397,457.2903223352606,1.108092246129521,683.0687830687832,281.52225507291774,0.41214334786042944,13.573203929139156,4.844362162444902,0.35690631244734733,5,5.0,0.016664628027171342,4.488000000000005,2.098336483979635,0.4675437798528593,7.68,2.053411795037711,0.2673713274788686,42.93871001119135,27.312032710397396,0.6360701731206856,0.43936161776367966,0.03719860827761674,0.08466512952805276,1449.8,896.9339775033611,0.6186604893801636,766.6666666666667,300.3701420285016,0.3917871417763064,15.418507226379683,5.007095877332204,0.32474582680517294,30.0,0.29680000000000456,7.013550394762235,1.34939680563825,10.0,10.0,7.364227914500347,0.8904000000000136,2.9680000000000457,7.364227914500347,10.0,7.013550394762235,300.03000000000003
CX138,260404,T003346,000044,well003,CX138|260404|T003346|000044|well003,/mnt/benshalom-nas/analysis/Sadegh/CX138/CX138/260404/T003346/Network/000044/well003,/mnt/benshalom-nas/analysis/Sadegh/CX138/CX138/260404/T003346/Network/000044/well003/network_results.json,59,25,25.0,0.08332933352532412,1.0607999999999997,0.2392307672520398,0.2255191998982276,11.898750000000001,3.5681698302491167,0.29987770398143637,6.655470492987718,1.1198422713585996,0.16825891911600818,0.8203389830508476,0.05050733703644522,0.061568861263435276,271.04,53.44416151461261,0.19718182376996976,798.6666666666667,105.18977559101876,0.1317067307066178,14.051651499889964,1.5920375537850024,0.11329896374084351,23,23.0,0.0766629868432982,1.1530434782608692,0.2221913547139943,0.1926998928515034,12.98045454545455,1.0224190444623742,0.07876604327545689,7.234207057595347,1.1904525487426214,0.16455881608928238,0.8231392778187179,0.03759373895559236,0.045671176152854806,294.60869565217394,46.86589483087543,0.1590784505770565,797.1014492753623,109.41789036624274,0.13726971700492271,14.333415522863328,1.3157292506732745,0.09179453763651418,0,,,,,,,,,,,,,,,,,,,,,,,,30.0,0.13510000000002265,2.1547506042342817,0.4995069860855905,10.0,10.0,2.262488134445996,0.40530000000006794,1.3510000000002265,2.262488134445996,10.0,2.1547506042342817,300.0
CX138,260404,T003346,000044,well004,CX138|260404|T003346|000044|well004,/mnt/benshalom-nas/analysis/Sadegh/CX138/CX138/260404/T003346/Network/000044/well004,/mnt/benshalom-nas/analysis/Sadegh/CX138/CX138/260404/T003346/Network/000044/well004/network_results.json,146,156,156.0,0.5199377807789002,0.414038461538461,0.18202133872565388,0.43962422729837497,1.8472258064516125,3.6500010668109573,1.9759365931674298,4.318331492191311,1.6757529253623802,0.38805564797250647,0.45425008781173165,0.09959774452348961,0.2192575129776725,166.0897435897436,87.16440197540005,0.5248030377523122,655.7692307692307,185.6751544630524,0.28314099800817377,12.366858101661615,2.0555502508324097,0.166214428429176,38,38.0,0.1266515107025526,1.8828947368421058,1.6044935385458718,0.8521419212402951,7.738378378378377,6.093691249646554,0.7874635940099278,17.727887178469587,14.864102080970401,0.8384587475840192,0.4547555779756573,0.0708620174406663,0.15582440518070892,681.8421052631579,550.7323127731022,0.8077123846151247,822.8070175438597,205.7798265787428,0.25009488518098805,13.956099854870393,2.5031072322520935,0.17935578408595007,11,11.0,0.036662279413896805,4.598181818181813,1.007253856075282,0.2190548125114297,25.883999999999993,27.395055831299203,1.058377987610076,38.969962798696685,10.305046862115516,0.2644356350902177,0.46860422855130196,0.02981255217433669,0.06361989576257711,1437.3636363636363,404.9662775471721,0.2817423978887416,875.7575757575759,126.40396130069217,0.14433670321532321,15.330217943573695,1.8562536954718967,0.12108462530045265,30.0,0.19879999999999856,5.893322384338414,2.2986746977961134,10.0,10.0,6.187988503555335,0.5963999999999957,1.9879999999999856,6.187988503555335,10.0,5.893322384338414,300.03
CX138,260404,T003346,000044,well005,CX138|260404|T003346|000044|well005,/mnt/benshalom-nas/analysis/Sadegh/CX138/CX138/260404/T003346/Network/000044/well005,/mnt/benshalom-nas/analysis/Sadegh/CX138/CX138/260404/T003346/Network/000044/well005/network_results.json,222,63,63.0,0.21002744358596193,0.6976190476190519,0.3926091569403076,0.5627844570475364,4.818870967741935,4.944595976462325,1.0260901380348233,13.469173215004659,8.531151417581787,0.6333834513374648,0.5653510653510654,0.14938214787761586,0.2642290021773537,598.2063492063492,427.6437531897634,0.7148766537786265,1909.5238095238096,241.06089532151913,0.12624136662722946,29.684613610480845,10.492222348633728,0.35345659156328735,29,29.0,0.09667929942845867,1.5155172413793196,0.10617442405506941,0.0700582092741068,10.657499999999999,0.6959198691557205,0.06529860372092147,29.26061767397564,1.375553986647311,0.04701042206196238,0.5689137413275344,0.03795070295851183,0.06670730587374386,1299.551724137931,54.53476348222142,0.041964288507560205,2102.298850574713,99.01082973497948,0.04709645810247793,39.812201282573376,1.9187717360082046,0.048195570056260385,0,,,,,,,,,,,,,,,,,,,,,,,,30.0,0.1447000000000003,5.254550358221007,1.5695979590497373,11.100000000000001,11.100000000000001,5.517277876132058,0.43410000000000093,1.447000000000003,5.517277876132058,11.100000000000001,5.254550358221007,299.94
CX138,260404,T003346,000044,well006,CX138|260404|T003346|000044|well006,/mnt/benshalom-nas/analysis/Sadegh/CX138/CX138/260404/T003346/Network/000044/well006,/mnt/benshalom-nas/analysis/Sadegh/CX138/CX138/260404/T003346/Network/000044/well006/network_results.json,54,19,19.0,0.06332944912712021,0.7405263157894699,0.3479636049360808,0.4698868865519239,15.384999999999998,9.479858912452235,0.6161754249237722,5.023436643252434,1.7668219837989674,0.35171578926394803,0.7183235867446395,0.06374894902833464,0.08874684084541565,219.94736842105263,76.511075004459,0.3478608339518356,664.9122807017545,74.51494940910631,0.11206733816145273,11.922845605639676,0.9095438415559256,0.07628580220192556,14,14.0,0.04666380461998331,1.004999999999995,0.23615219063743556,0.23497730411685247,21.30230769230769,1.952694997043648,0.09166589015840619,6.817521158699732,1.4473140590664877,0.21229329918831172,0.7314814814814815,0.05610399486891136,0.07669913222585349,298.5,64.57747285238096,0.21633994255404007,685.7142857142859,66.32565846278152,0.09672491859155635,12.143634886000655,0.9040654161925246,0.07444767770766422,0,,,,,,,,,,,,,,,,,,,,,,,,30.0,0.19089999999999918,2.171869587455918,0.6745831309661725,10.0,10.0,2.2804630668287142,0.5726999999999975,1.9089999999999918,2.2804630668287142,10.0,2.171869587455918,300.0
CX138,260404,T003346,000044,well007,CX138|260404|T003346|000044|well007,/mnt/benshalom-nas/analysis/Sadegh/CX138/CX138/260404/T003346/Network/000044/well007,/mnt/benshalom-nas/analysis/Sadegh/CX138/CX138/260404/T003346/Network/000044/well007/network_results.json,61,35,35.0,0.11691800139700308,0.7894285714285737,0.3302548181298217,0.4183466751554009,3.001764705882354,2.3005031042952337,0.7663835542429739,4.7884184661163545,1.478569760768213,0.3087803982109789,0.6833723653395783,0.09935264250534173,0.14538580654482838,190.28571428571428,57.87650469679702,0.304155805463648,614.2857142857143,76.13092911128129,0.12393407064627186,11.961441762205753,1.065359516784535,0.08906614586802764,34,34.0,0.11357748707137441,0.8126470588235318,0.3315499148254508,0.4079875897236806,3.0927272727272737,2.2905302717099962,0.7406182536393283,4.929254303355072,1.5026149333018746,0.30483615590275537,0.6863548698167792,0.09922691557723237,0.1445708625972462,195.88235294117646,59.20192996947588,0.30223207491924625,614.7058823529412,77.20238087298051,0.12559238993690608,12.018221253870161,1.0273928711642855,0.0854862670158814,0,,,,,,,,,,,,,,,,,,,,,,,,30.0,0.2562000000000069,0.9507207227238944,0.7244925766018152,10.0,10.0,0.9982567588600891,0.7686000000000208,2.562000000000069,0.9982567588600891,10.0,0.9507207227238944,299.34000000000026
CX138,260404,T003346,000044,well008,CX138|260404|T003346|000044|well008,/mnt/benshalom-nas/analysis/Sadegh/CX138/CX138/260404/T003346/Network/000044/well008,/mnt/benshalom-nas/analysis/Sadegh/CX138/CX138/260404/T003346/Network/000044/well008/network_results.json,58,48,48.0,0.16006605392491965,0.7181249999999997,0.35772228666243244,0.49813373251513676,6.236170212765956,6.175485699975514,0.9902689454071962,6.805381908094476,2.4964551406254274,0.36683542148546977,0.75,0.06354409306751718,0.08472545742335624,279.0416666666667,104.67707452234016,0.37513062394149077,823.6111111111113,91.02256876561634,0.11051644099703836,16.766501898930564,1.2913727888259035,0.07702100274764365,25,25.0,0.083367736419229,1.3787999999999994,0.1681028256752368,0.12191965888833542,12.19375,3.3195554578135873,0.27223417388527626,13.066333263541397,0.6571258556020714,0.05029152726692118,0.7626436781609195,0.050253683307354434,0.06589405347008043,535.76,28.894677710609614,0.053932129518085736,876.0000000000001,79.17350847628546,0.09038071743868202,17.502422446981367,1.056359312335995,0.06035503459797844,0,,,,,,,,,,,,,,,,,,,,,,,,30.0,0.06959999999997991,0.6212402142359079,0.22136190846030906,10.0,10.0,0.6523022249477033,0.20879999999993976,0.6959999999997991,0.6523022249477033,10.0,0.6212402142359079,299.84999999999997
CX138,260404,T003346,000044,well009,CX138|260404|T003346|000044|well009,/mnt/benshalom-nas/analysis/Sadegh/CX138/CX138/260404/T003346/Network/000044/well009,/mnt/benshalom-nas/analysis/Sadegh/CX138/CX138/260404/T003346/Network/000044/well009/network_results.json,122,42,42.0,0.14000905391882007,0.6407142857142839,0.28556871291498076,0.4457036767903837,6.879512195121949,7.607263522360177,1.1057853095680612,4.79917627036197,1.7695343379647817,0.3687162625996476,0.5243950039032007,0.10277450405889248,0.19598681012198174,178.57142857142858,68.44606596129708,0.3832979693832636,750.7936507936508,218.00418607190272,0.2903649835629994,12.178947970071574,1.4149294772883803,0.11617830052032523,23,23.0,0.07667162476506813,1.223478260869565,0.45694266309187237,0.3734783671326605,12.78272727272727,6.658008971988127,0.5208598157447508,8.763713189356643,3.160212606841273,0.3606020117909939,0.5434188643383226,0.08978602534382026,0.1652243439379777,326.0869565217391,119.87127626477469,0.36760524721197574,875.3623188405796,210.40962839239762,0.24036861521648076,13.050752518227803,1.224777126475788,0.09384724174067044,0,,,,,,,,,,,,,,,,,,,,,,,,30.0,0.2841999999999985,4.729225918678533,1.524444335204281,10.0,10.0,4.965687214612459,0.8525999999999956,2.841999999999985,4.965687214612459,10.0,4.729225918678533,299.9699999999999
CX138,260404,T003346,000044,well010,CX138|260404|T003346|000044|well010,/mnt/benshalom-nas/analysis/Sadegh/CX138/CX138/260404/T003346/Network/000044/well010,/mnt/benshalom-nas/analysis/Sadegh/CX138/CX138/260404/T003346/Network/000044/well010/network_results.json,313,195,195.0,0.650132410300898,0.4796923076923079,0.32608148689349736,0.6797721824271109,1.5,3.238040644663814,2.1586937631092096,9.162686802044554,6.5087238760427875,0.7103510156639248,0.4633570901941509,0.11360323472671496,0.2451742665232859,315.574358974359,234.83958160013728,0.7441655981283906,1093.5042735042734,549.7815928523681,0.5027704108467022,22.526280414842564,7.881424858186122,0.34987688659833305,34,34.0,0.11335642025759246,2.926764705882351,2.455467752957297,0.8389699889513431,8.818181818181818,5.810394788936965,0.658910749260893,52.550703717608464,43.98475430866605,0.8369964852426481,0.49665463262738985,0.07395015193814032,0.1488965310701545,1809.9117647058824,1484.871322760228,0.8204108905836772,1973.5294117647063,690.7313265480417,0.3499979896070553,33.518225627961314,9.533167599342672,0.28441743024099664,16,16.0,0.053344197768278805,5.388749999999996,2.0277169273594438,0.37628706608386825,19.005999999999997,6.15717012920708,0.32395928281632547,88.60046795725204,41.65043163761273,0.47009268232881385,0.4563198104076863,0.037271162071652104,0.08167772080364694,3025.8125,1393.1721097351,0.4604290945771095,2416.666666666667,194.7220240924654,0.0805746306589512,35.48666560106294,3.706133286295994,0.10443734917109213,30.0,0.2586000000000013,9.223871921217803,4.825152767501103,15.65,15.65,9.685065517278694,0.7758000000000038,2.5860000000000127,9.685065517278694,15.65,9.223871921217803,299.90999999999997
CX138,260404,T003346,000044,well011,CX138|260404|T003346|000044|well011,/mnt/benshalom-nas/analysis/Sadegh/CX138/CX138/260404/T003346/Network/000044/well011,/mnt/benshalom-nas/analysis/Sadegh/CX138/CX138/260404/T003346/Network/000044/well011/network_results.json,216,196,196.0,0.653274538624857,0.478163265306122,0.3307176702658501,0.6916417346575616,1.4921538461538457,2.761256955868353,1.850517601107774,7.006581295495148,5.922960058123444,0.8453423728818483,0.43653155706727137,0.12795458006865915,0.29311644942301573,278.8826530612245,298.7307700328003,1.071170138241687,963.6054421768708,598.1943111508879,0.6207876014061455,16.892592754096675,7.496948516083619,0.44380093838854373,40,40.0,0.13332133441323613,2.447999999999997,1.622661702265751,0.6628520025595397,7.417692307692307,4.6985417604354875,0.6334236532786617,34.332248347926225,23.252298406443046,0.6772728127445099,0.4356607326572604,0.07461704756704579,0.17127329128775975,1366.525,918.2347191078106,0.6719487159823717,1534.1666666666667,703.2261964214171,0.45837666252346576,25.169392010660005,10.053434862617046,0.39943097784639015,21,21.0,0.06999370056694897,3.8714285714285617,0.9187324897678896,0.23731097521679864,14.008499999999998,4.225971219731624,0.30167192916669344,53.14077407543561,11.669683892028687,0.21959943367522403,0.4467501609697378,0.04925851280792669,0.11025964199095921,2105.5714285714284,381.0569975399345,0.18097557383672852,2031.746031746032,217.60509605284597,0.10710250821351011,32.52523625957242,1.697416136227158,0.05218766506969172,30.0,0.15754999206602532,7.389394841312191,2.9713073769188902,10.8,10.8,7.7588645833778,0.47264997619807597,1.5754999206602531,7.7588645833778,10.8,7.389394841312191,299.99999999999994
CX138,260404,T003346,000044,well012,CX138|260404|T003346|000044|well012,/mnt/benshalom-nas/analysis/Sadegh/CX138/CX138/260404/T003346/Network/000044/well012,/mnt/benshalom-nas/analysis/Sadegh/CX138/CX138/260404/T003346/Network/000044/well012/network_results.json,167,22,22.0,0.07332534087117838,0.6818181818181798,0.4058508051403388,0.5952478475391654,13.271428571428574,14.921550502134668,1.1243364210435163,10.721601827694755,6.116764955517478,0.5705084980601859,0.6292868807838868,0.14541395683111089,0.23107736911656632,424.04545454545456,268.27368611393297,0.6326531347954255,1645.4545454545455,287.71925404116683,0.17485700521838868,27.23576576646993,10.446461337353456,0.3835567329711045,10,10.0,0.033329700395990175,1.4999999999999953,0.17337819932160248,0.11558546621440201,30.870000000000005,1.5190786681406696,0.04920889757501359,23.587524020928463,1.6833455139585087,0.07136592685459184,0.6437125748502994,0.06817908663973482,0.10591541831475083,932.9,70.53431788852856,0.07560758697451878,1850.0000000000005,220.22715545545245,0.11904170565159589,35.901582112472845,3.2130571756570747,0.08949625578034907,0,,,,,,,,,,,,,,,,,,,,,,,,30.0,0.2396999999999991,5.127372907143481,0.6991157216429706,10.0,10.0,5.383741552500655,0.7190999999999973,2.396999999999991,5.383741552500655,10.0,5.127372907143481,300.03000000000003
CX138,260404,T003346,000044,well013,CX138|260404|T003346|000044|well013,/mnt/benshalom-nas/analysis/Sadegh/CX138/CX138/260404/T003346/Network/000044/well013,/mnt/benshalom-nas/analysis/Sadegh/CX138/CX138/260404/T003346/Network/000044/well013/network_results.json,19,0,,,,,,,,,,,,,,,,,,,,,,,,0,,,,,,,,,,,,,,,,,,,,,,,,0,,,,,,,,,,,,,,,,,,,,,,,,30.0,0.4513499750747658,0.5048630078907235,0.1396371085012112,5.0,5.0,0.5301061582852596,1.3540499252242975,4.513499750747658,0.5301061582852596,5.0,0.5048630078907235,299.8499999999999
CX138,260404,T003346,000044,well014,CX138|260404|T003346|000044|well014,/mnt/benshalom-nas/analysis/Sadegh/CX138/CX138/260404/T003346/Network/000044/well014,/mnt/benshalom-nas/analysis/Sadegh/CX138/CX138/260404/T003346/Network/000044/well014/network_results.json,124,8,8.0,0.026664266882647225,1.2374999999999927,0.37372282509903004,0.3019982425042685,39.059999999999995,38.28461123144465,0.9801487770467141,16.474213115384835,6.823683309340916,0.4142038992422927,0.8457661290322581,0.138714219496152,0.16401013795015826,667.125,299.96934739236275,0.4496448902265134,1858.3333333333335,529.3470821052416,0.2848504477696367,29.583445045007444,9.581028876118708,0.32386454185921865,7,7.0,0.023331233522316322,1.414285714285706,0.24656828337673542,0.17434121046839982,45.56999999999999,37.68719676494924,0.8270177038610763,18.827672131868383,5.52199803074066,0.29329159718019154,0.8617511520737329,0.11800744725623849,0.13693912328665106,762.4285714285714,239.26247221878506,0.3138162461179493,1847.6190476190477,565.0838237740986,0.30584433760969254,31.485605098844513,8.715741045922199,0.27681669189969155,0,,,,,,,,,,,,,,,,,,,,,,,,30.0,0.2940000000000058,4.45458273305559,0.7100899845874338,10.0,10.0,4.67731186970837,0.8820000000000174,2.940000000000058,4.67731186970837,10.0,4.45458273305559,299.99999999999994
CX138,260404,T003346,000044,well015,CX138|260404|T003346|000044|well015,/mnt/benshalom-nas/analysis/Sadegh/CX138/CX138/260404/T003346/Network/000044/well015,/mnt/benshalom-nas/analysis/Sadegh/CX138/CX138/260404/T003346/Network/000044/well015/network_results.json,145,59,59.0,0.19668017203847998,0.7861016949152554,0.4077553975539956,0.5187056588116797,4.888448275862069,5.4335350154909285,1.1115050643617037,7.891510018184353,3.786315971163066,0.4797961305806219,0.5659848042080654,0.12562820258170876,0.22196391430948337,322.47457627118644,166.67896229662003,0.5168747385420257,1109.0395480225989,308.86649633822003,0.2784990822815331,17.442662802663023,3.4544021074992473,0.19804327737000416,25,25.0,0.08333905594850846,1.8708000000000027,0.3900350753457936,0.20848571485235892,11.784999999999997,2.4377294763775583,0.20685018891621204,18.623963642915072,3.591752994851654,0.19285652956147326,0.5723678160919541,0.06828822984851467,0.11930829779140444,761.04,144.1952787021822,0.1894713532825899,1353.3333333333335,250.86516962969037,0.18536835194312093,20.35038612174706,2.4597936887520744,0.1208720893076059,1,1.0,0.0033335622379403384,2.5799999999999983,0.0,0.0,0.0,0.0,0.0,22.492278208478773,0.0,0.0,0.6,0.0,0.0,885.0,0.0,0.0,1566.6666666666667,0.0,0.0,21.61394247822348,0.0,0.0,30.0,0.19890000000000896,3.995237828892156,1.6188120198062463,10.0,10.0,4.194999720336764,0.5967000000000269,1.9890000000000896,4.194999720336764,10.0,3.995237828892156,299.96999999999997
CX138,260404,T003346,000044,well016,CX138|260404|T003346|000044|well016,/mnt/benshalom-nas/analysis/Sadegh/CX138/CX138/260404/T003346/Network/000044/well016,/mnt/benshalom-nas/analysis/Sadegh/CX138/CX138/260404/T003346/Network/000044/well016/network_results.json,328,155,155.0,0.5166181045648376,0.5287741935483877,0.37510486358999134,0.7093857229922961,1.8734415584415585,3.561021190881805,1.9007911801871613,11.075393763287165,9.117910686342707,0.823258376290589,0.46329661683713613,0.12139965940682122,0.2620344181133901,394.2903225806452,355.2440136880371,0.9009706638574122,1259.3548387096776,713.9598391137054,0.5669250771650836,25.006125423086555,10.964006670140645,0.43845283844006794,33,33.0,0.10998966097186866,2.5818181818181816,1.4667764171308573,0.5681176263535012,8.953125,5.06659244308983,0.5659021227883928,52.02078888816698,29.253537309557256,0.5623432080671785,0.47903089534880006,0.062081412536607164,0.12959793019488525,1851.969696969697,1023.7901206804735,0.552811486254694,2201.010101010101,742.6626429576022,0.3374190071262167,40.648249967878336,12.546929157131943,0.30867083249701927,18,18.0,0.059994360530110175,4.1099999999999985,1.0273266277090267,0.24995781696083383,16.095882352941175,7.1087833482278535,0.4416522929498722,75.1851801367498,18.830505463778064,0.25045501559653627,0.4659100074496416,0.04791549001812843,0.10284280065245738,2651.6666666666665,658.1217381474512,0.24819173028816513,2611.1111111111113,365.9926464889023,0.14016739652766472,45.18501639517439,7.136408158968625,0.15793749185694156,30.0,0.20469999999999988,9.263258448706342,4.104858391170392,16.400000000000002,16.400000000000002,9.72642137114166,0.6140999999999996,2.046999999999999,9.72642137114166,16.400000000000002,9.263258448706342,300.0
CX138,260404,T003346,000044,well017,CX138|260404|T003346|000044|well017,/mnt/benshalom-nas/analysis/Sadegh/CX138/CX138/260404/T003346/Network/000044/well017,/mnt/benshalom-nas/analysis/Sadegh/CX138/CX138/260404/T003346/Network/000044/well017/network_results.json,166,212,212.0,0.7065766959007219,0.4279245283018856,0.2724044474366514,0.6365712396006421,1.4200947867298577,3.1007869342908037,2.1835070188738475,5.065144196722982,3.483638074798037,0.6877668116638933,0.46337235735394405,0.09726563555509282,0.2099081527230531,188.0566037735849,168.0912448860248,0.8938332476130546,699.056603773585,347.66238072003216,0.49733080103000543,13.375651301286277,4.44716891768994,0.33248242029621955,43,43.0,0.14331508454590114,2.2179069767441817,1.892444657590904,0.8532570019545878,7.075714285714286,6.3921343565864674,0.9033906823360645,24.972338830355163,22.544084544921983,0.9027622401758576,0.45708117417279653,0.050340855582235874,0.11013548233164563,927.1627906976744,848.4202537584548,0.9150715087692776,968.9922480620156,481.3522805885132,0.4967555535673456,17.186301645622017,6.769736885972494,0.39390306451981744,18,18.0,0.05999236097270281,4.468333333333332,1.0792808819868092,0.24153992136967015,16.78058823529412,3.5560246650839065,0.2119129922754808,50.31267527418676,11.962171717697158,0.23775662201438189,0.4679567680571697,0.04559003510700467,0.09742360452714938,1882.6666666666667,417.4006867906824,0.2217071636636061,1475.9259259259259,189.80352269934542,0.12859962642113743,24.275817055208293,1.7346087388707578,0.07145418565834033,30.0,0.18580000000000044,7.338180617028352,2.22602575509777,10.0,10.0,7.70508964787977,0.5574000000000013,1.8580000000000043,7.70508964787977,10.0,7.338180617028352,300.03000000000003
CX138,260404,T003346,000044,well018,CX138|260404|T003346|000044|well018,/mnt/benshalom-nas/analysis/Sadegh/CX138/CX138/260404/T003346/Network/000044/well018,/mnt/benshalom-nas/analysis/Sadegh/CX138/CX138/260404/T003346/Network/000044/well018/network_results.json,139,73,73.0,0.24336772930574185,0.5087671232876703,0.23456719226320594,0.46105021634932863,4.0929166666666665,5.448148369833755,1.331116368482237,4.37853979984895,1.6083776215432024,0.36733196340905433,0.4910811077165665,0.0862736529948402,0.17568106701558167,158.68493150684932,69.07369039256093,0.4352882768177614,609.5890410958905,156.10161893926013,0.25607681309137054,11.660509435114985,2.00453218338084,0.17190777079981612,61,61.0,0.20336207517329116,0.6206557377049169,0.3035952269245006,0.4891523730162327,4.911499999999999,5.6997897110332065,1.1604987704434913,5.239891891622514,1.9288522743598486,0.3681091736727771,0.5045209733852263,0.07514882846852933,0.14895085126847551,189.9016393442623,80.06855769738068,0.4216317351122429,621.311475409836,161.0567093877395,0.2592205612836968,11.799928177835145,2.1298081373357953,0.18049331362341708,0,,,,,,,,,,,,,,,,,,,,,,,,30.0,0.20060000000000855,7.247578383762647,1.1575077014865958,10.0,10.0,7.60995730295078,0.6018000000000256,2.0060000000000855,7.60995730295078,10.0,7.247578383762647,299.93999999999994
CX138,260404,T003346,000044,well019,CX138|260404|T003346|000044|well019,/mnt/benshalom-nas/analysis/Sadegh/CX138/CX138/260404/T003346/Network/000044/well019,/mnt/benshalom-nas/analysis/Sadegh/CX138/CX138/260404/T003346/Network/000044/well019/network_results.json,5,0,,,,,,,,,,,,,,,,,,,,,,,,0,,,,,,,,,,,,,,,,,,,,,,,,0,,,,,,,,,,,,,,,,,,,,,,,,30.0,0.5455742570906439,0.0,0.0,5.0,5.0,0.0,1.6367227712719317,5.455742570906439,0.0,5.0,0.0,298.5600000000003
CX138,260404,T003346,000044,well020,CX138|260404|T003346|000044|well020,/mnt/benshalom-nas/analysis/Sadegh/CX138/CX138/260404/T003346/Network/000044/well020,/mnt/benshalom-nas/analysis/Sadegh/CX138/CX138/260404/T003346/Network/000044/well020/network_results.json,165,9,9.0,0.03000120004800192,0.6666666666666666,0.363532055746893,0.5452980836203396,7.81875,11.530697547741864,1.4747494865217412,8.844391315966964,6.3938677197191005,0.7229290848061095,0.5286195286195287,0.1307299490625697,0.24730442593365096,367.55555555555554,299.15551923933816,0.8139055843875586,1185.1851851851852,589.0169904927728,0.49698308572827704,19.576839225625413,8.93084748379219,0.45619455627453975,4,4.0,0.013333866688000854,1.6724999999999994,0.30102948360584025,0.1799877330976624,20.71000000000001,11.5653880177018,0.5584446169822208,19.89988046092567,5.125981274920175,0.2575885460711824,0.5555555555555555,0.0811482738116967,0.1460668928610541,827.0,248.53269402635945,0.3005232092217164,1491.6666666666667,519.8156724583565,0.34847978041900995,25.063299857969678,8.073757942329388,0.32213467452738787,0,,,,,,,,,,,,,,,,,,,,,,,,30.0,0.4659000000000049,3.7802651614116742,0.6338712485614759,10.0,10.0,3.969278419482258,1.3977000000000148,4.6590000000000495,3.969278419482258,10.0,3.7802651614116742,299.97
CX138,260404,T003346,000044,well021,CX138|260404|T003346|000044|well021,/mnt/benshalom-nas/analysis/Sadegh/CX138/CX138/260404/T003346/Network/000044/well021,/mnt/benshalom-nas/analysis/Sadegh/CX138/CX138/260404/T003346/Network/000044/well021/network_results.json,108,32,32.0,0.10666844447407457,0.7424999999999979,0.26067220795473467,0.35107368074711837,8.894516129032258,5.561362584666361,0.625257462462036,5.263499775856431,1.9046136924877068,0.3618530965317282,0.4389467592592593,0.08088147718718082,0.1842626138160164,236.53125,89.3763057159866,0.37786256875565744,715.6250000000001,89.35897292195489,0.12486843377740418,12.362288362647607,1.0334538738891978,0.0835972955469763,23,23.0,0.0766679444657411,1.0330434782608666,0.1911392568284738,0.1850253748760484,12.510000000000003,1.7501973914649915,0.13990386822262119,7.323130122930688,1.5436555822691105,0.21079177296543047,0.45974235104669886,0.0744559748469192,0.161951524973509,329.0869565217391,65.65583059209015,0.19950906376246183,740.5797101449276,90.06520543935854,0.12161446527036669,12.74589381941251,0.8976500225231903,0.07042660446111933,0,,,,,,,,,,,,,,,,,,,,,,,,30.0,0.2267999999999972,4.755601049670723,1.2893444474201634,10.0,10.0,4.99338110215426,0.6803999999999916,2.267999999999972,4.99338110215426,10.0,4.755601049670723,299.97
CX138,260404,T003346,000044,well022,CX138|260404|T003346|000044|well022,/mnt/benshalom-nas/analysis/Sadegh/CX138/CX138/260404/T003346/Network/000044/well022,/mnt/benshalom-nas/analysis/Sadegh/CX138/CX138/260404/T003346/Network/000044/well022/network_results.json,18,8,8.0,0.02667221448728002,0.9487499999999933,0.3885369190952136,0.4095250794152478,39.960000000000015,24.864537570029917,0.6222356749256733,1.824687914691878,0.4715364658358021,0.2584203370007123,0.9305555555555556,0.03674654598700822,0.03948882553827748,131.625,19.974593237410367,0.15175379477614714,641.6666666666667,130.96861371251424,0.20410693046106113,5.361225338035703,0.38672367901600074,0.07213344984258623,8,8.0,0.02667221448728002,0.9487499999999933,0.3885369190952136,0.4095250794152478,39.960000000000015,24.864537570029917,0.6222356749256733,1.824687914691878,0.4715364658358021,0.2584203370007123,0.9305555555555556,0.03674654598700822,0.03948882553827748,131.625,19.974593237410367,0.15175379477614714,641.6666666666667,130.96861371251424,0.20410693046106113,5.361225338035703,0.38672367901600074,0.07213344984258623,0,,,,,,,,,,,,,,,,,,,,,,,,30.0,0.09940000000000282,0.31442031089139005,0.12602057232821023,5.0,5.0,0.33014132643595956,0.29820000000000846,0.9940000000000282,0.33014132643595956,5.0,0.31442031089139005,299.9100000000001
CX138,260404,T003346,000044,well023,CX138|260404|T003346|000044|well023,/mnt/benshalom-nas/analysis/Sadegh/CX138/CX138/260404/T003346/Network/000044/well023,/mnt/benshalom-nas/analysis/Sadegh/CX138/CX138/260404/T003346/Network/000044/well023/network_results.json,219,70,70.0,0.233340100196239,0.6102857142857169,0.3544894575445169,0.580858193542043,4.084782608695652,5.447737360046406,1.3336664106553204,9.850222303547195,6.7392700528569085,0.6841744120262148,0.5191128506196999,0.14379790735080167,0.27700702685194645,371.5571428571429,282.96615828521595,0.7615683448023806,1256.1904761904761,463.68239188502474,0.36911790104569825,22.399139864858917,9.869741463901876,0.4406303779274179,25,25.0,0.08333575007008535,1.7820000000000034,0.543588079339495,0.30504381556649496,11.729999999999999,3.7029447740953447,0.3156815664190405,27.580622449932154,7.511847362331835,0.2723596023247225,0.5400639269406392,0.08363585152752141,0.15486287336631205,1040.36,288.1646584853875,0.2769855227857545,1562.666666666667,390.0222215891466,0.2495875991398122,31.94193993947865,7.713380711819987,0.24148128530811716,5,5.0,0.01666715001401707,3.6480000000000006,0.8080198017375503,0.2214966561780565,50.272499999999994,55.943566821842886,1.1128065407895549,38.73820769101642,4.248031489523728,0.1096599905552385,0.46075342465753427,0.025474214286274968,0.055288171336348224,1433.2,143.74894782223626,0.10029929376377077,1680.0,120.36980056845191,0.0716486908145547,34.14252427816775,1.332377348169479,0.03902398479134891,30.0,0.21330000000000382,5.248568892197936,1.8688252704351358,10.950000000000001,10.950000000000001,5.510997336807833,0.6399000000000115,2.133000000000038,5.510997336807833,10.950000000000001,5.248568892197936,299.97
CX138,260405,T003346,000048,well000,CX138|260405|T003346|000048|well000,/mnt/benshalom-nas/analysis/Sadegh/CX138/CX138/260405/T003346/Network/000048/well000,/mnt/benshalom-nas/analysis/Sadegh/CX138/CX138/260405/T003346/Network/000048/well000/network_results.json,110,8,8.0,0.026671085176444228,0.9037499999999956,0.2914162615572407,0.32245229494577277,40.56428571428571,33.563285152143266,0.8274097413805349,9.553458406889241,3.253824219986247,0.3405912373721993,0.7306818181818182,0.11659223816361018,0.159566360161706,411.125,151.19890665940676,0.3677686996884324,1179.1666666666667,118.9508535301683,0.10087704893017806,20.201430628234295,3.908571648134739,0.19347994308244532,6,6.0,0.02000331388233317,1.204999999999994,0.1253993620398495,0.1040658606139835,56.79,26.18517137618159,0.46108771572779694,12.73794454251899,1.3733461892997205,0.10781536885448982,0.7575757575757577,0.09573072120564433,0.1263645519914505,548.1666666666666,50.91959893356933,0.09289072471919003,1222.2222222222224,95.58139185602917,0.07820295697311476,21.770983204269925,0.9539178507926519,0.043816020702526694,0,,,,,,,,,,,,,,,,,,,,,,,,30.0,0.30119999999999436,3.277755843346787,0.5743945325461244,10.0,10.0,3.4416436355141267,0.9035999999999831,3.0119999999999436,3.4416436355141267,10.0,3.277755843346787,299.93999999999994
CX138,260405,T003346,000048,well001,CX138|260405|T003346|000048|well001,/mnt/benshalom-nas/analysis/Sadegh/CX138/CX138/260405/T003346/Network/000048/well001,/mnt/benshalom-nas/analysis/Sadegh/CX138/CX138/260405/T003346/Network/000048/well001/network_results.json,33,92,92.0,0.3067096060115083,0.4033695652173919,0.18877336983981993,0.46799110819896006,3.197802197802198,4.017610355903533,1.2563661250419982,2.7822288359879126,0.9496911594309085,0.34134185770297815,0.7453886693017127,0.1990144090019413,0.26699414305342195,128.94565217391303,48.268128860616756,0.37432924683273555,713.0434782608696,256.36611999564514,0.35953785121340476,11.784287150637788,2.87073640735713,0.24360713301200917,33,33.0,0.11001540215630189,1.1245454545454563,0.1323469020390671,0.11768924191024542,9.0703125,1.6475028155799196,0.18163683065825126,7.756516754875392,0.4157983651697517,0.05360632592051063,0.7580348943985308,0.07373709737803767,0.0972740145907729,359.4848484848485,17.7065665137066,0.04925539028511488,1033.3333333333335,100.50378152592121,0.0972617240573431,15.398810748217526,0.6533182545415356,0.04242653963502732,0,,,,,,,,,,,,,,,,,,,,,,,,30.0,0.03489999999999328,0.23796544586661278,0.23703654481906603,5.0,5.0,0.24986371815994343,0.10469999999997984,0.34899999999993275,0.24986371815994343,5.0,0.23796544586661278,299.94
CX138,260405,T003346,000048,well002,CX138|260405|T003346|000048|well002,/mnt/benshalom-nas/analysis/Sadegh/CX138/CX138/260405/T003346/Network/000048/well002,/mnt/benshalom-nas/analysis/Sadegh/CX138/CX138/260405/T003346/Network/000048/well002/network_results.json,61,22,22.0,0.07334125418878572,0.7499999999999997,0.36897893509718155,0.49197191346290897,12.807142857142857,8.087381201221909,0.6314742711495077,5.740826133703959,2.339591605852716,0.4075357015460108,0.7995529061102832,0.10355530554555646,0.12951651448475002,232.0,94.45008301647057,0.40711242679513177,804.5454545454545,90.0591581922035,0.11193793673607215,14.571954826209652,1.867445568567161,0.12815340088814337,16,16.0,0.053339093955480525,1.0312499999999996,0.2578244315420807,0.2500115699801996,17.905999999999995,2.0785725871376224,0.1160824632602269,7.893635933842946,1.4375125429131355,0.18211031709101072,0.8258196721311475,0.0925766967055452,0.11210279898835251,319.0,49.14773646873272,0.15406813940041603,825.0,87.79711460710614,0.10642074497831047,15.337052637487414,1.2187004684219283,0.07946119096201924,0,,,,,,,,,,,,,,,,,,,,,,,,30.0,0.27199999999999847,1.2467179010054141,0.3953630803607666,10.0,10.0,1.309053796055685,0.8159999999999954,2.7199999999999847,1.309053796055685,10.0,1.2467179010054141,299.94
CX138,260405,T003346,000048,well003,CX138|260405|T003346|000048|well003,/mnt/benshalom-nas/analysis/Sadegh/CX138/CX138/260405/T003346/Network/000048/well003,/mnt/benshalom-nas/analysis/Sadegh/CX138/CX138/260405/T003346/Network/000048/well003/network_results.json,208,23,23.0,0.07668412508581121,0.8595652173913028,0.44396903790271025,0.5165041917937458,11.869090909090913,12.360968228144195,1.0414418697119034,17.12255066497145,10.300604361647888,0.6015811874757893,0.7422658862876255,0.20572321521962192,0.27715569180813043,660.2608695652174,444.14786192372674,0.6726854223788828,2207.246376811594,946.488885212007,0.42880980354319426,39.26142641632676,19.726981428844798,0.5024519797029429,12,12.0,0.04000910874042324,1.647499999999997,0.39657124202341554,0.24071092080328754,23.68363636363637,6.818079271956118,0.28788143709318775,32.81822210786195,9.016253023642031,0.27473313435471247,0.7827323717948719,0.14479888888909542,0.18499156813593803,1265.5,348.10714346783135,0.2750747874103764,2666.666666666667,697.8803887752092,0.2617051457907034,53.71043357643392,13.085456515737512,0.24362969435195378,1,1.0,0.00333409239503527,2.519999999999982,0.0,0.0,0.0,0.0,0.0,46.10476377852826,0.0,0.0,0.5490384615384615,0.0,0.0,1694.0,0.0,0.0,2766.666666666667,0.0,0.0,63.30856629585291,0.0,0.0,30.0,0.2173999999999978,4.275566232805119,1.2561556442571051,10.4,10.4,4.489344544445375,0.6521999999999933,2.1739999999999777,4.489344544445375,10.4,4.275566232805119,299.9100000000001
CX138,260405,T003346,000048,well004,CX138|260405|T003346|000048|well004,/mnt/benshalom-nas/analysis/Sadegh/CX138/CX138/260405/T003346/Network/000048/well004,/mnt/benshalom-nas/analysis/Sadegh/CX138/CX138/260405/T003346/Network/000048/well004/network_results.json,106,26,26.0,0.08666886227784436,0.6092307692307724,0.2645303978013631,0.4342039357850635,10.6884,11.612985724610187,1.0865036604739893,5.3169442307957855,1.8998801991277174,0.357325583391226,0.6240928882438316,0.11210433391772144,0.17962764202165135,200.19230769230768,75.69677324225876,0.37812028901032235,741.0256410256411,172.5395265770331,0.2328388074914979,13.350900034510026,1.7240952893401071,0.12913700835775757,12,12.0,0.04000101335900509,1.3200000000000067,0.296732202499153,0.2247971231054178,24.24818181818182,1.5311541587479798,0.06314511208423415,11.520045833390869,2.6440118304026012,0.2295140026907644,0.6370545073375261,0.07927874336571472,0.12444577732767068,433.75,95.66009704504103,0.22054201047848077,825.0,206.43580295273574,0.2502252157002858,14.653864447613714,1.005594010289984,0.0686231276319564,0,,,,,,,,,,,,,,,,,,,,,,,,30.0,0.22589999999999574,3.717041357651782,0.8035925331108469,10.0,10.0,3.9028934255343715,0.6776999999999872,2.2589999999999573,3.9028934255343715,10.0,3.717041357651782,299.97
CX138,260405,T003346,000048,well005,CX138|260405|T003346|000048|well005,/mnt/benshalom-nas/analysis/Sadegh/CX138/CX138/260405/T003346/Network/000048/well005,/mnt/benshalom-nas/analysis/Sadegh/CX138/CX138/260405/T003346/Network/000048/well005/network_results.json,183,28,28.0,0.09338307538482166,0.9707142857142921,0.46636074763939267,0.4804304979360894,11.004444444444445,7.544313695479685,0.6855697017297775,16.53273760870881,7.188993148016514,0.4348338017673267,0.7987900078064013,0.1544349801879211,0.1933361442665301,658.2142857142857,323.14651223144426,0.49094423996095715,2452.380952380952,395.1520273471381,0.16112995289883303,42.24170679280726,14.127102179604984,0.33443492823094184,19,19.0,0.06336708686827183,1.430526315789483,0.24334237704389322,0.17010688608660562,16.506666666666664,1.162004972259394,0.07039610090424439,24.364034370728778,1.244615911622032,0.051084146930827155,0.8336209375898763,0.10687178358973336,0.12820189461497425,970.0,44.6164944717463,0.0459963860533467,2626.3157894736846,225.96872613104898,0.08604019632244349,51.281061179185535,2.327861919625573,0.04539418385847344,0,,,,,,,,,,,,,,,,,,,,,,,,30.0,0.23669999999998484,3.957096958475164,1.237900614009317,10.0,10.0,4.154951806398922,0.7100999999999545,2.3669999999998486,4.154951806398922,10.0,3.957096958475164,299.82000000000005
CX138,260405,T003346,000048,well006,CX138|260405|T003346|000048|well006,/mnt/benshalom-nas/analysis/Sadegh/CX138/CX138/260405/T003346/Network/000048/well006,/mnt/benshalom-nas/analysis/Sadegh/CX138/CX138/260405/T003346/Network/000048/well006/network_results.json,59,8,8.0,0.0266642757699393,0.6525000000000016,0.289601018644622,0.4438329787657031,28.341428571428576,27.148746052900822,0.9579173464907794,5.156785200860083,1.8994833842690693,0.36834642326235745,0.7478813559322035,0.08535269948510038,0.11412598911322203,225.5,85.88218674440003,0.3808522693764968,754.1666666666667,129.03218806001684,0.17109240405748086,12.87496947876356,1.4518729102316448,0.11276709530274354,5,5.0,0.016665172356212062,1.0440000000000027,0.09178235124468047,0.08791412954471287,49.485000000000014,16.448243827229682,0.33238847786661974,8.250856321376132,0.2971046245501636,0.03600894416018755,0.7745762711864407,0.08930128726996267,0.11529050216472204,360.8,14.019985734657508,0.03885805358829686,826.6666666666667,104.13666234542204,0.12597176896623632,13.734348424494465,0.9852257336572826,0.07173443567953948,0,,,,,,,,,,,,,,,,,,,,,,,,30.0,0.23820000000000355,2.7702667775737124,0.4654310782537969,10.0,10.0,2.908780116452398,0.7146000000000107,2.3820000000000356,2.908780116452398,10.0,2.7702667775737124,300.00000000000006
CX138,260405,T003346,000048,well007,CX138|260405|T003346|000048|well007,/mnt/benshalom-nas/analysis/Sadegh/CX138/CX138/260405/T003346/Network/000048/well007,/mnt/benshalom-nas/analysis/Sadegh/CX138/CX138/260405/T003346/Network/000048/well007/network_results.json,24,96,96.0,0.32018058184816234,0.39593749999999805,0.20034126158570065,0.5059921366016142,3.060631578947368,4.08695764096018,1.335331462000334,2.113556559474182,1.0094932684168256,0.4776277520900462,0.75390625,0.11969019328393163,0.15876004912272795,87.75,41.00635113410279,0.4673088448330803,477.4305555555556,96.40467269904441,0.20192396899872572,8.641362708985463,0.9222476351870181,0.1067247917076836,32,32.0,0.10672686061605412,1.1878124999999942,0.14384745337943852,0.1211028284173127,9.363870967741935,1.6298578553088534,0.17405812840903423,6.340669678422547,0.7821873006369298,0.12336036101970935,0.7700737847222223,0.08867659914860983,0.11515337998500606,263.25,29.81295859186069,0.11324960528722008,571.875,76.4259695355214,0.13364103962495547,9.408167885506074,0.7041145357115663,0.07484077073032497,0,,,,,,,,,,,,,,,,,,,,,,,,30.0,0.04119999999999635,0.20120929417885913,0.17448232992073334,5.0,5.0,0.2112697588878021,0.12359999999998905,0.4119999999999635,0.2112697588878021,5.0,0.20120929417885913,299.82
CX138,260405,T003346,000048,well008,CX138|260405|T003346|000048|well008,/mnt/benshalom-nas/analysis/Sadegh/CX138/CX138/260405/T003346/Network/000048/well008,/mnt/benshalom-nas/analysis/Sadegh/CX138/CX138/260405/T003346/Network/000048/well008/network_results.json,110,25,25.0,0.08332819476132304,0.6348000000000047,0.291809801069121,0.4596877773615609,5.4262500000000005,6.262317736868675,1.1540783666194285,7.881122463817246,3.241180935447167,0.41125879598085713,0.6701818181818182,0.08916583120537515,0.13304722507584463,315.44,129.90706832193544,0.4118281394938354,1072.0000000000002,109.00764499183842,0.10168623599984924,20.124116348325487,1.2878642481725793,0.06399606451687712,11,11.0,0.03666440569498214,1.4427272727272835,0.13625450178322845,0.09444231377539394,12.936000000000002,3.4407214359782103,0.26598032127227966,17.911641963221015,1.219805282641645,0.06810125420920873,0.6892561983471075,0.08209181501791371,0.11910203377898751,716.9090909090909,49.725527640976864,0.0693609946805409,1154.5454545454547,91.31223741405677,0.0790893394924901,21.24342147773304,0.9312260657161673,0.043835973724489774,0,,,,,,,,,,,,,,,,,,,,,,,,30.0,0.2768999999999977,3.8683462244769835,1.3044380947458531,10.0,10.0,4.061763535700833,0.8306999999999931,2.768999999999977,4.061763535700833,10.0,3.8683462244769835,300.0
CX138,260405,T003346,000048,well009,CX138|260405|T003346|000048|well009,/mnt/benshalom-nas/analysis/Sadegh/CX138/CX138/260405/T003346/Network/000048/well009,/mnt/benshalom-nas/analysis/Sadegh/CX138/CX138/260405/T003346/Network/000048/well009/network_results.json,123,18,18.0,0.05999412057618353,0.7283333333333317,0.33627452409534947,0.4617041520759957,15.458823529411761,14.3565364831629,0.9286952823963827,5.662511998978363,2.1662032050722115,0.3825516317604343,0.564137308039747,0.14654554897266514,0.25976929177380353,211.94444444444446,85.85353951301938,0.40507567791201804,694.4444444444445,114.53071182271279,0.1649242250247064,13.446411890166729,2.001409484043184,0.14884338665148295,10,10.0,0.03333006698676863,1.310999999999997,0.28713933899764094,0.21902314187463126,29.159999999999993,3.1863772532454524,0.10927219661335573,10.192521598161056,2.4791401481701616,0.24323128720349735,0.5888888888888888,0.1039096626848546,0.17645037059692295,381.5,82.36048809957357,0.21588594521513388,773.3333333333334,84.0634680861233,0.10870276045619391,15.034488859493345,0.9462838782763604,0.06294087461968093,0,,,,,,,,,,,,,,,,,,,,,,,,30.0,0.41610000000000014,3.3703902495131226,0.826414523029082,10.0,10.0,3.538909761988779,1.2483000000000004,4.161000000000001,3.538909761988779,10.0,3.3703902495131226,299.99999999999994
CX138,260405,T003346,000048,well010,CX138|260405|T003346|000048|well010,/mnt/benshalom-nas/analysis/Sadegh/CX138/CX138/260405/T003346/Network/000048/well010,/mnt/benshalom-nas/analysis/Sadegh/CX138/CX138/260405/T003346/Network/000048/well010/network_results.json,179,67,67.0,0.22330921593801203,0.7038805970149239,0.38733284396186407,0.5502820302257199,4.113181818181818,6.003410686937311,1.459553929855463,10.619796856040198,5.941345453333846,0.5594594260016,0.6256149420495288,0.18147216244298306,0.29007005786734585,388.1940298507463,232.62770454006804,0.5992562652998792,1508.9552238805973,1054.9666486841636,0.6991371460122547,25.849363405507034,13.965387892767717,0.5402604185522218,27,27.0,0.08999028104964664,1.7688888888888858,0.8741274308887039,0.49416751746220783,10.414615384615384,6.814505586653555,0.6543213872996249,26.352829235359014,15.567818420123501,0.590745619040984,0.6048210221394579,0.13299232603034633,0.21988707594836435,963.2962962962963,578.1939194637048,0.6002243771586769,2188.888888888889,1281.8774810968519,0.5856293060848561,32.29348077917606,16.90309619856522,0.5234213157184627,8,8.0,0.02666378697767308,3.9412499999999886,1.3629328440902913,0.3458123296137761,33.55714285714286,22.410088107358963,0.6678187175458183,45.02411716684294,8.105787848105475,0.18003213295817405,0.6010707635009311,0.05225502660894416,0.08693656351639072,1623.625,280.7111226421212,0.17289159913287933,3083.3333333333335,193.64916731037087,0.06280513534390407,43.35646032124755,3.979596471244442,0.09178785449176013,30.0,0.20830000000000834,4.127485074239747,2.4370146229275935,10.0,10.0,4.333859327951735,0.624900000000025,2.0830000000000832,4.333859327951735,10.0,4.127485074239747,300.03000000000003
CX138,260405,T003346,000048,well011,CX138|260405|T003346|000048|well011,/mnt/benshalom-nas/analysis/Sadegh/CX138/CX138/260405/T003346/Network/000048/well011,/mnt/benshalom-nas/analysis/Sadegh/CX138/CX138/260405/T003346/Network/000048/well011/network_results.json,182,223,223.0,0.7432543006260334,0.46062780269058384,0.1488116169645426,0.3230626030285527,1.345,0.8964000826127265,0.6664684629090903,5.429123513826928,1.6477010610692273,0.30349301445672605,0.5054945054945056,0.07572044236265095,0.14979478815220076,187.1928251121076,56.90014495241805,0.303965415973295,643.1988041853513,83.05533203795677,0.12912855480686283,13.644911995231297,1.030813209761491,0.07554561070981958,195,195.0,0.6499308906819574,0.5275384615384624,0.17730487232864897,0.3360984748137114,1.5391237113402063,0.8652868871458953,0.562194501176542,6.208689967094385,2.1076741211775145,0.3394716328803721,0.5114304498919883,0.06969138263659111,0.13626756610074664,214.07179487179488,71.88676975639679,0.3358068249927504,651.4529914529915,84.34022427775581,0.12946478930067476,13.732422617969123,1.061687302333775,0.0773124547554004,0,,,,,,,,,,,,,,,,,,,,,,,,30.0,0.2159499942116153,10.445422735844147,1.0015289316428833,10.0,12.534507283012976,10.967693872636355,0.6478499826348458,2.159499942116153,10.967693872636355,12.534507283012976,10.445422735844147,300.03000000000003
CX138,260405,T003346,000048,well012,CX138|260405|T003346|000048|well012,/mnt/benshalom-nas/analysis/Sadegh/CX138/CX138/260405/T003346/Network/000048/well012,/mnt/benshalom-nas/analysis/Sadegh/CX138/CX138/260405/T003346/Network/000048/well012/network_results.json,102,1,1.0,0.003332554626402297,1.3499999999999996,0.0,0.0,0.0,0.0,0.0,22.9246935240119,0.0,0.0,0.9705882352941176,0.0,0.0,1024.0,0.0,0.0,2000.0,0.0,0.0,36.88459542565503,0.0,0.0,1,1.0,0.003332554626402297,1.3499999999999996,0.0,0.0,0.0,0.0,0.0,22.9246935240119,0.0,0.0,0.9705882352941176,0.0,0.0,1024.0,0.0,0.0,2000.0,0.0,0.0,36.88459542565503,0.0,0.0,0,,,,,,,,,,,,,,,,,,,,,,,,30.0,0.3216000000000001,3.618682592095327,0.4720280007059787,10.0,10.0,3.799616721700094,0.9648000000000003,3.216000000000001,3.799616721700094,10.0,3.618682592095327,300.06
CX138,260405,T003346,000048,well013,CX138|260405|T003346|000048|well013,/mnt/benshalom-nas/analysis/Sadegh/CX138/CX138/260405/T003346/Network/000048/well013,/mnt/benshalom-nas/analysis/Sadegh/CX138/CX138/260405/T003346/Network/000048/well013/network_results.json,139,110,110.0,0.3667078601829606,0.49745454545454726,0.28838558898440986,0.579722492475968,2.745963302752293,2.9299272368665075,1.0669943163223727,11.543801624334368,7.465879137099834,0.6467435408246914,0.625376062786135,0.10655658170465836,0.17038800818492214,480.5181818181818,346.5107300402945,0.7211188736483796,2274.8484848484845,297.70795681037714,0.13086935626405286,40.03522415799976,10.694210135372497,0.26712002643391225,50,50.0,0.1666853909922548,1.094400000000004,0.11387993677553614,0.10405695977296758,6.102244897959185,1.4780299426782832,0.24221085311941362,25.396363573535606,1.4775378887129276,0.05817911231404021,0.6328776978417266,0.05651016423940981,0.08929081310990068,1057.14,61.9432030169574,0.05859508013787899,2460.0000000000005,183.90818965511627,0.07475942668907164,49.820595587754035,1.9973310017611556,0.04009046817280727,0,,,,,,,,,,,,,,,,,,,,,,,,30.0,0.03409999999996672,0.7717387772054947,0.3345969547646549,10.0,10.0,0.8103257160657694,0.10229999999990017,0.3409999999996672,0.8103257160657694,10.0,0.7717387772054947,299.94
CX138,260405,T003346,000048,well014,CX138|260405|T003346|000048|well014,/mnt/benshalom-nas/analysis/Sadegh/CX138/CX138/260405/T003346/Network/000048/well014,/mnt/benshalom-nas/analysis/Sadegh/CX138/CX138/260405/T003346/Network/000048/well014/network_results.json,113,0,,,,,,,,,,,,,,,,,,,,,,,,0,,,,,,,,,,,,,,,,,,,,,,,,0,,,,,,,,,,,,,,,,,,,,,,,,30.0,0.37360000000001037,5.417211082484645,0.4850173301873202,10.0,10.0,5.6880716366088775,1.120800000000031,3.7360000000001037,5.6880716366088775,10.0,5.417211082484645,300.06
CX138,260405,T003346,000048,well015,CX138|260405|T003346|000048|well015,/mnt/benshalom-nas/analysis/Sadegh/CX138/CX138/260405/T003346/Network/000048/well015,/mnt/benshalom-nas/analysis/Sadegh/CX138/CX138/260405/T003346/Network/000048/well015/network_results.json,135,26,26.0,0.08664737318490416,0.7811538461538498,0.3448224395147438,0.44142705206220073,10.174799999999998,12.232496759043102,1.2022346148369605,7.754037005657784,2.952364396027311,0.3807519094728461,0.6333333333333334,0.07336555739674198,0.11584035378432943,316.96153846153845,140.94310930007043,0.4446694383936211,1308.9743589743591,405.4708872017556,0.30976228405227163,19.522019324840535,5.279287218783627,0.2704273124074858,14,14.0,0.046656277868794546,1.4507142857142925,0.48448004950393686,0.3339596599239332,19.53461538461538,11.163267797961044,0.5714608441563048,14.400354439078743,4.722931354123737,0.32797327135969334,0.6246031746031745,0.06228403239571122,0.09971776469961391,588.6428571428571,200.58258261618727,0.3407542963992989,1433.3333333333333,513.6239128092888,0.3583422647506666,21.7938109936671,5.489260603368429,0.2518724515397289,0,,,,,,,,,,,,,,,,,,,,,,,,30.0,0.2716000000000029,4.596426480476735,1.6967150979976968,10.0,10.0,4.826247804500572,0.8148000000000086,2.716000000000029,4.826247804500572,10.0,4.596426480476735,300.05999999999995
CX138,260405,T003346,000048,well016,CX138|260405|T003346|000048|well016,/mnt/benshalom-nas/analysis/Sadegh/CX138/CX138/260405/T003346/Network/000048/well016,/mnt/benshalom-nas/analysis/Sadegh/CX138/CX138/260405/T003346/Network/000048/well016/network_results.json,149,0,,,,,,,,,,,,,,,,,,,,,,,,0,,,,,,,,,,,,,,,,,,,,,,,,0,,,,,,,,,,,,,,,,,,,,,,,,30.0,0.23279999999999745,5.362538243185404,0.5611647675161704,10.0,10.0,5.6306651553446745,0.6983999999999924,2.3279999999999745,5.6306651553446745,10.0,5.362538243185404,300.03
CX138,260405,T003346,000048,well017,CX138|260405|T003346|000048|well017,/mnt/benshalom-nas/analysis/Sadegh/CX138/CX138/260405/T003346/Network/000048/well017,/mnt/benshalom-nas/analysis/Sadegh/CX138/CX138/260405/T003346/Network/000048/well017/network_results.json,118,33,33.0,0.10997987368311597,0.6281818181818183,0.3100093307046761,0.49350255249659,8.5134375,11.194115532662398,1.3148761041192112,6.480225967763889,2.4710859318493736,0.3813271241067637,0.6204417051874679,0.145035235921886,0.2337612618707881,259.8181818181818,116.75783136292402,0.44938283589648853,986.8686868686871,183.84948351439928,0.18629579189278941,16.326221706587113,2.567580620015702,0.15726728854721878,12,12.0,0.0399926813393149,1.7275000000000003,0.18673175948402357,0.10809363790681537,24.70090909090909,0.8639387030597883,0.03497598812578732,17.820621411350693,1.6598015015854723,0.0931393728239059,0.6397128060263654,0.082385239858653,0.12878472821326878,714.5,57.6837643246925,0.08073305013952764,1141.6666666666667,77.13024098286009,0.06755933516746869,18.76556947078126,1.467351736642199,0.07819382933872188,0,,,,,,,,,,,,,,,,,,,,,,,,30.0,0.24150000000000207,5.379020813314479,1.0789652216529655,10.0,10.0,5.647971853980203,0.7245000000000063,2.415000000000021,5.647971853980203,10.0,5.379020813314479,300.03
CX138,260405,T003346,000048,well018,CX138|260405|T003346|000048|well018,/mnt/benshalom-nas/analysis/Sadegh/CX138/CX138/260405/T003346/Network/000048/well018,/mnt/benshalom-nas/analysis/Sadegh/CX138/CX138/260405/T003346/Network/000048/well018/network_results.json,58,2,2.0,0.006666193366937614,1.049999999999983,0.15000000000000568,0.1428571428571506,31.77000000000004,0.0,0.0,4.845822729324075,0.7968452679863886,0.16443962408371826,0.6379310344827587,0.03448275862068967,0.05405405405405407,196.5,31.5,0.16030534351145037,583.3333333333334,16.66666666666663,0.028571428571428505,10.373717480037037,0.3533361227565708,0.03406070422069266,2,2.0,0.006666193366937614,1.049999999999983,0.15000000000000568,0.1428571428571506,31.77000000000004,0.0,0.0,4.845822729324075,0.7968452679863886,0.16443962408371826,0.6379310344827587,0.03448275862068967,0.05405405405405407,196.5,31.5,0.16030534351145037,583.3333333333334,16.66666666666663,0.028571428571428505,10.373717480037037,0.3533361227565708,0.03406070422069266,0,,,,,,,,,,,,,,,,,,,,,,,,30.0,0.28144999555873457,2.125963806182149,0.446663671228293,10.0,10.0,2.2322619964912565,0.8443499866762036,2.814499955587346,2.2322619964912565,10.0,2.125963806182149,300.0
CX138,260405,T003346,000048,well021,CX138|260405|T003346|000048|well021,/mnt/benshalom-nas/analysis/Sadegh/CX138/CX138/260405/T003346/Network/000048/well021,/mnt/benshalom-nas/analysis/Sadegh/CX138/CX138/260405/T003346/Network/000048/well021/network_results.json,97,0,,,,,,,,,,,,,,,,,,,,,,,,0,,,,,,,,,,,,,,,,,,,,,,,,0,,,,,,,,,,,,,,,,,,,,,,,,30.0,0.22880000000002096,4.808087497526767,0.4417256458663861,10.0,10.0,5.048491872403106,0.6864000000000628,2.2880000000002094,5.048491872403106,10.0,4.808087497526767,300.03
CX138,260405,T003346,000048,well022,CX138|260405|T003346|000048|well022,/mnt/benshalom-nas/analysis/Sadegh/CX138/CX138/260405/T003346/Network/000048/well022,/mnt/benshalom-nas/analysis/Sadegh/CX138/CX138/260405/T003346/Network/000048/well022/network_results.json,10,0,,,,,,,,,,,,,,,,,,,,,,,,0,,,,,,,,,,,,,,,,,,,,,,,,0,,,,,,,,,,,,,,,,,,,,,,,,30.0,0.6430000000000007,0.12098748976534904,0.10779125905737005,5.0,5.0,0.1270368642536165,1.929000000000002,6.430000000000007,0.1270368642536165,5.0,0.12098748976534904,298.62
CX138,260405,T003346,000048,well023,CX138|260405|T003346|000048|well023,/mnt/benshalom-nas/analysis/Sadegh/CX138/CX138/260405/T003346/Network/000048/well023,/mnt/benshalom-nas/analysis/Sadegh/CX138/CX138/260405/T003346/Network/000048/well023/network_results.json,155,32,32.0,0.10665529010238908,0.6881250000000009,0.38205396788281276,0.5552101258969115,8.685483870967742,9.221726393094446,1.0617400861130095,11.322785626282283,6.682677335671415,0.5901972850355555,0.7133064516129033,0.15899117361741003,0.2228932224822933,444.625,300.8478384083888,0.676632754362415,1447.9166666666667,489.46807153843605,0.33804989113445943,25.932297018795836,11.378999656151166,0.4387964416689975,15,15.0,0.04999466723549488,1.468000000000002,0.20507559581774207,0.13969727235540993,19.19357142857143,1.7813742974891962,0.09281098643462746,24.155276002735537,2.418312956212159,0.100115310457984,0.7548100358422939,0.10489163238562092,0.13896427896400737,948.5333333333333,78.42012213428104,0.08267513578958502,1824.4444444444446,120.16449630751804,0.065863609425558,36.70883959071196,1.8903506836511423,0.05149578969882331,0,,,,,,,,,,,,,,,,,,,,,,,,30.0,0.2541999999999973,3.5948258402496736,1.3536318282718007,10.0,10.0,3.7745671322621575,0.762599999999992,2.541999999999973,3.7745671322621575,10.0,3.5948258402496736,300.03000000000003
