metric,x_value,test_type,comparison,statistic,p_value,effect_size,n_group_1,n_group_2,p_adj,metric_label
network_bursts_rate_ratio,-6,anova,all_groups,0.6886753011345618,0.6341088449476835,,,,0.6341088449476835,network_bursts_rate (ratio to baseline)
network_bursts_rate_ratio,-6,welch_t,10uM vs 20uM,0.3225068614681771,0.7515732080181556,0.14923202756303997,12.0,6.0,0.9265971057758082,network_bursts_rate (ratio to baseline)
network_bursts_rate_ratio,-6,welch_t,10uM vs CT,1.1967491912085344,0.24934822981184376,0.49620997810532286,12.0,10.0,0.6545478821022278,network_bursts_rate (ratio to baseline)
network_bursts_rate_ratio,-6,welch_t,10uM vs IVH-E,0.7063580615777717,0.49046458027213025,0.29281963441871567,12.0,10.0,0.8280341198400321,network_bursts_rate (ratio to baseline)
network_bursts_rate_ratio,-6,welch_t,10uM vs IVH-L,1.4165728249115408,0.18079829947761195,0.5799980682857189,12.0,11.0,0.5671392435572734,network_bursts_rate (ratio to baseline)
network_bursts_rate_ratio,-6,welch_t,10uM vs NPH,0.7914913518429818,0.43833905895769976,0.3275511327230008,12.0,11.0,0.8020031365664978,network_bursts_rate (ratio to baseline)
network_bursts_rate_ratio,-6,welch_t,20uM vs CT,0.8830831543486133,0.403359175131462,0.476130744865623,6.0,10.0,0.7980750908237085,network_bursts_rate (ratio to baseline)
network_bursts_rate_ratio,-6,welch_t,20uM vs IVH-E,0.34538981518954837,0.7389005521394765,0.1863683323854548,6.0,10.0,0.9240453449265634,network_bursts_rate (ratio to baseline)
network_bursts_rate_ratio,-6,welch_t,20uM vs IVH-L,1.1106331982587312,0.30952831718555646,0.6194328727184042,6.0,11.0,0.7126570791880324,network_bursts_rate (ratio to baseline)
network_bursts_rate_ratio,-6,welch_t,20uM vs NPH,0.46930088945195236,0.6481666861139715,0.23659435266356316,6.0,11.0,0.8974901319191694,network_bursts_rate (ratio to baseline)
network_bursts_rate_ratio,-6,welch_t,CT vs IVH-E,-0.8147204599259085,0.42588151740038893,-0.3643540662108449,10.0,10.0,0.7997173031891998,network_bursts_rate (ratio to baseline)
network_bursts_rate_ratio,-6,welch_t,CT vs IVH-L,0.2638385343606072,0.7956057240310427,0.11654446262447152,10.0,11.0,0.9373539890921735,network_bursts_rate (ratio to baseline)
network_bursts_rate_ratio,-6,welch_t,CT vs NPH,-0.43391633526566004,0.6696900677790106,-0.18778125196840376,10.0,11.0,0.8974901319191694,network_bursts_rate (ratio to baseline)
network_bursts_rate_ratio,-6,welch_t,IVH-E vs IVH-L,1.2651839102606128,0.22560229125497314,0.5587848845898693,10.0,11.0,0.6288819268244588,network_bursts_rate (ratio to baseline)
network_bursts_rate_ratio,-6,welch_t,IVH-E vs NPH,0.2167048992303834,0.8309724767887572,0.09376608667038597,10.0,11.0,0.9396974984319634,network_bursts_rate (ratio to baseline)
network_bursts_rate_ratio,-6,welch_t,IVH-L vs NPH,-0.6840275807473032,0.5059029587510857,-0.29167034044464046,11.0,11.0,0.8280360979195956,network_bursts_rate (ratio to baseline)
network_bursts_rate_ratio,-3,anova,all_groups,0.1901907490481773,0.9622422429359202,,,,0.9622422429359202,network_bursts_rate (ratio to baseline)
network_bursts_rate_ratio,-3,welch_t,10uM vs 20uM,-0.1531379196078681,0.8845772665725393,-0.11595594755774467,4.0,3.0,0.9607806625571627,network_bursts_rate (ratio to baseline)
network_bursts_rate_ratio,-3,welch_t,10uM vs CT,-0.6000881002002357,0.5797932417493671,-0.4243263649609391,4.0,4.0,0.8640908157231392,network_bursts_rate (ratio to baseline)
network_bursts_rate_ratio,-3,welch_t,10uM vs IVH-E,-0.23798030449992613,0.8198330336904456,-0.1682774871007372,4.0,4.0,0.9396974984319634,network_bursts_rate (ratio to baseline)
network_bursts_rate_ratio,-3,welch_t,10uM vs IVH-L,-0.2999489049517095,0.7809503819377899,-0.21209590470083303,4.0,4.0,0.9351286638059629,network_bursts_rate (ratio to baseline)
network_bursts_rate_ratio,-3,welch_t,10uM vs NPH,0.26297974951513065,0.8058685747833754,0.18595476419688856,4.0,4.0,0.9396974984319634,network_bursts_rate (ratio to baseline)
network_bursts_rate_ratio,-3,welch_t,20uM vs CT,-0.3919259400647116,0.7234378978392815,-0.3119085094396277,3.0,4.0,0.9186126614383855,network_bursts_rate (ratio to baseline)
network_bursts_rate_ratio,-3,welch_t,20uM vs IVH-E,-0.08582821138453192,0.9350362576864236,-0.0647649944456802,3.0,4.0,0.9780512061475436,network_bursts_rate (ratio to baseline)
network_bursts_rate_ratio,-3,welch_t,20uM vs IVH-L,-0.08832507484803391,0.936569337457818,-0.07116430706912802,3.0,4.0,0.9780512061475436,network_bursts_rate (ratio to baseline)
network_bursts_rate_ratio,-3,welch_t,20uM vs NPH,0.457577209714041,0.6828274742270759,0.3658902012859547,3.0,4.0,0.8974901319191694,network_bursts_rate (ratio to baseline)
network_bursts_rate_ratio,-3,welch_t,CT vs IVH-E,0.2733078046679314,0.7980310492355864,0.19325780203190263,4.0,4.0,0.9373539890921735,network_bursts_rate (ratio to baseline)
network_bursts_rate_ratio,-3,welch_t,CT vs IVH-L,0.6383013245325728,0.549797472841566,0.4513471950173374,4.0,4.0,0.8498061411263068,network_bursts_rate (ratio to baseline)
network_bursts_rate_ratio,-3,welch_t,CT vs NPH,1.586675185884484,0.16441139634708085,1.1219487834793445,4.0,4.0,0.5579232437887724,network_bursts_rate (ratio to baseline)
network_bursts_rate_ratio,-3,welch_t,IVH-E vs IVH-L,0.02884950746021212,0.9785534395333464,0.02039968235900788,4.0,4.0,0.9941895458645168,network_bursts_rate (ratio to baseline)
network_bursts_rate_ratio,-3,welch_t,IVH-E vs NPH,0.5600344717488034,0.6066505804788833,0.3960041726718048,4.0,4.0,0.8777744981635959,network_bursts_rate (ratio to baseline)
network_bursts_rate_ratio,-3,welch_t,IVH-L vs NPH,1.2016275680229525,0.2774696708397952,0.8496790018097291,4.0,4.0,0.6780311888633372,network_bursts_rate (ratio to baseline)
network_bursts_rate_ratio,0,anova,all_groups,1.2868088987571662,0.27707006767222475,,,,0.27707006767222475,network_bursts_rate (ratio to baseline)
network_bursts_rate_ratio,0,welch_t,10uM vs 20uM,0.7734104466131603,0.44893114240254584,0.27746966240471205,16.0,12.0,0.8020031365664978,network_bursts_rate (ratio to baseline)
network_bursts_rate_ratio,0,welch_t,10uM vs CT,1.0624067923597702,0.30269566514866186,0.37561752362812095,16.0,16.0,0.7071282794668954,network_bursts_rate (ratio to baseline)
network_bursts_rate_ratio,0,welch_t,10uM vs IVH-E,0.9812726678652964,0.3400606334630415,0.34693227882028294,16.0,16.0,0.7350664045031561,network_bursts_rate (ratio to baseline)
network_bursts_rate_ratio,0,welch_t,10uM vs IVH-L,1.2759022638636517,0.21991938597562474,0.45109957145462787,16.0,16.0,0.6284375407038221,network_bursts_rate (ratio to baseline)
network_bursts_rate_ratio,0,welch_t,10uM vs NPH,1.5518774392018142,0.1399852283790849,0.5486715304150085,16.0,16.0,0.5185632883312667,network_bursts_rate (ratio to baseline)
network_bursts_rate_ratio,0,welch_t,20uM vs CT,0.6161283881039668,0.5441256073944565,0.23742816339508135,12.0,16.0,0.8498061411263068,network_bursts_rate (ratio to baseline)
network_bursts_rate_ratio,0,welch_t,20uM vs IVH-E,0.43068941629126106,0.6709147113293024,0.1661091743947745,12.0,16.0,0.8974901319191694,network_bursts_rate (ratio to baseline)
network_bursts_rate_ratio,0,welch_t,20uM vs IVH-L,1.156794078649809,0.26258911128880524,0.45417871833586243,12.0,16.0,0.6625767095937756,network_bursts_rate (ratio to baseline)
network_bursts_rate_ratio,0,welch_t,20uM vs NPH,1.8400378229687917,0.08261658887923097,0.7230685876495946,12.0,16.0,0.44795318423520425,network_bursts_rate (ratio to baseline)
network_bursts_rate_ratio,0,welch_t,CT vs IVH-E,-0.2200312255956861,0.8273374936977353,-0.07779278584574835,16.0,16.0,0.9396974984319634,network_bursts_rate (ratio to baseline)
network_bursts_rate_ratio,0,welch_t,CT vs IVH-L,0.585092576363955,0.5632160110423243,0.20686146418443024,16.0,16.0,0.8564298583919624,network_bursts_rate (ratio to baseline)
network_bursts_rate_ratio,0,welch_t,CT vs NPH,1.4117112336177613,0.16924176658742524,0.4991152931841727,16.0,16.0,0.5579232437887724,network_bursts_rate (ratio to baseline)
network_bursts_rate_ratio,0,welch_t,IVH-E vs IVH-L,0.8396706065775325,0.4082313258108955,0.29686838993699743,16.0,16.0,0.7980750908237085,network_bursts_rate (ratio to baseline)
network_bursts_rate_ratio,0,welch_t,IVH-E vs NPH,1.6743655288714774,0.1053189288924541,0.5919776098250108,16.0,16.0,0.49038029253234783,network_bursts_rate (ratio to baseline)
network_bursts_rate_ratio,0,welch_t,IVH-L vs NPH,0.9764910499819408,0.33663203205037695,0.34524172160510114,16.0,16.0,0.7350664045031561,network_bursts_rate (ratio to baseline)
network_bursts_rate_ratio,3,anova,all_groups,1.6397753072630703,0.16335997435191787,,,,0.16335997435191787,network_bursts_rate (ratio to baseline)
network_bursts_rate_ratio,3,welch_t,10uM vs 20uM,-1.3443772237741358,0.21055736759274854,-0.6257698324459785,12.0,9.0,0.6152070746382853,network_bursts_rate (ratio to baseline)
network_bursts_rate_ratio,3,welch_t,10uM vs CT,0.8261029215985568,0.42216076554836734,0.3372551054898134,12.0,12.0,0.7997173031891998,network_bursts_rate (ratio to baseline)
network_bursts_rate_ratio,3,welch_t,10uM vs IVH-E,-0.8094761471871936,0.4285979961777213,-0.34827228104609953,12.0,10.0,0.7997173031891998,network_bursts_rate (ratio to baseline)
network_bursts_rate_ratio,3,welch_t,10uM vs IVH-L,-0.3550658154759053,0.7290971366941446,-0.15099160537818485,12.0,11.0,0.9186126614383855,network_bursts_rate (ratio to baseline)
network_bursts_rate_ratio,3,welch_t,10uM vs NPH,3.2524534270317176,0.0059776752190912694,1.3278085513990312,12.0,12.0,0.11459493434441649,network_bursts_rate (ratio to baseline)
network_bursts_rate_ratio,3,welch_t,20uM vs CT,1.64534698164209,0.1375228711883976,0.773909764919699,9.0,12.0,0.515710766956491,network_bursts_rate (ratio to baseline)
network_bursts_rate_ratio,3,welch_t,20uM vs IVH-E,0.9722562805024704,0.3539210429845888,0.4555439890981168,9.0,10.0,0.7495849983288707,network_bursts_rate (ratio to baseline)
network_bursts_rate_ratio,3,welch_t,20uM vs IVH-L,0.6439685362499896,0.5277218197445894,0.2860574826386906,9.0,11.0,0.8421440587173309,network_bursts_rate (ratio to baseline)
network_bursts_rate_ratio,3,welch_t,20uM vs NPH,2.3812957895944615,0.043866088885975076,1.1207055980043572,9.0,12.0,0.32862474814066955,network_bursts_rate (ratio to baseline)
network_bursts_rate_ratio,3,welch_t,CT vs IVH-E,-1.6878317732258952,0.11966277294536605,-0.7475214001543276,12.0,10.0,0.5123133730380086,network_bursts_rate (ratio to baseline)
network_bursts_rate_ratio,3,welch_t,CT vs IVH-L,-0.5874460099295958,0.5696728377614969,-0.25037224028236144,12.0,11.0,0.8602442180962202,network_bursts_rate (ratio to baseline)
network_bursts_rate_ratio,3,welch_t,CT vs NPH,4.807663129852768,8.875728469817076e-05,1.9627202538885378,12.0,12.0,0.007988155622835369,network_bursts_rate (ratio to baseline)
network_bursts_rate_ratio,3,welch_t,IVH-E vs IVH-L,-0.04266385776757224,0.9666794607638476,-0.018263620579346416,10.0,11.0,0.9898710043286312,network_bursts_rate (ratio to baseline)
network_bursts_rate_ratio,3,welch_t,IVH-E vs NPH,3.722890529141831,0.003666428280851681,1.6526320420997724,10.0,12.0,0.09705251331666215,network_bursts_rate (ratio to baseline)
network_bursts_rate_ratio,3,welch_t,IVH-L vs NPH,1.228538827511056,0.24696242389807366,0.5236709395167775,11.0,12.0,0.6545478821022278,network_bursts_rate (ratio to baseline)
network_bursts_rate_ratio,6,anova,all_groups,1.992555901255439,0.09381601814058992,,,,0.09381601814058992,network_bursts_rate (ratio to baseline)
network_bursts_rate_ratio,6,welch_t,10uM vs 20uM,-0.6074851351958933,0.5513272764264721,-0.25706404401479305,12.0,9.0,0.8498061411263068,network_bursts_rate (ratio to baseline)
network_bursts_rate_ratio,6,welch_t,10uM vs CT,0.7030052972932059,0.4960646457611463,0.28725567371757466,12.0,11.0,0.8280341198400321,network_bursts_rate (ratio to baseline)
network_bursts_rate_ratio,6,welch_t,10uM vs IVH-E,-1.1836343908521776,0.25305886816607287,-0.49848643571326323,12.0,9.0,0.6582898800466933,network_bursts_rate (ratio to baseline)
network_bursts_rate_ratio,6,welch_t,10uM vs IVH-L,-0.46992297773707764,0.6471086233538332,-0.2149827389364388,12.0,9.0,0.8974901319191694,network_bursts_rate (ratio to baseline)
network_bursts_rate_ratio,6,welch_t,10uM vs NPH,2.0677325369502806,0.061786878017595914,0.8441482733464584,12.0,12.0,0.37678121841652884,network_bursts_rate (ratio to baseline)
network_bursts_rate_ratio,6,welch_t,20uM vs CT,2.239749622390506,0.052147683216215,1.0495791896641216,9.0,11.0,0.35806561552534416,network_bursts_rate (ratio to baseline)
network_bursts_rate_ratio,6,welch_t,20uM vs IVH-E,-0.76967569626609,0.4528015591232516,-0.3628286027628198,9.0,9.0,0.8020031365664978,network_bursts_rate (ratio to baseline)
network_bursts_rate_ratio,6,welch_t,20uM vs IVH-L,-0.17252374563862727,0.8666897084588274,-0.08132847363785094,9.0,9.0,0.9547377449362848,network_bursts_rate (ratio to baseline)
network_bursts_rate_ratio,6,welch_t,20uM vs NPH,4.392260699211734,0.0017000570168901827,2.0490386145036275,9.0,12.0,0.05468730737346389,network_bursts_rate (ratio to baseline)
network_bursts_rate_ratio,6,welch_t,CT vs IVH-E,-3.5501713796304,0.006108574125510908,-1.6617870284405631,11.0,9.0,0.11459493434441649,network_bursts_rate (ratio to baseline)
network_bursts_rate_ratio,6,welch_t,CT vs IVH-L,-0.8574570254013899,0.4159017166706992,-0.4039881084434161,11.0,9.0,0.7981056396665869,network_bursts_rate (ratio to baseline)
network_bursts_rate_ratio,6,welch_t,CT vs NPH,6.340387522878586,2.7729561193483136e-06,2.639171625783531,11.0,12.0,0.0012492896547058997,network_bursts_rate (ratio to baseline)
network_bursts_rate_ratio,6,welch_t,IVH-E vs IVH-L,0.12312722729722471,0.9046680793327038,0.05804273158037665,9.0,9.0,0.9675535967238602,network_bursts_rate (ratio to baseline)
network_bursts_rate_ratio,6,welch_t,IVH-E vs NPH,5.88831980118308,0.00020356306318930497,2.74162103639484,9.0,12.0,0.01303348055965973,network_bursts_rate (ratio to baseline)
network_bursts_rate_ratio,6,welch_t,IVH-L vs NPH,1.515100536032794,0.16777764297507747,0.7135297569749454,9.0,12.0,0.5579232437887724,network_bursts_rate (ratio to baseline)
network_bursts_rate_ratio,9,anova,all_groups,1.5727612040796108,0.17889726612161388,,,,0.17889726612161388,network_bursts_rate (ratio to baseline)
network_bursts_rate_ratio,9,welch_t,10uM vs 20uM,0.4284783656152231,0.6734177887821347,0.15369396043453415,16.0,11.0,0.8974901319191694,network_bursts_rate (ratio to baseline)
network_bursts_rate_ratio,9,welch_t,10uM vs CT,1.0310380375644608,0.3176043086285348,0.36499316190228936,16.0,15.0,0.7183254819094816,network_bursts_rate (ratio to baseline)
network_bursts_rate_ratio,9,welch_t,10uM vs IVH-E,-0.6385049508605964,0.5299470526196695,-0.2525325720844781,16.0,8.0,0.8426719917980611,network_bursts_rate (ratio to baseline)
network_bursts_rate_ratio,9,welch_t,10uM vs IVH-L,0.5344168419337495,0.5976772707079837,0.19795627407737665,16.0,12.0,0.8737148418872119,network_bursts_rate (ratio to baseline)
network_bursts_rate_ratio,9,welch_t,10uM vs NPH,1.6164781789741227,0.12349179349598144,0.5731047492938451,16.0,15.0,0.5123133730380086,network_bursts_rate (ratio to baseline)
network_bursts_rate_ratio,9,welch_t,20uM vs CT,1.596343591354211,0.12783610017747898,0.6465391993579097,11.0,15.0,0.5123133730380086,network_bursts_rate (ratio to baseline)
network_bursts_rate_ratio,9,welch_t,20uM vs IVH-E,-1.451180567948321,0.18029986517719687,-0.70854102830855,11.0,8.0,0.5671392435572734,network_bursts_rate (ratio to baseline)
network_bursts_rate_ratio,9,welch_t,20uM vs IVH-L,0.2678909239762129,0.7924765566900643,0.1100726508241163,11.0,12.0,0.9373539890921735,network_bursts_rate (ratio to baseline)
network_bursts_rate_ratio,9,welch_t,20uM vs NPH,2.797386315306407,0.010175757724698947,1.0983980450448252,11.0,15.0,0.1556647925382272,network_bursts_rate (ratio to baseline)
network_bursts_rate_ratio,9,welch_t,CT vs IVH-E,-2.222509189986716,0.057372946655371244,-1.0833554726207302,15.0,8.0,0.375217482046195,network_bursts_rate (ratio to baseline)
network_bursts_rate_ratio,9,welch_t,CT vs IVH-L,-0.5015040507064155,0.6245957346840063,-0.2029311037494815,15.0,12.0,0.8894559512905152,network_bursts_rate (ratio to baseline)
network_bursts_rate_ratio,9,welch_t,CT vs NPH,1.7117596308391698,0.09969296931951917,0.6250462418915527,15.0,15.0,0.4831912594190586,network_bursts_rate (ratio to baseline)
network_bursts_rate_ratio,9,welch_t,IVH-E vs IVH-L,1.3479650748017689,0.19615704426647282,0.6087817341639632,8.0,12.0,0.5940512578328874,network_bursts_rate (ratio to baseline)
network_bursts_rate_ratio,9,welch_t,IVH-E vs NPH,2.872220489711068,0.018239653204839956,1.3625268768671885,8.0,15.0,0.20071842328542597,network_bursts_rate (ratio to baseline)
network_bursts_rate_ratio,9,welch_t,IVH-L vs NPH,1.2745115401781917,0.22205058913874098,0.5108268749701267,12.0,15.0,0.6288819268244588,network_bursts_rate (ratio to baseline)
network_bursts_count_ratio,-6,anova,all_groups,0.6888033968231957,0.634014821564109,,,,0.634014821564109,network_bursts_count (ratio to baseline)
network_bursts_count_ratio,-6,welch_t,10uM vs 20uM,0.3230060838953928,0.751201500699417,0.14945202305363128,12.0,6.0,0.9265971057758082,network_bursts_count (ratio to baseline)
network_bursts_count_ratio,-6,welch_t,10uM vs CT,1.1970395806571337,0.24924123186816566,0.49632610411226047,12.0,10.0,0.6545478821022278,network_bursts_count (ratio to baseline)
network_bursts_count_ratio,-6,welch_t,10uM vs IVH-E,0.7063589103810136,0.4904654435461503,0.2928179992345244,12.0,10.0,0.8280341198400321,network_bursts_count (ratio to baseline)
network_bursts_count_ratio,-6,welch_t,10uM vs IVH-L,1.4165041719825255,0.18081726434515646,0.5799703232494152,12.0,11.0,0.5671392435572734,network_bursts_count (ratio to baseline)
network_bursts_count_ratio,-6,welch_t,10uM vs NPH,0.7916570021336096,0.43824551000672407,0.3276186841788211,12.0,11.0,0.8020031365664978,network_bursts_count (ratio to baseline)
network_bursts_count_ratio,-6,welch_t,20uM vs CT,0.8831317680769362,0.40333212569289034,0.47615079588651,6.0,10.0,0.7980750908237085,network_bursts_count (ratio to baseline)
network_bursts_count_ratio,-6,welch_t,20uM vs IVH-E,0.3449237616516422,0.7392362759412507,0.18611320100770315,6.0,10.0,0.9240453449265634,network_bursts_count (ratio to baseline)
network_bursts_count_ratio,-6,welch_t,20uM vs IVH-L,1.1104086383464666,0.3096099088472452,0.6192856710245881,6.0,11.0,0.7126570791880324,network_bursts_count (ratio to baseline)
network_bursts_count_ratio,-6,welch_t,20uM vs NPH,0.46908520032556456,0.6483135293762909,0.23647502017033614,6.0,11.0,0.8974901319191694,network_bursts_count (ratio to baseline)
network_bursts_count_ratio,-6,welch_t,CT vs IVH-E,-0.8153804289525775,0.42551345334040425,-0.36464921333218014,10.0,10.0,0.7997173031891998,network_bursts_count (ratio to baseline)
network_bursts_count_ratio,-6,welch_t,CT vs IVH-L,0.2633498560182593,0.7959740084996585,0.11632764139477432,10.0,11.0,0.9373539890921735,network_bursts_count (ratio to baseline)
network_bursts_count_ratio,-6,welch_t,CT vs NPH,-0.4341181056455886,0.6695467889595741,-0.18786791244750448,10.0,11.0,0.8974901319191694,network_bursts_count (ratio to baseline)
network_bursts_count_ratio,-6,welch_t,IVH-E vs IVH-L,1.2653570509822445,0.2255372381701149,0.5588574186577674,10.0,11.0,0.6288819268244588,network_bursts_count (ratio to baseline)
network_bursts_count_ratio,-6,welch_t,IVH-E vs NPH,0.2169718918275164,0.8307677797958746,0.09388141568458033,10.0,11.0,0.9396974984319634,network_bursts_count (ratio to baseline)
network_bursts_count_ratio,-6,welch_t,IVH-L vs NPH,-0.6838303275174048,0.5060220598397529,-0.29158623138480483,11.0,11.0,0.8280360979195956,network_bursts_count (ratio to baseline)
network_bursts_count_ratio,-3,anova,all_groups,0.19017403735793248,0.9622491931431072,,,,0.9622491931431072,network_bursts_count (ratio to baseline)
network_bursts_count_ratio,-3,welch_t,10uM vs 20uM,-0.15325044439898203,0.8844931869584376,-0.11604094710312392,4.0,3.0,0.9607806625571627,network_bursts_count (ratio to baseline)
network_bursts_count_ratio,-3,welch_t,10uM vs CT,-0.5999156457034286,0.5799009474408623,-0.4242044212168006,4.0,4.0,0.8640908157231392,network_bursts_count (ratio to baseline)
network_bursts_count_ratio,-3,welch_t,10uM vs IVH-E,-0.2382384313071761,0.8196420914162784,-0.16846001031654967,4.0,4.0,0.9396974984319634,network_bursts_count (ratio to baseline)
network_bursts_count_ratio,-3,welch_t,10uM vs IVH-L,-0.29983323872953915,0.7810319636808795,-0.21201411633078213,4.0,4.0,0.9351286638059629,network_bursts_count (ratio to baseline)
network_bursts_count_ratio,-3,welch_t,10uM vs NPH,0.263120788692071,0.8057649012856362,0.18605449395531604,4.0,4.0,0.9396974984319634,network_bursts_count (ratio to baseline)
network_bursts_count_ratio,-3,welch_t,20uM vs CT,-0.39161588827582616,0.7236448749619049,-0.31166414632049244,3.0,4.0,0.9186126614383855,network_bursts_count (ratio to baseline)
network_bursts_count_ratio,-3,welch_t,20uM vs IVH-E,-0.08600067172644438,0.9349057247650037,-0.06489361348676982,3.0,4.0,0.9780512061475436,network_bursts_count (ratio to baseline)
network_bursts_count_ratio,-3,welch_t,20uM vs IVH-L,-0.0880646781579421,0.9367557107768696,-0.07095455417658257,3.0,4.0,0.9780512061475436,network_bursts_count (ratio to baseline)
network_bursts_count_ratio,-3,welch_t,20uM vs NPH,0.4578586591867544,0.6826427230014084,0.3661090442911516,3.0,4.0,0.8974901319191694,network_bursts_count (ratio to baseline)
network_bursts_count_ratio,-3,welch_t,CT vs IVH-E,0.27268400566522244,0.7984812121248476,0.19281670952698973,4.0,4.0,0.9373539890921735,network_bursts_count (ratio to baseline)
network_bursts_count_ratio,-3,welch_t,CT vs IVH-L,0.6382372798991718,0.5498339428556717,0.451301908622761,4.0,4.0,0.8498061411263068,network_bursts_count (ratio to baseline)
network_bursts_count_ratio,-3,welch_t,CT vs NPH,1.5864730302138619,0.16444905071667892,1.121805837833792,4.0,4.0,0.5579232437887724,network_bursts_count (ratio to baseline)
network_bursts_count_ratio,-3,welch_t,IVH-E vs IVH-L,0.029346244755911088,0.9781844545522272,0.020750928669264892,4.0,4.0,0.9941895458645168,network_bursts_count (ratio to baseline)
network_bursts_count_ratio,-3,welch_t,IVH-E vs NPH,0.560387422908344,0.6064305678250028,0.39625374683014364,4.0,4.0,0.8777744981635959,network_bursts_count (ratio to baseline)
network_bursts_count_ratio,-3,welch_t,IVH-L vs NPH,1.2014064030510403,0.2775590660180461,0.8495226145583289,4.0,4.0,0.6780311888633372,network_bursts_count (ratio to baseline)
network_bursts_count_ratio,0,anova,all_groups,1.2867749779816426,0.27708448668897445,,,,0.27708448668897445,network_bursts_count (ratio to baseline)
network_bursts_count_ratio,0,welch_t,10uM vs 20uM,0.7734726974847853,0.448895985947132,0.27749037833921214,16.0,12.0,0.8020031365664978,network_bursts_count (ratio to baseline)
network_bursts_count_ratio,0,welch_t,10uM vs CT,1.0624468002767622,0.302679241358367,0.37563166856282404,16.0,16.0,0.7071282794668954,network_bursts_count (ratio to baseline)
network_bursts_count_ratio,0,welch_t,10uM vs IVH-E,0.9812493700478431,0.340073009644975,0.3469240417979289,16.0,16.0,0.7350664045031561,network_bursts_count (ratio to baseline)
network_bursts_count_ratio,0,welch_t,10uM vs IVH-L,1.2758071118088847,0.21995313924633772,0.45106593012304314,16.0,16.0,0.6284375407038221,network_bursts_count (ratio to baseline)
network_bursts_count_ratio,0,welch_t,10uM vs NPH,1.5517658646828214,0.14001208784944202,0.5486320828655148,16.0,16.0,0.5185632883312667,network_bursts_count (ratio to baseline)
network_bursts_count_ratio,0,welch_t,20uM vs CT,0.6162251641060503,0.5440633479759347,0.23746719137587122,12.0,16.0,0.8498061411263068,network_bursts_count (ratio to baseline)
network_bursts_count_ratio,0,welch_t,20uM vs IVH-E,0.4305974671357157,0.6709809574557112,0.1660752697631771,12.0,16.0,0.8974901319191694,network_bursts_count (ratio to baseline)
network_bursts_count_ratio,0,welch_t,20uM vs IVH-L,1.1566991875665606,0.2626281654859916,0.4541446404698886,12.0,16.0,0.6625767095937756,network_bursts_count (ratio to baseline)
network_bursts_count_ratio,0,welch_t,20uM vs NPH,1.8399889630072077,0.08262247620338212,0.7230438096680332,12.0,16.0,0.44795318423520425,network_bursts_count (ratio to baseline)
network_bursts_count_ratio,0,welch_t,CT vs IVH-E,-0.22027578049211885,0.8271487692644911,-0.07787924905856833,16.0,16.0,0.9396974984319634,network_bursts_count (ratio to baseline)
network_bursts_count_ratio,0,welch_t,CT vs IVH-L,0.5849048221618159,0.563340529075602,0.20679508304966587,16.0,16.0,0.8564298583919624,network_bursts_count (ratio to baseline)
network_bursts_count_ratio,0,welch_t,CT vs NPH,1.411657288891952,0.16925615005426303,0.4990962208434582,16.0,16.0,0.5579232437887724,network_bursts_count (ratio to baseline)
network_bursts_count_ratio,0,welch_t,IVH-E vs IVH-L,0.839773476317279,0.40817456517437556,0.2969047598822743,16.0,16.0,0.7980750908237085,network_bursts_count (ratio to baseline)
network_bursts_count_ratio,0,welch_t,IVH-E vs NPH,1.6745961739002955,0.10527170991253443,0.5920591551569729,16.0,16.0,0.49038029253234783,network_bursts_count (ratio to baseline)
network_bursts_count_ratio,0,welch_t,IVH-L vs NPH,0.9766894933313139,0.3365353010883917,0.3453118819241127,16.0,16.0,0.7350664045031561,network_bursts_count (ratio to baseline)
network_bursts_count_ratio,3,anova,all_groups,1.6395068105151,0.1634293375860773,,,,0.1634293375860773,network_bursts_count (ratio to baseline)
network_bursts_count_ratio,3,welch_t,10uM vs 20uM,-1.3444236601593857,0.21054230578772343,-0.6257904573082974,12.0,9.0,0.6152070746382853,network_bursts_count (ratio to baseline)
network_bursts_count_ratio,3,welch_t,10uM vs CT,0.8262748542885834,0.4220684305913719,0.3373252967165917,12.0,12.0,0.7997173031891998,network_bursts_count (ratio to baseline)
network_bursts_count_ratio,3,welch_t,10uM vs IVH-E,-0.8098086765990313,0.42841134137812253,-0.3484145494366669,12.0,10.0,0.7997173031891998,network_bursts_count (ratio to baseline)
network_bursts_count_ratio,3,welch_t,10uM vs IVH-L,-0.355294916470055,0.7289304735873314,-0.15108920229172948,12.0,11.0,0.9186126614383855,network_bursts_count (ratio to baseline)
network_bursts_count_ratio,3,welch_t,10uM vs NPH,3.252317189984157,0.00597920840858499,1.3277529328572666,12.0,12.0,0.11459493434441649,network_bursts_count (ratio to baseline)
network_bursts_count_ratio,3,welch_t,20uM vs CT,1.6454667876364855,0.1374984443536822,0.7739670433713308,9.0,12.0,0.515710766956491,network_bursts_count (ratio to baseline)
network_bursts_count_ratio,3,welch_t,20uM vs IVH-E,0.9721511098465553,0.3539706936553001,0.4554946292028751,9.0,10.0,0.7495849983288707,network_bursts_count (ratio to baseline)
network_bursts_count_ratio,3,welch_t,20uM vs IVH-L,0.6436429997498152,0.5279282723683315,0.28590882391866396,9.0,11.0,0.8421440587173309,network_bursts_count (ratio to baseline)
network_bursts_count_ratio,3,welch_t,20uM vs NPH,2.381378104709003,0.04386029596430287,1.1207439919807336,9.0,12.0,0.32862474814066955,network_bursts_count (ratio to baseline)
network_bursts_count_ratio,3,welch_t,CT vs IVH-E,-1.6884561847849895,0.11954340050371154,-0.7478017301424372,12.0,10.0,0.5123133730380086,network_bursts_count (ratio to baseline)
network_bursts_count_ratio,3,welch_t,CT vs IVH-L,-0.5876653278004562,0.5695313996444125,-0.2504658443111703,12.0,11.0,0.8602442180962202,network_bursts_count (ratio to baseline)
network_bursts_count_ratio,3,welch_t,CT vs NPH,4.808034385454381,8.865460511239206e-05,1.9628718183532212,12.0,12.0,0.007988155622835369,network_bursts_count (ratio to baseline)
network_bursts_count_ratio,3,welch_t,IVH-E vs IVH-L,-0.04283818643506316,0.9665434591982658,-0.018338211017811402,10.0,11.0,0.9898710043286312,network_bursts_count (ratio to baseline)
network_bursts_count_ratio,3,welch_t,IVH-E vs NPH,3.723337559051422,0.0036635247822163937,1.6528287318387793,10.0,12.0,0.09705251331666215,network_bursts_count (ratio to baseline)
network_bursts_count_ratio,3,welch_t,IVH-L vs NPH,1.2285437824925516,0.2469608029956392,0.5236731221934626,11.0,12.0,0.6545478821022278,network_bursts_count (ratio to baseline)
network_bursts_count_ratio,6,anova,all_groups,1.9918502677366385,0.09392284408362425,,,,0.09392284408362425,network_bursts_count (ratio to baseline)
network_bursts_count_ratio,6,welch_t,10uM vs 20uM,-0.6073271444464058,0.5514297626864035,-0.256997089436156,12.0,9.0,0.8498061411263068,network_bursts_count (ratio to baseline)
network_bursts_count_ratio,6,welch_t,10uM vs CT,0.702975180757089,0.49608249176636765,0.2872434678593701,12.0,11.0,0.8280341198400321,network_bursts_count (ratio to baseline)
network_bursts_count_ratio,6,welch_t,10uM vs IVH-E,-1.182509958087336,0.25349744216919856,-0.4979972839058549,12.0,9.0,0.6582898800466933,network_bursts_count (ratio to baseline)
network_bursts_count_ratio,6,welch_t,10uM vs IVH-L,-0.4699775612116447,0.6470702451515102,-0.2150066570368592,12.0,9.0,0.8974901319191694,network_bursts_count (ratio to baseline)
network_bursts_count_ratio,6,welch_t,10uM vs NPH,2.067582596798412,0.06180351447783797,0.8440870605357863,12.0,12.0,0.37678121841652884,network_bursts_count (ratio to baseline)
network_bursts_count_ratio,6,welch_t,20uM vs CT,2.2394033598309626,0.052175849215513666,1.049414494695786,9.0,11.0,0.35806561552534416,network_bursts_count (ratio to baseline)
network_bursts_count_ratio,6,welch_t,20uM vs IVH-E,-0.7683331383323712,0.45357732945816376,-0.3621957148834409,9.0,9.0,0.8020031365664978,network_bursts_count (ratio to baseline)
network_bursts_count_ratio,6,welch_t,20uM vs IVH-L,-0.17264186326859976,0.8665993342564636,-0.0813841548226051,9.0,9.0,0.9547377449362848,network_bursts_count (ratio to baseline)
network_bursts_count_ratio,6,welch_t,20uM vs NPH,4.391794289645842,0.001701382896063321,2.0488277229248277,9.0,12.0,0.05468730737346389,network_bursts_count (ratio to baseline)
network_bursts_count_ratio,6,welch_t,CT vs IVH-E,-3.5496394526487425,0.006111729831702213,-1.66151962510782,11.0,9.0,0.11459493434441649,network_bursts_count (ratio to baseline)
network_bursts_count_ratio,6,welch_t,CT vs IVH-L,-0.8575479055510059,0.415854229124358,-0.40403079286332183,11.0,9.0,0.7981056396665869,network_bursts_count (ratio to baseline)
network_bursts_count_ratio,6,welch_t,CT vs NPH,6.3398008089105495,2.7761992326797774e-06,2.6389487555760383,11.0,12.0,0.0012492896547058997,network_bursts_count (ratio to baseline)
network_bursts_count_ratio,6,welch_t,IVH-E vs IVH-L,0.12243665884224894,0.9052001427127669,0.057717194488785394,9.0,9.0,0.9675535967238602,network_bursts_count (ratio to baseline)
network_bursts_count_ratio,6,welch_t,IVH-E vs NPH,5.889064766197749,0.00020326459522937968,2.7419389037436117,9.0,12.0,0.01303348055965973,network_bursts_count (ratio to baseline)
network_bursts_count_ratio,6,welch_t,IVH-L vs NPH,1.5151976776831764,0.16775355687158908,0.713575605841357,9.0,12.0,0.5579232437887724,network_bursts_count (ratio to baseline)
network_bursts_count_ratio,9,anova,all_groups,1.5709716365256674,0.17940836331192547,,,,0.17940836331192547,network_bursts_count (ratio to baseline)
network_bursts_count_ratio,9,welch_t,10uM vs 20uM,0.428534364852248,0.6733778405186707,0.1537138835019995,16.0,11.0,0.8974901319191694,network_bursts_count (ratio to baseline)
network_bursts_count_ratio,9,welch_t,10uM vs CT,1.0310973991820516,0.3175777029996129,0.3650140219959192,16.0,15.0,0.7183254819094816,network_bursts_count (ratio to baseline)
network_bursts_count_ratio,9,welch_t,10uM vs IVH-E,-0.6368125776273775,0.5310269611073606,-0.25184794243459013,16.0,8.0,0.8428999382656517,network_bursts_count (ratio to baseline)
network_bursts_count_ratio,9,welch_t,10uM vs IVH-L,0.5344539132927039,0.5976521007550928,0.19796889413098046,16.0,12.0,0.8737148418872119,network_bursts_count (ratio to baseline)
network_bursts_count_ratio,9,welch_t,10uM vs NPH,1.6164385954878076,0.12350263770471613,0.5730895150579989,16.0,15.0,0.5123133730380086,network_bursts_count (ratio to baseline)
network_bursts_count_ratio,9,welch_t,20uM vs CT,1.5964600254737937,0.12781173767620127,0.6465922240723087,11.0,15.0,0.5123133730380086,network_bursts_count (ratio to baseline)
network_bursts_count_ratio,9,welch_t,20uM vs IVH-E,-1.4491194781339778,0.18085440322326382,-0.7075242983919798,11.0,8.0,0.5671392435572734,network_bursts_count (ratio to baseline)
network_bursts_count_ratio,9,welch_t,20uM vs IVH-L,0.2678731195305006,0.7924899159287324,0.11006539476752587,11.0,12.0,0.9373539890921735,network_bursts_count (ratio to baseline)
network_bursts_count_ratio,9,welch_t,20uM vs NPH,2.7976499884574233,0.010170351775057644,1.0985330591095694,11.0,15.0,0.1556647925382272,network_bursts_count (ratio to baseline)
network_bursts_count_ratio,9,welch_t,CT vs IVH-E,-2.220690620065708,0.057533347247083234,-1.082457332432382,15.0,8.0,0.375217482046195,network_bursts_count (ratio to baseline)
network_bursts_count_ratio,9,welch_t,CT vs IVH-L,-0.5015883276965122,0.6245382773486282,-0.20296548052773025,15.0,12.0,0.8894559512905152,network_bursts_count (ratio to baseline)
network_bursts_count_ratio,9,welch_t,CT vs NPH,1.7119213778667282,0.09966096140245431,0.6251053035552881,15.0,15.0,0.4831912594190586,network_bursts_count (ratio to baseline)
network_bursts_count_ratio,9,welch_t,IVH-E vs IVH-L,1.3462417149058894,0.1966969720380005,0.6079841058884143,8.0,12.0,0.5940512578328874,network_bursts_count (ratio to baseline)
network_bursts_count_ratio,9,welch_t,IVH-E vs NPH,2.8706168468869158,0.018287678566005477,1.3617671114574375,8.0,15.0,0.20071842328542597,network_bursts_count (ratio to baseline)
network_bursts_count_ratio,9,welch_t,IVH-L vs NPH,1.2745276600495459,0.22204815838955766,0.5108383969420948,12.0,15.0,0.6288819268244588,network_bursts_count (ratio to baseline)
network_bursts_duration_mean_ratio,-6,anova,all_groups,0.6763127955628239,0.643204464121705,,,,0.643204464121705,network_bursts_duration_mean (ratio to baseline)
network_bursts_duration_mean_ratio,-6,welch_t,10uM vs 20uM,-1.8201509518058592,0.09412197747769196,-0.8843226289412927,12.0,6.0,0.4758976389321504,network_bursts_duration_mean (ratio to baseline)
network_bursts_duration_mean_ratio,-6,welch_t,10uM vs CT,-0.9049435353516467,0.3766524666985439,-0.3808951291749967,12.0,10.0,0.7721804556462176,network_bursts_duration_mean (ratio to baseline)
network_bursts_duration_mean_ratio,-6,welch_t,10uM vs IVH-E,-0.25102339226352977,0.8043590283912487,-0.10641894837342011,12.0,10.0,0.9396974984319634,network_bursts_duration_mean (ratio to baseline)
network_bursts_duration_mean_ratio,-6,welch_t,10uM vs IVH-L,-0.4116267276181529,0.6849134064278823,-0.17214374016308065,12.0,11.0,0.8974901319191694,network_bursts_duration_mean (ratio to baseline)
network_bursts_duration_mean_ratio,-6,welch_t,10uM vs NPH,-0.0504457452678959,0.9603055381131463,-0.021181874114687235,12.0,11.0,0.9888729797503796,network_bursts_duration_mean (ratio to baseline)
network_bursts_duration_mean_ratio,-6,welch_t,20uM vs CT,1.214570306171136,0.25585354652771497,0.6439419549816094,6.0,10.0,0.6582898800466933,network_bursts_duration_mean (ratio to baseline)
network_bursts_duration_mean_ratio,-6,welch_t,20uM vs IVH-E,1.6864318739801902,0.12195378199313177,0.876397073814042,6.0,10.0,0.5123133730380086,network_bursts_duration_mean (ratio to baseline)
network_bursts_duration_mean_ratio,-6,welch_t,20uM vs IVH-L,1.34025033707016,0.20330529632279626,0.6547370609331776,6.0,11.0,0.6099158889683888,network_bursts_duration_mean (ratio to baseline)
network_bursts_duration_mean_ratio,-6,welch_t,20uM vs NPH,1.5049863706787772,0.1539074248432176,0.7149348069454995,6.0,11.0,0.5421705371005096,network_bursts_duration_mean (ratio to baseline)
network_bursts_duration_mean_ratio,-6,welch_t,CT vs IVH-E,0.6890172352890294,0.4998414423711296,0.30813787515504737,10.0,10.0,0.8280341198400321,network_bursts_duration_mean (ratio to baseline)
network_bursts_duration_mean_ratio,-6,welch_t,CT vs IVH-L,0.37033371332083975,0.7157301506989948,0.1600974178595979,10.0,11.0,0.9186126614383855,network_bursts_duration_mean (ratio to baseline)
network_bursts_duration_mean_ratio,-6,welch_t,CT vs NPH,0.6635199928850521,0.5169365183107162,0.28585091538533114,10.0,11.0,0.8369827141369556,network_bursts_duration_mean (ratio to baseline)
network_bursts_duration_mean_ratio,-6,welch_t,IVH-E vs IVH-L,-0.20126807847203404,0.8427133735780244,-0.08731632956948136,10.0,11.0,0.9424028064359066,network_bursts_duration_mean (ratio to baseline)
network_bursts_duration_mean_ratio,-6,welch_t,IVH-E vs NPH,0.15150292676087132,0.8813949420989767,0.06546383588545221,10.0,11.0,0.9607806625571627,network_bursts_duration_mean (ratio to baseline)
network_bursts_duration_mean_ratio,-6,welch_t,IVH-L vs NPH,0.3002640130302863,0.7671873559297165,0.1280330053477348,11.0,11.0,0.9330290388092745,network_bursts_duration_mean (ratio to baseline)
network_bursts_duration_mean_ratio,-3,anova,all_groups,2.0124224748329906,0.12831878292533053,,,,0.12831878292533053,network_bursts_duration_mean (ratio to baseline)
network_bursts_duration_mean_ratio,-3,welch_t,10uM vs 20uM,-0.30804758617986416,0.7713040054156669,-0.23386431683318928,4.0,3.0,0.9330290388092745,network_bursts_duration_mean (ratio to baseline)
network_bursts_duration_mean_ratio,-3,welch_t,10uM vs CT,1.3074172623940825,0.27687819859531,0.9244836120792075,4.0,4.0,0.6780311888633372,network_bursts_duration_mean (ratio to baseline)
network_bursts_duration_mean_ratio,-3,welch_t,10uM vs IVH-E,1.4850773903012788,0.23052122483518078,1.0501082932688555,4.0,4.0,0.6306051743211633,network_bursts_duration_mean (ratio to baseline)
network_bursts_duration_mean_ratio,-3,welch_t,10uM vs IVH-L,0.9323025844260122,0.38767989496541205,0.6592374795653769,4.0,4.0,0.7840716976828558,network_bursts_duration_mean (ratio to baseline)
network_bursts_duration_mean_ratio,-3,welch_t,10uM vs NPH,-0.6437795134420304,0.5535247020568332,-0.4552208595438359,4.0,4.0,0.8515764647028203,network_bursts_duration_mean (ratio to baseline)
network_bursts_duration_mean_ratio,-3,welch_t,20uM vs CT,1.6504829916174615,0.2333799487959479,1.3409481910252787,3.0,4.0,0.6345678366052964,network_bursts_duration_mean (ratio to baseline)
network_bursts_duration_mean_ratio,-3,welch_t,20uM vs IVH-E,1.8194964420084676,0.20571410708617482,1.480941703325374,3.0,4.0,0.6118316081211198,network_bursts_duration_mean (ratio to baseline)
network_bursts_duration_mean_ratio,-3,welch_t,20uM vs IVH-L,1.2259184826363048,0.2825420222098406,0.938972721051829,3.0,4.0,0.683569408572195,network_bursts_duration_mean (ratio to baseline)
network_bursts_duration_mean_ratio,-3,welch_t,20uM vs NPH,-0.22222432652301027,0.8397758323791528,-0.1770441124158896,3.0,4.0,0.9412182430152398,network_bursts_duration_mean (ratio to baseline)
network_bursts_duration_mean_ratio,-3,welch_t,CT vs IVH-E,0.720188232671409,0.49985994929600486,0.5092499830527083,4.0,4.0,0.8280341198400321,network_bursts_duration_mean (ratio to baseline)
network_bursts_duration_mean_ratio,-3,welch_t,CT vs IVH-L,-0.09506437851120991,0.9297997505435356,-0.06722066669456123,4.0,4.0,0.9780512061475436,network_bursts_duration_mean (ratio to baseline)
network_bursts_duration_mean_ratio,-3,welch_t,CT vs NPH,-4.196088597860027,0.01367200395641377,-2.9670827020063766,4.0,4.0,0.17090004945517212,network_bursts_duration_mean (ratio to baseline)
network_bursts_duration_mean_ratio,-3,welch_t,IVH-E vs IVH-L,-0.286970173263666,0.7918937660996626,-0.20291855551301666,4.0,4.0,0.9373539890921735,network_bursts_duration_mean (ratio to baseline)
network_bursts_duration_mean_ratio,-3,welch_t,IVH-E vs NPH,-4.679863508525605,0.011802445522013648,-3.3091632219059233,4.0,4.0,0.160408493303838,network_bursts_duration_mean (ratio to baseline)
network_bursts_duration_mean_ratio,-3,welch_t,IVH-L vs NPH,-1.9680297334299621,0.11331835755709081,-1.3916071700850796,4.0,4.0,0.5013026246877095,network_bursts_duration_mean (ratio to baseline)
network_bursts_duration_mean_ratio,0,anova,all_groups,0.17414920784253007,0.9715560469976922,,,,0.9715560469976922,network_bursts_duration_mean (ratio to baseline)
network_bursts_duration_mean_ratio,0,welch_t,10uM vs 20uM,-0.6703034215994742,0.5087365110329105,-0.25353461325691373,16.0,12.0,0.830967077912195,network_bursts_duration_mean (ratio to baseline)
network_bursts_duration_mean_ratio,0,welch_t,10uM vs CT,-0.47575192345621903,0.6386595754776934,-0.16820370561921788,16.0,16.0,0.8974901319191694,network_bursts_duration_mean (ratio to baseline)
network_bursts_duration_mean_ratio,0,welch_t,10uM vs IVH-E,-0.2429904783238596,0.8098666852246938,-0.08591010749328196,16.0,16.0,0.9396974984319634,network_bursts_duration_mean (ratio to baseline)
network_bursts_duration_mean_ratio,0,welch_t,10uM vs IVH-L,-0.048122280412006745,0.9619443394457696,-0.01701379540274527,16.0,16.0,0.9891383156338734,network_bursts_duration_mean (ratio to baseline)
network_bursts_duration_mean_ratio,0,welch_t,10uM vs NPH,-0.3799268792028369,0.7072547324390013,-0.13432443631968413,16.0,16.0,0.9106284108656669,network_bursts_duration_mean (ratio to baseline)
network_bursts_duration_mean_ratio,0,welch_t,20uM vs CT,0.3548996389961711,0.7269166854095255,0.13960634442757458,12.0,16.0,0.9186126614383855,network_bursts_duration_mean (ratio to baseline)
network_bursts_duration_mean_ratio,0,welch_t,20uM vs IVH-E,0.5357758464867123,0.5978778052606541,0.20788508585468224,12.0,16.0,0.8737148418872119,network_bursts_duration_mean (ratio to baseline)
network_bursts_duration_mean_ratio,0,welch_t,20uM vs IVH-L,0.6686511983134706,0.510179578555835,0.2555560252825482,12.0,16.0,0.8318145302540787,network_bursts_duration_mean (ratio to baseline)
network_bursts_duration_mean_ratio,0,welch_t,20uM vs NPH,0.4326758389873688,0.6702475223060631,0.16937439770445464,12.0,16.0,0.8974901319191694,network_bursts_duration_mean (ratio to baseline)
network_bursts_duration_mean_ratio,0,welch_t,CT vs IVH-E,0.27906821996829456,0.7822017328323325,0.09866551537662008,16.0,16.0,0.9351286638059629,network_bursts_duration_mean (ratio to baseline)
network_bursts_duration_mean_ratio,0,welch_t,CT vs IVH-L,0.4676167864827607,0.6440244354389937,0.165327500359311,16.0,16.0,0.8974901319191694,network_bursts_duration_mean (ratio to baseline)
network_bursts_duration_mean_ratio,0,welch_t,CT vs NPH,0.12231915021545094,0.9034678477067881,0.04324635029316066,16.0,16.0,0.9675535967238602,network_bursts_duration_mean (ratio to baseline)
network_bursts_duration_mean_ratio,0,welch_t,IVH-E vs IVH-L,0.20937135787376998,0.8356389878778284,0.07402395346938911,16.0,16.0,0.940093861362557,network_bursts_duration_mean (ratio to baseline)
network_bursts_duration_mean_ratio,0,welch_t,IVH-E vs NPH,-0.16063964321113472,0.8734751990258421,-0.056794690520990454,16.0,16.0,0.9586922916137293,network_bursts_duration_mean (ratio to baseline)
network_bursts_duration_mean_ratio,0,welch_t,IVH-L vs NPH,-0.3604664823536142,0.7213235816094357,-0.1274441470313508,16.0,16.0,0.9186126614383855,network_bursts_duration_mean (ratio to baseline)
network_bursts_duration_mean_ratio,3,anova,all_groups,1.4371901646688856,0.2241105637276404,,,,0.2241105637276404,network_bursts_duration_mean (ratio to baseline)
network_bursts_duration_mean_ratio,3,welch_t,10uM vs 20uM,0.07876574925579717,0.938242131547832,0.03521750064760076,12.0,9.0,0.9784680398528955,network_bursts_duration_mean (ratio to baseline)
network_bursts_duration_mean_ratio,3,welch_t,10uM vs CT,-0.35369791730021205,0.7269326411041875,-0.14439657007844037,12.0,12.0,0.9186126614383855,network_bursts_duration_mean (ratio to baseline)
network_bursts_duration_mean_ratio,3,welch_t,10uM vs IVH-E,0.48781216194474825,0.6314059406242012,0.204495461207433,12.0,10.0,0.8949060575776079,network_bursts_duration_mean (ratio to baseline)
network_bursts_duration_mean_ratio,3,welch_t,10uM vs IVH-L,1.9364230759644663,0.0675016112204062,0.8117340747416278,12.0,11.0,0.40500966732243715,network_bursts_duration_mean (ratio to baseline)
network_bursts_duration_mean_ratio,3,welch_t,10uM vs NPH,0.3458989940495025,0.7327076105001955,0.1412126729938793,12.0,12.0,0.9197166658998269,network_bursts_duration_mean (ratio to baseline)
network_bursts_duration_mean_ratio,3,welch_t,20uM vs CT,-0.3679936913248125,0.7179620669868978,-0.16463273326091393,9.0,12.0,0.9186126614383855,network_bursts_duration_mean (ratio to baseline)
network_bursts_duration_mean_ratio,3,welch_t,20uM vs IVH-E,0.28896890137578257,0.7777485593597006,0.13484852110315237,9.0,10.0,0.9351286638059629,network_bursts_duration_mean (ratio to baseline)
network_bursts_duration_mean_ratio,3,welch_t,20uM vs IVH-L,1.578718961102734,0.13260191657790482,0.7096380416488617,9.0,11.0,0.5123133730380086,network_bursts_duration_mean (ratio to baseline)
network_bursts_duration_mean_ratio,3,welch_t,20uM vs NPH,0.20652960181310065,0.8390483422966305,0.09215294739933205,9.0,12.0,0.9412182430152398,network_bursts_duration_mean (ratio to baseline)
network_bursts_duration_mean_ratio,3,welch_t,CT vs IVH-E,0.9070773586798868,0.37596892419697814,0.3803816129992354,12.0,10.0,0.7721804556462176,network_bursts_duration_mean (ratio to baseline)
network_bursts_duration_mean_ratio,3,welch_t,CT vs IVH-L,2.2515723183645253,0.03615624303386042,0.9440142171398328,12.0,11.0,0.3069869691554187,network_bursts_duration_mean (ratio to baseline)
network_bursts_duration_mean_ratio,3,welch_t,CT vs NPH,0.6955717179916393,0.49399097820739,0.28396596476509894,12.0,12.0,0.8280341198400321,network_bursts_duration_mean (ratio to baseline)
network_bursts_duration_mean_ratio,3,welch_t,IVH-E vs IVH-L,1.7710727899400673,0.09682906334592387,0.7627413639331823,10.0,11.0,0.4831912594190586,network_bursts_duration_mean (ratio to baseline)
network_bursts_duration_mean_ratio,3,welch_t,IVH-E vs NPH,-0.07343048337883869,0.9422616915877084,-0.03074785084879861,10.0,12.0,0.9800273363970811,network_bursts_duration_mean (ratio to baseline)
network_bursts_duration_mean_ratio,3,welch_t,IVH-L vs NPH,-1.610246242526429,0.12324227908007777,-0.6745724638577232,11.0,12.0,0.5123133730380086,network_bursts_duration_mean (ratio to baseline)
network_bursts_duration_mean_ratio,6,anova,all_groups,2.769617921042328,0.026396449766374314,,,,0.026396449766374314,network_bursts_duration_mean (ratio to baseline)
network_bursts_duration_mean_ratio,6,welch_t,10uM vs 20uM,-0.7746372466576565,0.45533906020481785,-0.3567146899558271,12.0,9.0,0.8035395180085021,network_bursts_duration_mean (ratio to baseline)
network_bursts_duration_mean_ratio,6,welch_t,10uM vs CT,0.9568175999261987,0.35101480578759103,0.3954512352469596,12.0,11.0,0.748609775376379,network_bursts_duration_mean (ratio to baseline)
network_bursts_duration_mean_ratio,6,welch_t,10uM vs IVH-E,2.5241182647632963,0.0226043123805173,1.1239575081261148,12.0,9.0,0.23118046752801782,network_bursts_duration_mean (ratio to baseline)
network_bursts_duration_mean_ratio,6,welch_t,10uM vs IVH-L,2.3600042202766964,0.031537628828584574,1.052108764508996,12.0,9.0,0.29546258429967037,network_bursts_duration_mean (ratio to baseline)
network_bursts_duration_mean_ratio,6,welch_t,10uM vs NPH,-0.44796750554676495,0.6595946534494428,-0.18288196832282785,12.0,12.0,0.8974901319191694,network_bursts_duration_mean (ratio to baseline)
network_bursts_duration_mean_ratio,6,welch_t,20uM vs CT,1.260325251476302,0.23887832888191488,0.5899003115206,9.0,11.0,0.6436841197416868,network_bursts_duration_mean (ratio to baseline)
network_bursts_duration_mean_ratio,6,welch_t,20uM vs IVH-E,2.24565458475788,0.04375025058692558,1.0586117233899714,9.0,9.0,0.32862474814066955,network_bursts_duration_mean (ratio to baseline)
network_bursts_duration_mean_ratio,6,welch_t,20uM vs IVH-L,2.1544922777329525,0.05138307234457529,1.0156373997326809,9.0,9.0,0.35806561552534416,network_bursts_duration_mean (ratio to baseline)
network_bursts_duration_mean_ratio,6,welch_t,20uM vs NPH,0.3883061392637113,0.7032037084749255,0.17377736547859596,9.0,12.0,0.908010527442515,network_bursts_duration_mean (ratio to baseline)
network_bursts_duration_mean_ratio,6,welch_t,CT vs IVH-E,2.0743722280047683,0.060875330320269594,0.9579176340737053,11.0,9.0,0.37678121841652884,network_bursts_duration_mean (ratio to baseline)
network_bursts_duration_mean_ratio,6,welch_t,CT vs IVH-L,1.892206847036022,0.08379002179864369,0.8742797479735149,11.0,9.0,0.4515629917292175,network_bursts_duration_mean (ratio to baseline)
network_bursts_duration_mean_ratio,6,welch_t,CT vs NPH,-1.1093945167731902,0.2859297738088291,-0.4552614288829621,11.0,12.0,0.6862314571411898,network_bursts_duration_mean (ratio to baseline)
network_bursts_duration_mean_ratio,6,welch_t,IVH-E vs IVH-L,-0.12124269789639515,0.905008841065534,-0.05715435590126198,9.0,9.0,0.9675535967238602,network_bursts_duration_mean (ratio to baseline)
network_bursts_duration_mean_ratio,6,welch_t,IVH-E vs NPH,-2.349718950454621,0.02984309892653104,-1.0078974951347426,9.0,12.0,0.2888041831599778,network_bursts_duration_mean (ratio to baseline)
network_bursts_duration_mean_ratio,6,welch_t,IVH-L vs NPH,-2.229040164621953,0.03814855369210665,-0.9571970849661626,9.0,12.0,0.31498805800822005,network_bursts_duration_mean (ratio to baseline)
network_bursts_duration_mean_ratio,9,anova,all_groups,4.661570521459846,0.0009772177422408032,,,,0.0009772177422408032,network_bursts_duration_mean (ratio to baseline)
network_bursts_duration_mean_ratio,9,welch_t,10uM vs 20uM,-1.6629486508452054,0.11147113106320736,-0.6556396536193377,16.0,11.0,0.5013026246877095,network_bursts_duration_mean (ratio to baseline)
network_bursts_duration_mean_ratio,9,welch_t,10uM vs CT,1.2768076122375474,0.21308040308286447,0.4557721874617101,16.0,15.0,0.618620525079284,network_bursts_duration_mean (ratio to baseline)
network_bursts_duration_mean_ratio,9,welch_t,10uM vs IVH-E,3.3538919466195924,0.002978950878563107,1.3295851735580628,16.0,8.0,0.08378299345958738,network_bursts_duration_mean (ratio to baseline)
network_bursts_duration_mean_ratio,9,welch_t,10uM vs IVH-L,1.4910719620996011,0.1480870159966423,0.5538102304587957,16.0,12.0,0.5288821999880083,network_bursts_duration_mean (ratio to baseline)
network_bursts_duration_mean_ratio,9,welch_t,10uM vs NPH,0.22905697025635263,0.8204324227179797,0.08224142649779835,16.0,15.0,0.9396974984319634,network_bursts_duration_mean (ratio to baseline)
network_bursts_duration_mean_ratio,9,welch_t,20uM vs CT,2.923338793091039,0.010399590063138387,1.2021858697417258,11.0,15.0,0.1556647925382272,network_bursts_duration_mean (ratio to baseline)
network_bursts_duration_mean_ratio,9,welch_t,20uM vs IVH-E,4.600842171428323,0.00029295895402157974,2.044944710051462,11.0,8.0,0.014647947701078986,network_bursts_duration_mean (ratio to baseline)
network_bursts_duration_mean_ratio,9,welch_t,20uM vs IVH-L,3.051989011248648,0.007392698451054442,1.2860479819072275,11.0,12.0,0.1279505501144038,network_bursts_duration_mean (ratio to baseline)
network_bursts_duration_mean_ratio,9,welch_t,20uM vs NPH,1.8778303537038388,0.07513208939424112,0.7529560803440462,11.0,15.0,0.4361989898846419,network_bursts_duration_mean (ratio to baseline)
network_bursts_duration_mean_ratio,9,welch_t,CT vs IVH-E,2.6652894764205715,0.017254919340097995,1.1518764534076291,15.0,8.0,0.19834630158764532,network_bursts_duration_mean (ratio to baseline)
network_bursts_duration_mean_ratio,9,welch_t,CT vs IVH-L,0.34961147459761766,0.7297867254760506,0.13576408834436973,15.0,12.0,0.9186126614383855,network_bursts_duration_mean (ratio to baseline)
network_bursts_duration_mean_ratio,9,welch_t,CT vs NPH,-1.0307170065368645,0.31267092879937575,-0.37636463658962693,15.0,15.0,0.7142229338056806,network_bursts_duration_mean (ratio to baseline)
network_bursts_duration_mean_ratio,9,welch_t,IVH-E vs IVH-L,-2.17719096071175,0.04428850059184164,-0.9806186989490513,8.0,12.0,0.32862474814066955,network_bursts_duration_mean (ratio to baseline)
network_bursts_duration_mean_ratio,9,welch_t,IVH-E vs NPH,-3.1612450869404896,0.004855658952678008,-1.2885786669796369,8.0,15.0,0.10896462951207923,network_bursts_duration_mean (ratio to baseline)
network_bursts_duration_mean_ratio,9,welch_t,IVH-L vs NPH,-1.260982318069426,0.21907719651432614,-0.47948287078637064,12.0,15.0,0.6284375407038221,network_bursts_duration_mean (ratio to baseline)
network_bursts_inter_event_interval_mean_ratio,-6,anova,all_groups,0.7339251348737895,0.6012170712359901,,,,0.6012170712359901,network_bursts_inter_event_interval_mean (ratio to baseline)
network_bursts_inter_event_interval_mean_ratio,-6,welch_t,10uM vs 20uM,-0.6360821792961451,0.5386286958878712,-0.31705293398810863,12.0,6.0,0.8489769287199371,network_bursts_inter_event_interval_mean (ratio to baseline)
network_bursts_inter_event_interval_mean_ratio,-6,welch_t,10uM vs CT,-1.677208936054371,0.1090656330379554,-0.7123943783483674,12.0,10.0,0.4982693895135018,network_bursts_inter_event_interval_mean (ratio to baseline)
network_bursts_inter_event_interval_mean_ratio,-6,welch_t,10uM vs IVH-E,-0.7072741923147035,0.48872798808061124,-0.29522037360681436,12.0,10.0,0.8280341198400321,network_bursts_inter_event_interval_mean (ratio to baseline)
network_bursts_inter_event_interval_mean_ratio,-6,welch_t,10uM vs IVH-L,-0.9464702647953812,0.35830909398496646,-0.3893849894874767,12.0,11.0,0.753453702304836,network_bursts_inter_event_interval_mean (ratio to baseline)
network_bursts_inter_event_interval_mean_ratio,-6,welch_t,10uM vs NPH,-0.7075729303871093,0.4869896894810556,-0.2947754568735527,12.0,11.0,0.8280341198400321,network_bursts_inter_event_interval_mean (ratio to baseline)
network_bursts_inter_event_interval_mean_ratio,-6,welch_t,20uM vs CT,-0.7140238708170309,0.4926788896483907,-0.37589358582172466,6.0,10.0,0.8280341198400321,network_bursts_inter_event_interval_mean (ratio to baseline)
network_bursts_inter_event_interval_mean_ratio,-6,welch_t,20uM vs IVH-E,0.1760843173384612,0.8653079906887133,0.09679994984778702,6.0,10.0,0.9547377449362848,network_bursts_inter_event_interval_mean (ratio to baseline)
network_bursts_inter_event_interval_mean_ratio,-6,welch_t,20uM vs IVH-L,0.027762903815347188,0.9787243751510688,0.015373464506618471,6.0,11.0,0.9941895458645168,network_bursts_inter_event_interval_mean (ratio to baseline)
network_bursts_inter_event_interval_mean_ratio,-6,welch_t,20uM vs NPH,0.06555792488829335,0.9490546189027006,0.03362276504939056,6.0,11.0,0.9817806402441731,network_bursts_inter_event_interval_mean (ratio to baseline)
network_bursts_inter_event_interval_mean_ratio,-6,welch_t,CT vs IVH-E,1.3305369904540014,0.20270189247124656,0.5950342314466271,10.0,10.0,0.6099158889683888,network_bursts_inter_event_interval_mean (ratio to baseline)
network_bursts_inter_event_interval_mean_ratio,-6,welch_t,CT vs IVH-L,1.1896839765559002,0.2545596358033275,0.5265233800018638,10.0,11.0,0.6582898800466933,network_bursts_inter_event_interval_mean (ratio to baseline)
network_bursts_inter_event_interval_mean_ratio,-6,welch_t,CT vs NPH,0.9811229044237928,0.33886345776334814,0.4278043752253235,10.0,11.0,0.7350664045031561,network_bursts_inter_event_interval_mean (ratio to baseline)
network_bursts_inter_event_interval_mean_ratio,-6,welch_t,IVH-E vs IVH-L,-0.2963513458938915,0.7704151250788465,-0.13002254662040405,10.0,11.0,0.9330290388092745,network_bursts_inter_event_interval_mean (ratio to baseline)
network_bursts_inter_event_interval_mean_ratio,-6,welch_t,IVH-E vs NPH,-0.13835109988250216,0.8916380754267343,-0.059755833820988875,10.0,11.0,0.9641318058575128,network_bursts_inter_event_interval_mean (ratio to baseline)
network_bursts_inter_event_interval_mean_ratio,-6,welch_t,IVH-L vs NPH,0.06542547072604865,0.9487191407213554,0.027897514453393186,11.0,11.0,0.9817806402441731,network_bursts_inter_event_interval_mean (ratio to baseline)
network_bursts_inter_event_interval_mean_ratio,-3,anova,all_groups,0.3218963456315892,0.8928862406534929,,,,0.8928862406534929,network_bursts_inter_event_interval_mean (ratio to baseline)
network_bursts_inter_event_interval_mean_ratio,-3,welch_t,10uM vs 20uM,0.30626344465147515,0.7724661555356582,0.23220262785752202,4.0,3.0,0.9331805905799898,network_bursts_inter_event_interval_mean (ratio to baseline)
network_bursts_inter_event_interval_mean_ratio,-3,welch_t,10uM vs CT,0.9255174648765574,0.41378684324462256,0.6544396755207961,4.0,4.0,0.7981056396665869,network_bursts_inter_event_interval_mean (ratio to baseline)
network_bursts_inter_event_interval_mean_ratio,-3,welch_t,10uM vs IVH-E,0.3649336830959997,0.728890882361639,0.2580470820005639,4.0,4.0,0.9186126614383855,network_bursts_inter_event_interval_mean (ratio to baseline)
network_bursts_inter_event_interval_mean_ratio,-3,welch_t,10uM vs IVH-L,0.8258091830316573,0.4678686926516334,0.5839352732878077,4.0,4.0,0.8153846732108239,network_bursts_inter_event_interval_mean (ratio to baseline)
network_bursts_inter_event_interval_mean_ratio,-3,welch_t,10uM vs NPH,0.2567985584215002,0.8119343790773375,0.1815840020587726,4.0,4.0,0.9396974984319634,network_bursts_inter_event_interval_mean (ratio to baseline)
network_bursts_inter_event_interval_mean_ratio,-3,welch_t,20uM vs CT,0.4821610808001144,0.6714135269578358,0.3889537212735512,3.0,4.0,0.8974901319191694,network_bursts_inter_event_interval_mean (ratio to baseline)
network_bursts_inter_event_interval_mean_ratio,-3,welch_t,20uM vs IVH-E,0.005827040109939417,0.9956443750969308,0.004520432951619416,3.0,4.0,0.9993300610164895,network_bursts_inter_event_interval_mean (ratio to baseline)
network_bursts_inter_event_interval_mean_ratio,-3,welch_t,20uM vs IVH-L,0.3711368396599355,0.7453237776265456,0.3023564915156057,3.0,4.0,0.92650745837554,network_bursts_inter_event_interval_mean (ratio to baseline)
network_bursts_inter_event_interval_mean_ratio,-3,welch_t,20uM vs NPH,-0.1635912390307825,0.8834529981049186,-0.13217188042528996,3.0,4.0,0.9607806625571627,network_bursts_inter_event_interval_mean (ratio to baseline)
network_bursts_inter_event_interval_mean_ratio,-3,welch_t,CT vs IVH-E,-0.6617098042178942,0.5446042150967481,-0.4678994897400957,4.0,4.0,0.8498061411263068,network_bursts_inter_event_interval_mean (ratio to baseline)
network_bursts_inter_event_interval_mean_ratio,-3,welch_t,CT vs IVH-L,-0.4176640163391563,0.6976340822419747,-0.2953330582110264,4.0,4.0,0.9060182886259411,network_bursts_inter_event_interval_mean (ratio to baseline)
network_bursts_inter_event_interval_mean_ratio,-3,welch_t,CT vs NPH,-1.7447613534069228,0.13191461965796208,-1.2337325845462535,4.0,4.0,0.5123133730380086,network_bursts_inter_event_interval_mean (ratio to baseline)
network_bursts_inter_event_interval_mean_ratio,-3,welch_t,IVH-E vs IVH-L,0.522976042582174,0.6353511038761094,0.3697999061079599,4.0,4.0,0.8974901319191694,network_bursts_inter_event_interval_mean (ratio to baseline)
network_bursts_inter_event_interval_mean_ratio,-3,welch_t,IVH-E vs NPH,-0.23842148033493668,0.8237335462733514,-0.16858944552536878,4.0,4.0,0.9396974984319634,network_bursts_inter_event_interval_mean (ratio to baseline)
network_bursts_inter_event_interval_mean_ratio,-3,welch_t,IVH-L vs NPH,-1.8971326870542262,0.12808504163361695,-1.3414753878266998,4.0,4.0,0.5123133730380086,network_bursts_inter_event_interval_mean (ratio to baseline)
network_bursts_inter_event_interval_mean_ratio,0,anova,all_groups,0.5690067274726843,0.7235060432435165,,,,0.7235060432435165,network_bursts_inter_event_interval_mean (ratio to baseline)
network_bursts_inter_event_interval_mean_ratio,0,welch_t,10uM vs 20uM,0.40954813120337186,0.6856284973891529,0.15102570068596313,16.0,12.0,0.8974901319191694,network_bursts_inter_event_interval_mean (ratio to baseline)
network_bursts_inter_event_interval_mean_ratio,0,welch_t,10uM vs CT,0.12129991561315545,0.9045009376548866,0.04288599644370909,16.0,16.0,0.9675535967238602,network_bursts_inter_event_interval_mean (ratio to baseline)
network_bursts_inter_event_interval_mean_ratio,0,welch_t,10uM vs IVH-E,0.2487700774900505,0.8058868070624896,0.08795350437475881,16.0,16.0,0.9396974984319634,network_bursts_inter_event_interval_mean (ratio to baseline)
network_bursts_inter_event_interval_mean_ratio,0,welch_t,10uM vs IVH-L,-0.15420860018173935,0.8789870223364113,-0.054520973452896485,16.0,16.0,0.9607806625571627,network_bursts_inter_event_interval_mean (ratio to baseline)
network_bursts_inter_event_interval_mean_ratio,0,welch_t,10uM vs NPH,-0.802746145954616,0.4309533533234934,-0.2838136216879375,16.0,16.0,0.7997173031891998,network_bursts_inter_event_interval_mean (ratio to baseline)
network_bursts_inter_event_interval_mean_ratio,0,welch_t,20uM vs CT,-0.409452722759837,0.6860813452893205,-0.15744271388311268,12.0,16.0,0.8974901319191694,network_bursts_inter_event_interval_mean (ratio to baseline)
network_bursts_inter_event_interval_mean_ratio,0,welch_t,20uM vs IVH-E,-0.2630241476396006,0.7951296686880839,-0.10195746438644684,12.0,16.0,0.9373539890921735,network_bursts_inter_event_interval_mean (ratio to baseline)
network_bursts_inter_event_interval_mean_ratio,0,welch_t,20uM vs IVH-L,-0.8241603517062981,0.42027137133164805,-0.32245022958867364,12.0,16.0,0.7997173031891998,network_bursts_inter_event_interval_mean (ratio to baseline)
network_bursts_inter_event_interval_mean_ratio,0,welch_t,20uM vs NPH,-1.6552502820276733,0.11315857086013001,-0.642474824282645,12.0,16.0,0.5013026246877095,network_bursts_inter_event_interval_mean (ratio to baseline)
network_bursts_inter_event_interval_mean_ratio,0,welch_t,CT vs IVH-E,0.19028191246050377,0.8503877212661604,0.0672748153189836,16.0,16.0,0.9450468367450866,network_bursts_inter_event_interval_mean (ratio to baseline)
network_bursts_inter_event_interval_mean_ratio,0,welch_t,CT vs IVH-L,-0.4459097557537467,0.6590781204400518,-0.15765290604535573,16.0,16.0,0.8974901319191694,network_bursts_inter_event_interval_mean (ratio to baseline)
network_bursts_inter_event_interval_mean_ratio,0,welch_t,CT vs NPH,-1.4252747670886952,0.16459325133175984,-0.5039107264312467,16.0,16.0,0.5579232437887724,network_bursts_inter_event_interval_mean (ratio to baseline)
network_bursts_inter_event_interval_mean_ratio,0,welch_t,IVH-E vs IVH-L,-0.6957058545949995,0.49208078200430794,-0.24596916374765318,16.0,16.0,0.8280341198400321,network_bursts_inter_event_interval_mean (ratio to baseline)
network_bursts_inter_event_interval_mean_ratio,0,welch_t,IVH-E vs NPH,-1.7239271740140285,0.09501745504366013,-0.6095002975085405,16.0,16.0,0.47774139407426885,network_bursts_inter_event_interval_mean (ratio to baseline)
network_bursts_inter_event_interval_mean_ratio,0,welch_t,IVH-L vs NPH,-1.144387812078944,0.26165460169375604,-0.40460219111412893,16.0,16.0,0.6625767095937756,network_bursts_inter_event_interval_mean (ratio to baseline)
network_bursts_inter_event_interval_mean_ratio,3,anova,all_groups,5.172487408117945,0.0005189013738840017,,,,0.0005189013738840017,network_bursts_inter_event_interval_mean (ratio to baseline)
network_bursts_inter_event_interval_mean_ratio,3,welch_t,10uM vs 20uM,1.5827235875443193,0.1322094712852183,0.6663543097275912,12.0,9.0,0.5123133730380086,network_bursts_inter_event_interval_mean (ratio to baseline)
network_bursts_inter_event_interval_mean_ratio,3,welch_t,10uM vs CT,0.8556843323340034,0.40912957085529744,0.3493316658520689,12.0,12.0,0.7980750908237085,network_bursts_inter_event_interval_mean (ratio to baseline)
network_bursts_inter_event_interval_mean_ratio,3,welch_t,10uM vs IVH-E,1.6819365739153165,0.11752757832652291,0.6901933247946176,12.0,10.0,0.5109894709848822,network_bursts_inter_event_interval_mean (ratio to baseline)
network_bursts_inter_event_interval_mean_ratio,3,welch_t,10uM vs IVH-L,-0.07174939149610793,0.9435940512585635,-0.029627963711898728,12.0,11.0,0.9800273363970811,network_bursts_inter_event_interval_mean (ratio to baseline)
network_bursts_inter_event_interval_mean_ratio,3,welch_t,10uM vs NPH,-1.659654332348051,0.11581199585861163,-0.6775510439420358,12.0,12.0,0.5084429086475633,network_bursts_inter_event_interval_mean (ratio to baseline)
network_bursts_inter_event_interval_mean_ratio,3,welch_t,20uM vs CT,-1.5853987150056843,0.14395181963929876,-0.7339490044085692,9.0,12.0,0.519794966153837,network_bursts_inter_event_interval_mean (ratio to baseline)
network_bursts_inter_event_interval_mean_ratio,3,welch_t,20uM vs IVH-E,-0.1267841249324296,0.9013486901701101,-0.059201511143674036,9.0,10.0,0.9675535967238602,network_bursts_inter_event_interval_mean (ratio to baseline)
network_bursts_inter_event_interval_mean_ratio,3,welch_t,20uM vs IVH-L,-2.2925444503557633,0.034148688818162486,-1.0209726216717863,9.0,11.0,0.29872464485770034,network_bursts_inter_event_interval_mean (ratio to baseline)
network_bursts_inter_event_interval_mean_ratio,3,welch_t,20uM vs NPH,-4.819272623195471,0.00013734800412213728,-2.1145051435813476,9.0,12.0,0.011237563973629414,network_bursts_inter_event_interval_mean (ratio to baseline)
network_bursts_inter_event_interval_mean_ratio,3,welch_t,CT vs IVH-E,2.6713529584114384,0.015689613960751657,1.152388965465411,12.0,10.0,0.1857980600615328,network_bursts_inter_event_interval_mean (ratio to baseline)
network_bursts_inter_event_interval_mean_ratio,3,welch_t,CT vs IVH-L,-1.492134510697835,0.16128774571445978,-0.6335147493151654,12.0,11.0,0.5540418745916558,network_bursts_inter_event_interval_mean (ratio to baseline)
network_bursts_inter_event_interval_mean_ratio,3,welch_t,CT vs NPH,-4.928338681146759,0.00021722467599432884,-2.0119858414050933,12.0,12.0,0.01303348055965973,network_bursts_inter_event_interval_mean (ratio to baseline)
network_bursts_inter_event_interval_mean_ratio,3,welch_t,IVH-E vs IVH-L,-2.752927080395408,0.016094316680671062,-1.1819309936946045,10.0,11.0,0.18811538977407735,network_bursts_inter_event_interval_mean (ratio to baseline)
network_bursts_inter_event_interval_mean_ratio,3,welch_t,IVH-E vs NPH,-6.220442906968655,1.283930200401172e-05,-2.5817508084931156,10.0,12.0,0.002834347651723635,network_bursts_inter_event_interval_mean (ratio to baseline)
network_bursts_inter_event_interval_mean_ratio,3,welch_t,IVH-L vs NPH,-2.2294129351381007,0.037319398288858115,-0.9329210341482607,11.0,12.0,0.3109949857404843,network_bursts_inter_event_interval_mean (ratio to baseline)
network_bursts_inter_event_interval_mean_ratio,6,anova,all_groups,5.292534085280892,0.0004739227368109071,,,,0.0004739227368109071,network_bursts_inter_event_interval_mean (ratio to baseline)
network_bursts_inter_event_interval_mean_ratio,6,welch_t,10uM vs 20uM,1.6324432677598566,0.12369709669681599,0.6799553344455177,12.0,9.0,0.5123133730380086,network_bursts_inter_event_interval_mean (ratio to baseline)
network_bursts_inter_event_interval_mean_ratio,6,welch_t,10uM vs CT,1.1391435448436629,0.2765401591462972,0.46605398025863426,12.0,11.0,0.6780311888633372,network_bursts_inter_event_interval_mean (ratio to baseline)
network_bursts_inter_event_interval_mean_ratio,6,welch_t,10uM vs IVH-E,2.040341098972852,0.061499006143060905,0.8438735942597659,12.0,9.0,0.37678121841652884,network_bursts_inter_event_interval_mean (ratio to baseline)
network_bursts_inter_event_interval_mean_ratio,6,welch_t,10uM vs IVH-L,0.7450856954101525,0.46647178557933355,0.3139804939248772,12.0,9.0,0.8151934116920392,network_bursts_inter_event_interval_mean (ratio to baseline)
network_bursts_inter_event_interval_mean_ratio,6,welch_t,10uM vs NPH,-1.7141950685247338,0.10057387046785352,-0.6998172062468071,12.0,12.0,0.4831912594190586,network_bursts_inter_event_interval_mean (ratio to baseline)
network_bursts_inter_event_interval_mean_ratio,6,welch_t,20uM vs CT,-1.239839995151439,0.2378416835643528,-0.570375396447849,9.0,11.0,0.6428153609847373,network_bursts_inter_event_interval_mean (ratio to baseline)
network_bursts_inter_event_interval_mean_ratio,6,welch_t,20uM vs IVH-E,0.6842241548251958,0.5041807751914862,0.32254635981902013,9.0,9.0,0.8280341198400321,network_bursts_inter_event_interval_mean (ratio to baseline)
network_bursts_inter_event_interval_mean_ratio,6,welch_t,20uM vs IVH-L,-1.285418348964063,0.2182630226165222,-0.6059520208094032,9.0,9.0,0.6284375407038221,network_bursts_inter_event_interval_mean (ratio to baseline)
network_bursts_inter_event_interval_mean_ratio,6,welch_t,20uM vs NPH,-3.7689518968146496,0.001957459176452005,-1.5676530472813,9.0,12.0,0.05872377529356014,network_bursts_inter_event_interval_mean (ratio to baseline)
network_bursts_inter_event_interval_mean_ratio,6,welch_t,CT vs IVH-E,2.3961004846835112,0.030318640116961875,1.091220651544462,11.0,9.0,0.2902848521836775,network_bursts_inter_event_interval_mean (ratio to baseline)
network_bursts_inter_event_interval_mean_ratio,6,welch_t,CT vs IVH-L,-0.5054861626842244,0.6235152324183038,-0.23459717540963249,11.0,9.0,0.8894559512905152,network_bursts_inter_event_interval_mean (ratio to baseline)
network_bursts_inter_event_interval_mean_ratio,6,welch_t,CT vs NPH,-3.41203968485025,0.0051013670489156475,-1.3957248730479683,11.0,12.0,0.10931500819104958,network_bursts_inter_event_interval_mean (ratio to baseline)
network_bursts_inter_event_interval_mean_ratio,6,welch_t,IVH-E vs IVH-L,-1.9528727664568317,0.07269887771832885,-0.9205930506374392,9.0,9.0,0.4248635710811426,network_bursts_inter_event_interval_mean (ratio to baseline)
network_bursts_inter_event_interval_mean_ratio,6,welch_t,IVH-E vs NPH,-4.223135204237595,0.0009584165912652105,-1.7449832251338468,9.0,12.0,0.03450299728554758,network_bursts_inter_event_interval_mean (ratio to baseline)
network_bursts_inter_event_interval_mean_ratio,6,welch_t,IVH-L vs NPH,-2.8046506828656397,0.012423135069375429,-1.1794850965493884,9.0,12.0,0.1644238465064395,network_bursts_inter_event_interval_mean (ratio to baseline)
network_bursts_inter_event_interval_mean_ratio,9,anova,all_groups,0.8693615835795396,0.5061254884477745,,,,0.5061254884477745,network_bursts_inter_event_interval_mean (ratio to baseline)
network_bursts_inter_event_interval_mean_ratio,9,welch_t,10uM vs 20uM,1.2404803394418615,0.22635460215829267,0.466426535588508,16.0,11.0,0.6288819268244588,network_bursts_inter_event_interval_mean (ratio to baseline)
network_bursts_inter_event_interval_mean_ratio,9,welch_t,10uM vs CT,-0.2908556478040298,0.7735901896982939,-0.10512919218156311,16.0,15.0,0.9332857516467352,network_bursts_inter_event_interval_mean (ratio to baseline)
network_bursts_inter_event_interval_mean_ratio,9,welch_t,10uM vs IVH-E,1.5274674261131473,0.1443790705182145,0.634207023168954,16.0,8.0,0.519794966153837,network_bursts_inter_event_interval_mean (ratio to baseline)
network_bursts_inter_event_interval_mean_ratio,9,welch_t,10uM vs IVH-L,-0.06279699876428607,0.9504836932438148,-0.024149979024394697,16.0,12.0,0.9821301078294297,network_bursts_inter_event_interval_mean (ratio to baseline)
network_bursts_inter_event_interval_mean_ratio,9,welch_t,10uM vs NPH,-0.5633290853002995,0.5776342262383858,-0.20272238628453196,16.0,15.0,0.8640908157231392,network_bursts_inter_event_interval_mean (ratio to baseline)
network_bursts_inter_event_interval_mean_ratio,9,welch_t,20uM vs CT,-1.2410694751416391,0.2286883853054179,-0.46630997024795046,11.0,15.0,0.6306051743211633,network_bursts_inter_event_interval_mean (ratio to baseline)
network_bursts_inter_event_interval_mean_ratio,9,welch_t,20uM vs IVH-E,0.5297367504694634,0.6050722936572313,0.2500505410267731,11.0,8.0,0.8777744981635959,network_bursts_inter_event_interval_mean (ratio to baseline)
network_bursts_inter_event_interval_mean_ratio,9,welch_t,20uM vs IVH-L,-1.1189754828824456,0.27799278743396827,-0.46196725872263056,11.0,12.0,0.6780311888633372,network_bursts_inter_event_interval_mean (ratio to baseline)
network_bursts_inter_event_interval_mean_ratio,9,welch_t,20uM vs NPH,-1.774846723134074,0.08910058348018803,-0.6776073092720556,11.0,15.0,0.4647425907545653,network_bursts_inter_event_interval_mean (ratio to baseline)
network_bursts_inter_event_interval_mean_ratio,9,welch_t,CT vs IVH-E,1.505160517107906,0.14720178879661994,0.6013526004598124,15.0,8.0,0.5278151789520237,network_bursts_inter_event_interval_mean (ratio to baseline)
network_bursts_inter_event_interval_mean_ratio,9,welch_t,CT vs IVH-L,0.21449199857852758,0.8319059846605729,0.08184011683287526,15.0,12.0,0.9396974984319634,network_bursts_inter_event_interval_mean (ratio to baseline)
network_bursts_inter_event_interval_mean_ratio,9,welch_t,CT vs NPH,-0.17240421791203497,0.8644580643327789,-0.06295311943963851,15.0,15.0,0.9547377449362848,network_bursts_inter_event_interval_mean (ratio to baseline)
network_bursts_inter_event_interval_mean_ratio,9,welch_t,IVH-E vs IVH-L,-1.4093772639041446,0.1758798885697384,-0.6215154497385184,8.0,12.0,0.5653282132598735,network_bursts_inter_event_interval_mean (ratio to baseline)
network_bursts_inter_event_interval_mean_ratio,9,welch_t,IVH-E vs NPH,-1.9845737120782299,0.06195957813960696,-0.8259748179843975,8.0,15.0,0.37678121841652884,network_bursts_inter_event_interval_mean (ratio to baseline)
network_bursts_inter_event_interval_mean_ratio,9,welch_t,IVH-L vs NPH,-0.438361763220812,0.6651246188349507,-0.16995098303523765,12.0,15.0,0.8974901319191694,network_bursts_inter_event_interval_mean (ratio to baseline)
network_bursts_burst_peak_mean_ratio,-6,anova,all_groups,1.2753638668531135,0.2880138776598913,,,,0.2880138776598913,network_bursts_burst_peak_mean (ratio to baseline)
network_bursts_burst_peak_mean_ratio,-6,welch_t,10uM vs 20uM,-0.5988023117786374,0.565542782213915,-0.31128445970628565,12.0,6.0,0.8583279999873921,network_bursts_burst_peak_mean (ratio to baseline)
network_bursts_burst_peak_mean_ratio,-6,welch_t,10uM vs CT,-0.7785154184572809,0.44641470428209884,-0.33560253307852583,12.0,10.0,0.8020031365664978,network_bursts_burst_peak_mean (ratio to baseline)
network_bursts_burst_peak_mean_ratio,-6,welch_t,10uM vs IVH-E,0.8667229350114629,0.39644367734395014,0.3665388916833507,12.0,10.0,0.7911292895999005,network_bursts_burst_peak_mean (ratio to baseline)
network_bursts_burst_peak_mean_ratio,-6,welch_t,10uM vs IVH-L,-0.48873645982059116,0.6312926313050342,-0.2057989977671385,12.0,11.0,0.8949060575776079,network_bursts_burst_peak_mean (ratio to baseline)
network_bursts_burst_peak_mean_ratio,-6,welch_t,10uM vs NPH,-1.880443675899463,0.07560782491333794,-0.7892163385605236,12.0,11.0,0.4361989898846419,network_bursts_burst_peak_mean (ratio to baseline)
network_bursts_burst_peak_mean_ratio,-6,welch_t,20uM vs CT,-0.00973892577268426,0.9924243880516325,-0.005089509578141583,6.0,10.0,0.9993300610164895,network_bursts_burst_peak_mean (ratio to baseline)
network_bursts_burst_peak_mean_ratio,-6,welch_t,20uM vs IVH-E,1.18701505251716,0.2731582904034897,0.6487570072158155,6.0,10.0,0.6772519596780736,network_bursts_burst_peak_mean (ratio to baseline)
network_bursts_burst_peak_mean_ratio,-6,welch_t,20uM vs IVH-L,0.1301026897554822,0.8986095661601723,0.06425835915480801,6.0,11.0,0.9675535967238602,network_bursts_burst_peak_mean (ratio to baseline)
network_bursts_burst_peak_mean_ratio,-6,welch_t,20uM vs NPH,-0.8497569253375766,0.41445392834173167,-0.4307046715304975,6.0,11.0,0.7981056396665869,network_bursts_burst_peak_mean (ratio to baseline)
network_bursts_burst_peak_mean_ratio,-6,welch_t,CT vs IVH-E,1.5698177071858637,0.13666033167382222,0.7020438211100903,10.0,10.0,0.515710766956491,network_bursts_burst_peak_mean (ratio to baseline)
network_bursts_burst_peak_mean_ratio,-6,welch_t,CT vs IVH-L,0.16420809441972198,0.8713541469096938,0.07128183021605691,10.0,11.0,0.9575320295710921,network_bursts_burst_peak_mean (ratio to baseline)
network_bursts_burst_peak_mean_ratio,-6,welch_t,CT vs NPH,-1.0227871412715024,0.3192557697375474,-0.44576538932382576,10.0,11.0,0.7183254819094816,network_bursts_burst_peak_mean (ratio to baseline)
network_bursts_burst_peak_mean_ratio,-6,welch_t,IVH-E vs IVH-L,-1.1348052292530877,0.27439313031904095,-0.488601170919348,10.0,11.0,0.6780311888633372,network_bursts_burst_peak_mean (ratio to baseline)
network_bursts_burst_peak_mean_ratio,-6,welch_t,IVH-E vs NPH,-2.7035537283254927,0.015410331349259114,-1.1674769628368158,10.0,11.0,0.18492397619110937,network_bursts_burst_peak_mean (ratio to baseline)
network_bursts_burst_peak_mean_ratio,-6,welch_t,IVH-L vs NPH,-1.06557724750321,0.2996780906410933,-0.4543636649998479,11.0,11.0,0.704204390540428,network_bursts_burst_peak_mean (ratio to baseline)
network_bursts_burst_peak_mean_ratio,-3,anova,all_groups,1.4331047080779982,0.2627347745426284,,,,0.2627347745426284,network_bursts_burst_peak_mean (ratio to baseline)
network_bursts_burst_peak_mean_ratio,-3,welch_t,10uM vs 20uM,-0.3361181468565189,0.7507957214809533,-0.2534309963487232,4.0,3.0,0.9265971057758082,network_bursts_burst_peak_mean (ratio to baseline)
network_bursts_burst_peak_mean_ratio,-3,welch_t,10uM vs CT,0.6586057714385931,0.5367085193723726,0.4657046071128267,4.0,4.0,0.8489769287199371,network_bursts_burst_peak_mean (ratio to baseline)
network_bursts_burst_peak_mean_ratio,-3,welch_t,10uM vs IVH-E,0.9183725877043087,0.39408712160091286,0.649387484421554,4.0,4.0,0.7911292895999005,network_bursts_burst_peak_mean (ratio to baseline)
network_bursts_burst_peak_mean_ratio,-3,welch_t,10uM vs IVH-L,0.4174056289469658,0.6912505988393729,0.2951503507338354,4.0,4.0,0.9016312158774429,network_bursts_burst_peak_mean (ratio to baseline)
network_bursts_burst_peak_mean_ratio,-3,welch_t,10uM vs NPH,-1.2524741711377843,0.25700380500721437,-0.8856329796725276,4.0,4.0,0.6589841154031139,network_bursts_burst_peak_mean (ratio to baseline)
network_bursts_burst_peak_mean_ratio,-3,welch_t,20uM vs CT,1.0593843072152627,0.3481568076405591,0.8165632240369485,3.0,4.0,0.7478308517338979,network_bursts_burst_peak_mean (ratio to baseline)
network_bursts_burst_peak_mean_ratio,-3,welch_t,20uM vs IVH-E,1.2867923775397478,0.2579336244826492,0.9761446305542506,3.0,4.0,0.6594893807795009,network_bursts_burst_peak_mean (ratio to baseline)
network_bursts_burst_peak_mean_ratio,-3,welch_t,20uM vs IVH-L,0.7885554048642256,0.4697311233113985,0.6013258471090953,3.0,4.0,0.8161351563325456,network_bursts_burst_peak_mean (ratio to baseline)
network_bursts_burst_peak_mean_ratio,-3,welch_t,20uM vs NPH,-0.9395018624863896,0.39167560217692876,-0.7081083235723179,3.0,4.0,0.790376775693354,network_bursts_burst_peak_mean (ratio to baseline)
network_bursts_burst_peak_mean_ratio,-3,welch_t,CT vs IVH-E,0.3660014219443468,0.7275170385476163,0.2588020873807665,4.0,4.0,0.9186126614383855,network_bursts_burst_peak_mean (ratio to baseline)
network_bursts_burst_peak_mean_ratio,-3,welch_t,CT vs IVH-L,-0.23798040194586356,0.8199898269563024,-0.16827755600542035,4.0,4.0,0.9396974984319634,network_bursts_burst_peak_mean (ratio to baseline)
network_bursts_burst_peak_mean_ratio,-3,welch_t,CT vs NPH,-2.083418156789666,0.0866864493048833,-1.4731991067131507,4.0,4.0,0.46164381286624245,network_bursts_burst_peak_mean (ratio to baseline)
network_bursts_burst_peak_mean_ratio,-3,welch_t,IVH-E vs IVH-L,-0.5566400169091051,0.5980092695583583,-0.39360393063622273,4.0,4.0,0.8737148418872119,network_bursts_burst_peak_mean (ratio to baseline)
network_bursts_burst_peak_mean_ratio,-3,welch_t,IVH-E vs NPH,-2.219895518878609,0.06856899748172336,-1.5697031749246937,4.0,4.0,0.4086893889639141,network_bursts_burst_peak_mean (ratio to baseline)
network_bursts_burst_peak_mean_ratio,-3,welch_t,IVH-L vs NPH,-1.7625287524977413,0.12973935063051717,-1.2462960329274189,4.0,4.0,0.5123133730380086,network_bursts_burst_peak_mean (ratio to baseline)
network_bursts_burst_peak_mean_ratio,0,anova,all_groups,1.1591030154009512,0.3359659773314355,,,,0.3359659773314355,network_bursts_burst_peak_mean (ratio to baseline)
network_bursts_burst_peak_mean_ratio,0,welch_t,10uM vs 20uM,-0.32971010156895864,0.744414792997899,-0.12538702827192638,16.0,12.0,0.92650745837554,network_bursts_burst_peak_mean (ratio to baseline)
network_bursts_burst_peak_mean_ratio,0,welch_t,10uM vs CT,-0.08071883110697238,0.936213563513068,-0.028538416422595903,16.0,16.0,0.9780512061475436,network_bursts_burst_peak_mean (ratio to baseline)
network_bursts_burst_peak_mean_ratio,0,welch_t,10uM vs IVH-E,-0.07525230034129216,0.940513555777721,-0.026605705935607214,16.0,16.0,0.9797016206017928,network_bursts_burst_peak_mean (ratio to baseline)
network_bursts_burst_peak_mean_ratio,0,welch_t,10uM vs IVH-L,-1.082284960205244,0.287943967243498,-0.38264551726867035,16.0,16.0,0.6892275811679474,network_bursts_burst_peak_mean (ratio to baseline)
network_bursts_burst_peak_mean_ratio,0,welch_t,10uM vs NPH,-1.6978717438972888,0.10083991117722169,-0.6002883118474011,16.0,16.0,0.4831912594190586,network_bursts_burst_peak_mean (ratio to baseline)
network_bursts_burst_peak_mean_ratio,0,welch_t,20uM vs CT,0.27454016133574327,0.7861678252471945,0.10552942476975327,12.0,16.0,0.9373539890921735,network_bursts_burst_peak_mean (ratio to baseline)
network_bursts_burst_peak_mean_ratio,0,welch_t,20uM vs IVH-E,0.2580193167194524,0.7985436789986903,0.09813584395734788,12.0,16.0,0.9373539890921735,network_bursts_burst_peak_mean (ratio to baseline)
network_bursts_burst_peak_mean_ratio,0,welch_t,20uM vs IVH-L,-0.7359620178458552,0.4683931956111066,-0.276856626198217,12.0,16.0,0.8153846732108239,network_bursts_burst_peak_mean (ratio to baseline)
network_bursts_burst_peak_mean_ratio,0,welch_t,20uM vs NPH,-1.3665629450220742,0.1835243818378007,-0.5084157656266769,12.0,16.0,0.5715292167959191,network_bursts_burst_peak_mean (ratio to baseline)
network_bursts_burst_peak_mean_ratio,0,welch_t,CT vs IVH-E,0.00011304778705059949,0.999910565552921,3.9968428410805835e-05,16.0,16.0,1.0,network_bursts_burst_peak_mean (ratio to baseline)
network_bursts_burst_peak_mean_ratio,0,welch_t,CT vs IVH-L,-1.0738821223008397,0.2921698087977175,-0.37967466543696254,16.0,16.0,0.6953423888352589,network_bursts_burst_peak_mean (ratio to baseline)
network_bursts_burst_peak_mean_ratio,0,welch_t,CT vs NPH,-1.714403487010143,0.09870842461841245,-0.6061331656773676,16.0,16.0,0.4831912594190586,network_bursts_burst_peak_mean (ratio to baseline)
network_bursts_burst_peak_mean_ratio,0,welch_t,IVH-E vs IVH-L,-1.0137715054711585,0.31898639078004526,-0.35842235304617565,16.0,16.0,0.7183254819094816,network_bursts_burst_peak_mean (ratio to baseline)
network_bursts_burst_peak_mean_ratio,0,welch_t,IVH-E vs NPH,-1.6361686637525552,0.11322818076061703,-0.578472978652182,16.0,16.0,0.5013026246877095,network_bursts_burst_peak_mean (ratio to baseline)
network_bursts_burst_peak_mean_ratio,0,welch_t,IVH-L vs NPH,-0.6774462471533609,0.5034473213292512,-0.23951341762575964,16.0,16.0,0.8280341198400321,network_bursts_burst_peak_mean (ratio to baseline)
network_bursts_burst_peak_mean_ratio,3,anova,all_groups,0.9816734523534584,0.43647646167505383,,,,0.43647646167505383,network_bursts_burst_peak_mean (ratio to baseline)
network_bursts_burst_peak_mean_ratio,3,welch_t,10uM vs 20uM,1.103655426634672,0.2843824632388091,0.4848115097765661,12.0,9.0,0.6861775252410944,network_bursts_burst_peak_mean (ratio to baseline)
network_bursts_burst_peak_mean_ratio,3,welch_t,10uM vs CT,1.3782320375415282,0.18229465600922132,0.5626608731888556,12.0,12.0,0.5696708000288165,network_bursts_burst_peak_mean (ratio to baseline)
network_bursts_burst_peak_mean_ratio,3,welch_t,10uM vs IVH-E,0.3872966147672518,0.7031086216068999,0.16699722586470106,12.0,10.0,0.908010527442515,network_bursts_burst_peak_mean (ratio to baseline)
network_bursts_burst_peak_mean_ratio,3,welch_t,10uM vs IVH-L,0.3019381247696059,0.7663085210320644,0.12707652486420226,12.0,11.0,0.9330290388092745,network_bursts_burst_peak_mean (ratio to baseline)
network_bursts_burst_peak_mean_ratio,3,welch_t,10uM vs NPH,-0.797488916583017,0.4337051541485839,-0.3255734868588949,12.0,12.0,0.7997173031891998,network_bursts_burst_peak_mean (ratio to baseline)
network_bursts_burst_peak_mean_ratio,3,welch_t,20uM vs CT,0.2987937091256815,0.768372449870688,0.129848016664473,9.0,12.0,0.9330290388092745,network_bursts_burst_peak_mean (ratio to baseline)
network_bursts_burst_peak_mean_ratio,3,welch_t,20uM vs IVH-E,-0.5975523853618494,0.5580889074713347,-0.27305759441113914,9.0,10.0,0.8527674307711395,network_bursts_burst_peak_mean (ratio to baseline)
network_bursts_burst_peak_mean_ratio,3,welch_t,20uM vs IVH-L,-0.5648461116955673,0.579517940161735,-0.24841415354166188,9.0,11.0,0.8640908157231392,network_bursts_burst_peak_mean (ratio to baseline)
network_bursts_burst_peak_mean_ratio,3,welch_t,20uM vs NPH,-1.8833259744722795,0.07638436481135605,-0.8297554991795989,9.0,12.0,0.43787215496955695,network_bursts_burst_peak_mean (ratio to baseline)
network_bursts_burst_peak_mean_ratio,3,welch_t,CT vs IVH-E,-0.8578566636962688,0.40152803579875684,-0.3674105358437508,12.0,10.0,0.7980750908237085,network_bursts_burst_peak_mean (ratio to baseline)
network_bursts_burst_peak_mean_ratio,3,welch_t,CT vs IVH-L,-0.7984856271829069,0.4345130680661319,-0.33508254516839603,12.0,11.0,0.7997173031891998,network_bursts_burst_peak_mean (ratio to baseline)
network_bursts_burst_peak_mean_ratio,3,welch_t,CT vs NPH,-2.13523112234489,0.04454691030351299,-0.8717044554425367,12.0,12.0,0.32862474814066955,network_bursts_burst_peak_mean (ratio to baseline)
network_bursts_burst_peak_mean_ratio,3,welch_t,IVH-E vs IVH-L,-0.03456553582415312,0.972793993499431,-0.015016147984328406,10.0,11.0,0.9937736596475458,network_bursts_burst_peak_mean (ratio to baseline)
network_bursts_burst_peak_mean_ratio,3,welch_t,IVH-E vs NPH,-1.0837396956810181,0.2932365346498459,-0.46813165113951577,10.0,12.0,0.6953423888352589,network_bursts_burst_peak_mean (ratio to baseline)
network_bursts_burst_peak_mean_ratio,3,welch_t,IVH-L vs NPH,-0.9087763274930257,0.37631639249014914,-0.3827600287069444,11.0,12.0,0.7721804556462176,network_bursts_burst_peak_mean (ratio to baseline)
network_bursts_burst_peak_mean_ratio,6,anova,all_groups,5.953517242624821,0.0001753310361993008,,,,0.0001753310361993008,network_bursts_burst_peak_mean (ratio to baseline)
network_bursts_burst_peak_mean_ratio,6,welch_t,10uM vs 20uM,0.05396454462167349,0.9578447914087467,0.024609234423324695,12.0,9.0,0.9874688571224193,network_bursts_burst_peak_mean (ratio to baseline)
network_bursts_burst_peak_mean_ratio,6,welch_t,10uM vs CT,1.8336275073997577,0.08191601719229477,0.7595527984507036,12.0,11.0,0.44795318423520425,network_bursts_burst_peak_mean (ratio to baseline)
network_bursts_burst_peak_mean_ratio,6,welch_t,10uM vs IVH-E,3.253452701870435,0.004235729451936538,1.3931403142978518,12.0,9.0,0.10318748096710861,network_bursts_burst_peak_mean (ratio to baseline)
network_bursts_burst_peak_mean_ratio,6,welch_t,10uM vs IVH-L,2.981821461588415,0.007698552086270517,1.28019447735535,12.0,9.0,0.12919736292265352,network_bursts_burst_peak_mean (ratio to baseline)
network_bursts_burst_peak_mean_ratio,6,welch_t,10uM vs NPH,-2.080577840737869,0.052926677917299124,-0.8493923466582305,12.0,12.0,0.35806561552534416,network_bursts_burst_peak_mean (ratio to baseline)
network_bursts_burst_peak_mean_ratio,6,welch_t,20uM vs CT,1.0245422017030588,0.32932166388344597,0.47667243891157085,9.0,11.0,0.7306431974825348,network_bursts_burst_peak_mean (ratio to baseline)
network_bursts_burst_peak_mean_ratio,6,welch_t,20uM vs IVH-E,1.881323301040634,0.0884062107152945,0.8868643091800619,9.0,9.0,0.4647425907545653,network_bursts_burst_peak_mean (ratio to baseline)
network_bursts_burst_peak_mean_ratio,6,welch_t,20uM vs IVH-L,1.7373103391388431,0.1114993273882011,0.8189759478870511,9.0,9.0,0.5013026246877095,network_bursts_burst_peak_mean (ratio to baseline)
network_bursts_burst_peak_mean_ratio,6,welch_t,20uM vs NPH,-1.6626518333019746,0.11362859492921415,-0.7290818642225815,9.0,12.0,0.5013026246877095,network_bursts_burst_peak_mean (ratio to baseline)
network_bursts_burst_peak_mean_ratio,6,welch_t,CT vs IVH-E,1.732674954202292,0.10066299853905458,0.7765553364264867,11.0,9.0,0.4831912594190586,network_bursts_burst_peak_mean (ratio to baseline)
network_bursts_burst_peak_mean_ratio,6,welch_t,CT vs IVH-L,1.431019036242141,0.1702078924110661,0.6426714919765179,11.0,9.0,0.5579232437887724,network_bursts_burst_peak_mean (ratio to baseline)
network_bursts_burst_peak_mean_ratio,6,welch_t,CT vs NPH,-3.3488482124884817,0.004653185313889844,-1.3748822575771975,11.0,12.0,0.10843139442657002,network_bursts_burst_peak_mean (ratio to baseline)
network_bursts_burst_peak_mean_ratio,6,welch_t,IVH-E vs IVH-L,-0.25914434796306113,0.7988338995929967,-0.12216181716723118,9.0,9.0,0.9373539890921735,network_bursts_burst_peak_mean (ratio to baseline)
network_bursts_burst_peak_mean_ratio,6,welch_t,IVH-E vs NPH,-4.241545230441851,0.000766340032329437,-1.7638175140840149,9.0,12.0,0.028737751212353887,network_bursts_burst_peak_mean (ratio to baseline)
network_bursts_burst_peak_mean_ratio,6,welch_t,IVH-L vs NPH,-4.074155278963965,0.0010324199367828604,-1.6965002427128775,9.0,12.0,0.03573761319632978,network_bursts_burst_peak_mean (ratio to baseline)
network_bursts_burst_peak_mean_ratio,9,anova,all_groups,2.4002723312863075,0.0454286562953373,,,,0.0454286562953373,network_bursts_burst_peak_mean (ratio to baseline)
network_bursts_burst_peak_mean_ratio,9,welch_t,10uM vs 20uM,1.3854997483331792,0.17986045940825138,0.5071910296079838,16.0,11.0,0.5671392435572734,network_bursts_burst_peak_mean (ratio to baseline)
network_bursts_burst_peak_mean_ratio,9,welch_t,10uM vs CT,1.4786890966876856,0.15016844341026694,0.531928035055327,16.0,15.0,0.5341960437519377,network_bursts_burst_peak_mean (ratio to baseline)
network_bursts_burst_peak_mean_ratio,9,welch_t,10uM vs IVH-E,2.5748745413095073,0.017410397583804423,1.010847211244398,16.0,8.0,0.19834630158764532,network_bursts_burst_peak_mean (ratio to baseline)
network_bursts_burst_peak_mean_ratio,9,welch_t,10uM vs IVH-L,1.5346862834490436,0.13738633597158395,0.5815780025174321,16.0,12.0,0.515710766956491,network_bursts_burst_peak_mean (ratio to baseline)
network_bursts_burst_peak_mean_ratio,9,welch_t,10uM vs NPH,-0.7669507812952145,0.449697936662507,-0.27646410447557795,16.0,15.0,0.8020031365664978,network_bursts_burst_peak_mean (ratio to baseline)
network_bursts_burst_peak_mean_ratio,9,welch_t,20uM vs CT,0.5175160967573846,0.6105581086867173,0.19384903750149546,11.0,15.0,0.8806126567596885,network_bursts_burst_peak_mean (ratio to baseline)
network_bursts_burst_peak_mean_ratio,9,welch_t,20uM vs IVH-E,1.811405628772048,0.0934098438276517,0.8571158023923253,11.0,8.0,0.47496530759822897,network_bursts_burst_peak_mean (ratio to baseline)
network_bursts_burst_peak_mean_ratio,9,welch_t,20uM vs IVH-L,0.5571285564235866,0.585072448631367,0.22939539959403685,11.0,12.0,0.8689194781653965,network_bursts_burst_peak_mean (ratio to baseline)
network_bursts_burst_peak_mean_ratio,9,welch_t,20uM vs NPH,-2.0636703705967925,0.05331199164488457,-0.7690860260698537,11.0,15.0,0.35806561552534416,network_bursts_burst_peak_mean (ratio to baseline)
network_bursts_burst_peak_mean_ratio,9,welch_t,CT vs IVH-E,0.7990604195953694,0.43320108498805765,0.3178162247896381,15.0,8.0,0.7997173031891998,network_bursts_burst_peak_mean (ratio to baseline)
network_bursts_burst_peak_mean_ratio,9,welch_t,CT vs IVH-L,0.01313191861377311,0.9896272553469248,0.0050396700942463195,15.0,12.0,0.9993300610164895,network_bursts_burst_peak_mean (ratio to baseline)
network_bursts_burst_peak_mean_ratio,9,welch_t,CT vs NPH,-2.06075506022892,0.048886234616155724,-0.7524813546535309,15.0,15.0,0.3519808892363212,network_bursts_burst_peak_mean (ratio to baseline)
network_bursts_burst_peak_mean_ratio,9,welch_t,IVH-E vs IVH-L,-0.8118744075240822,0.4275050368062958,-0.35337956139630194,8.0,12.0,0.7997173031891998,network_bursts_burst_peak_mean (ratio to baseline)
network_bursts_burst_peak_mean_ratio,9,welch_t,IVH-E vs NPH,-3.0548686411371926,0.006073494002030692,-1.1967612223732873,8.0,15.0,0.11459493434441649,network_bursts_burst_peak_mean (ratio to baseline)
network_bursts_burst_peak_mean_ratio,9,welch_t,IVH-L vs NPH,-2.1196095136732533,0.04418331463200664,-0.807738292035825,12.0,15.0,0.32862474814066955,network_bursts_burst_peak_mean (ratio to baseline)
n_units_network_json_ratio,-6,anova,all_groups,1.2622573617566886,0.29137372520644905,,,,0.29137372520644905,n_units_network_json (ratio to baseline)
n_units_network_json_ratio,-6,welch_t,10uM vs 20uM,1.388946036113382,0.1871552490853169,0.6273018325071693,12.0,9.0,0.578830667274176,n_units_network_json (ratio to baseline)
n_units_network_json_ratio,-6,welch_t,10uM vs CT,0.12416191561065539,0.9023751109234314,0.05068888978876848,12.0,12.0,0.9675535967238602,n_units_network_json (ratio to baseline)
n_units_network_json_ratio,-6,welch_t,10uM vs IVH-E,0.8319338717069625,0.4154436540300237,0.33963558090335016,12.0,12.0,0.7981056396665869,n_units_network_json (ratio to baseline)
n_units_network_json_ratio,-6,welch_t,10uM vs IVH-L,-0.7334024402298199,0.4730947188859628,-0.2994102924458495,12.0,12.0,0.8188177826872433,n_units_network_json (ratio to baseline)
n_units_network_json_ratio,-6,welch_t,10uM vs NPH,-0.9332180062117692,0.3610815440278978,-0.3809846556660495,12.0,12.0,0.7575137287298556,n_units_network_json (ratio to baseline)
n_units_network_json_ratio,-6,welch_t,20uM vs CT,-1.1918493293425,0.25056160638496094,-0.5300500591672022,9.0,12.0,0.6555390864722815,n_units_network_json (ratio to baseline)
n_units_network_json_ratio,-6,welch_t,20uM vs IVH-E,-0.5606900540727301,0.5821503710341576,-0.2471846590199038,9.0,12.0,0.8660088164144492,n_units_network_json (ratio to baseline)
n_units_network_json_ratio,-6,welch_t,20uM vs IVH-L,-1.7235973062625705,0.10114531902083877,-0.7485402519780207,9.0,12.0,0.4831912594190586,n_units_network_json (ratio to baseline)
n_units_network_json_ratio,-6,welch_t,20uM vs NPH,-2.034538428309348,0.05966015148227592,-0.9097239151421664,9.0,12.0,0.37678121841652884,n_units_network_json (ratio to baseline)
n_units_network_json_ratio,-6,welch_t,CT vs IVH-E,0.6553116475398064,0.5191638882730163,0.2675298598291835,12.0,12.0,0.8369827141369556,n_units_network_json (ratio to baseline)
n_units_network_json_ratio,-6,welch_t,CT vs IVH-L,-0.7769749210650466,0.4462979362654672,-0.3171986832581002,12.0,12.0,0.8020031365664978,n_units_network_json (ratio to baseline)
n_units_network_json_ratio,-6,welch_t,CT vs NPH,-0.9489775049198513,0.3530050736814174,-0.3874184440721915,12.0,12.0,0.7495849983288707,n_units_network_json (ratio to baseline)
n_units_network_json_ratio,-6,welch_t,IVH-E vs IVH-L,-1.2929315459289306,0.21001613818281947,-0.5278370933122856,12.0,12.0,0.6152070746382853,n_units_network_json (ratio to baseline)
n_units_network_json_ratio,-6,welch_t,IVH-E vs NPH,-1.56169221584007,0.13320147698988224,-0.6375581773474307,12.0,12.0,0.5123133730380086,n_units_network_json (ratio to baseline)
n_units_network_json_ratio,-6,welch_t,IVH-L vs NPH,0.02559821298588343,0.9798437023641804,0.010450426690416768,12.0,12.0,0.9942044330639936,n_units_network_json (ratio to baseline)
n_units_network_json_ratio,-3,anova,all_groups,0.7199064816178705,0.6174477768406532,,,,0.6174477768406532,n_units_network_json (ratio to baseline)
n_units_network_json_ratio,-3,welch_t,10uM vs 20uM,0.77805439368436,0.512801265387232,0.6313554690852224,4.0,3.0,0.8345771046085151,n_units_network_json (ratio to baseline)
n_units_network_json_ratio,-3,welch_t,10uM vs CT,1.0136316081827599,0.3743775168796432,0.716745783771055,4.0,4.0,0.7721804556462176,n_units_network_json (ratio to baseline)
n_units_network_json_ratio,-3,welch_t,10uM vs IVH-E,0.20682240066633317,0.8486981011676713,0.1462455220124453,4.0,4.0,0.9450468367450866,n_units_network_json (ratio to baseline)
n_units_network_json_ratio,-3,welch_t,10uM vs IVH-L,-0.7613698098756558,0.4995235869837862,-0.5383697555537887,4.0,4.0,0.8280341198400321,n_units_network_json (ratio to baseline)
n_units_network_json_ratio,-3,welch_t,10uM vs NPH,-1.032776835146809,0.37371399244993536,-0.7302835035846896,4.0,4.0,0.7721804556462176,n_units_network_json (ratio to baseline)
n_units_network_json_ratio,-3,welch_t,20uM vs CT,-0.10123748419928197,0.9248176353544475,-0.0789711525073763,3.0,4.0,0.9780512061475436,n_units_network_json (ratio to baseline)
n_units_network_json_ratio,-3,welch_t,20uM vs IVH-E,-0.36388315630016066,0.7308911003692633,-0.2724783947666521,3.0,4.0,0.9187178635926495,n_units_network_json (ratio to baseline)
n_units_network_json_ratio,-3,welch_t,20uM vs IVH-L,-1.0950725089072724,0.32350396791438907,-0.8137301463512442,3.0,4.0,0.7260687559175815,n_units_network_json (ratio to baseline)
n_units_network_json_ratio,-3,welch_t,20uM vs NPH,-1.3106504040685056,0.24728775931644773,-0.9822502587613474,3.0,4.0,0.6545478821022278,n_units_network_json (ratio to baseline)
n_units_network_json_ratio,-3,welch_t,CT vs IVH-E,-0.33105400442176175,0.7548944458472766,-0.23409053146558903,4.0,4.0,0.9278984741630376,n_units_network_json (ratio to baseline)
n_units_network_json_ratio,-3,welch_t,CT vs IVH-L,-1.1609138148488503,0.30496833993422223,-0.8208900308527662,4.0,4.0,0.709228697521447,n_units_network_json (ratio to baseline)
n_units_network_json_ratio,-3,welch_t,CT vs NPH,-1.4336895681439557,0.21445182643419558,-1.013771615751004,4.0,4.0,0.6206001408063537,n_units_network_json (ratio to baseline)
n_units_network_json_ratio,-3,welch_t,IVH-E vs IVH-L,-0.714591514982735,0.5020400853922029,-0.5052925060226602,4.0,4.0,0.8280341198400321,n_units_network_json (ratio to baseline)
n_units_network_json_ratio,-3,welch_t,IVH-E vs NPH,-0.8860780808637128,0.40968546165584885,-0.6265518196394932,4.0,4.0,0.7980750908237085,n_units_network_json (ratio to baseline)
n_units_network_json_ratio,-3,welch_t,IVH-L vs NPH,-0.11500734706920188,0.9122494313456105,-0.08132247499890746,4.0,4.0,0.9724442422166433,n_units_network_json (ratio to baseline)
n_units_network_json_ratio,0,anova,all_groups,0.26532828930562463,0.9308369880839013,,,,0.9308369880839013,n_units_network_json (ratio to baseline)
n_units_network_json_ratio,0,welch_t,10uM vs 20uM,0.9708774843082094,0.3413975078692436,0.37097862612274324,16.0,12.0,0.7350664045031561,n_units_network_json (ratio to baseline)
n_units_network_json_ratio,0,welch_t,10uM vs CT,0.5680062500430346,0.5746207264640284,0.20082053558088578,16.0,16.0,0.8640908157231392,n_units_network_json (ratio to baseline)
n_units_network_json_ratio,0,welch_t,10uM vs IVH-E,1.070044770110107,0.29358900861933157,0.3783179565590285,16.0,16.0,0.6953423888352589,n_units_network_json (ratio to baseline)
n_units_network_json_ratio,0,welch_t,10uM vs IVH-L,0.19019921833560172,0.8505421530705779,0.06724557853074235,16.0,16.0,0.9450468367450866,n_units_network_json (ratio to baseline)
n_units_network_json_ratio,0,welch_t,10uM vs NPH,0.2684538675754117,0.790524130185666,0.09491277509916453,16.0,16.0,0.9373539890921735,n_units_network_json (ratio to baseline)
n_units_network_json_ratio,0,welch_t,20uM vs CT,-0.29912247019794014,0.7672246259017556,-0.1118682037984423,12.0,16.0,0.9330290388092745,n_units_network_json (ratio to baseline)
n_units_network_json_ratio,0,welch_t,20uM vs IVH-E,0.13769202656208507,0.8915498702802254,0.051732487424372794,12.0,16.0,0.9641318058575128,n_units_network_json (ratio to baseline)
n_units_network_json_ratio,0,welch_t,20uM vs IVH-L,-0.6568291129288363,0.517063349844932,-0.2457003955261716,12.0,16.0,0.8369827141369556,n_units_network_json (ratio to baseline)
n_units_network_json_ratio,0,welch_t,20uM vs NPH,-0.5026493305525638,0.6195310336099469,-0.18606908089215396,12.0,16.0,0.8892789956123639,n_units_network_json (ratio to baseline)
n_units_network_json_ratio,0,welch_t,CT vs IVH-E,0.4158526766157877,0.6804905479935773,0.14702612380479993,16.0,16.0,0.8974901319191694,n_units_network_json (ratio to baseline)
n_units_network_json_ratio,0,welch_t,CT vs IVH-L,-0.33301661156776413,0.7414379383609332,-0.11773915214366623,16.0,16.0,0.9255119896322329,n_units_network_json (ratio to baseline)
n_units_network_json_ratio,0,welch_t,CT vs NPH,-0.21773220993562808,0.8291471486130626,-0.07697996106410779,16.0,16.0,0.9396974984319634,n_units_network_json (ratio to baseline)
n_units_network_json_ratio,0,welch_t,IVH-E vs IVH-L,-0.7604804394265127,0.45292679405480996,-0.26887043783910636,16.0,16.0,0.8020031365664978,n_units_network_json (ratio to baseline)
n_units_network_json_ratio,0,welch_t,IVH-E vs NPH,-0.6040354409576832,0.5505772088051586,-0.21355877818909214,16.0,16.0,0.8498061411263068,n_units_network_json (ratio to baseline)
n_units_network_json_ratio,0,welch_t,IVH-L vs NPH,0.08803883280368356,0.9304454210724364,0.031126427841616653,16.0,16.0,0.9780512061475436,n_units_network_json (ratio to baseline)
n_units_network_json_ratio,3,anova,all_groups,4.860594287148114,0.0008011583849229193,,,,0.0008011583849229193,n_units_network_json (ratio to baseline)
n_units_network_json_ratio,3,welch_t,10uM vs 20uM,1.1065075311573054,0.2858825961758235,0.49539549975815167,12.0,9.0,0.6862314571411898,n_units_network_json (ratio to baseline)
n_units_network_json_ratio,3,welch_t,10uM vs CT,2.943296318068585,0.008680218344824272,1.2015956901800822,12.0,12.0,0.1420399365516699,n_units_network_json (ratio to baseline)
n_units_network_json_ratio,3,welch_t,10uM vs IVH-E,1.2615496031076654,0.22635712500830676,0.5150254688040692,12.0,12.0,0.6288819268244588,n_units_network_json (ratio to baseline)
n_units_network_json_ratio,3,welch_t,10uM vs IVH-L,-2.2876342596460413,0.03272587871600936,-0.9339227757070612,12.0,12.0,0.2975079883273578,n_units_network_json (ratio to baseline)
n_units_network_json_ratio,3,welch_t,10uM vs NPH,2.674242128983159,0.014755825928302982,1.091754777443816,12.0,12.0,0.17946274777665788,n_units_network_json (ratio to baseline)
n_units_network_json_ratio,3,welch_t,20uM vs CT,1.7165442534248734,0.10232464360844964,0.7415422948967746,9.0,12.0,0.48469568025055093,n_units_network_json (ratio to baseline)
n_units_network_json_ratio,3,welch_t,20uM vs IVH-E,0.45183785295631057,0.6569086584362391,0.19130644038940534,9.0,12.0,0.8974901319191694,n_units_network_json (ratio to baseline)
n_units_network_json_ratio,3,welch_t,20uM vs IVH-L,-2.937300816601272,0.008960395458541203,-1.2931723488431393,9.0,12.0,0.1440063555836979,n_units_network_json (ratio to baseline)
n_units_network_json_ratio,3,welch_t,20uM vs NPH,1.3552427096142945,0.1916063429392889,0.5912350173672152,9.0,12.0,0.5874064181172972,n_units_network_json (ratio to baseline)
n_units_network_json_ratio,3,welch_t,CT vs IVH-E,-0.8980475810689651,0.37982529346910876,-0.3666263897266124,12.0,12.0,0.7751536601410383,n_units_network_json (ratio to baseline)
n_units_network_json_ratio,3,welch_t,CT vs IVH-L,-4.494974669838594,0.00020755984225180168,-1.8350657246399729,12.0,12.0,0.01303348055965973,n_units_network_json (ratio to baseline)
n_units_network_json_ratio,3,welch_t,CT vs NPH,-0.45837277756506306,0.6512666078128044,-0.1871299028361095,12.0,12.0,0.8974901319191694,n_units_network_json (ratio to baseline)
n_units_network_json_ratio,3,welch_t,IVH-E vs IVH-L,-2.612454783949795,0.018104948798117162,-1.0665301994616443,12.0,12.0,0.20071842328542597,n_units_network_json (ratio to baseline)
n_units_network_json_ratio,3,welch_t,IVH-E vs NPH,0.5663214001429252,0.5779727051216305,0.23119974346145047,12.0,12.0,0.8640908157231392,n_units_network_json (ratio to baseline)
n_units_network_json_ratio,3,welch_t,IVH-L vs NPH,4.362303141118829,0.0002569872670475898,1.7809027998469018,12.0,12.0,0.013724921075605398,n_units_network_json (ratio to baseline)
n_units_network_json_ratio,6,anova,all_groups,8.637015814816937,2.8194540212307113e-06,,,,2.8194540212307113e-06,n_units_network_json (ratio to baseline)
n_units_network_json_ratio,6,welch_t,10uM vs 20uM,0.7993921685560532,0.4339932429732053,0.3433299134695814,12.0,9.0,0.7997173031891998,n_units_network_json (ratio to baseline)
n_units_network_json_ratio,6,welch_t,10uM vs CT,2.154255557854822,0.04344619497863991,0.8794711487165064,12.0,12.0,0.32862474814066955,n_units_network_json (ratio to baseline)
n_units_network_json_ratio,6,welch_t,10uM vs IVH-E,5.5960859725770975,3.832460114484454e-05,2.2845925315934044,12.0,12.0,0.005748690171726681,n_units_network_json (ratio to baseline)
n_units_network_json_ratio,6,welch_t,10uM vs IVH-L,2.0722264130971877,0.05176812375516241,0.8459828906009896,12.0,12.0,0.35806561552534416,n_units_network_json (ratio to baseline)
n_units_network_json_ratio,6,welch_t,10uM vs NPH,0.7884051120619018,0.43942859340832296,0.32186503919224174,12.0,12.0,0.8020031365664978,n_units_network_json (ratio to baseline)
n_units_network_json_ratio,6,welch_t,20uM vs CT,1.5301553985293057,0.14334185407746858,0.6712813858755446,9.0,12.0,0.519794966153837,n_units_network_json (ratio to baseline)
n_units_network_json_ratio,6,welch_t,20uM vs IVH-E,5.586813297272772,6.611402963073459e-05,2.516451802459413,9.0,12.0,0.007437828333457641,n_units_network_json (ratio to baseline)
n_units_network_json_ratio,6,welch_t,20uM vs IVH-L,1.4237493075781518,0.1722480490772908,0.6279551206815512,9.0,12.0,0.559650700973147,n_units_network_json (ratio to baseline)
n_units_network_json_ratio,6,welch_t,20uM vs NPH,-0.023639123836843634,0.981396003619244,-0.010340534751580432,9.0,12.0,0.9946581117762607,n_units_network_json (ratio to baseline)
n_units_network_json_ratio,6,welch_t,CT vs IVH-E,4.018684498969055,0.0007097021037167734,1.6406210766177425,12.0,12.0,0.027770951884569395,n_units_network_json (ratio to baseline)
n_units_network_json_ratio,6,welch_t,CT vs IVH-L,-0.16467768316752035,0.8707097125532628,-0.06722938263068985,12.0,12.0,0.9575320295710921,n_units_network_json (ratio to baseline)
n_units_network_json_ratio,6,welch_t,CT vs NPH,-1.580651127759396,0.12825224929523216,-0.6452981207275504,12.0,12.0,0.5123133730380086,n_units_network_json (ratio to baseline)
n_units_network_json_ratio,6,welch_t,IVH-E vs IVH-L,-4.419419247004511,0.00025924850920587973,-1.804220352432684,12.0,12.0,0.013724921075605398,n_units_network_json (ratio to baseline)
n_units_network_json_ratio,6,welch_t,IVH-E vs NPH,-5.7427506542658655,1.5746375842909083e-05,-2.3444681371642706,12.0,12.0,0.002834347651723635,n_units_network_json (ratio to baseline)
n_units_network_json_ratio,6,welch_t,IVH-L vs NPH,-1.4750077765105682,0.15456301479461787,-0.602169403181343,12.0,12.0,0.5421705371005096,n_units_network_json (ratio to baseline)
n_units_network_json_ratio,9,anova,all_groups,6.226923646872696,5.856492498100683e-05,,,,5.856492498100683e-05,n_units_network_json (ratio to baseline)
n_units_network_json_ratio,9,welch_t,10uM vs 20uM,1.3829723336547848,0.17864711802169353,0.5219377174020053,16.0,12.0,0.5671392435572734,n_units_network_json (ratio to baseline)
n_units_network_json_ratio,9,welch_t,10uM vs CT,2.366799688161723,0.02460657031286952,0.8367900546046801,16.0,16.0,0.24606570312869522,n_units_network_json (ratio to baseline)
n_units_network_json_ratio,9,welch_t,10uM vs IVH-E,5.652231035443555,5.069367812953541e-06,2.0212827374899227,16.0,15.0,0.0015208103438860622,n_units_network_json (ratio to baseline)
n_units_network_json_ratio,9,welch_t,10uM vs IVH-L,0.2152815568767179,0.8313164382502567,0.07781388945697394,16.0,15.0,0.9396974984319634,n_units_network_json (ratio to baseline)
n_units_network_json_ratio,9,welch_t,10uM vs NPH,0.4620976158801975,0.6473624612541264,0.16337617887951203,16.0,16.0,0.8974901319191694,n_units_network_json (ratio to baseline)
n_units_network_json_ratio,9,welch_t,20uM vs CT,0.9795404013959776,0.3366231639996452,0.3708132147083306,12.0,16.0,0.7350664045031561,n_units_network_json (ratio to baseline)
n_units_network_json_ratio,9,welch_t,20uM vs IVH-E,4.159213491423514,0.0004149855599001466,1.6244391363195991,12.0,15.0,0.018674350195506596,n_units_network_json (ratio to baseline)
n_units_network_json_ratio,9,welch_t,20uM vs IVH-L,-0.8651511975494134,0.39583398497087363,-0.3258196405440116,12.0,15.0,0.7911292895999005,n_units_network_json (ratio to baseline)
n_units_network_json_ratio,9,welch_t,20uM vs NPH,-0.864516774252048,0.3952401381693511,-0.3246077872421671,12.0,16.0,0.7911292895999005,n_units_network_json (ratio to baseline)
n_units_network_json_ratio,9,welch_t,CT vs IVH-E,3.1143189851698985,0.004242151995314465,1.114416847669014,16.0,15.0,0.10318748096710861,n_units_network_json (ratio to baseline)
n_units_network_json_ratio,9,welch_t,CT vs IVH-L,-1.6256535275672033,0.11705948714498218,-0.587940112183512,16.0,15.0,0.5109894709848822,n_units_network_json (ratio to baseline)
n_units_network_json_ratio,9,welch_t,CT vs NPH,-1.8049997323069156,0.08125377110497406,-0.6381637753770615,16.0,16.0,0.44795318423520425,n_units_network_json (ratio to baseline)
n_units_network_json_ratio,9,welch_t,IVH-E vs IVH-L,-3.9881326951368252,0.0006879770844194649,-1.456260159633542,15.0,15.0,0.027770951884569395,n_units_network_json (ratio to baseline)
n_units_network_json_ratio,9,welch_t,IVH-E vs NPH,-4.8728539745973,4.50080902185617e-05,-1.7407536480858823,15.0,16.0,0.005786754456672219,n_units_network_json (ratio to baseline)
n_units_network_json_ratio,9,welch_t,IVH-L vs NPH,0.15775163209425933,0.8758824730074111,0.05696063767599995,15.0,16.0,0.9601634905075151,n_units_network_json (ratio to baseline)
unit_firing_rate_ratio,-6,anova,all_groups,2.9417830223981523,0.01891768749589212,,,,0.01891768749589212,unit_firing_rate (ratio to baseline)
unit_firing_rate_ratio,-6,welch_t,10uM vs 20uM,1.879203025191259,0.0774965331140187,0.7924017572509607,12.0,9.0,0.44143594811782805,unit_firing_rate (ratio to baseline)
unit_firing_rate_ratio,-6,welch_t,10uM vs CT,2.8049620404453246,0.013644879883048614,1.1451209578278327,12.0,12.0,0.17090004945517212,unit_firing_rate (ratio to baseline)
unit_firing_rate_ratio,-6,welch_t,10uM vs IVH-E,1.4825234801062679,0.15679188000860808,0.6052376763259206,12.0,12.0,0.544836648678561,unit_firing_rate (ratio to baseline)
unit_firing_rate_ratio,-6,welch_t,10uM vs IVH-L,2.3095530313654713,0.03418737602260349,0.9428710767905862,12.0,12.0,0.29872464485770034,unit_firing_rate (ratio to baseline)
unit_firing_rate_ratio,-6,welch_t,10uM vs NPH,1.5342652147191147,0.14438749059828804,0.6263611510272503,12.0,12.0,0.519794966153837,unit_firing_rate (ratio to baseline)
unit_firing_rate_ratio,-6,welch_t,20uM vs CT,1.2125264459084293,0.24386725452928482,0.5424879561028471,9.0,12.0,0.6512775343512057,unit_firing_rate (ratio to baseline)
unit_firing_rate_ratio,-6,welch_t,20uM vs IVH-E,-0.6281136608510802,0.5378604186141316,-0.2758419210744185,9.0,12.0,0.8489769287199371,unit_firing_rate (ratio to baseline)
unit_firing_rate_ratio,-6,welch_t,20uM vs IVH-L,0.5517851560315483,0.5880132411266329,0.2428187008272929,9.0,12.0,0.871271367148565,unit_firing_rate (ratio to baseline)
unit_firing_rate_ratio,-6,welch_t,20uM vs NPH,-0.6021010560845266,0.5549240781345222,-0.2657030785232779,9.0,12.0,0.8522724749506313,unit_firing_rate (ratio to baseline)
unit_firing_rate_ratio,-6,welch_t,CT vs IVH-E,-2.0205894434625526,0.056509214093318993,-0.8249021860229154,12.0,12.0,0.37395803444108155,unit_firing_rate (ratio to baseline)
unit_firing_rate_ratio,-6,welch_t,CT vs IVH-L,-0.6546276077729279,0.519859263558398,-0.26725060176374604,12.0,12.0,0.8369827141369556,unit_firing_rate (ratio to baseline)
unit_firing_rate_ratio,-6,welch_t,CT vs NPH,-2.0528764143471108,0.052638938520631486,-0.8380832866907929,12.0,12.0,0.35806561552534416,unit_firing_rate (ratio to baseline)
unit_firing_rate_ratio,-6,welch_t,IVH-E vs IVH-L,1.2445669829550998,0.22639749365680517,0.5080923431591873,12.0,12.0,0.6288819268244588,unit_firing_rate (ratio to baseline)
unit_firing_rate_ratio,-6,welch_t,IVH-E vs NPH,0.047225796351784456,0.9627612938836368,0.019279850626410543,12.0,12.0,0.9891383156338734,unit_firing_rate (ratio to baseline)
unit_firing_rate_ratio,-6,welch_t,IVH-L vs NPH,-1.2392446735299154,0.22833285424681726,-0.505919519435036,12.0,12.0,0.6306051743211633,unit_firing_rate (ratio to baseline)
unit_firing_rate_ratio,-3,anova,all_groups,0.8413073834624558,0.5388545576466444,,,,0.5388545576466444,unit_firing_rate (ratio to baseline)
unit_firing_rate_ratio,-3,welch_t,10uM vs 20uM,0.6721035765402367,0.5369725526238203,0.5169636504465367,4.0,3.0,0.8489769287199371,unit_firing_rate (ratio to baseline)
unit_firing_rate_ratio,-3,welch_t,10uM vs CT,0.8948638465656565,0.4054107326174691,0.632764294145254,4.0,4.0,0.7980750908237085,unit_firing_rate (ratio to baseline)
unit_firing_rate_ratio,-3,welch_t,10uM vs IVH-E,1.635700908785101,0.1609825859599899,1.1566152045949436,4.0,4.0,0.5540418745916558,unit_firing_rate (ratio to baseline)
unit_firing_rate_ratio,-3,welch_t,10uM vs IVH-L,1.2659375800285912,0.2560016200181585,0.8951530473971044,4.0,4.0,0.6582898800466933,unit_firing_rate (ratio to baseline)
unit_firing_rate_ratio,-3,welch_t,10uM vs NPH,0.9983556322459327,0.37540298710663744,0.705944037596882,4.0,4.0,0.7721804556462176,unit_firing_rate (ratio to baseline)
unit_firing_rate_ratio,-3,welch_t,20uM vs CT,0.09108928294163159,0.9317890945546532,0.07031051960561147,3.0,4.0,0.9780512061475436,unit_firing_rate (ratio to baseline)
unit_firing_rate_ratio,-3,welch_t,20uM vs IVH-E,0.9545417200208902,0.3836615962102368,0.7124108049356799,3.0,4.0,0.779035308573796,unit_firing_rate (ratio to baseline)
unit_firing_rate_ratio,-3,welch_t,20uM vs IVH-L,0.5537601226276242,0.6041583102812241,0.4172362354590807,3.0,4.0,0.8777744981635959,unit_firing_rate (ratio to baseline)
unit_firing_rate_ratio,-3,welch_t,20uM vs NPH,-0.010428619928461266,0.9924835222864796,-0.00839018680528678,3.0,4.0,0.9993300610164895,unit_firing_rate (ratio to baseline)
unit_firing_rate_ratio,-3,welch_t,CT vs IVH-E,0.9752466940064332,0.3741407141080545,0.6896035506617109,4.0,4.0,0.7721804556462176,unit_firing_rate (ratio to baseline)
unit_firing_rate_ratio,-3,welch_t,CT vs IVH-L,0.5355933378997336,0.6134962543732725,0.37872168118723953,4.0,4.0,0.8820233689072609,unit_firing_rate (ratio to baseline)
unit_firing_rate_ratio,-3,welch_t,CT vs NPH,-0.15402612433051985,0.8849857436220976,-0.10891291699399284,4.0,4.0,0.9607806625571627,unit_firing_rate (ratio to baseline)
unit_firing_rate_ratio,-3,welch_t,IVH-E vs IVH-L,-0.43303465914986566,0.6803950841138457,-0.3062017439736752,4.0,4.0,0.8974901319191694,unit_firing_rate (ratio to baseline)
unit_firing_rate_ratio,-3,welch_t,IVH-E vs NPH,-1.210495137981998,0.3032794620824685,-0.8559493206604162,4.0,4.0,0.7071282794668954,unit_firing_rate (ratio to baseline)
unit_firing_rate_ratio,-3,welch_t,IVH-L vs NPH,-0.7434229012404698,0.5035609967662572,-0.525679374756513,4.0,4.0,0.8280341198400321,unit_firing_rate (ratio to baseline)
unit_firing_rate_ratio,0,anova,all_groups,0.8756952745350501,0.5009756449444016,,,,0.5009756449444016,unit_firing_rate (ratio to baseline)
unit_firing_rate_ratio,0,welch_t,10uM vs 20uM,0.6575310024848348,0.5180003273953988,0.2546245867137474,16.0,12.0,0.8369827141369556,unit_firing_rate (ratio to baseline)
unit_firing_rate_ratio,0,welch_t,10uM vs CT,0.24171937077829714,0.8108281480349597,0.08546070311073965,16.0,16.0,0.9396974984319634,unit_firing_rate (ratio to baseline)
unit_firing_rate_ratio,0,welch_t,10uM vs IVH-E,0.007736715907950326,0.9938809175522787,0.002735342141312756,16.0,16.0,0.9993300610164895,unit_firing_rate (ratio to baseline)
unit_firing_rate_ratio,0,welch_t,10uM vs IVH-L,1.8128468876764492,0.08065635434093327,0.6409381637644723,16.0,16.0,0.44795318423520425,unit_firing_rate (ratio to baseline)
unit_firing_rate_ratio,0,welch_t,10uM vs NPH,0.5348884133721389,0.5966833917757033,0.1891116121367763,16.0,16.0,0.8737148418872119,unit_firing_rate (ratio to baseline)
unit_firing_rate_ratio,0,welch_t,20uM vs CT,-0.35833886893598504,0.72304702120437,-0.13537834906134566,12.0,16.0,0.9186126614383855,unit_firing_rate (ratio to baseline)
unit_firing_rate_ratio,0,welch_t,20uM vs IVH-E,-0.5943958102812169,0.5577546472457364,-0.22648377956219187,12.0,16.0,0.8527674307711395,unit_firing_rate (ratio to baseline)
unit_firing_rate_ratio,0,welch_t,20uM vs IVH-L,0.9700360378143753,0.3413715097714116,0.3681548087896115,12.0,16.0,0.7350664045031561,unit_firing_rate (ratio to baseline)
unit_firing_rate_ratio,0,welch_t,20uM vs NPH,-0.237009420934074,0.8150514114414809,-0.09213728517578448,12.0,16.0,0.9396974984319634,unit_firing_rate (ratio to baseline)
unit_firing_rate_ratio,0,welch_t,CT vs IVH-E,-0.21452511084617454,0.8316094325579787,-0.0758460803070629,16.0,16.0,0.9396974984319634,unit_firing_rate (ratio to baseline)
unit_firing_rate_ratio,0,welch_t,CT vs IVH-L,1.335228142475223,0.19188609658498373,0.47207443698767393,16.0,16.0,0.5874064181172972,unit_firing_rate (ratio to baseline)
unit_firing_rate_ratio,0,welch_t,CT vs NPH,0.18492815951417904,0.854716647521231,0.06538197781241177,16.0,16.0,0.94734603789299,unit_firing_rate (ratio to baseline)
unit_firing_rate_ratio,0,welch_t,IVH-E vs IVH-L,1.6395849106795288,0.11156911645480097,0.5796808043363173,16.0,16.0,0.5013026246877095,unit_firing_rate (ratio to baseline)
unit_firing_rate_ratio,0,welch_t,IVH-E vs NPH,0.4590365638362795,0.6497799876915816,0.16229393355060237,16.0,16.0,0.8974901319191694,unit_firing_rate (ratio to baseline)
unit_firing_rate_ratio,0,welch_t,IVH-L vs NPH,-1.4000141478797856,0.17289207166220705,-0.4949797488614512,16.0,16.0,0.5597225341582243,unit_firing_rate (ratio to baseline)
unit_firing_rate_ratio,3,anova,all_groups,0.668129832490371,0.6490138543657092,,,,0.6490138543657092,unit_firing_rate (ratio to baseline)
unit_firing_rate_ratio,3,welch_t,10uM vs 20uM,1.2355352110119224,0.2400785117820196,0.5633962987933413,12.0,9.0,0.6449870465785602,unit_firing_rate (ratio to baseline)
unit_firing_rate_ratio,3,welch_t,10uM vs CT,1.0047810494642377,0.3294778139355615,0.4102001457342611,12.0,12.0,0.7306431974825348,unit_firing_rate (ratio to baseline)
unit_firing_rate_ratio,3,welch_t,10uM vs IVH-E,1.875513546639992,0.08023616641406699,0.7656751991575933,12.0,12.0,0.44795318423520425,unit_firing_rate (ratio to baseline)
unit_firing_rate_ratio,3,welch_t,10uM vs IVH-L,0.6176200385059076,0.5469949416334129,0.2521423248762621,12.0,12.0,0.8498061411263068,unit_firing_rate (ratio to baseline)
unit_firing_rate_ratio,3,welch_t,10uM vs NPH,0.6111795529412752,0.5475913106896217,0.2495130076547437,12.0,12.0,0.8498061411263068,unit_firing_rate (ratio to baseline)
unit_firing_rate_ratio,3,welch_t,20uM vs CT,-0.19725531058268725,0.8457897076762277,-0.08620961148417546,9.0,12.0,0.9432598970366852,unit_firing_rate (ratio to baseline)
unit_firing_rate_ratio,3,welch_t,20uM vs IVH-E,0.6495778222580814,0.5237414989376799,0.2804906170962567,9.0,12.0,0.8417274090069855,unit_firing_rate (ratio to baseline)
unit_firing_rate_ratio,3,welch_t,20uM vs IVH-L,-0.2444599717257418,0.8096047184593799,-0.10404457399321136,9.0,12.0,0.9396974984319634,unit_firing_rate (ratio to baseline)
unit_firing_rate_ratio,3,welch_t,20uM vs NPH,-0.7588693620495386,0.46060056036355035,-0.3421177289671091,9.0,12.0,0.8080711585325445,unit_firing_rate (ratio to baseline)
unit_firing_rate_ratio,3,welch_t,CT vs IVH-E,0.8364152848503076,0.4121717065876215,0.34146511015798303,12.0,12.0,0.7981056396665869,unit_firing_rate (ratio to baseline)
unit_firing_rate_ratio,3,welch_t,CT vs IVH-L,-0.08879749920354962,0.9301598965833211,-0.036251427247315365,12.0,12.0,0.9780512061475436,unit_firing_rate (ratio to baseline)
unit_firing_rate_ratio,3,welch_t,CT vs NPH,-0.5318474229683543,0.6011104328515193,-0.21712580121444172,12.0,12.0,0.8754035429876496,unit_firing_rate (ratio to baseline)
unit_firing_rate_ratio,3,welch_t,IVH-E vs IVH-L,-0.7657946919667248,0.45233309774704045,-0.31263437384171594,12.0,12.0,0.8020031365664978,unit_firing_rate (ratio to baseline)
unit_firing_rate_ratio,3,welch_t,IVH-E vs NPH,-1.431904754942426,0.17047654671323603,-0.5845726683123221,12.0,12.0,0.5579232437887724,unit_firing_rate (ratio to baseline)
unit_firing_rate_ratio,3,welch_t,IVH-L vs NPH,-0.29122641414585654,0.7748950043685794,-0.11889268571296689,12.0,12.0,0.9336084389982884,unit_firing_rate (ratio to baseline)
unit_firing_rate_ratio,6,anova,all_groups,2.6213754689093225,0.03235522863078521,,,,0.03235522863078521,unit_firing_rate (ratio to baseline)
unit_firing_rate_ratio,6,welch_t,10uM vs 20uM,0.43293860069003776,0.6707431953629353,0.19236611109142537,12.0,9.0,0.8974901319191694,unit_firing_rate (ratio to baseline)
unit_firing_rate_ratio,6,welch_t,10uM vs CT,-0.24263496717520536,0.8114279444803593,-0.0990553105560331,12.0,12.0,0.9396974984319634,unit_firing_rate (ratio to baseline)
unit_firing_rate_ratio,6,welch_t,10uM vs IVH-E,-2.408830912056014,0.028977126086578743,-0.9834011018633756,12.0,12.0,0.28347188562957465,unit_firing_rate (ratio to baseline)
unit_firing_rate_ratio,6,welch_t,10uM vs IVH-L,0.7573153025376906,0.4598217281102591,0.3091726776031354,12.0,12.0,0.8080711585325445,unit_firing_rate (ratio to baseline)
unit_firing_rate_ratio,6,welch_t,10uM vs NPH,0.7706010954214375,0.4491915819799389,0.31459657983538203,12.0,12.0,0.8020031365664978,unit_firing_rate (ratio to baseline)
unit_firing_rate_ratio,6,welch_t,20uM vs CT,-0.5147790781556013,0.6131867585201409,-0.21766143466687135,9.0,12.0,0.8820233689072609,unit_firing_rate (ratio to baseline)
unit_firing_rate_ratio,6,welch_t,20uM vs IVH-E,-2.5610902990887703,0.02020227515331813,-1.080525184498585,9.0,12.0,0.21050949835224744,unit_firing_rate (ratio to baseline)
unit_firing_rate_ratio,6,welch_t,20uM vs IVH-L,0.4187681308682648,0.6804208310686759,0.1774629792866534,9.0,12.0,0.8974901319191694,unit_firing_rate (ratio to baseline)
unit_firing_rate_ratio,6,welch_t,20uM vs NPH,0.21704389559299997,0.8310234551285274,0.09696482775750218,9.0,12.0,0.9396974984319634,unit_firing_rate (ratio to baseline)
unit_firing_rate_ratio,6,welch_t,CT vs IVH-E,-1.7242381869228343,0.09871488420286821,-0.7039172921637579,12.0,12.0,0.4831912594190586,unit_firing_rate (ratio to baseline)
unit_firing_rate_ratio,6,welch_t,CT vs IVH-L,0.778595054314778,0.4445266375021084,0.31786009988762665,12.0,12.0,0.8020031365664978,unit_firing_rate (ratio to baseline)
unit_firing_rate_ratio,6,welch_t,CT vs NPH,0.7015600404936851,0.4936473032097378,0.28641068718930546,12.0,12.0,0.8280341198400321,unit_firing_rate (ratio to baseline)
unit_firing_rate_ratio,6,welch_t,IVH-E vs IVH-L,2.519367238987447,0.019581307123348168,1.0285273683672878,12.0,12.0,0.20979971917873036,unit_firing_rate (ratio to baseline)
unit_firing_rate_ratio,6,welch_t,IVH-E vs NPH,2.879369646988872,0.011613683488111955,1.1754977359967438,12.0,12.0,0.160408493303838,unit_firing_rate (ratio to baseline)
unit_firing_rate_ratio,6,welch_t,IVH-L vs NPH,-0.2969016763793952,0.7705106603292528,-0.12120960181774318,12.0,12.0,0.9330290388092745,unit_firing_rate (ratio to baseline)
unit_firing_rate_ratio,9,anova,all_groups,0.7254001422696703,0.6062676189019538,,,,0.6062676189019538,unit_firing_rate (ratio to baseline)
unit_firing_rate_ratio,9,welch_t,10uM vs 20uM,1.4134039427894214,0.16943202352448877,0.5265000215828691,16.0,12.0,0.5579232437887724,unit_firing_rate (ratio to baseline)
unit_firing_rate_ratio,9,welch_t,10uM vs CT,1.0620684169603605,0.29678281959862785,0.3754978898583663,16.0,16.0,0.6992265383213745,unit_firing_rate (ratio to baseline)
unit_firing_rate_ratio,9,welch_t,10uM vs IVH-E,0.8618421574655851,0.3959440843282731,0.3100042527476859,16.0,15.0,0.7911292895999005,unit_firing_rate (ratio to baseline)
unit_firing_rate_ratio,9,welch_t,10uM vs IVH-L,-0.3934032138775767,0.697537046122332,-0.14232270536910194,16.0,15.0,0.9060182886259411,unit_firing_rate (ratio to baseline)
unit_firing_rate_ratio,9,welch_t,10uM vs NPH,0.11324161596416658,0.9106171591646217,0.04003695728039249,16.0,16.0,0.9721891378981727,unit_firing_rate (ratio to baseline)
unit_firing_rate_ratio,9,welch_t,20uM vs CT,-0.32664326063061144,0.7465609511121966,-0.12260197956010495,12.0,16.0,0.9265971057758082,unit_firing_rate (ratio to baseline)
unit_firing_rate_ratio,9,welch_t,20uM vs IVH-E,-0.40235822572597013,0.6909349997336065,-0.15246474059415185,12.0,15.0,0.9016312158774429,unit_firing_rate (ratio to baseline)
unit_firing_rate_ratio,9,welch_t,20uM vs IVH-L,-1.4288861034031406,0.16816445556709542,-0.5327683412095036,12.0,15.0,0.5579232437887724,unit_firing_rate (ratio to baseline)
unit_firing_rate_ratio,9,welch_t,20uM vs NPH,-1.1365048365694141,0.26660698672627486,-0.41861213351690296,12.0,16.0,0.6665174668156871,unit_firing_rate (ratio to baseline)
unit_firing_rate_ratio,9,welch_t,CT vs IVH-E,-0.10757847534261093,0.9151091291775103,-0.038764244832473524,16.0,15.0,0.9735203501888408,unit_firing_rate (ratio to baseline)
unit_firing_rate_ratio,9,welch_t,CT vs IVH-L,-1.1827777302350482,0.2494554706234046,-0.42849586874978207,16.0,15.0,0.6545478821022278,unit_firing_rate (ratio to baseline)
unit_firing_rate_ratio,9,welch_t,CT vs NPH,-0.8355007104838763,0.4105652967237523,-0.2953941090346636,16.0,16.0,0.7980750908237085,unit_firing_rate (ratio to baseline)
unit_firing_rate_ratio,9,welch_t,IVH-E vs IVH-L,-1.0421804220518514,0.3074308405976499,-0.38055048409870224,15.0,15.0,0.7112795797889072,unit_firing_rate (ratio to baseline)
unit_firing_rate_ratio,9,welch_t,IVH-E vs NPH,-0.6782003092402582,0.5030403868407751,-0.24324426154486076,15.0,16.0,0.8280341198400321,unit_firing_rate (ratio to baseline)
unit_firing_rate_ratio,9,welch_t,IVH-L vs NPH,0.4598946437258805,0.6493625237804643,0.16595480042454017,15.0,16.0,0.8974901319191694,unit_firing_rate (ratio to baseline)
unit_amplitude_median_ratio,-6,anova,all_groups,2.094414182286484,0.07773342262028136,,,,0.07773342262028136,unit_amplitude_median (ratio to baseline)
unit_amplitude_median_ratio,-6,welch_t,10uM vs 20uM,-0.010985343067718076,0.9913806071777893,-0.00492184394600203,12.0,9.0,0.9993300610164895,unit_amplitude_median (ratio to baseline)
unit_amplitude_median_ratio,-6,welch_t,10uM vs CT,-2.420698238525023,0.027125622627749483,-0.9882459176067252,12.0,12.0,0.2682753886260938,unit_amplitude_median (ratio to baseline)
unit_amplitude_median_ratio,-6,welch_t,10uM vs IVH-E,-2.274348085405627,0.03325674548811576,-0.928498717786607,12.0,12.0,0.29872464485770034,unit_amplitude_median (ratio to baseline)
unit_amplitude_median_ratio,-6,welch_t,10uM vs IVH-L,-1.5954719409445317,0.12507804276732964,-0.6513486923736664,12.0,12.0,0.5123133730380086,unit_amplitude_median (ratio to baseline)
unit_amplitude_median_ratio,-6,welch_t,10uM vs NPH,-1.9865937683731714,0.0597734633851792,-0.8110235097845107,12.0,12.0,0.37678121841652884,unit_amplitude_median (ratio to baseline)
unit_amplitude_median_ratio,-6,welch_t,20uM vs CT,-1.7588491673916484,0.10861646656900106,-0.8132064767922008,9.0,12.0,0.4982693895135018,unit_amplitude_median (ratio to baseline)
unit_amplitude_median_ratio,-6,welch_t,20uM vs IVH-E,-1.8595539148058742,0.08090895449552264,-0.8252051965791363,9.0,12.0,0.44795318423520425,unit_amplitude_median (ratio to baseline)
unit_amplitude_median_ratio,-6,welch_t,20uM vs IVH-L,-1.2404831282884838,0.23566174911422924,-0.5600411410997785,9.0,12.0,0.6388420909723082,unit_amplitude_median (ratio to baseline)
unit_amplitude_median_ratio,-6,welch_t,20uM vs NPH,-1.6193502133348745,0.1245087776558068,-0.7192046713439928,9.0,12.0,0.5123133730380086,unit_amplitude_median (ratio to baseline)
unit_amplitude_median_ratio,-6,welch_t,CT vs IVH-E,-0.5711205920914147,0.5760978466785839,-0.2331590053700293,12.0,12.0,0.8640908157231392,unit_amplitude_median (ratio to baseline)
unit_amplitude_median_ratio,-6,welch_t,CT vs IVH-L,0.5916637303397336,0.5614143188291084,0.2415457064406683,12.0,12.0,0.856394723637623,unit_amplitude_median (ratio to baseline)
unit_amplitude_median_ratio,-6,welch_t,CT vs NPH,-0.21139017892262818,0.8353173034148056,-0.08629967916601308,12.0,12.0,0.940093861362557,unit_amplitude_median (ratio to baseline)
unit_amplitude_median_ratio,-6,welch_t,IVH-E vs IVH-L,0.9200392406234873,0.3681775517693152,0.37560444714420943,12.0,12.0,0.7688162333930016,unit_amplitude_median (ratio to baseline)
unit_amplitude_median_ratio,-6,welch_t,IVH-E vs NPH,0.2836018101884526,0.7793676906983128,0.11577995418189276,12.0,12.0,0.9351286638059629,unit_amplitude_median (ratio to baseline)
unit_amplitude_median_ratio,-6,welch_t,IVH-L vs NPH,-0.6085402911285126,0.5494321323984175,-0.24843553353159675,12.0,12.0,0.8498061411263068,unit_amplitude_median (ratio to baseline)
unit_amplitude_median_ratio,-3,anova,all_groups,0.398477434058335,0.8430975341008792,,,,0.8430975341008792,unit_amplitude_median (ratio to baseline)
unit_amplitude_median_ratio,-3,welch_t,10uM vs 20uM,0.08714893406611977,0.9348533882896564,0.06745406256199377,4.0,3.0,0.9780512061475436,unit_amplitude_median (ratio to baseline)
unit_amplitude_median_ratio,-3,welch_t,10uM vs CT,-0.738320681631357,0.48818356399147644,-0.5220715606718066,4.0,4.0,0.8280341198400321,unit_amplitude_median (ratio to baseline)
unit_amplitude_median_ratio,-3,welch_t,10uM vs IVH-E,-1.3299282690493857,0.24104327487132604,-0.9404012975365076,4.0,4.0,0.6456516291196233,unit_amplitude_median (ratio to baseline)
unit_amplitude_median_ratio,-3,welch_t,10uM vs IVH-L,-1.102792826872922,0.31246477959868063,-0.7797922861257254,4.0,4.0,0.7142229338056806,unit_amplitude_median (ratio to baseline)
unit_amplitude_median_ratio,-3,welch_t,10uM vs NPH,-0.3428399504749739,0.7494605498774443,-0.24242445384251415,4.0,4.0,0.9265971057758082,unit_amplitude_median (ratio to baseline)
unit_amplitude_median_ratio,-3,welch_t,20uM vs CT,-0.6951413356361876,0.5260041735910836,-0.5377328579378627,3.0,4.0,0.8421440587173309,unit_amplitude_median (ratio to baseline)
unit_amplitude_median_ratio,-3,welch_t,20uM vs IVH-E,-1.2532556139508648,0.2656782661819656,-0.9375848262841776,3.0,4.0,0.6665174668156871,unit_amplitude_median (ratio to baseline)
unit_amplitude_median_ratio,-3,welch_t,20uM vs IVH-L,-0.9999999999999987,0.37347974698665565,-0.7715167498104585,3.0,4.0,0.7721804556462176,unit_amplitude_median (ratio to baseline)
unit_amplitude_median_ratio,-3,welch_t,20uM vs NPH,-0.3743399574878257,0.7253143205572327,-0.27257577228693325,3.0,4.0,0.9186126614383855,unit_amplitude_median (ratio to baseline)
unit_amplitude_median_ratio,-3,welch_t,CT vs IVH-E,-0.777525164784288,0.4718837616027727,-0.5497933165621578,4.0,4.0,0.818295540351629,unit_amplitude_median (ratio to baseline)
unit_amplitude_median_ratio,-3,welch_t,CT vs IVH-L,-0.3775190226800212,0.7188004232824489,-0.266946260963961,4.0,4.0,0.9186126614383855,unit_amplitude_median (ratio to baseline)
unit_amplitude_median_ratio,-3,welch_t,CT vs NPH,0.03688781202438032,0.9723849461559692,0.02608362202557399,4.0,4.0,0.9937736596475458,unit_amplitude_median (ratio to baseline)
unit_amplitude_median_ratio,-3,welch_t,IVH-E vs IVH-L,0.4844044851525847,0.6480499211002171,0.3425256962885709,4.0,4.0,0.8974901319191694,unit_amplitude_median (ratio to baseline)
unit_amplitude_median_ratio,-3,welch_t,IVH-E vs NPH,0.5215695601171549,0.6240011477991068,0.36880537281932485,4.0,4.0,0.8894559512905152,unit_amplitude_median (ratio to baseline)
unit_amplitude_median_ratio,-3,welch_t,IVH-L vs NPH,0.2343294062512739,0.8263195577794551,0.16569591219169313,4.0,4.0,0.9396974984319634,unit_amplitude_median (ratio to baseline)
unit_amplitude_median_ratio,0,anova,all_groups,0.29428317425437256,0.9148845732912012,,,,0.9148845732912012,unit_amplitude_median (ratio to baseline)
unit_amplitude_median_ratio,0,welch_t,10uM vs 20uM,0.5683204964852739,0.5747038505127011,0.21316377514842827,16.0,12.0,0.8640908157231392,unit_amplitude_median (ratio to baseline)
unit_amplitude_median_ratio,0,welch_t,10uM vs CT,0.22750813024993133,0.8217880235209183,0.08043627083739938,16.0,16.0,0.9396974984319634,unit_amplitude_median (ratio to baseline)
unit_amplitude_median_ratio,0,welch_t,10uM vs IVH-E,-0.0846273260625593,0.933250796404181,-0.02992027806626036,16.0,16.0,0.9780512061475436,unit_amplitude_median (ratio to baseline)
unit_amplitude_median_ratio,0,welch_t,10uM vs IVH-L,0.6908561733811819,0.49710646221435173,0.24425454251121145,16.0,16.0,0.8280341198400321,unit_amplitude_median (ratio to baseline)
unit_amplitude_median_ratio,0,welch_t,10uM vs NPH,0.4832588277725709,0.6350500010325897,0.17085779709312338,16.0,16.0,0.8974901319191694,unit_amplitude_median (ratio to baseline)
unit_amplitude_median_ratio,0,welch_t,20uM vs CT,-0.43587260358428953,0.6672095401720317,-0.16811869300012736,12.0,16.0,0.8974901319191694,unit_amplitude_median (ratio to baseline)
unit_amplitude_median_ratio,0,welch_t,20uM vs IVH-E,-0.8026773160005027,0.43166967128347455,-0.31235696572511845,12.0,16.0,0.7997173031891998,unit_amplitude_median (ratio to baseline)
unit_amplitude_median_ratio,0,welch_t,20uM vs IVH-L,0.0,1.0,0.0,12.0,16.0,1.0,unit_amplitude_median (ratio to baseline)
unit_amplitude_median_ratio,0,welch_t,20uM vs NPH,-0.2820288073978016,0.782390982050989,-0.11364112668459465,12.0,16.0,0.9351286638059629,unit_amplitude_median (ratio to baseline)
unit_amplitude_median_ratio,0,welch_t,CT vs IVH-E,-0.4160148958192819,0.68041222237467,-0.14708347695421467,16.0,16.0,0.8974901319191694,unit_amplitude_median (ratio to baseline)
unit_amplitude_median_ratio,0,welch_t,CT vs IVH-L,0.5949897414533908,0.5568396222750613,0.2103606404590616,16.0,16.0,0.8527674307711395,unit_amplitude_median (ratio to baseline)
unit_amplitude_median_ratio,0,welch_t,CT vs NPH,0.311385176691232,0.7588147522044397,0.11009128499967072,16.0,16.0,0.9278984741630376,unit_amplitude_median (ratio to baseline)
unit_amplitude_median_ratio,0,welch_t,IVH-E vs IVH-L,1.1422629337474175,0.262822094805531,0.4038509331754195,16.0,16.0,0.6625767095937756,unit_amplitude_median (ratio to baseline)
unit_amplitude_median_ratio,0,welch_t,IVH-E vs NPH,0.925680858483308,0.36524474727336254,0.3272776061240659,16.0,16.0,0.7644657501070379,unit_amplitude_median (ratio to baseline)
unit_amplitude_median_ratio,0,welch_t,IVH-L vs NPH,-0.4889774360304455,0.6293750520115793,-0.17287963043216964,16.0,16.0,0.8948460455140939,unit_amplitude_median (ratio to baseline)
unit_amplitude_median_ratio,3,anova,all_groups,3.205921036768343,0.01215611007321558,,,,0.01215611007321558,unit_amplitude_median (ratio to baseline)
unit_amplitude_median_ratio,3,welch_t,10uM vs 20uM,-2.2570564156536363,0.04201792320702511,-1.0239674868988502,12.0,9.0,0.32862474814066955,unit_amplitude_median (ratio to baseline)
unit_amplitude_median_ratio,3,welch_t,10uM vs CT,0.8393817058982874,0.4103352719256208,0.3426761464796169,12.0,12.0,0.7980750908237085,unit_amplitude_median (ratio to baseline)
unit_amplitude_median_ratio,3,welch_t,10uM vs IVH-E,-2.0785801782516438,0.051146082949811704,-0.8485768043633052,12.0,12.0,0.35806561552534416,unit_amplitude_median (ratio to baseline)
unit_amplitude_median_ratio,3,welch_t,10uM vs IVH-L,-1.596598306753314,0.12626411663293005,-0.6518085292895388,12.0,12.0,0.5123133730380086,unit_amplitude_median (ratio to baseline)
unit_amplitude_median_ratio,3,welch_t,10uM vs NPH,-1.9912368856716252,0.06658469401013213,-0.8129190544840277,12.0,12.0,0.4021894269068384,unit_amplitude_median (ratio to baseline)
unit_amplitude_median_ratio,3,welch_t,20uM vs CT,2.8063324619140357,0.014326396788387461,1.267557039499239,9.0,12.0,0.17662680971984543,unit_amplitude_median (ratio to baseline)
unit_amplitude_median_ratio,3,welch_t,20uM vs IVH-E,0.4015364976280601,0.6930685138427677,0.1777218099145632,9.0,12.0,0.9026941569587423,unit_amplitude_median (ratio to baseline)
unit_amplitude_median_ratio,3,welch_t,20uM vs IVH-L,0.8034175477062321,0.43310754498170145,0.3562885568982203,9.0,12.0,0.7997173031891998,unit_amplitude_median (ratio to baseline)
unit_amplitude_median_ratio,3,welch_t,20uM vs NPH,1.3725389769748513,0.2043867485779613,0.6428020258558996,9.0,12.0,0.611123168505532,unit_amplitude_median (ratio to baseline)
unit_amplitude_median_ratio,3,welch_t,CT vs IVH-E,-2.7048359840051575,0.013552099977155141,-1.104244666455246,12.0,12.0,0.17090004945517212,unit_amplitude_median (ratio to baseline)
unit_amplitude_median_ratio,3,welch_t,CT vs IVH-L,-2.2456047514103292,0.03590724828301024,-0.916764300820795,12.0,12.0,0.3069869691554187,unit_amplitude_median (ratio to baseline)
unit_amplitude_median_ratio,3,welch_t,CT vs NPH,-2.9460308565714954,0.011018688685145332,-1.202712060849103,12.0,12.0,0.15905876103861488,unit_amplitude_median (ratio to baseline)
unit_amplitude_median_ratio,3,welch_t,IVH-E vs IVH-L,0.44383324521174305,0.6615010852219724,0.1811941636087226,12.0,12.0,0.8974901319191694,unit_amplitude_median (ratio to baseline)
unit_amplitude_median_ratio,3,welch_t,IVH-E vs NPH,1.0404942269713289,0.3180760181303485,0.42477998939856365,12.0,12.0,0.7183254819094816,unit_amplitude_median (ratio to baseline)
unit_amplitude_median_ratio,3,welch_t,IVH-L vs NPH,0.45091186648777315,0.6598305736498211,0.18408399864350306,12.0,12.0,0.8974901319191694,unit_amplitude_median (ratio to baseline)
unit_amplitude_median_ratio,6,anova,all_groups,2.0008500468508026,0.09065735971050728,,,,0.09065735971050728,unit_amplitude_median (ratio to baseline)
unit_amplitude_median_ratio,6,welch_t,10uM vs 20uM,0.006039307653480754,0.9952797168367231,0.0027537638694679987,12.0,9.0,0.9993300610164895,unit_amplitude_median (ratio to baseline)
unit_amplitude_median_ratio,6,welch_t,10uM vs CT,-1.0482147904344972,0.3061048975376875,-0.42793189623381994,12.0,12.0,0.7100371334637081,unit_amplitude_median (ratio to baseline)
unit_amplitude_median_ratio,6,welch_t,10uM vs IVH-E,-1.6766174298071894,0.12059386271276033,-0.6844761994807009,12.0,12.0,0.5123133730380086,unit_amplitude_median (ratio to baseline)
unit_amplitude_median_ratio,6,welch_t,10uM vs IVH-L,0.0051005865617603265,0.9959989608131012,0.002082305744201606,12.0,12.0,0.9993300610164895,unit_amplitude_median (ratio to baseline)
unit_amplitude_median_ratio,6,welch_t,10uM vs NPH,-0.7679761333946505,0.4513979470759695,-0.31352494357541366,12.0,12.0,0.8020031365664978,unit_amplitude_median (ratio to baseline)
unit_amplitude_median_ratio,6,welch_t,20uM vs CT,-0.6557627409782111,0.5252074681393658,-0.30085196825339355,9.0,12.0,0.8421440587173309,unit_amplitude_median (ratio to baseline)
unit_amplitude_median_ratio,6,welch_t,20uM vs IVH-E,-1.629162716961217,0.12758379185576282,-0.6717191318573195,9.0,12.0,0.5123133730380086,unit_amplitude_median (ratio to baseline)
unit_amplitude_median_ratio,6,welch_t,20uM vs IVH-L,-2.196465167111779e-15,0.9999999999999982,-9.45070879719869e-16,9.0,12.0,1.0,unit_amplitude_median (ratio to baseline)
unit_amplitude_median_ratio,6,welch_t,20uM vs NPH,-0.5494618866301687,0.590745968847185,-0.24598815264594961,9.0,12.0,0.8720931315881408,unit_amplitude_median (ratio to baseline)
unit_amplitude_median_ratio,6,welch_t,CT vs IVH-E,-1.4748766967720806,0.16737620710301637,-0.6021158901021912,12.0,12.0,0.5579232437887724,unit_amplitude_median (ratio to baseline)
unit_amplitude_median_ratio,6,welch_t,CT vs IVH-L,0.5499594985111983,0.5910853447430733,0.22452002509156013,12.0,12.0,0.8720931315881408,unit_amplitude_median (ratio to baseline)
unit_amplitude_median_ratio,6,welch_t,CT vs NPH,0.05948641393874895,0.9531928239759206,0.024285226796319965,12.0,12.0,0.9837999330026704,unit_amplitude_median (ratio to baseline)
unit_amplitude_median_ratio,6,welch_t,IVH-E vs IVH-L,1.5977416934151643,0.13277980867464018,0.6522753149395782,12.0,12.0,0.5123133730380086,unit_amplitude_median (ratio to baseline)
unit_amplitude_median_ratio,6,welch_t,IVH-E vs NPH,1.471784480084054,0.16701514907331944,0.6008534979255605,12.0,12.0,0.5579232437887724,unit_amplitude_median (ratio to baseline)
unit_amplitude_median_ratio,6,welch_t,IVH-L vs NPH,-0.4744349912267479,0.6410862861698128,-0.1936872741045577,12.0,12.0,0.8974901319191694,unit_amplitude_median (ratio to baseline)
unit_amplitude_median_ratio,9,anova,all_groups,1.477663587223957,0.20576702852938553,,,,0.20576702852938553,unit_amplitude_median (ratio to baseline)
unit_amplitude_median_ratio,9,welch_t,10uM vs 20uM,-0.6796581650889677,0.5032194313144842,-0.25930587241023706,16.0,12.0,0.8280341198400321,unit_amplitude_median (ratio to baseline)
unit_amplitude_median_ratio,9,welch_t,10uM vs CT,-0.3511334015906777,0.7280728131494105,-0.12414440468293372,16.0,16.0,0.9186126614383855,unit_amplitude_median (ratio to baseline)
unit_amplitude_median_ratio,9,welch_t,10uM vs IVH-E,-1.3073774634708486,0.21122109562581126,-0.47702189120054,16.0,15.0,0.6152070746382853,unit_amplitude_median (ratio to baseline)
unit_amplitude_median_ratio,9,welch_t,10uM vs IVH-L,0.44318358995967994,0.66131931227789,0.1600090315529537,16.0,15.0,0.8974901319191694,unit_amplitude_median (ratio to baseline)
unit_amplitude_median_ratio,9,welch_t,10uM vs NPH,-1.3302728616165347,0.1937593334835499,-0.47032248063874266,16.0,16.0,0.5891331085648477,unit_amplitude_median (ratio to baseline)
unit_amplitude_median_ratio,9,welch_t,20uM vs CT,0.4203598652988102,0.6785701160269794,0.16301671999305606,12.0,16.0,0.8974901319191694,unit_amplitude_median (ratio to baseline)
unit_amplitude_median_ratio,9,welch_t,20uM vs IVH-E,-1.1473189685785334,0.26939916822050797,-0.4201877706897531,12.0,15.0,0.6716322753419867,unit_amplitude_median (ratio to baseline)
unit_amplitude_median_ratio,9,welch_t,20uM vs IVH-L,0.996811050817508,0.3284569134760329,0.3796451711844672,12.0,15.0,0.7306431974825348,unit_amplitude_median (ratio to baseline)
unit_amplitude_median_ratio,9,welch_t,20uM vs NPH,-0.49823404045226977,0.6233796201594863,-0.19246647726439994,12.0,16.0,0.8894559512905152,unit_amplitude_median (ratio to baseline)
unit_amplitude_median_ratio,9,welch_t,CT vs IVH-E,-1.2449506475472163,0.2330151963511542,-0.4543727704081604,16.0,15.0,0.6345678366052964,unit_amplitude_median (ratio to baseline)
unit_amplitude_median_ratio,9,welch_t,CT vs IVH-L,0.7555937235024169,0.4577679546327382,0.27367070664492493,16.0,15.0,0.8062449298815351,unit_amplitude_median (ratio to baseline)
unit_amplitude_median_ratio,9,welch_t,CT vs NPH,-1.1182836983091984,0.27235055761232213,-0.39537299318240277,16.0,16.0,0.6771146459974859,unit_amplitude_median (ratio to baseline)
unit_amplitude_median_ratio,9,welch_t,IVH-E vs IVH-L,1.407319838199871,0.17937719397644164,0.5138805473377266,15.0,15.0,0.5671392435572734,unit_amplitude_median (ratio to baseline)
unit_amplitude_median_ratio,9,welch_t,IVH-E vs NPH,1.0480869664214447,0.3118000903514938,0.38250062526992606,15.0,16.0,0.7142229338056806,unit_amplitude_median (ratio to baseline)
unit_amplitude_median_ratio,9,welch_t,IVH-L vs NPH,-1.5403005492038493,0.13700488361578653,-0.5574809878304495,15.0,16.0,0.515710766956491,unit_amplitude_median (ratio to baseline)
template_half_width_ratio,-6,anova,all_groups,3.049519743974261,0.015793771769039767,,,,0.015793771769039767,template_half_width (ratio to baseline)
template_half_width_ratio,-6,welch_t,10uM vs 20uM,-1.697263993061681,0.1062490633820087,-0.7392785687664399,12.0,9.0,0.49038029253234783,template_half_width (ratio to baseline)
template_half_width_ratio,-6,welch_t,10uM vs CT,-0.15184498435456403,0.8806998005098909,-0.06199045527826278,12.0,12.0,0.9607806625571627,template_half_width (ratio to baseline)
template_half_width_ratio,-6,welch_t,10uM vs IVH-E,0.4556091547481337,0.6548900296394006,0.18600165854561118,12.0,12.0,0.8974901319191694,template_half_width (ratio to baseline)
template_half_width_ratio,-6,welch_t,10uM vs IVH-L,-2.7162629499499147,0.012941396464433815,-1.108909705767382,12.0,12.0,0.16880082344913672,template_half_width (ratio to baseline)
template_half_width_ratio,-6,welch_t,10uM vs NPH,-2.760197009472215,0.011617940570477676,-1.1268457104604988,12.0,12.0,0.160408493303838,template_half_width (ratio to baseline)
template_half_width_ratio,-6,welch_t,20uM vs CT,1.4814963980121292,0.15492962820608158,0.6421202286079514,9.0,12.0,0.5421705371005096,template_half_width (ratio to baseline)
template_half_width_ratio,-6,welch_t,20uM vs IVH-E,1.4813338262087967,0.1588665838540502,0.6185718816131645,9.0,12.0,0.5499227902640199,template_half_width (ratio to baseline)
template_half_width_ratio,-6,welch_t,20uM vs IVH-L,-1.2514652229325351,0.22607573768805816,-0.5368024917401546,9.0,12.0,0.6288819268244588,template_half_width (ratio to baseline)
template_half_width_ratio,-6,welch_t,20uM vs NPH,-1.2534723623425619,0.22526879444015857,-0.5393477052819589,9.0,12.0,0.6288819268244588,template_half_width (ratio to baseline)
template_half_width_ratio,-6,welch_t,CT vs IVH-E,0.5438680277017636,0.5938596794638894,0.22203319254719783,12.0,12.0,0.8737148418872119,template_half_width (ratio to baseline)
template_half_width_ratio,-6,welch_t,CT vs IVH-L,-2.5049389949500633,0.02034925150738392,-1.0226370624046304,12.0,12.0,0.21050949835224744,template_half_width (ratio to baseline)
template_half_width_ratio,-6,welch_t,CT vs NPH,-2.539616232886092,0.01876767105810317,-1.0367939855100228,12.0,12.0,0.20350486689509462,template_half_width (ratio to baseline)
template_half_width_ratio,-6,welch_t,IVH-E vs IVH-L,-2.2139492671784144,0.04002499116680026,-0.9038410034993101,12.0,12.0,0.32193276699621853,template_half_width (ratio to baseline)
template_half_width_ratio,-6,welch_t,IVH-E vs NPH,-2.218475339270354,0.0400627443373072,-0.9056887646933603,12.0,12.0,0.32193276699621853,template_half_width (ratio to baseline)
template_half_width_ratio,-6,welch_t,IVH-L vs NPH,0.031150700230357386,0.9754308673933072,0.012717220115795666,12.0,12.0,0.9941895458645168,template_half_width (ratio to baseline)
template_half_width_ratio,-3,anova,all_groups,1.0331027129191757,0.4298081311785026,,,,0.4298081311785026,template_half_width (ratio to baseline)
template_half_width_ratio,-3,welch_t,10uM vs 20uM,-0.8738521674751933,0.4400990677808522,-0.6846074908715845,4.0,3.0,0.8020031365664978,template_half_width (ratio to baseline)
template_half_width_ratio,-3,welch_t,10uM vs CT,0.1429122487007581,0.8923575491992313,0.10105422017092444,4.0,4.0,0.9641318058575128,template_half_width (ratio to baseline)
template_half_width_ratio,-3,welch_t,10uM vs IVH-E,-0.15870849032492618,0.8791125054889455,-0.11222384974063486,4.0,4.0,0.9607806625571627,template_half_width (ratio to baseline)
template_half_width_ratio,-3,welch_t,10uM vs IVH-L,0.10509122019795424,0.9202607370967778,0.0743107144451421,4.0,4.0,0.9778449390638725,template_half_width (ratio to baseline)
template_half_width_ratio,-3,welch_t,10uM vs NPH,-1.7164051636228708,0.138357480169482,-1.2136817304613374,4.0,4.0,0.5166876852802231,template_half_width (ratio to baseline)
template_half_width_ratio,-3,welch_t,20uM vs CT,1.057497521860657,0.3843240855630727,0.8502386002818905,3.0,4.0,0.779035308573796,template_half_width (ratio to baseline)
template_half_width_ratio,-3,welch_t,20uM vs IVH-E,0.7502737545527719,0.5008914916218323,0.586511041672811,3.0,4.0,0.8280341198400321,template_half_width (ratio to baseline)
template_half_width_ratio,-3,welch_t,20uM vs IVH-L,0.8372688755512976,0.4440256676452921,0.6375521170725366,3.0,4.0,0.8020031365664978,template_half_width (ratio to baseline)
template_half_width_ratio,-3,welch_t,20uM vs NPH,-0.45819995869141533,0.6715550654268021,-0.35508640370936584,3.0,4.0,0.8974901319191694,template_half_width (ratio to baseline)
template_half_width_ratio,-3,welch_t,CT vs IVH-E,-0.33405703845055873,0.753207086028852,-0.23621399719148528,4.0,4.0,0.9273411455895578,template_half_width (ratio to baseline)
template_half_width_ratio,-3,welch_t,CT vs IVH-L,0.01803157805161012,0.9865317720104112,0.012750251115788033,4.0,4.0,0.9987385768384365,template_half_width (ratio to baseline)
template_half_width_ratio,-3,welch_t,CT vs NPH,-2.1630599181857764,0.09317586233171234,-1.5295143362619812,4.0,4.0,0.47496530759822897,template_half_width (ratio to baseline)
template_half_width_ratio,-3,welch_t,IVH-E vs IVH-L,0.2276465930714844,0.8284798047949673,0.16097044967486115,4.0,4.0,0.9396974984319634,template_half_width (ratio to baseline)
template_half_width_ratio,-3,welch_t,IVH-E vs NPH,-1.545169391031117,0.17416195735848558,-1.0925997544799908,4.0,4.0,0.5618127656725341,template_half_width (ratio to baseline)
template_half_width_ratio,-3,welch_t,IVH-L vs NPH,-1.4755697340404172,0.19344099781392565,-1.0433853650536093,4.0,4.0,0.5891331085648477,template_half_width (ratio to baseline)
template_half_width_ratio,0,anova,all_groups,0.7237417668522783,0.6074357599874862,,,,0.6074357599874862,template_half_width (ratio to baseline)
template_half_width_ratio,0,welch_t,10uM vs 20uM,-1.5160393561623486,0.14366492850242182,-0.5839307964374711,16.0,12.0,0.519794966153837,template_half_width (ratio to baseline)
template_half_width_ratio,0,welch_t,10uM vs CT,-0.8136618037696842,0.42273797800994806,-0.2876728895190108,16.0,16.0,0.7997173031891998,template_half_width (ratio to baseline)
template_half_width_ratio,0,welch_t,10uM vs IVH-E,-0.8892097947301287,0.3809902293830518,-0.314383137875586,16.0,16.0,0.7757719602822323,template_half_width (ratio to baseline)
template_half_width_ratio,0,welch_t,10uM vs IVH-L,-1.5488847014364113,0.13228000550142383,-0.5476134378308938,16.0,16.0,0.5123133730380086,template_half_width (ratio to baseline)
template_half_width_ratio,0,welch_t,10uM vs NPH,-0.7126305855824042,0.48177665951386794,-0.25195295977312915,16.0,16.0,0.8280341198400321,template_half_width (ratio to baseline)
template_half_width_ratio,0,welch_t,20uM vs CT,0.9784093542533021,0.34078653223736133,0.3837759870010311,12.0,16.0,0.7350664045031561,template_half_width (ratio to baseline)
template_half_width_ratio,0,welch_t,20uM vs IVH-E,0.7105042321250994,0.4845343967405359,0.2725265270521476,12.0,16.0,0.8280341198400321,template_half_width (ratio to baseline)
template_half_width_ratio,0,welch_t,20uM vs IVH-L,0.030480651409396254,0.9759284667388812,0.011579321454243181,12.0,16.0,0.9941895458645168,template_half_width (ratio to baseline)
template_half_width_ratio,0,welch_t,20uM vs NPH,0.7709424408167521,0.4480564315621106,0.29293630651611097,12.0,16.0,0.8020031365664978,template_half_width (ratio to baseline)
template_half_width_ratio,0,welch_t,CT vs IVH-E,-0.2139979407908978,0.8321543402780832,-0.07565969754660057,16.0,16.0,0.9396974984319634,template_half_width (ratio to baseline)
template_half_width_ratio,0,welch_t,CT vs IVH-L,-0.9928732625634248,0.33027223533043004,-0.35103370840870457,16.0,16.0,0.7306431974825348,template_half_width (ratio to baseline)
template_half_width_ratio,0,welch_t,CT vs NPH,-0.07083238305180642,0.9440930007291881,-0.0250430291917677,16.0,16.0,0.9800273363970811,template_half_width (ratio to baseline)
template_half_width_ratio,0,welch_t,IVH-E vs IVH-L,-0.7068984608921473,0.4851820499815114,-0.2499263476535854,16.0,16.0,0.8280341198400321,template_half_width (ratio to baseline)
template_half_width_ratio,0,welch_t,IVH-E vs NPH,0.11017476264134644,0.9130170940811817,0.03895266088965718,16.0,16.0,0.9724442422166433,template_half_width (ratio to baseline)
template_half_width_ratio,0,welch_t,IVH-L vs NPH,0.7681961229295591,0.44837581178793817,0.27159834390235293,16.0,16.0,0.8020031365664978,template_half_width (ratio to baseline)
template_half_width_ratio,3,anova,all_groups,2.346531000188172,0.05119185565521884,,,,0.05119185565521884,template_half_width (ratio to baseline)
template_half_width_ratio,3,welch_t,10uM vs 20uM,0.20732956469350017,0.838151943506975,0.09137674776105141,12.0,9.0,0.9412182430152398,template_half_width (ratio to baseline)
template_half_width_ratio,3,welch_t,10uM vs CT,2.3118880958990298,0.03217259251263077,0.9438243628945342,12.0,12.0,0.29546258429967037,template_half_width (ratio to baseline)
template_half_width_ratio,3,welch_t,10uM vs IVH-E,1.6459842104504887,0.12153092990294426,0.6719702400469233,12.0,12.0,0.5123133730380086,template_half_width (ratio to baseline)
template_half_width_ratio,3,welch_t,10uM vs IVH-L,3.0620490812109113,0.006828830071250263,1.2500763027207968,12.0,12.0,0.12050876596323992,template_half_width (ratio to baseline)
template_half_width_ratio,3,welch_t,10uM vs NPH,3.2256224103955886,0.004028271898862884,1.3168548347259241,12.0,12.0,0.10318748096710861,template_half_width (ratio to baseline)
template_half_width_ratio,3,welch_t,20uM vs CT,2.04462712785573,0.05521289871162274,0.8751211130979011,9.0,12.0,0.36808599141081827,template_half_width (ratio to baseline)
template_half_width_ratio,3,welch_t,20uM vs IVH-E,1.499397737561899,0.15443094325119072,0.6254645705353357,9.0,12.0,0.5421705371005096,template_half_width (ratio to baseline)
template_half_width_ratio,3,welch_t,20uM vs IVH-L,2.7953727500453223,0.011941521168174606,1.1876167231482548,9.0,12.0,0.160408493303838,template_half_width (ratio to baseline)
template_half_width_ratio,3,welch_t,20uM vs NPH,2.8521714886200646,0.010253869387177705,1.2389629546181746,9.0,12.0,0.1556647925382272,template_half_width (ratio to baseline)
template_half_width_ratio,3,welch_t,CT vs IVH-E,0.09505102407666666,0.9253241030344715,0.038804418086138645,12.0,12.0,0.9780512061475436,template_half_width (ratio to baseline)
template_half_width_ratio,3,welch_t,CT vs IVH-L,0.8192180453172444,0.4215773322377352,0.33444436651791243,12.0,12.0,0.7997173031891998,template_half_width (ratio to baseline)
template_half_width_ratio,3,welch_t,CT vs NPH,0.45113841488361983,0.6565102003926832,0.18417648663881478,12.0,12.0,0.8974901319191694,template_half_width (ratio to baseline)
template_half_width_ratio,3,welch_t,IVH-E vs IVH-L,0.5219725430889648,0.6076150137288002,0.21309439838514493,12.0,12.0,0.8777744981635959,template_half_width (ratio to baseline)
template_half_width_ratio,3,welch_t,IVH-E vs NPH,0.21273819556554904,0.8342450601374257,0.08685000465600234,12.0,12.0,0.940093861362557,template_half_width (ratio to baseline)
template_half_width_ratio,3,welch_t,IVH-L vs NPH,-0.4744889902173734,0.6403302745622159,-0.1937093191001673,12.0,12.0,0.8974901319191694,template_half_width (ratio to baseline)
template_half_width_ratio,6,anova,all_groups,1.9829631333762905,0.09335369845024626,,,,0.09335369845024626,template_half_width (ratio to baseline)
template_half_width_ratio,6,welch_t,10uM vs 20uM,-0.316376053233008,0.7569898282708767,-0.14400683862283775,12.0,9.0,0.9278984741630376,template_half_width (ratio to baseline)
template_half_width_ratio,6,welch_t,10uM vs CT,1.0882452774690423,0.2909921473063944,0.44427427413210874,12.0,12.0,0.6946762137287931,template_half_width (ratio to baseline)
template_half_width_ratio,6,welch_t,10uM vs IVH-E,1.9173450251366069,0.07020344706341286,0.782752828741412,12.0,12.0,0.4129614533141933,template_half_width (ratio to baseline)
template_half_width_ratio,6,welch_t,10uM vs IVH-L,2.823072860306534,0.010550613716479843,1.1525146690750703,12.0,12.0,0.1556647925382272,template_half_width (ratio to baseline)
template_half_width_ratio,6,welch_t,10uM vs NPH,1.8394079893515287,0.0804102118776188,0.7509351671183332,12.0,12.0,0.44795318423520425,template_half_width (ratio to baseline)
template_half_width_ratio,6,welch_t,20uM vs CT,1.1090976888139197,0.28223103284270407,0.48789030517068493,9.0,12.0,0.683569408572195,template_half_width (ratio to baseline)
template_half_width_ratio,6,welch_t,20uM vs IVH-E,1.7097332460629886,0.106122287267604,0.7588681485346441,9.0,12.0,0.49038029253234783,template_half_width (ratio to baseline)
template_half_width_ratio,6,welch_t,20uM vs IVH-L,2.3507509692130943,0.032114241785431284,1.0479558102383522,9.0,12.0,0.29546258429967037,template_half_width (ratio to baseline)
template_half_width_ratio,6,welch_t,20uM vs NPH,1.6134184213563685,0.12734822323855113,0.7221031993563941,9.0,12.0,0.5123133730380086,template_half_width (ratio to baseline)
template_half_width_ratio,6,welch_t,CT vs IVH-E,0.5774959917898791,0.5695596088027666,0.2357617513979512,12.0,12.0,0.8602442180962202,template_half_width (ratio to baseline)
template_half_width_ratio,6,welch_t,CT vs IVH-L,1.2361847070212424,0.22987656256911976,0.5046702933389936,12.0,12.0,0.6306051743211633,template_half_width (ratio to baseline)
template_half_width_ratio,6,welch_t,CT vs NPH,0.4220654376211933,0.6773134651949193,0.17230749337273438,12.0,12.0,0.8974901319191694,template_half_width (ratio to baseline)
template_half_width_ratio,6,welch_t,IVH-E vs IVH-L,0.6903428133431448,0.49722628169067107,0.28183127338135255,12.0,12.0,0.8280341198400321,template_half_width (ratio to baseline)
template_half_width_ratio,6,welch_t,IVH-E vs NPH,-0.19918522458983698,0.843974068874823,-0.08131702742446154,12.0,12.0,0.9424028064359066,template_half_width (ratio to baseline)
template_half_width_ratio,6,welch_t,IVH-L vs NPH,-0.9400370826060805,0.35744093873659966,-0.3837685319465695,12.0,12.0,0.7533883954635591,template_half_width (ratio to baseline)
template_half_width_ratio,9,anova,all_groups,3.2640194705259566,0.009641360701375017,,,,0.009641360701375017,template_half_width (ratio to baseline)
template_half_width_ratio,9,welch_t,10uM vs 20uM,0.09320043305022019,0.9266409850149249,0.03613284375208665,16.0,12.0,0.9780512061475436,template_half_width (ratio to baseline)
template_half_width_ratio,9,welch_t,10uM vs CT,1.569143619735802,0.12880282124681758,0.5547760470853954,16.0,16.0,0.5123133730380086,template_half_width (ratio to baseline)
template_half_width_ratio,9,welch_t,10uM vs IVH-E,2.4633412811833835,0.02388238245543317,0.8954541680498374,16.0,15.0,0.24150723831336915,template_half_width (ratio to baseline)
template_half_width_ratio,9,welch_t,10uM vs IVH-L,2.7184944008492162,0.011134113272703042,0.9790010619496157,16.0,15.0,0.15905876103861488,template_half_width (ratio to baseline)
template_half_width_ratio,9,welch_t,10uM vs NPH,3.993979538080223,0.0003889837137989403,1.4120850076484204,16.0,16.0,0.01842554433784454,template_half_width (ratio to baseline)
template_half_width_ratio,9,welch_t,20uM vs CT,1.2900075989516435,0.20849221734119774,0.485279371939813,12.0,16.0,0.6152070746382853,template_half_width (ratio to baseline)
template_half_width_ratio,9,welch_t,20uM vs IVH-E,2.247283385849598,0.0351677305877297,0.8413778213498152,12.0,15.0,0.3043361300861224,template_half_width (ratio to baseline)
template_half_width_ratio,9,welch_t,20uM vs IVH-L,2.171697501326089,0.04061230440191744,0.8453459804479859,12.0,15.0,0.3234608315196964,template_half_width (ratio to baseline)
template_half_width_ratio,9,welch_t,20uM vs NPH,3.1575759448009406,0.004698693758484701,1.2210395314129827,12.0,16.0,0.10843139442657002,template_half_width (ratio to baseline)
template_half_width_ratio,9,welch_t,CT vs IVH-E,1.2923635984103743,0.2089161163631541,0.46772345102794904,16.0,15.0,0.6152070746382853,template_half_width (ratio to baseline)
template_half_width_ratio,9,welch_t,CT vs IVH-L,0.6804946212371421,0.5018693906007654,0.24340964103038967,16.0,15.0,0.8280341198400321,template_half_width (ratio to baseline)
template_half_width_ratio,9,welch_t,CT vs NPH,1.556757199543267,0.13145317441218995,0.5503967862290117,16.0,16.0,0.5123133730380086,template_half_width (ratio to baseline)
template_half_width_ratio,9,welch_t,IVH-E vs IVH-L,-0.8999842091098251,0.37896915677773846,-0.3286277684852651,15.0,15.0,0.7751536601410383,template_half_width (ratio to baseline)
template_half_width_ratio,9,welch_t,IVH-E vs NPH,-0.34264269388516755,0.7357020781233317,-0.12451692627238051,15.0,16.0,0.9221892344164324,template_half_width (ratio to baseline)
template_half_width_ratio,9,welch_t,IVH-L vs NPH,1.003070629725683,0.324319843712624,0.36101282274848573,15.0,16.0,0.7260892023416955,template_half_width (ratio to baseline)
template_recovery_slope_ratio,-6,anova,all_groups,3.321497973235055,0.010020645314416227,,,,0.010020645314416227,template_recovery_slope (ratio to baseline)
template_recovery_slope_ratio,-6,welch_t,10uM vs 20uM,-2.0143374828588936,0.058402932323429683,-0.8729452507892751,12.0,9.0,0.37678121841652884,template_recovery_slope (ratio to baseline)
template_recovery_slope_ratio,-6,welch_t,10uM vs CT,-0.6138871983124975,0.5470013526602171,-0.2506183992487276,12.0,12.0,0.8498061411263068,template_recovery_slope (ratio to baseline)
template_recovery_slope_ratio,-6,welch_t,10uM vs IVH-E,-1.0248551500174272,0.3189217010927198,-0.4183953629677005,12.0,12.0,0.7183254819094816,template_recovery_slope (ratio to baseline)
template_recovery_slope_ratio,-6,welch_t,10uM vs IVH-L,-1.9212014916207807,0.06937291902899026,-0.7843272245908074,12.0,12.0,0.410760704776916,template_recovery_slope (ratio to baseline)
template_recovery_slope_ratio,-6,welch_t,10uM vs NPH,-3.190117347020434,0.0049639442333280544,-1.3023599533002062,12.0,12.0,0.10896462951207923,template_recovery_slope (ratio to baseline)
template_recovery_slope_ratio,-6,welch_t,20uM vs CT,1.848391188524153,0.08510677118194455,0.8305292807061608,9.0,12.0,0.4559291313318458,template_recovery_slope (ratio to baseline)
template_recovery_slope_ratio,-6,welch_t,20uM vs IVH-E,0.3926089634904287,0.6996183437947886,0.16512409790122448,9.0,12.0,0.9072860366214838,template_recovery_slope (ratio to baseline)
template_recovery_slope_ratio,-6,welch_t,20uM vs IVH-L,0.3318711093869726,0.7442629991523309,0.14760403699166533,9.0,12.0,0.92650745837554,template_recovery_slope (ratio to baseline)
template_recovery_slope_ratio,-6,welch_t,20uM vs NPH,-1.8006241013286048,0.08977739603202857,-0.7582865227556754,9.0,12.0,0.4647425907545653,template_recovery_slope (ratio to baseline)
template_recovery_slope_ratio,-6,welch_t,CT vs IVH-E,-0.7200002649769089,0.4835290959685371,-0.2939388773103515,12.0,12.0,0.8280341198400321,template_recovery_slope (ratio to baseline)
template_recovery_slope_ratio,-6,welch_t,CT vs IVH-L,-1.776213621525131,0.08985023421254928,-0.7251361744862619,12.0,12.0,0.4647425907545653,template_recovery_slope (ratio to baseline)
template_recovery_slope_ratio,-6,welch_t,CT vs NPH,-3.106465788577893,0.007751841775359212,-1.268209347571401,12.0,12.0,0.12919736292265352,template_recovery_slope (ratio to baseline)
template_recovery_slope_ratio,-6,welch_t,IVH-E vs IVH-L,-0.20139395543636324,0.8431379131164903,-0.0822187380166507,12.0,12.0,0.9424028064359066,template_recovery_slope (ratio to baseline)
template_recovery_slope_ratio,-6,welch_t,IVH-E vs NPH,-1.7623718332874616,0.09190631279511853,-0.7194852881012704,12.0,12.0,0.4726610372320382,template_recovery_slope (ratio to baseline)
template_recovery_slope_ratio,-6,welch_t,IVH-L vs NPH,-2.113538227372221,0.051761530289288274,-0.8628483681547326,12.0,12.0,0.35806561552534416,template_recovery_slope (ratio to baseline)
template_recovery_slope_ratio,-3,anova,all_groups,2.324105948797866,0.08810073826228014,,,,0.08810073826228014,template_recovery_slope (ratio to baseline)
template_recovery_slope_ratio,-3,welch_t,10uM vs 20uM,-0.7603574330124941,0.5189090969927735,-0.6150581436391044,4.0,3.0,0.8369827141369556,template_recovery_slope (ratio to baseline)
template_recovery_slope_ratio,-3,welch_t,10uM vs CT,2.2372422233357456,0.08882160067271312,1.581969147277574,4.0,4.0,0.4647425907545653,template_recovery_slope (ratio to baseline)
template_recovery_slope_ratio,-3,welch_t,10uM vs IVH-E,-0.1335558663907648,0.9017646495719392,-0.09443825879215431,4.0,4.0,0.9675535967238602,template_recovery_slope (ratio to baseline)
template_recovery_slope_ratio,-3,welch_t,10uM vs IVH-L,2.1991676257918398,0.1014701644780023,1.55504634116333,4.0,4.0,0.4831912594190586,template_recovery_slope (ratio to baseline)
template_recovery_slope_ratio,-3,welch_t,10uM vs NPH,-1.660093229006416,0.18935721623575327,-1.173863179632309,4.0,4.0,0.5836352555211574,template_recovery_slope (ratio to baseline)
template_recovery_slope_ratio,-3,welch_t,20uM vs CT,1.9048850643641206,0.1429113487664515,1.4924607637649867,3.0,4.0,0.519794966153837,template_recovery_slope (ratio to baseline)
template_recovery_slope_ratio,-3,welch_t,20uM vs IVH-E,0.3406257485282353,0.747483772335456,0.2515385638857974,3.0,4.0,0.9265971057758082,template_recovery_slope (ratio to baseline)
template_recovery_slope_ratio,-3,welch_t,20uM vs IVH-L,2.054444181917851,0.1048254177269873,1.5765573486992284,3.0,4.0,0.49038029253234783,template_recovery_slope (ratio to baseline)
template_recovery_slope_ratio,-3,welch_t,20uM vs NPH,-0.8569316379001397,0.4307283322728044,-0.6364859593607576,3.0,4.0,0.7997173031891998,template_recovery_slope (ratio to baseline)
template_recovery_slope_ratio,-3,welch_t,CT vs IVH-E,-1.0559597238705554,0.35041686123792565,-0.746676281408744,4.0,4.0,0.748609775376379,template_recovery_slope (ratio to baseline)
template_recovery_slope_ratio,-3,welch_t,CT vs IVH-L,0.4316050139556573,0.6824791586665915,0.30519083216215975,4.0,4.0,0.8974901319191694,template_recovery_slope (ratio to baseline)
template_recovery_slope_ratio,-3,welch_t,CT vs NPH,-2.543086790362113,0.06088514936396878,-1.798233914610982,4.0,4.0,0.37678121841652884,template_recovery_slope (ratio to baseline)
template_recovery_slope_ratio,-3,welch_t,IVH-E vs IVH-L,1.2579256646820896,0.2664611715560566,0.8894877677253007,4.0,4.0,0.6665174668156871,template_recovery_slope (ratio to baseline)
template_recovery_slope_ratio,-3,welch_t,IVH-E vs NPH,-1.0381747016634817,0.33952935974026077,-0.7341003716025687,4.0,4.0,0.7350664045031561,template_recovery_slope (ratio to baseline)
template_recovery_slope_ratio,-3,welch_t,IVH-L vs NPH,-2.6520433376349963,0.044925221790672085,-1.8752778280423108,4.0,4.0,0.32872113505369815,template_recovery_slope (ratio to baseline)
template_recovery_slope_ratio,0,anova,all_groups,0.1856428403099754,0.967317479721701,,,,0.967317479721701,template_recovery_slope (ratio to baseline)
template_recovery_slope_ratio,0,welch_t,10uM vs 20uM,-0.22472853962704573,0.8247032275410217,-0.08812477909372995,16.0,12.0,0.9396974984319634,template_recovery_slope (ratio to baseline)
template_recovery_slope_ratio,0,welch_t,10uM vs CT,0.26743368468386913,0.7911201106725241,0.0945520859788344,16.0,16.0,0.9373539890921735,template_recovery_slope (ratio to baseline)
template_recovery_slope_ratio,0,welch_t,10uM vs IVH-E,0.8118980144132484,0.42332151180553035,0.2870492958117506,16.0,16.0,0.7997173031891998,template_recovery_slope (ratio to baseline)
template_recovery_slope_ratio,0,welch_t,10uM vs IVH-L,0.4524580511863987,0.6542928180082755,0.1599680780981763,16.0,16.0,0.8974901319191694,template_recovery_slope (ratio to baseline)
template_recovery_slope_ratio,0,welch_t,10uM vs NPH,0.3101719479867449,0.7587888974970904,0.10966234387763421,16.0,16.0,0.9278984741630376,template_recovery_slope (ratio to baseline)
template_recovery_slope_ratio,0,welch_t,20uM vs CT,0.40967673321884207,0.6859285844712557,0.15756903116060605,12.0,16.0,0.8974901319191694,template_recovery_slope (ratio to baseline)
template_recovery_slope_ratio,0,welch_t,20uM vs IVH-E,0.8102694144802556,0.4275072669681885,0.3156346597636428,12.0,16.0,0.7997173031891998,template_recovery_slope (ratio to baseline)
template_recovery_slope_ratio,0,welch_t,20uM vs IVH-L,0.5494735466920249,0.5885922124736972,0.213122357580284,12.0,16.0,0.871271367148565,template_recovery_slope (ratio to baseline)
template_recovery_slope_ratio,0,welch_t,20uM vs NPH,0.4420353967326047,0.6626209218177974,0.16968403500909637,12.0,16.0,0.8974901319191694,template_recovery_slope (ratio to baseline)
template_recovery_slope_ratio,0,welch_t,CT vs IVH-E,0.4379684584044407,0.6646572659333202,0.1548452334417992,16.0,16.0,0.8974901319191694,template_recovery_slope (ratio to baseline)
template_recovery_slope_ratio,0,welch_t,CT vs IVH-L,0.14151374204672088,0.8884244316203195,0.050032663316160096,16.0,16.0,0.9633517933232381,template_recovery_slope (ratio to baseline)
template_recovery_slope_ratio,0,welch_t,CT vs NPH,0.04200403479815292,0.9667740142276298,0.014850668921484823,16.0,16.0,0.9898710043286312,template_recovery_slope (ratio to baseline)
template_recovery_slope_ratio,0,welch_t,IVH-E vs IVH-L,-0.31355402533553106,0.7560392158150665,-0.11085808879154625,16.0,16.0,0.9278984741630376,template_recovery_slope (ratio to baseline)
template_recovery_slope_ratio,0,welch_t,IVH-E vs NPH,-0.3850401519063103,0.7030490750193765,-0.1361322512210252,16.0,16.0,0.908010527442515,template_recovery_slope (ratio to baseline)
template_recovery_slope_ratio,0,welch_t,IVH-L vs NPH,-0.09485408305948738,0.9250756876299824,-0.03353598267729777,16.0,16.0,0.9780512061475436,template_recovery_slope (ratio to baseline)
template_recovery_slope_ratio,3,anova,all_groups,2.2070441160182916,0.06453384628815506,,,,0.06453384628815506,template_recovery_slope (ratio to baseline)
template_recovery_slope_ratio,3,welch_t,10uM vs 20uM,-3.2529387152108464,0.006636902495983649,-1.48019015164941,12.0,9.0,0.12050876596323992,template_recovery_slope (ratio to baseline)
template_recovery_slope_ratio,3,welch_t,10uM vs CT,0.4662580423564705,0.6464730832839334,0.19034904870705652,12.0,12.0,0.8974901319191694,template_recovery_slope (ratio to baseline)
template_recovery_slope_ratio,3,welch_t,10uM vs IVH-E,-1.2586487771344508,0.22989384994661707,-0.5138412115595712,12.0,12.0,0.6306051743211633,template_recovery_slope (ratio to baseline)
template_recovery_slope_ratio,3,welch_t,10uM vs IVH-L,-2.2491995196719206,0.03984842105003241,-0.9182318588182032,12.0,12.0,0.32193276699621853,template_recovery_slope (ratio to baseline)
template_recovery_slope_ratio,3,welch_t,10uM vs NPH,-2.197500557193394,0.04583305138948541,-0.8971258457675894,12.0,12.0,0.3326592439559425,template_recovery_slope (ratio to baseline)
template_recovery_slope_ratio,3,welch_t,20uM vs CT,3.167624745631454,0.005577907405379161,1.3991784043863222,9.0,12.0,0.11459493434441649,template_recovery_slope (ratio to baseline)
template_recovery_slope_ratio,3,welch_t,20uM vs IVH-E,0.7747667817713111,0.44891957876942135,0.32744974741582034,9.0,12.0,0.8020031365664978,template_recovery_slope (ratio to baseline)
template_recovery_slope_ratio,3,welch_t,20uM vs IVH-L,0.4558108972104071,0.6536969734698221,0.196329682849198,9.0,12.0,0.8974901319191694,template_recovery_slope (ratio to baseline)
template_recovery_slope_ratio,3,welch_t,20uM vs NPH,0.06786459130581328,0.9466452772392309,0.028804302470627593,9.0,12.0,0.9815446422987417,template_recovery_slope (ratio to baseline)
template_recovery_slope_ratio,3,welch_t,CT vs IVH-E,-1.4275843664839376,0.1721930310815991,-0.5828088771100044,12.0,12.0,0.559650700973147,template_recovery_slope (ratio to baseline)
template_recovery_slope_ratio,3,welch_t,CT vs IVH-L,-2.328351333904263,0.030673140072403255,-0.9505454516656704,12.0,12.0,0.29058764279118876,template_recovery_slope (ratio to baseline)
template_recovery_slope_ratio,3,welch_t,CT vs NPH,-2.3020436565234594,0.03413072409069324,-0.9398053873488825,12.0,12.0,0.29872464485770034,template_recovery_slope (ratio to baseline)
template_recovery_slope_ratio,3,welch_t,IVH-E vs IVH-L,-0.38200282536563485,0.7064602168200265,-0.15595200040788604,12.0,12.0,0.9106284108656669,template_recovery_slope (ratio to baseline)
template_recovery_slope_ratio,3,welch_t,IVH-E vs NPH,-0.6095104117225986,0.5484671203314844,-0.24883158360567614,12.0,12.0,0.8498061411263068,template_recovery_slope (ratio to baseline)
template_recovery_slope_ratio,3,welch_t,IVH-L vs NPH,-0.30305844501855494,0.7648445541352595,-0.12372309208946168,12.0,12.0,0.9330290388092745,template_recovery_slope (ratio to baseline)
template_recovery_slope_ratio,6,anova,all_groups,1.9829443872663373,0.09335656437597913,,,,0.09335656437597913,template_recovery_slope (ratio to baseline)
template_recovery_slope_ratio,6,welch_t,10uM vs 20uM,-0.8613517370059338,0.40814598245053,-0.3969921986274365,12.0,9.0,0.7980750908237085,template_recovery_slope (ratio to baseline)
template_recovery_slope_ratio,6,welch_t,10uM vs CT,-1.1031839156326777,0.28216348864101704,-0.4503729476242711,12.0,12.0,0.683569408572195,template_recovery_slope (ratio to baseline)
template_recovery_slope_ratio,6,welch_t,10uM vs IVH-E,-1.5179071562338586,0.1554222206354794,-0.6196830016153365,12.0,12.0,0.5421705371005096,template_recovery_slope (ratio to baseline)
template_recovery_slope_ratio,6,welch_t,10uM vs IVH-L,0.17651857278270439,0.8616076916308264,0.07206340557366005,12.0,12.0,0.9538092527278521,template_recovery_slope (ratio to baseline)
template_recovery_slope_ratio,6,welch_t,10uM vs NPH,-3.4710912777509573,0.0028878456718867355,-1.417067080185854,12.0,12.0,0.08378299345958738,template_recovery_slope (ratio to baseline)
template_recovery_slope_ratio,6,welch_t,20uM vs CT,0.22307266947494542,0.8273861882700044,0.10212225110787605,9.0,12.0,0.9396974984319634,template_recovery_slope (ratio to baseline)
template_recovery_slope_ratio,6,welch_t,20uM vs IVH-E,-1.00516287885918,0.3304130904171019,-0.41990313902238346,9.0,12.0,0.7306431974825348,template_recovery_slope (ratio to baseline)
template_recovery_slope_ratio,6,welch_t,20uM vs IVH-L,0.9721056189995547,0.35503068742246036,0.45177802109213566,9.0,12.0,0.7500648325826628,template_recovery_slope (ratio to baseline)
template_recovery_slope_ratio,6,welch_t,20uM vs NPH,-1.5750571594992409,0.1354432999079549,-0.7032696174853724,9.0,12.0,0.515710766956491,template_recovery_slope (ratio to baseline)
template_recovery_slope_ratio,6,welch_t,CT vs IVH-E,-1.196669307258665,0.2544246075677874,-0.4885381989389252,12.0,12.0,0.6582898800466933,template_recovery_slope (ratio to baseline)
template_recovery_slope_ratio,6,welch_t,CT vs IVH-L,1.3713548219565348,0.18626579268695254,0.5598532616831305,12.0,12.0,0.5780662531664044,template_recovery_slope (ratio to baseline)
template_recovery_slope_ratio,6,welch_t,CT vs NPH,-2.5381381445222058,0.020122468185566057,-1.036190558462312,12.0,12.0,0.21050949835224744,template_recovery_slope (ratio to baseline)
template_recovery_slope_ratio,6,welch_t,IVH-E vs IVH-L,1.5699360747234958,0.14361955962853248,0.6409237186434147,12.0,12.0,0.519794966153837,template_recovery_slope (ratio to baseline)
template_recovery_slope_ratio,6,welch_t,IVH-E vs NPH,0.18881488851137598,0.8530478050731628,0.07708335544889412,12.0,12.0,0.9466621757901931,template_recovery_slope (ratio to baseline)
template_recovery_slope_ratio,6,welch_t,IVH-L vs NPH,-3.764163603010603,0.001904897974125483,-1.5367133559553736,12.0,12.0,0.05872377529356014,template_recovery_slope (ratio to baseline)
template_recovery_slope_ratio,9,anova,all_groups,0.9624970605213695,0.44557463365298855,,,,0.44557463365298855,template_recovery_slope (ratio to baseline)
template_recovery_slope_ratio,9,welch_t,10uM vs 20uM,1.067506867801871,0.29630053963044917,0.40698297867778266,16.0,12.0,0.6992265383213745,template_recovery_slope (ratio to baseline)
template_recovery_slope_ratio,9,welch_t,10uM vs CT,-0.6403858430990822,0.5286793257503244,-0.22641058611561274,16.0,16.0,0.8421440587173309,template_recovery_slope (ratio to baseline)
template_recovery_slope_ratio,9,welch_t,10uM vs IVH-E,-0.7514465307619771,0.4643937450515374,-0.2742242351694117,16.0,15.0,0.8131407987283729,template_recovery_slope (ratio to baseline)
template_recovery_slope_ratio,9,welch_t,10uM vs IVH-L,2.183635197446103,0.037240108147455965,0.7844719876068715,16.0,15.0,0.3109949857404843,template_recovery_slope (ratio to baseline)
template_recovery_slope_ratio,9,welch_t,10uM vs NPH,-2.122018165932932,0.04294553380270922,-0.7502467174661083,16.0,16.0,0.32862474814066955,template_recovery_slope (ratio to baseline)
template_recovery_slope_ratio,9,welch_t,20uM vs CT,-1.3024481249086775,0.20598330806744364,-0.47405465498710114,12.0,16.0,0.6118316081211198,template_recovery_slope (ratio to baseline)
template_recovery_slope_ratio,9,welch_t,20uM vs IVH-E,-0.9654782036336713,0.3499698144471417,-0.3533529457415643,12.0,15.0,0.748609775376379,template_recovery_slope (ratio to baseline)
template_recovery_slope_ratio,9,welch_t,20uM vs IVH-L,0.985018227805175,0.33456805416542024,0.38154087476893095,12.0,15.0,0.7350664045031561,template_recovery_slope (ratio to baseline)
template_recovery_slope_ratio,9,welch_t,20uM vs NPH,-2.939992684301686,0.006807984332792252,-1.0971799655583974,12.0,16.0,0.12050876596323992,template_recovery_slope (ratio to baseline)
template_recovery_slope_ratio,9,welch_t,CT vs IVH-E,-0.5359041274228994,0.5992869949677881,-0.1952009192238785,16.0,15.0,0.8741625534376164,template_recovery_slope (ratio to baseline)
template_recovery_slope_ratio,9,welch_t,CT vs IVH-L,1.9756033473239523,0.061154962565214806,0.7026316727410918,16.0,15.0,0.37678121841652884,template_recovery_slope (ratio to baseline)
template_recovery_slope_ratio,9,welch_t,CT vs NPH,-0.8386204635024914,0.40941344506921984,-0.29649710829220866,16.0,16.0,0.7980750908237085,template_recovery_slope (ratio to baseline)
template_recovery_slope_ratio,9,welch_t,IVH-E vs IVH-L,1.1680042407100681,0.2616231878673965,0.4264948465990654,15.0,15.0,0.6625767095937756,template_recovery_slope (ratio to baseline)
template_recovery_slope_ratio,9,welch_t,IVH-E vs NPH,0.2692012857762014,0.7914558990840801,0.09819163432430504,15.0,16.0,0.9373539890921735,template_recovery_slope (ratio to baseline)
template_recovery_slope_ratio,9,welch_t,IVH-L vs NPH,-3.9536811013018096,0.0004937645563621581,-1.413663027699617,15.0,16.0,0.021161338129806778,template_recovery_slope (ratio to baseline)
