project,date,chip_id,run_id,well_id,well_dir,well_key,metrics_unfiltered,network_json,tm_curated,spike_times,tm_unfiltered,rejection_log,metrics_curated,has_network_json,has_metrics_curated,has_metrics_unfiltered,has_tm_curated,has_tm_unfiltered,has_spike_times,has_rejection_log
CX138,260319,T003346,000004,well000,/mnt/benshalom-nas/analysis/Sadegh/CX138/CX138/260319/T003346/Network/000004/well000,CX138|260319|T003346|000004|well000,/mnt/benshalom-nas/analysis/Sadegh/CX138/CX138/260319/T003346/Network/000004/well000/qm_unfiltered.xlsx,/mnt/benshalom-nas/analysis/Sadegh/CX138/CX138/260319/T003346/Network/000004/well000/network_results.json,/mnt/benshalom-nas/analysis/Sadegh/CX138/CX138/260319/T003346/Network/000004/well000/tm_curated.xlsx,/mnt/benshalom-nas/analysis/Sadegh/CX138/CX138/260319/T003346/Network/000004/well000/spike_times.npy,/mnt/benshalom-nas/analysis/Sadegh/CX138/CX138/260319/T003346/Network/000004/well000/tm_unfiltered.xlsx,/mnt/benshalom-nas/analysis/Sadegh/CX138/CX138/260319/T003346/Network/000004/well000/rejection_log.xlsx,/mnt/benshalom-nas/analysis/Sadegh/CX138/CX138/260319/T003346/Network/000004/well000/metrics_curated.xlsx,True,True,True,True,True,True,True
CX138,260319,T003346,000004,well001,/mnt/benshalom-nas/analysis/Sadegh/CX138/CX138/260319/T003346/Network/000004/well001,CX138|260319|T003346|000004|well001,/mnt/benshalom-nas/analysis/Sadegh/CX138/CX138/260319/T003346/Network/000004/well001/qm_unfiltered.xlsx,/mnt/benshalom-nas/analysis/Sadegh/CX138/CX138/260319/T003346/Network/000004/well001/network_results.json,/mnt/benshalom-nas/analysis/Sadegh/CX138/CX138/260319/T003346/Network/000004/well001/tm_curated.xlsx,/mnt/benshalom-nas/analysis/Sadegh/CX138/CX138/260319/T003346/Network/000004/well001/spike_times.npy,/mnt/benshalom-nas/analysis/Sadegh/CX138/CX138/260319/T003346/Network/000004/well001/tm_unfiltered.xlsx,/mnt/benshalom-nas/analysis/Sadegh/CX138/CX138/260319/T003346/Network/000004/well001/rejection_log.xlsx,/mnt/benshalom-nas/analysis/Sadegh/CX138/CX138/260319/T003346/Network/000004/well001/metrics_curated.xlsx,True,True,True,True,True,True,True
CX138,260319,T003346,000004,well002,/mnt/benshalom-nas/analysis/Sadegh/CX138/CX138/260319/T003346/Network/000004/well002,CX138|260319|T003346|000004|well002,/mnt/benshalom-nas/analysis/Sadegh/CX138/CX138/260319/T003346/Network/000004/well002/qm_unfiltered.xlsx,/mnt/benshalom-nas/analysis/Sadegh/CX138/CX138/260319/T003346/Network/000004/well002/network_results.json,/mnt/benshalom-nas/analysis/Sadegh/CX138/CX138/260319/T003346/Network/000004/well002/tm_curated.xlsx,/mnt/benshalom-nas/analysis/Sadegh/CX138/CX138/260319/T003346/Network/000004/well002/spike_times.npy,/mnt/benshalom-nas/analysis/Sadegh/CX138/CX138/260319/T003346/Network/000004/well002/tm_unfiltered.xlsx,/mnt/benshalom-nas/analysis/Sadegh/CX138/CX138/260319/T003346/Network/000004/well002/rejection_log.xlsx,/mnt/benshalom-nas/analysis/Sadegh/CX138/CX138/260319/T003346/Network/000004/well002/metrics_curated.xlsx,True,True,True,True,True,True,True
CX138,260319,T003346,000004,well003,/mnt/benshalom-nas/analysis/Sadegh/CX138/CX138/260319/T003346/Network/000004/well003,CX138|260319|T003346|000004|well003,/mnt/benshalom-nas/analysis/Sadegh/CX138/CX138/260319/T003346/Network/000004/well003/qm_unfiltered.xlsx,/mnt/benshalom-nas/analysis/Sadegh/CX138/CX138/260319/T003346/Network/000004/well003/network_results.json,/mnt/benshalom-nas/analysis/Sadegh/CX138/CX138/260319/T003346/Network/000004/well003/tm_curated.xlsx,/mnt/benshalom-nas/analysis/Sadegh/CX138/CX138/260319/T003346/Network/000004/well003/spike_times.npy,/mnt/benshalom-nas/analysis/Sadegh/CX138/CX138/260319/T003346/Network/000004/well003/tm_unfiltered.xlsx,/mnt/benshalom-nas/analysis/Sadegh/CX138/CX138/260319/T003346/Network/000004/well003/rejection_log.xlsx,/mnt/benshalom-nas/analysis/Sadegh/CX138/CX138/260319/T003346/Network/000004/well003/metrics_curated.xlsx,True,True,True,True,True,True,True
CX138,260319,T003346,000004,well004,/mnt/benshalom-nas/analysis/Sadegh/CX138/CX138/260319/T003346/Network/000004/well004,CX138|260319|T003346|000004|well004,/mnt/benshalom-nas/analysis/Sadegh/CX138/CX138/260319/T003346/Network/000004/well004/qm_unfiltered.xlsx,/mnt/benshalom-nas/analysis/Sadegh/CX138/CX138/260319/T003346/Network/000004/well004/network_results.json,/mnt/benshalom-nas/analysis/Sadegh/CX138/CX138/260319/T003346/Network/000004/well004/tm_curated.xlsx,/mnt/benshalom-nas/analysis/Sadegh/CX138/CX138/260319/T003346/Network/000004/well004/spike_times.npy,/mnt/benshalom-nas/analysis/Sadegh/CX138/CX138/260319/T003346/Network/000004/well004/tm_unfiltered.xlsx,/mnt/benshalom-nas/analysis/Sadegh/CX138/CX138/260319/T003346/Network/000004/well004/rejection_log.xlsx,/mnt/benshalom-nas/analysis/Sadegh/CX138/CX138/260319/T003346/Network/000004/well004/metrics_curated.xlsx,True,True,True,True,True,True,True
CX138,260319,T003346,000004,well005,/mnt/benshalom-nas/analysis/Sadegh/CX138/CX138/260319/T003346/Network/000004/well005,CX138|260319|T003346|000004|well005,/mnt/benshalom-nas/analysis/Sadegh/CX138/CX138/260319/T003346/Network/000004/well005/qm_unfiltered.xlsx,/mnt/benshalom-nas/analysis/Sadegh/CX138/CX138/260319/T003346/Network/000004/well005/network_results.json,/mnt/benshalom-nas/analysis/Sadegh/CX138/CX138/260319/T003346/Network/000004/well005/tm_curated.xlsx,/mnt/benshalom-nas/analysis/Sadegh/CX138/CX138/260319/T003346/Network/000004/well005/spike_times.npy,/mnt/benshalom-nas/analysis/Sadegh/CX138/CX138/260319/T003346/Network/000004/well005/tm_unfiltered.xlsx,/mnt/benshalom-nas/analysis/Sadegh/CX138/CX138/260319/T003346/Network/000004/well005/rejection_log.xlsx,/mnt/benshalom-nas/analysis/Sadegh/CX138/CX138/260319/T003346/Network/000004/well005/metrics_curated.xlsx,True,True,True,True,True,True,True
CX138,260319,T003346,000004,well006,/mnt/benshalom-nas/analysis/Sadegh/CX138/CX138/260319/T003346/Network/000004/well006,CX138|260319|T003346|000004|well006,/mnt/benshalom-nas/analysis/Sadegh/CX138/CX138/260319/T003346/Network/000004/well006/qm_unfiltered.xlsx,/mnt/benshalom-nas/analysis/Sadegh/CX138/CX138/260319/T003346/Network/000004/well006/network_results.json,/mnt/benshalom-nas/analysis/Sadegh/CX138/CX138/260319/T003346/Network/000004/well006/tm_curated.xlsx,/mnt/benshalom-nas/analysis/Sadegh/CX138/CX138/260319/T003346/Network/000004/well006/spike_times.npy,/mnt/benshalom-nas/analysis/Sadegh/CX138/CX138/260319/T003346/Network/000004/well006/tm_unfiltered.xlsx,/mnt/benshalom-nas/analysis/Sadegh/CX138/CX138/260319/T003346/Network/000004/well006/rejection_log.xlsx,/mnt/benshalom-nas/analysis/Sadegh/CX138/CX138/260319/T003346/Network/000004/well006/metrics_curated.xlsx,True,True,True,True,True,True,True
CX138,260319,T003346,000004,well007,/mnt/benshalom-nas/analysis/Sadegh/CX138/CX138/260319/T003346/Network/000004/well007,CX138|260319|T003346|000004|well007,/mnt/benshalom-nas/analysis/Sadegh/CX138/CX138/260319/T003346/Network/000004/well007/qm_unfiltered.xlsx,/mnt/benshalom-nas/analysis/Sadegh/CX138/CX138/260319/T003346/Network/000004/well007/network_results.json,/mnt/benshalom-nas/analysis/Sadegh/CX138/CX138/260319/T003346/Network/000004/well007/tm_curated.xlsx,/mnt/benshalom-nas/analysis/Sadegh/CX138/CX138/260319/T003346/Network/000004/well007/spike_times.npy,/mnt/benshalom-nas/analysis/Sadegh/CX138/CX138/260319/T003346/Network/000004/well007/tm_unfiltered.xlsx,/mnt/benshalom-nas/analysis/Sadegh/CX138/CX138/260319/T003346/Network/000004/well007/rejection_log.xlsx,/mnt/benshalom-nas/analysis/Sadegh/CX138/CX138/260319/T003346/Network/000004/well007/metrics_curated.xlsx,True,True,True,True,True,True,True
CX138,260319,T003346,000004,well008,/mnt/benshalom-nas/analysis/Sadegh/CX138/CX138/260319/T003346/Network/000004/well008,CX138|260319|T003346|000004|well008,/mnt/benshalom-nas/analysis/Sadegh/CX138/CX138/260319/T003346/Network/000004/well008/qm_unfiltered.xlsx,/mnt/benshalom-nas/analysis/Sadegh/CX138/CX138/260319/T003346/Network/000004/well008/network_results.json,/mnt/benshalom-nas/analysis/Sadegh/CX138/CX138/260319/T003346/Network/000004/well008/tm_curated.xlsx,/mnt/benshalom-nas/analysis/Sadegh/CX138/CX138/260319/T003346/Network/000004/well008/spike_times.npy,/mnt/benshalom-nas/analysis/Sadegh/CX138/CX138/260319/T003346/Network/000004/well008/tm_unfiltered.xlsx,/mnt/benshalom-nas/analysis/Sadegh/CX138/CX138/260319/T003346/Network/000004/well008/rejection_log.xlsx,/mnt/benshalom-nas/analysis/Sadegh/CX138/CX138/260319/T003346/Network/000004/well008/metrics_curated.xlsx,True,True,True,True,True,True,True
CX138,260319,T003346,000004,well009,/mnt/benshalom-nas/analysis/Sadegh/CX138/CX138/260319/T003346/Network/000004/well009,CX138|260319|T003346|000004|well009,/mnt/benshalom-nas/analysis/Sadegh/CX138/CX138/260319/T003346/Network/000004/well009/qm_unfiltered.xlsx,/mnt/benshalom-nas/analysis/Sadegh/CX138/CX138/260319/T003346/Network/000004/well009/network_results.json,/mnt/benshalom-nas/analysis/Sadegh/CX138/CX138/260319/T003346/Network/000004/well009/tm_curated.xlsx,/mnt/benshalom-nas/analysis/Sadegh/CX138/CX138/260319/T003346/Network/000004/well009/spike_times.npy,/mnt/benshalom-nas/analysis/Sadegh/CX138/CX138/260319/T003346/Network/000004/well009/tm_unfiltered.xlsx,/mnt/benshalom-nas/analysis/Sadegh/CX138/CX138/260319/T003346/Network/000004/well009/rejection_log.xlsx,/mnt/benshalom-nas/analysis/Sadegh/CX138/CX138/260319/T003346/Network/000004/well009/metrics_curated.xlsx,True,True,True,True,True,True,True
CX138,260319,T003346,000004,well010,/mnt/benshalom-nas/analysis/Sadegh/CX138/CX138/260319/T003346/Network/000004/well010,CX138|260319|T003346|000004|well010,/mnt/benshalom-nas/analysis/Sadegh/CX138/CX138/260319/T003346/Network/000004/well010/qm_unfiltered.xlsx,/mnt/benshalom-nas/analysis/Sadegh/CX138/CX138/260319/T003346/Network/000004/well010/network_results.json,/mnt/benshalom-nas/analysis/Sadegh/CX138/CX138/260319/T003346/Network/000004/well010/tm_curated.xlsx,/mnt/benshalom-nas/analysis/Sadegh/CX138/CX138/260319/T003346/Network/000004/well010/spike_times.npy,/mnt/benshalom-nas/analysis/Sadegh/CX138/CX138/260319/T003346/Network/000004/well010/tm_unfiltered.xlsx,/mnt/benshalom-nas/analysis/Sadegh/CX138/CX138/260319/T003346/Network/000004/well010/rejection_log.xlsx,/mnt/benshalom-nas/analysis/Sadegh/CX138/CX138/260319/T003346/Network/000004/well010/metrics_curated.xlsx,True,True,True,True,True,True,True
CX138,260319,T003346,000004,well011,/mnt/benshalom-nas/analysis/Sadegh/CX138/CX138/260319/T003346/Network/000004/well011,CX138|260319|T003346|000004|well011,/mnt/benshalom-nas/analysis/Sadegh/CX138/CX138/260319/T003346/Network/000004/well011/qm_unfiltered.xlsx,/mnt/benshalom-nas/analysis/Sadegh/CX138/CX138/260319/T003346/Network/000004/well011/network_results.json,/mnt/benshalom-nas/analysis/Sadegh/CX138/CX138/260319/T003346/Network/000004/well011/tm_curated.xlsx,/mnt/benshalom-nas/analysis/Sadegh/CX138/CX138/260319/T003346/Network/000004/well011/spike_times.npy,/mnt/benshalom-nas/analysis/Sadegh/CX138/CX138/260319/T003346/Network/000004/well011/tm_unfiltered.xlsx,/mnt/benshalom-nas/analysis/Sadegh/CX138/CX138/260319/T003346/Network/000004/well011/rejection_log.xlsx,/mnt/benshalom-nas/analysis/Sadegh/CX138/CX138/260319/T003346/Network/000004/well011/metrics_curated.xlsx,True,True,True,True,True,True,True
CX138,260319,T003346,000004,well012,/mnt/benshalom-nas/analysis/Sadegh/CX138/CX138/260319/T003346/Network/000004/well012,CX138|260319|T003346|000004|well012,/mnt/benshalom-nas/analysis/Sadegh/CX138/CX138/260319/T003346/Network/000004/well012/qm_unfiltered.xlsx,/mnt/benshalom-nas/analysis/Sadegh/CX138/CX138/260319/T003346/Network/000004/well012/network_results.json,/mnt/benshalom-nas/analysis/Sadegh/CX138/CX138/260319/T003346/Network/000004/well012/tm_curated.xlsx,/mnt/benshalom-nas/analysis/Sadegh/CX138/CX138/260319/T003346/Network/000004/well012/spike_times.npy,/mnt/benshalom-nas/analysis/Sadegh/CX138/CX138/260319/T003346/Network/000004/well012/tm_unfiltered.xlsx,/mnt/benshalom-nas/analysis/Sadegh/CX138/CX138/260319/T003346/Network/000004/well012/rejection_log.xlsx,/mnt/benshalom-nas/analysis/Sadegh/CX138/CX138/260319/T003346/Network/000004/well012/metrics_curated.xlsx,True,True,True,True,True,True,True
CX138,260319,T003346,000004,well013,/mnt/benshalom-nas/analysis/Sadegh/CX138/CX138/260319/T003346/Network/000004/well013,CX138|260319|T003346|000004|well013,/mnt/benshalom-nas/analysis/Sadegh/CX138/CX138/260319/T003346/Network/000004/well013/qm_unfiltered.xlsx,/mnt/benshalom-nas/analysis/Sadegh/CX138/CX138/260319/T003346/Network/000004/well013/network_results.json,/mnt/benshalom-nas/analysis/Sadegh/CX138/CX138/260319/T003346/Network/000004/well013/tm_curated.xlsx,/mnt/benshalom-nas/analysis/Sadegh/CX138/CX138/260319/T003346/Network/000004/well013/spike_times.npy,/mnt/benshalom-nas/analysis/Sadegh/CX138/CX138/260319/T003346/Network/000004/well013/tm_unfiltered.xlsx,/mnt/benshalom-nas/analysis/Sadegh/CX138/CX138/260319/T003346/Network/000004/well013/rejection_log.xlsx,/mnt/benshalom-nas/analysis/Sadegh/CX138/CX138/260319/T003346/Network/000004/well013/metrics_curated.xlsx,True,True,True,True,True,True,True
CX138,260319,T003346,000004,well014,/mnt/benshalom-nas/analysis/Sadegh/CX138/CX138/260319/T003346/Network/000004/well014,CX138|260319|T003346|000004|well014,/mnt/benshalom-nas/analysis/Sadegh/CX138/CX138/260319/T003346/Network/000004/well014/qm_unfiltered.xlsx,/mnt/benshalom-nas/analysis/Sadegh/CX138/CX138/260319/T003346/Network/000004/well014/network_results.json,/mnt/benshalom-nas/analysis/Sadegh/CX138/CX138/260319/T003346/Network/000004/well014/tm_curated.xlsx,/mnt/benshalom-nas/analysis/Sadegh/CX138/CX138/260319/T003346/Network/000004/well014/spike_times.npy,/mnt/benshalom-nas/analysis/Sadegh/CX138/CX138/260319/T003346/Network/000004/well014/tm_unfiltered.xlsx,/mnt/benshalom-nas/analysis/Sadegh/CX138/CX138/260319/T003346/Network/000004/well014/rejection_log.xlsx,/mnt/benshalom-nas/analysis/Sadegh/CX138/CX138/260319/T003346/Network/000004/well014/metrics_curated.xlsx,True,True,True,True,True,True,True
CX138,260319,T003346,000004,well015,/mnt/benshalom-nas/analysis/Sadegh/CX138/CX138/260319/T003346/Network/000004/well015,CX138|260319|T003346|000004|well015,/mnt/benshalom-nas/analysis/Sadegh/CX138/CX138/260319/T003346/Network/000004/well015/qm_unfiltered.xlsx,/mnt/benshalom-nas/analysis/Sadegh/CX138/CX138/260319/T003346/Network/000004/well015/network_results.json,/mnt/benshalom-nas/analysis/Sadegh/CX138/CX138/260319/T003346/Network/000004/well015/tm_curated.xlsx,/mnt/benshalom-nas/analysis/Sadegh/CX138/CX138/260319/T003346/Network/000004/well015/spike_times.npy,/mnt/benshalom-nas/analysis/Sadegh/CX138/CX138/260319/T003346/Network/000004/well015/tm_unfiltered.xlsx,/mnt/benshalom-nas/analysis/Sadegh/CX138/CX138/260319/T003346/Network/000004/well015/rejection_log.xlsx,/mnt/benshalom-nas/analysis/Sadegh/CX138/CX138/260319/T003346/Network/000004/well015/metrics_curated.xlsx,True,True,True,True,True,True,True
CX138,260319,T003346,000004,well016,/mnt/benshalom-nas/analysis/Sadegh/CX138/CX138/260319/T003346/Network/000004/well016,CX138|260319|T003346|000004|well016,/mnt/benshalom-nas/analysis/Sadegh/CX138/CX138/260319/T003346/Network/000004/well016/qm_unfiltered.xlsx,/mnt/benshalom-nas/analysis/Sadegh/CX138/CX138/260319/T003346/Network/000004/well016/network_results.json,/mnt/benshalom-nas/analysis/Sadegh/CX138/CX138/260319/T003346/Network/000004/well016/tm_curated.xlsx,/mnt/benshalom-nas/analysis/Sadegh/CX138/CX138/260319/T003346/Network/000004/well016/spike_times.npy,/mnt/benshalom-nas/analysis/Sadegh/CX138/CX138/260319/T003346/Network/000004/well016/tm_unfiltered.xlsx,/mnt/benshalom-nas/analysis/Sadegh/CX138/CX138/260319/T003346/Network/000004/well016/rejection_log.xlsx,/mnt/benshalom-nas/analysis/Sadegh/CX138/CX138/260319/T003346/Network/000004/well016/metrics_curated.xlsx,True,True,True,True,True,True,True
CX138,260319,T003346,000004,well017,/mnt/benshalom-nas/analysis/Sadegh/CX138/CX138/260319/T003346/Network/000004/well017,CX138|260319|T003346|000004|well017,/mnt/benshalom-nas/analysis/Sadegh/CX138/CX138/260319/T003346/Network/000004/well017/qm_unfiltered.xlsx,/mnt/benshalom-nas/analysis/Sadegh/CX138/CX138/260319/T003346/Network/000004/well017/network_results.json,/mnt/benshalom-nas/analysis/Sadegh/CX138/CX138/260319/T003346/Network/000004/well017/tm_curated.xlsx,/mnt/benshalom-nas/analysis/Sadegh/CX138/CX138/260319/T003346/Network/000004/well017/spike_times.npy,/mnt/benshalom-nas/analysis/Sadegh/CX138/CX138/260319/T003346/Network/000004/well017/tm_unfiltered.xlsx,/mnt/benshalom-nas/analysis/Sadegh/CX138/CX138/260319/T003346/Network/000004/well017/rejection_log.xlsx,/mnt/benshalom-nas/analysis/Sadegh/CX138/CX138/260319/T003346/Network/000004/well017/metrics_curated.xlsx,True,True,True,True,True,True,True
CX138,260319,T003346,000004,well018,/mnt/benshalom-nas/analysis/Sadegh/CX138/CX138/260319/T003346/Network/000004/well018,CX138|260319|T003346|000004|well018,/mnt/benshalom-nas/analysis/Sadegh/CX138/CX138/260319/T003346/Network/000004/well018/qm_unfiltered.xlsx,/mnt/benshalom-nas/analysis/Sadegh/CX138/CX138/260319/T003346/Network/000004/well018/network_results.json,/mnt/benshalom-nas/analysis/Sadegh/CX138/CX138/260319/T003346/Network/000004/well018/tm_curated.xlsx,/mnt/benshalom-nas/analysis/Sadegh/CX138/CX138/260319/T003346/Network/000004/well018/spike_times.npy,/mnt/benshalom-nas/analysis/Sadegh/CX138/CX138/260319/T003346/Network/000004/well018/tm_unfiltered.xlsx,/mnt/benshalom-nas/analysis/Sadegh/CX138/CX138/260319/T003346/Network/000004/well018/rejection_log.xlsx,/mnt/benshalom-nas/analysis/Sadegh/CX138/CX138/260319/T003346/Network/000004/well018/metrics_curated.xlsx,True,True,True,True,True,True,True
CX138,260319,T003346,000004,well019,/mnt/benshalom-nas/analysis/Sadegh/CX138/CX138/260319/T003346/Network/000004/well019,CX138|260319|T003346|000004|well019,/mnt/benshalom-nas/analysis/Sadegh/CX138/CX138/260319/T003346/Network/000004/well019/qm_unfiltered.xlsx,/mnt/benshalom-nas/analysis/Sadegh/CX138/CX138/260319/T003346/Network/000004/well019/network_results.json,/mnt/benshalom-nas/analysis/Sadegh/CX138/CX138/260319/T003346/Network/000004/well019/tm_curated.xlsx,/mnt/benshalom-nas/analysis/Sadegh/CX138/CX138/260319/T003346/Network/000004/well019/spike_times.npy,/mnt/benshalom-nas/analysis/Sadegh/CX138/CX138/260319/T003346/Network/000004/well019/tm_unfiltered.xlsx,/mnt/benshalom-nas/analysis/Sadegh/CX138/CX138/260319/T003346/Network/000004/well019/rejection_log.xlsx,/mnt/benshalom-nas/analysis/Sadegh/CX138/CX138/260319/T003346/Network/000004/well019/metrics_curated.xlsx,True,True,True,True,True,True,True
CX138,260319,T003346,000004,well020,/mnt/benshalom-nas/analysis/Sadegh/CX138/CX138/260319/T003346/Network/000004/well020,CX138|260319|T003346|000004|well020,/mnt/benshalom-nas/analysis/Sadegh/CX138/CX138/260319/T003346/Network/000004/well020/qm_unfiltered.xlsx,/mnt/benshalom-nas/analysis/Sadegh/CX138/CX138/260319/T003346/Network/000004/well020/network_results.json,/mnt/benshalom-nas/analysis/Sadegh/CX138/CX138/260319/T003346/Network/000004/well020/tm_curated.xlsx,/mnt/benshalom-nas/analysis/Sadegh/CX138/CX138/260319/T003346/Network/000004/well020/spike_times.npy,/mnt/benshalom-nas/analysis/Sadegh/CX138/CX138/260319/T003346/Network/000004/well020/tm_unfiltered.xlsx,/mnt/benshalom-nas/analysis/Sadegh/CX138/CX138/260319/T003346/Network/000004/well020/rejection_log.xlsx,/mnt/benshalom-nas/analysis/Sadegh/CX138/CX138/260319/T003346/Network/000004/well020/metrics_curated.xlsx,True,True,True,True,True,True,True
CX138,260319,T003346,000004,well021,/mnt/benshalom-nas/analysis/Sadegh/CX138/CX138/260319/T003346/Network/000004/well021,CX138|260319|T003346|000004|well021,/mnt/benshalom-nas/analysis/Sadegh/CX138/CX138/260319/T003346/Network/000004/well021/qm_unfiltered.xlsx,/mnt/benshalom-nas/analysis/Sadegh/CX138/CX138/260319/T003346/Network/000004/well021/network_results.json,/mnt/benshalom-nas/analysis/Sadegh/CX138/CX138/260319/T003346/Network/000004/well021/tm_curated.xlsx,/mnt/benshalom-nas/analysis/Sadegh/CX138/CX138/260319/T003346/Network/000004/well021/spike_times.npy,/mnt/benshalom-nas/analysis/Sadegh/CX138/CX138/260319/T003346/Network/000004/well021/tm_unfiltered.xlsx,/mnt/benshalom-nas/analysis/Sadegh/CX138/CX138/260319/T003346/Network/000004/well021/rejection_log.xlsx,/mnt/benshalom-nas/analysis/Sadegh/CX138/CX138/260319/T003346/Network/000004/well021/metrics_curated.xlsx,True,True,True,True,True,True,True
CX138,260319,T003346,000004,well022,/mnt/benshalom-nas/analysis/Sadegh/CX138/CX138/260319/T003346/Network/000004/well022,CX138|260319|T003346|000004|well022,/mnt/benshalom-nas/analysis/Sadegh/CX138/CX138/260319/T003346/Network/000004/well022/qm_unfiltered.xlsx,/mnt/benshalom-nas/analysis/Sadegh/CX138/CX138/260319/T003346/Network/000004/well022/network_results.json,/mnt/benshalom-nas/analysis/Sadegh/CX138/CX138/260319/T003346/Network/000004/well022/tm_curated.xlsx,/mnt/benshalom-nas/analysis/Sadegh/CX138/CX138/260319/T003346/Network/000004/well022/spike_times.npy,/mnt/benshalom-nas/analysis/Sadegh/CX138/CX138/260319/T003346/Network/000004/well022/tm_unfiltered.xlsx,/mnt/benshalom-nas/analysis/Sadegh/CX138/CX138/260319/T003346/Network/000004/well022/rejection_log.xlsx,/mnt/benshalom-nas/analysis/Sadegh/CX138/CX138/260319/T003346/Network/000004/well022/metrics_curated.xlsx,True,True,True,True,True,True,True
CX138,260319,T003346,000004,well023,/mnt/benshalom-nas/analysis/Sadegh/CX138/CX138/260319/T003346/Network/000004/well023,CX138|260319|T003346|000004|well023,/mnt/benshalom-nas/analysis/Sadegh/CX138/CX138/260319/T003346/Network/000004/well023/qm_unfiltered.xlsx,/mnt/benshalom-nas/analysis/Sadegh/CX138/CX138/260319/T003346/Network/000004/well023/network_results.json,/mnt/benshalom-nas/analysis/Sadegh/CX138/CX138/260319/T003346/Network/000004/well023/tm_curated.xlsx,/mnt/benshalom-nas/analysis/Sadegh/CX138/CX138/260319/T003346/Network/000004/well023/spike_times.npy,/mnt/benshalom-nas/analysis/Sadegh/CX138/CX138/260319/T003346/Network/000004/well023/tm_unfiltered.xlsx,/mnt/benshalom-nas/analysis/Sadegh/CX138/CX138/260319/T003346/Network/000004/well023/rejection_log.xlsx,/mnt/benshalom-nas/analysis/Sadegh/CX138/CX138/260319/T003346/Network/000004/well023/metrics_curated.xlsx,True,True,True,True,True,True,True
CX138,260319,T003346,000005,well000,/mnt/benshalom-nas/analysis/Sadegh/CX138/CX138/260319/T003346/Network/000005/well000,CX138|260319|T003346|000005|well000,/mnt/benshalom-nas/analysis/Sadegh/CX138/CX138/260319/T003346/Network/000005/well000/qm_unfiltered.xlsx,/mnt/benshalom-nas/analysis/Sadegh/CX138/CX138/260319/T003346/Network/000005/well000/network_results.json,/mnt/benshalom-nas/analysis/Sadegh/CX138/CX138/260319/T003346/Network/000005/well000/tm_curated.xlsx,/mnt/benshalom-nas/analysis/Sadegh/CX138/CX138/260319/T003346/Network/000005/well000/spike_times.npy,/mnt/benshalom-nas/analysis/Sadegh/CX138/CX138/260319/T003346/Network/000005/well000/tm_unfiltered.xlsx,/mnt/benshalom-nas/analysis/Sadegh/CX138/CX138/260319/T003346/Network/000005/well000/rejection_log.xlsx,/mnt/benshalom-nas/analysis/Sadegh/CX138/CX138/260319/T003346/Network/000005/well000/metrics_curated.xlsx,True,True,True,True,True,True,True
CX138,260319,T003346,000005,well001,/mnt/benshalom-nas/analysis/Sadegh/CX138/CX138/260319/T003346/Network/000005/well001,CX138|260319|T003346|000005|well001,/mnt/benshalom-nas/analysis/Sadegh/CX138/CX138/260319/T003346/Network/000005/well001/qm_unfiltered.xlsx,/mnt/benshalom-nas/analysis/Sadegh/CX138/CX138/260319/T003346/Network/000005/well001/network_results.json,/mnt/benshalom-nas/analysis/Sadegh/CX138/CX138/260319/T003346/Network/000005/well001/tm_curated.xlsx,/mnt/benshalom-nas/analysis/Sadegh/CX138/CX138/260319/T003346/Network/000005/well001/spike_times.npy,/mnt/benshalom-nas/analysis/Sadegh/CX138/CX138/260319/T003346/Network/000005/well001/tm_unfiltered.xlsx,/mnt/benshalom-nas/analysis/Sadegh/CX138/CX138/260319/T003346/Network/000005/well001/rejection_log.xlsx,/mnt/benshalom-nas/analysis/Sadegh/CX138/CX138/260319/T003346/Network/000005/well001/metrics_curated.xlsx,True,True,True,True,True,True,True
CX138,260319,T003346,000005,well002,/mnt/benshalom-nas/analysis/Sadegh/CX138/CX138/260319/T003346/Network/000005/well002,CX138|260319|T003346|000005|well002,/mnt/benshalom-nas/analysis/Sadegh/CX138/CX138/260319/T003346/Network/000005/well002/qm_unfiltered.xlsx,/mnt/benshalom-nas/analysis/Sadegh/CX138/CX138/260319/T003346/Network/000005/well002/network_results.json,/mnt/benshalom-nas/analysis/Sadegh/CX138/CX138/260319/T003346/Network/000005/well002/tm_curated.xlsx,/mnt/benshalom-nas/analysis/Sadegh/CX138/CX138/260319/T003346/Network/000005/well002/spike_times.npy,/mnt/benshalom-nas/analysis/Sadegh/CX138/CX138/260319/T003346/Network/000005/well002/tm_unfiltered.xlsx,/mnt/benshalom-nas/analysis/Sadegh/CX138/CX138/260319/T003346/Network/000005/well002/rejection_log.xlsx,/mnt/benshalom-nas/analysis/Sadegh/CX138/CX138/260319/T003346/Network/000005/well002/metrics_curated.xlsx,True,True,True,True,True,True,True
CX138,260319,T003346,000005,well003,/mnt/benshalom-nas/analysis/Sadegh/CX138/CX138/260319/T003346/Network/000005/well003,CX138|260319|T003346|000005|well003,/mnt/benshalom-nas/analysis/Sadegh/CX138/CX138/260319/T003346/Network/000005/well003/qm_unfiltered.xlsx,/mnt/benshalom-nas/analysis/Sadegh/CX138/CX138/260319/T003346/Network/000005/well003/network_results.json,/mnt/benshalom-nas/analysis/Sadegh/CX138/CX138/260319/T003346/Network/000005/well003/tm_curated.xlsx,/mnt/benshalom-nas/analysis/Sadegh/CX138/CX138/260319/T003346/Network/000005/well003/spike_times.npy,/mnt/benshalom-nas/analysis/Sadegh/CX138/CX138/260319/T003346/Network/000005/well003/tm_unfiltered.xlsx,/mnt/benshalom-nas/analysis/Sadegh/CX138/CX138/260319/T003346/Network/000005/well003/rejection_log.xlsx,/mnt/benshalom-nas/analysis/Sadegh/CX138/CX138/260319/T003346/Network/000005/well003/metrics_curated.xlsx,True,True,True,True,True,True,True
CX138,260319,T003346,000005,well004,/mnt/benshalom-nas/analysis/Sadegh/CX138/CX138/260319/T003346/Network/000005/well004,CX138|260319|T003346|000005|well004,/mnt/benshalom-nas/analysis/Sadegh/CX138/CX138/260319/T003346/Network/000005/well004/qm_unfiltered.xlsx,/mnt/benshalom-nas/analysis/Sadegh/CX138/CX138/260319/T003346/Network/000005/well004/network_results.json,/mnt/benshalom-nas/analysis/Sadegh/CX138/CX138/260319/T003346/Network/000005/well004/tm_curated.xlsx,/mnt/benshalom-nas/analysis/Sadegh/CX138/CX138/260319/T003346/Network/000005/well004/spike_times.npy,/mnt/benshalom-nas/analysis/Sadegh/CX138/CX138/260319/T003346/Network/000005/well004/tm_unfiltered.xlsx,/mnt/benshalom-nas/analysis/Sadegh/CX138/CX138/260319/T003346/Network/000005/well004/rejection_log.xlsx,/mnt/benshalom-nas/analysis/Sadegh/CX138/CX138/260319/T003346/Network/000005/well004/metrics_curated.xlsx,True,True,True,True,True,True,True
CX138,260319,T003346,000005,well005,/mnt/benshalom-nas/analysis/Sadegh/CX138/CX138/260319/T003346/Network/000005/well005,CX138|260319|T003346|000005|well005,/mnt/benshalom-nas/analysis/Sadegh/CX138/CX138/260319/T003346/Network/000005/well005/qm_unfiltered.xlsx,/mnt/benshalom-nas/analysis/Sadegh/CX138/CX138/260319/T003346/Network/000005/well005/network_results.json,/mnt/benshalom-nas/analysis/Sadegh/CX138/CX138/260319/T003346/Network/000005/well005/tm_curated.xlsx,/mnt/benshalom-nas/analysis/Sadegh/CX138/CX138/260319/T003346/Network/000005/well005/spike_times.npy,/mnt/benshalom-nas/analysis/Sadegh/CX138/CX138/260319/T003346/Network/000005/well005/tm_unfiltered.xlsx,/mnt/benshalom-nas/analysis/Sadegh/CX138/CX138/260319/T003346/Network/000005/well005/rejection_log.xlsx,/mnt/benshalom-nas/analysis/Sadegh/CX138/CX138/260319/T003346/Network/000005/well005/metrics_curated.xlsx,True,True,True,True,True,True,True
CX138,260319,T003346,000005,well006,/mnt/benshalom-nas/analysis/Sadegh/CX138/CX138/260319/T003346/Network/000005/well006,CX138|260319|T003346|000005|well006,/mnt/benshalom-nas/analysis/Sadegh/CX138/CX138/260319/T003346/Network/000005/well006/qm_unfiltered.xlsx,/mnt/benshalom-nas/analysis/Sadegh/CX138/CX138/260319/T003346/Network/000005/well006/network_results.json,/mnt/benshalom-nas/analysis/Sadegh/CX138/CX138/260319/T003346/Network/000005/well006/tm_curated.xlsx,/mnt/benshalom-nas/analysis/Sadegh/CX138/CX138/260319/T003346/Network/000005/well006/spike_times.npy,/mnt/benshalom-nas/analysis/Sadegh/CX138/CX138/260319/T003346/Network/000005/well006/tm_unfiltered.xlsx,/mnt/benshalom-nas/analysis/Sadegh/CX138/CX138/260319/T003346/Network/000005/well006/rejection_log.xlsx,/mnt/benshalom-nas/analysis/Sadegh/CX138/CX138/260319/T003346/Network/000005/well006/metrics_curated.xlsx,True,True,True,True,True,True,True
CX138,260319,T003346,000005,well007,/mnt/benshalom-nas/analysis/Sadegh/CX138/CX138/260319/T003346/Network/000005/well007,CX138|260319|T003346|000005|well007,/mnt/benshalom-nas/analysis/Sadegh/CX138/CX138/260319/T003346/Network/000005/well007/qm_unfiltered.xlsx,/mnt/benshalom-nas/analysis/Sadegh/CX138/CX138/260319/T003346/Network/000005/well007/network_results.json,/mnt/benshalom-nas/analysis/Sadegh/CX138/CX138/260319/T003346/Network/000005/well007/tm_curated.xlsx,/mnt/benshalom-nas/analysis/Sadegh/CX138/CX138/260319/T003346/Network/000005/well007/spike_times.npy,/mnt/benshalom-nas/analysis/Sadegh/CX138/CX138/260319/T003346/Network/000005/well007/tm_unfiltered.xlsx,/mnt/benshalom-nas/analysis/Sadegh/CX138/CX138/260319/T003346/Network/000005/well007/rejection_log.xlsx,/mnt/benshalom-nas/analysis/Sadegh/CX138/CX138/260319/T003346/Network/000005/well007/metrics_curated.xlsx,True,True,True,True,True,True,True
CX138,260319,T003346,000005,well008,/mnt/benshalom-nas/analysis/Sadegh/CX138/CX138/260319/T003346/Network/000005/well008,CX138|260319|T003346|000005|well008,/mnt/benshalom-nas/analysis/Sadegh/CX138/CX138/260319/T003346/Network/000005/well008/qm_unfiltered.xlsx,/mnt/benshalom-nas/analysis/Sadegh/CX138/CX138/260319/T003346/Network/000005/well008/network_results.json,/mnt/benshalom-nas/analysis/Sadegh/CX138/CX138/260319/T003346/Network/000005/well008/tm_curated.xlsx,/mnt/benshalom-nas/analysis/Sadegh/CX138/CX138/260319/T003346/Network/000005/well008/spike_times.npy,/mnt/benshalom-nas/analysis/Sadegh/CX138/CX138/260319/T003346/Network/000005/well008/tm_unfiltered.xlsx,/mnt/benshalom-nas/analysis/Sadegh/CX138/CX138/260319/T003346/Network/000005/well008/rejection_log.xlsx,/mnt/benshalom-nas/analysis/Sadegh/CX138/CX138/260319/T003346/Network/000005/well008/metrics_curated.xlsx,True,True,True,True,True,True,True
CX138,260319,T003346,000005,well009,/mnt/benshalom-nas/analysis/Sadegh/CX138/CX138/260319/T003346/Network/000005/well009,CX138|260319|T003346|000005|well009,/mnt/benshalom-nas/analysis/Sadegh/CX138/CX138/260319/T003346/Network/000005/well009/qm_unfiltered.xlsx,/mnt/benshalom-nas/analysis/Sadegh/CX138/CX138/260319/T003346/Network/000005/well009/network_results.json,/mnt/benshalom-nas/analysis/Sadegh/CX138/CX138/260319/T003346/Network/000005/well009/tm_curated.xlsx,/mnt/benshalom-nas/analysis/Sadegh/CX138/CX138/260319/T003346/Network/000005/well009/spike_times.npy,/mnt/benshalom-nas/analysis/Sadegh/CX138/CX138/260319/T003346/Network/000005/well009/tm_unfiltered.xlsx,/mnt/benshalom-nas/analysis/Sadegh/CX138/CX138/260319/T003346/Network/000005/well009/rejection_log.xlsx,/mnt/benshalom-nas/analysis/Sadegh/CX138/CX138/260319/T003346/Network/000005/well009/metrics_curated.xlsx,True,True,True,True,True,True,True
CX138,260319,T003346,000005,well010,/mnt/benshalom-nas/analysis/Sadegh/CX138/CX138/260319/T003346/Network/000005/well010,CX138|260319|T003346|000005|well010,/mnt/benshalom-nas/analysis/Sadegh/CX138/CX138/260319/T003346/Network/000005/well010/qm_unfiltered.xlsx,/mnt/benshalom-nas/analysis/Sadegh/CX138/CX138/260319/T003346/Network/000005/well010/network_results.json,/mnt/benshalom-nas/analysis/Sadegh/CX138/CX138/260319/T003346/Network/000005/well010/tm_curated.xlsx,/mnt/benshalom-nas/analysis/Sadegh/CX138/CX138/260319/T003346/Network/000005/well010/spike_times.npy,/mnt/benshalom-nas/analysis/Sadegh/CX138/CX138/260319/T003346/Network/000005/well010/tm_unfiltered.xlsx,/mnt/benshalom-nas/analysis/Sadegh/CX138/CX138/260319/T003346/Network/000005/well010/rejection_log.xlsx,/mnt/benshalom-nas/analysis/Sadegh/CX138/CX138/260319/T003346/Network/000005/well010/metrics_curated.xlsx,True,True,True,True,True,True,True
CX138,260319,T003346,000005,well011,/mnt/benshalom-nas/analysis/Sadegh/CX138/CX138/260319/T003346/Network/000005/well011,CX138|260319|T003346|000005|well011,/mnt/benshalom-nas/analysis/Sadegh/CX138/CX138/260319/T003346/Network/000005/well011/qm_unfiltered.xlsx,/mnt/benshalom-nas/analysis/Sadegh/CX138/CX138/260319/T003346/Network/000005/well011/network_results.json,/mnt/benshalom-nas/analysis/Sadegh/CX138/CX138/260319/T003346/Network/000005/well011/tm_curated.xlsx,/mnt/benshalom-nas/analysis/Sadegh/CX138/CX138/260319/T003346/Network/000005/well011/spike_times.npy,/mnt/benshalom-nas/analysis/Sadegh/CX138/CX138/260319/T003346/Network/000005/well011/tm_unfiltered.xlsx,/mnt/benshalom-nas/analysis/Sadegh/CX138/CX138/260319/T003346/Network/000005/well011/rejection_log.xlsx,/mnt/benshalom-nas/analysis/Sadegh/CX138/CX138/260319/T003346/Network/000005/well011/metrics_curated.xlsx,True,True,True,True,True,True,True
CX138,260319,T003346,000005,well012,/mnt/benshalom-nas/analysis/Sadegh/CX138/CX138/260319/T003346/Network/000005/well012,CX138|260319|T003346|000005|well012,/mnt/benshalom-nas/analysis/Sadegh/CX138/CX138/260319/T003346/Network/000005/well012/qm_unfiltered.xlsx,/mnt/benshalom-nas/analysis/Sadegh/CX138/CX138/260319/T003346/Network/000005/well012/network_results.json,/mnt/benshalom-nas/analysis/Sadegh/CX138/CX138/260319/T003346/Network/000005/well012/tm_curated.xlsx,/mnt/benshalom-nas/analysis/Sadegh/CX138/CX138/260319/T003346/Network/000005/well012/spike_times.npy,/mnt/benshalom-nas/analysis/Sadegh/CX138/CX138/260319/T003346/Network/000005/well012/tm_unfiltered.xlsx,/mnt/benshalom-nas/analysis/Sadegh/CX138/CX138/260319/T003346/Network/000005/well012/rejection_log.xlsx,/mnt/benshalom-nas/analysis/Sadegh/CX138/CX138/260319/T003346/Network/000005/well012/metrics_curated.xlsx,True,True,True,True,True,True,True
CX138,260319,T003346,000005,well013,/mnt/benshalom-nas/analysis/Sadegh/CX138/CX138/260319/T003346/Network/000005/well013,CX138|260319|T003346|000005|well013,/mnt/benshalom-nas/analysis/Sadegh/CX138/CX138/260319/T003346/Network/000005/well013/qm_unfiltered.xlsx,/mnt/benshalom-nas/analysis/Sadegh/CX138/CX138/260319/T003346/Network/000005/well013/network_results.json,/mnt/benshalom-nas/analysis/Sadegh/CX138/CX138/260319/T003346/Network/000005/well013/tm_curated.xlsx,/mnt/benshalom-nas/analysis/Sadegh/CX138/CX138/260319/T003346/Network/000005/well013/spike_times.npy,/mnt/benshalom-nas/analysis/Sadegh/CX138/CX138/260319/T003346/Network/000005/well013/tm_unfiltered.xlsx,/mnt/benshalom-nas/analysis/Sadegh/CX138/CX138/260319/T003346/Network/000005/well013/rejection_log.xlsx,/mnt/benshalom-nas/analysis/Sadegh/CX138/CX138/260319/T003346/Network/000005/well013/metrics_curated.xlsx,True,True,True,True,True,True,True
CX138,260319,T003346,000005,well014,/mnt/benshalom-nas/analysis/Sadegh/CX138/CX138/260319/T003346/Network/000005/well014,CX138|260319|T003346|000005|well014,/mnt/benshalom-nas/analysis/Sadegh/CX138/CX138/260319/T003346/Network/000005/well014/qm_unfiltered.xlsx,/mnt/benshalom-nas/analysis/Sadegh/CX138/CX138/260319/T003346/Network/000005/well014/network_results.json,/mnt/benshalom-nas/analysis/Sadegh/CX138/CX138/260319/T003346/Network/000005/well014/tm_curated.xlsx,/mnt/benshalom-nas/analysis/Sadegh/CX138/CX138/260319/T003346/Network/000005/well014/spike_times.npy,/mnt/benshalom-nas/analysis/Sadegh/CX138/CX138/260319/T003346/Network/000005/well014/tm_unfiltered.xlsx,/mnt/benshalom-nas/analysis/Sadegh/CX138/CX138/260319/T003346/Network/000005/well014/rejection_log.xlsx,/mnt/benshalom-nas/analysis/Sadegh/CX138/CX138/260319/T003346/Network/000005/well014/metrics_curated.xlsx,True,True,True,True,True,True,True
CX138,260319,T003346,000005,well015,/mnt/benshalom-nas/analysis/Sadegh/CX138/CX138/260319/T003346/Network/000005/well015,CX138|260319|T003346|000005|well015,/mnt/benshalom-nas/analysis/Sadegh/CX138/CX138/260319/T003346/Network/000005/well015/qm_unfiltered.xlsx,/mnt/benshalom-nas/analysis/Sadegh/CX138/CX138/260319/T003346/Network/000005/well015/network_results.json,/mnt/benshalom-nas/analysis/Sadegh/CX138/CX138/260319/T003346/Network/000005/well015/tm_curated.xlsx,/mnt/benshalom-nas/analysis/Sadegh/CX138/CX138/260319/T003346/Network/000005/well015/spike_times.npy,/mnt/benshalom-nas/analysis/Sadegh/CX138/CX138/260319/T003346/Network/000005/well015/tm_unfiltered.xlsx,/mnt/benshalom-nas/analysis/Sadegh/CX138/CX138/260319/T003346/Network/000005/well015/rejection_log.xlsx,/mnt/benshalom-nas/analysis/Sadegh/CX138/CX138/260319/T003346/Network/000005/well015/metrics_curated.xlsx,True,True,True,True,True,True,True
CX138,260319,T003346,000005,well016,/mnt/benshalom-nas/analysis/Sadegh/CX138/CX138/260319/T003346/Network/000005/well016,CX138|260319|T003346|000005|well016,/mnt/benshalom-nas/analysis/Sadegh/CX138/CX138/260319/T003346/Network/000005/well016/qm_unfiltered.xlsx,/mnt/benshalom-nas/analysis/Sadegh/CX138/CX138/260319/T003346/Network/000005/well016/network_results.json,/mnt/benshalom-nas/analysis/Sadegh/CX138/CX138/260319/T003346/Network/000005/well016/tm_curated.xlsx,/mnt/benshalom-nas/analysis/Sadegh/CX138/CX138/260319/T003346/Network/000005/well016/spike_times.npy,/mnt/benshalom-nas/analysis/Sadegh/CX138/CX138/260319/T003346/Network/000005/well016/tm_unfiltered.xlsx,/mnt/benshalom-nas/analysis/Sadegh/CX138/CX138/260319/T003346/Network/000005/well016/rejection_log.xlsx,/mnt/benshalom-nas/analysis/Sadegh/CX138/CX138/260319/T003346/Network/000005/well016/metrics_curated.xlsx,True,True,True,True,True,True,True
CX138,260319,T003346,000005,well017,/mnt/benshalom-nas/analysis/Sadegh/CX138/CX138/260319/T003346/Network/000005/well017,CX138|260319|T003346|000005|well017,/mnt/benshalom-nas/analysis/Sadegh/CX138/CX138/260319/T003346/Network/000005/well017/qm_unfiltered.xlsx,/mnt/benshalom-nas/analysis/Sadegh/CX138/CX138/260319/T003346/Network/000005/well017/network_results.json,/mnt/benshalom-nas/analysis/Sadegh/CX138/CX138/260319/T003346/Network/000005/well017/tm_curated.xlsx,/mnt/benshalom-nas/analysis/Sadegh/CX138/CX138/260319/T003346/Network/000005/well017/spike_times.npy,/mnt/benshalom-nas/analysis/Sadegh/CX138/CX138/260319/T003346/Network/000005/well017/tm_unfiltered.xlsx,/mnt/benshalom-nas/analysis/Sadegh/CX138/CX138/260319/T003346/Network/000005/well017/rejection_log.xlsx,/mnt/benshalom-nas/analysis/Sadegh/CX138/CX138/260319/T003346/Network/000005/well017/metrics_curated.xlsx,True,True,True,True,True,True,True
CX138,260319,T003346,000005,well018,/mnt/benshalom-nas/analysis/Sadegh/CX138/CX138/260319/T003346/Network/000005/well018,CX138|260319|T003346|000005|well018,/mnt/benshalom-nas/analysis/Sadegh/CX138/CX138/260319/T003346/Network/000005/well018/qm_unfiltered.xlsx,/mnt/benshalom-nas/analysis/Sadegh/CX138/CX138/260319/T003346/Network/000005/well018/network_results.json,/mnt/benshalom-nas/analysis/Sadegh/CX138/CX138/260319/T003346/Network/000005/well018/tm_curated.xlsx,/mnt/benshalom-nas/analysis/Sadegh/CX138/CX138/260319/T003346/Network/000005/well018/spike_times.npy,/mnt/benshalom-nas/analysis/Sadegh/CX138/CX138/260319/T003346/Network/000005/well018/tm_unfiltered.xlsx,/mnt/benshalom-nas/analysis/Sadegh/CX138/CX138/260319/T003346/Network/000005/well018/rejection_log.xlsx,/mnt/benshalom-nas/analysis/Sadegh/CX138/CX138/260319/T003346/Network/000005/well018/metrics_curated.xlsx,True,True,True,True,True,True,True
CX138,260319,T003346,000005,well019,/mnt/benshalom-nas/analysis/Sadegh/CX138/CX138/260319/T003346/Network/000005/well019,CX138|260319|T003346|000005|well019,/mnt/benshalom-nas/analysis/Sadegh/CX138/CX138/260319/T003346/Network/000005/well019/qm_unfiltered.xlsx,/mnt/benshalom-nas/analysis/Sadegh/CX138/CX138/260319/T003346/Network/000005/well019/network_results.json,/mnt/benshalom-nas/analysis/Sadegh/CX138/CX138/260319/T003346/Network/000005/well019/tm_curated.xlsx,/mnt/benshalom-nas/analysis/Sadegh/CX138/CX138/260319/T003346/Network/000005/well019/spike_times.npy,/mnt/benshalom-nas/analysis/Sadegh/CX138/CX138/260319/T003346/Network/000005/well019/tm_unfiltered.xlsx,/mnt/benshalom-nas/analysis/Sadegh/CX138/CX138/260319/T003346/Network/000005/well019/rejection_log.xlsx,/mnt/benshalom-nas/analysis/Sadegh/CX138/CX138/260319/T003346/Network/000005/well019/metrics_curated.xlsx,True,True,True,True,True,True,True
CX138,260319,T003346,000005,well020,/mnt/benshalom-nas/analysis/Sadegh/CX138/CX138/260319/T003346/Network/000005/well020,CX138|260319|T003346|000005|well020,/mnt/benshalom-nas/analysis/Sadegh/CX138/CX138/260319/T003346/Network/000005/well020/qm_unfiltered.xlsx,/mnt/benshalom-nas/analysis/Sadegh/CX138/CX138/260319/T003346/Network/000005/well020/network_results.json,/mnt/benshalom-nas/analysis/Sadegh/CX138/CX138/260319/T003346/Network/000005/well020/tm_curated.xlsx,/mnt/benshalom-nas/analysis/Sadegh/CX138/CX138/260319/T003346/Network/000005/well020/spike_times.npy,/mnt/benshalom-nas/analysis/Sadegh/CX138/CX138/260319/T003346/Network/000005/well020/tm_unfiltered.xlsx,/mnt/benshalom-nas/analysis/Sadegh/CX138/CX138/260319/T003346/Network/000005/well020/rejection_log.xlsx,/mnt/benshalom-nas/analysis/Sadegh/CX138/CX138/260319/T003346/Network/000005/well020/metrics_curated.xlsx,True,True,True,True,True,True,True
CX138,260319,T003346,000005,well021,/mnt/benshalom-nas/analysis/Sadegh/CX138/CX138/260319/T003346/Network/000005/well021,CX138|260319|T003346|000005|well021,/mnt/benshalom-nas/analysis/Sadegh/CX138/CX138/260319/T003346/Network/000005/well021/qm_unfiltered.xlsx,/mnt/benshalom-nas/analysis/Sadegh/CX138/CX138/260319/T003346/Network/000005/well021/network_results.json,/mnt/benshalom-nas/analysis/Sadegh/CX138/CX138/260319/T003346/Network/000005/well021/tm_curated.xlsx,/mnt/benshalom-nas/analysis/Sadegh/CX138/CX138/260319/T003346/Network/000005/well021/spike_times.npy,/mnt/benshalom-nas/analysis/Sadegh/CX138/CX138/260319/T003346/Network/000005/well021/tm_unfiltered.xlsx,/mnt/benshalom-nas/analysis/Sadegh/CX138/CX138/260319/T003346/Network/000005/well021/rejection_log.xlsx,/mnt/benshalom-nas/analysis/Sadegh/CX138/CX138/260319/T003346/Network/000005/well021/metrics_curated.xlsx,True,True,True,True,True,True,True
CX138,260319,T003346,000005,well022,/mnt/benshalom-nas/analysis/Sadegh/CX138/CX138/260319/T003346/Network/000005/well022,CX138|260319|T003346|000005|well022,/mnt/benshalom-nas/analysis/Sadegh/CX138/CX138/260319/T003346/Network/000005/well022/qm_unfiltered.xlsx,/mnt/benshalom-nas/analysis/Sadegh/CX138/CX138/260319/T003346/Network/000005/well022/network_results.json,/mnt/benshalom-nas/analysis/Sadegh/CX138/CX138/260319/T003346/Network/000005/well022/tm_curated.xlsx,/mnt/benshalom-nas/analysis/Sadegh/CX138/CX138/260319/T003346/Network/000005/well022/spike_times.npy,/mnt/benshalom-nas/analysis/Sadegh/CX138/CX138/260319/T003346/Network/000005/well022/tm_unfiltered.xlsx,/mnt/benshalom-nas/analysis/Sadegh/CX138/CX138/260319/T003346/Network/000005/well022/rejection_log.xlsx,/mnt/benshalom-nas/analysis/Sadegh/CX138/CX138/260319/T003346/Network/000005/well022/metrics_curated.xlsx,True,True,True,True,True,True,True
CX138,260319,T003346,000005,well023,/mnt/benshalom-nas/analysis/Sadegh/CX138/CX138/260319/T003346/Network/000005/well023,CX138|260319|T003346|000005|well023,/mnt/benshalom-nas/analysis/Sadegh/CX138/CX138/260319/T003346/Network/000005/well023/qm_unfiltered.xlsx,/mnt/benshalom-nas/analysis/Sadegh/CX138/CX138/260319/T003346/Network/000005/well023/network_results.json,/mnt/benshalom-nas/analysis/Sadegh/CX138/CX138/260319/T003346/Network/000005/well023/tm_curated.xlsx,/mnt/benshalom-nas/analysis/Sadegh/CX138/CX138/260319/T003346/Network/000005/well023/spike_times.npy,/mnt/benshalom-nas/analysis/Sadegh/CX138/CX138/260319/T003346/Network/000005/well023/tm_unfiltered.xlsx,/mnt/benshalom-nas/analysis/Sadegh/CX138/CX138/260319/T003346/Network/000005/well023/rejection_log.xlsx,/mnt/benshalom-nas/analysis/Sadegh/CX138/CX138/260319/T003346/Network/000005/well023/metrics_curated.xlsx,True,True,True,True,True,True,True
CX138,260321,T003346,000007,well000,/mnt/benshalom-nas/analysis/Sadegh/CX138/CX138/260321/T003346/Network/000007/well000,CX138|260321|T003346|000007|well000,/mnt/benshalom-nas/analysis/Sadegh/CX138/CX138/260321/T003346/Network/000007/well000/qm_unfiltered.xlsx,/mnt/benshalom-nas/analysis/Sadegh/CX138/CX138/260321/T003346/Network/000007/well000/network_results.json,/mnt/benshalom-nas/analysis/Sadegh/CX138/CX138/260321/T003346/Network/000007/well000/tm_curated.xlsx,/mnt/benshalom-nas/analysis/Sadegh/CX138/CX138/260321/T003346/Network/000007/well000/spike_times.npy,/mnt/benshalom-nas/analysis/Sadegh/CX138/CX138/260321/T003346/Network/000007/well000/tm_unfiltered.xlsx,/mnt/benshalom-nas/analysis/Sadegh/CX138/CX138/260321/T003346/Network/000007/well000/rejection_log.xlsx,/mnt/benshalom-nas/analysis/Sadegh/CX138/CX138/260321/T003346/Network/000007/well000/metrics_curated.xlsx,True,True,True,True,True,True,True
CX138,260321,T003346,000007,well001,/mnt/benshalom-nas/analysis/Sadegh/CX138/CX138/260321/T003346/Network/000007/well001,CX138|260321|T003346|000007|well001,/mnt/benshalom-nas/analysis/Sadegh/CX138/CX138/260321/T003346/Network/000007/well001/qm_unfiltered.xlsx,/mnt/benshalom-nas/analysis/Sadegh/CX138/CX138/260321/T003346/Network/000007/well001/network_results.json,/mnt/benshalom-nas/analysis/Sadegh/CX138/CX138/260321/T003346/Network/000007/well001/tm_curated.xlsx,/mnt/benshalom-nas/analysis/Sadegh/CX138/CX138/260321/T003346/Network/000007/well001/spike_times.npy,/mnt/benshalom-nas/analysis/Sadegh/CX138/CX138/260321/T003346/Network/000007/well001/tm_unfiltered.xlsx,/mnt/benshalom-nas/analysis/Sadegh/CX138/CX138/260321/T003346/Network/000007/well001/rejection_log.xlsx,/mnt/benshalom-nas/analysis/Sadegh/CX138/CX138/260321/T003346/Network/000007/well001/metrics_curated.xlsx,True,True,True,True,True,True,True
CX138,260321,T003346,000007,well002,/mnt/benshalom-nas/analysis/Sadegh/CX138/CX138/260321/T003346/Network/000007/well002,CX138|260321|T003346|000007|well002,/mnt/benshalom-nas/analysis/Sadegh/CX138/CX138/260321/T003346/Network/000007/well002/qm_unfiltered.xlsx,/mnt/benshalom-nas/analysis/Sadegh/CX138/CX138/260321/T003346/Network/000007/well002/network_results.json,/mnt/benshalom-nas/analysis/Sadegh/CX138/CX138/260321/T003346/Network/000007/well002/tm_curated.xlsx,/mnt/benshalom-nas/analysis/Sadegh/CX138/CX138/260321/T003346/Network/000007/well002/spike_times.npy,/mnt/benshalom-nas/analysis/Sadegh/CX138/CX138/260321/T003346/Network/000007/well002/tm_unfiltered.xlsx,/mnt/benshalom-nas/analysis/Sadegh/CX138/CX138/260321/T003346/Network/000007/well002/rejection_log.xlsx,/mnt/benshalom-nas/analysis/Sadegh/CX138/CX138/260321/T003346/Network/000007/well002/metrics_curated.xlsx,True,True,True,True,True,True,True
CX138,260321,T003346,000007,well003,/mnt/benshalom-nas/analysis/Sadegh/CX138/CX138/260321/T003346/Network/000007/well003,CX138|260321|T003346|000007|well003,/mnt/benshalom-nas/analysis/Sadegh/CX138/CX138/260321/T003346/Network/000007/well003/qm_unfiltered.xlsx,/mnt/benshalom-nas/analysis/Sadegh/CX138/CX138/260321/T003346/Network/000007/well003/network_results.json,/mnt/benshalom-nas/analysis/Sadegh/CX138/CX138/260321/T003346/Network/000007/well003/tm_curated.xlsx,/mnt/benshalom-nas/analysis/Sadegh/CX138/CX138/260321/T003346/Network/000007/well003/spike_times.npy,/mnt/benshalom-nas/analysis/Sadegh/CX138/CX138/260321/T003346/Network/000007/well003/tm_unfiltered.xlsx,/mnt/benshalom-nas/analysis/Sadegh/CX138/CX138/260321/T003346/Network/000007/well003/rejection_log.xlsx,/mnt/benshalom-nas/analysis/Sadegh/CX138/CX138/260321/T003346/Network/000007/well003/metrics_curated.xlsx,True,True,True,True,True,True,True
CX138,260321,T003346,000007,well004,/mnt/benshalom-nas/analysis/Sadegh/CX138/CX138/260321/T003346/Network/000007/well004,CX138|260321|T003346|000007|well004,/mnt/benshalom-nas/analysis/Sadegh/CX138/CX138/260321/T003346/Network/000007/well004/qm_unfiltered.xlsx,/mnt/benshalom-nas/analysis/Sadegh/CX138/CX138/260321/T003346/Network/000007/well004/network_results.json,/mnt/benshalom-nas/analysis/Sadegh/CX138/CX138/260321/T003346/Network/000007/well004/tm_curated.xlsx,/mnt/benshalom-nas/analysis/Sadegh/CX138/CX138/260321/T003346/Network/000007/well004/spike_times.npy,/mnt/benshalom-nas/analysis/Sadegh/CX138/CX138/260321/T003346/Network/000007/well004/tm_unfiltered.xlsx,/mnt/benshalom-nas/analysis/Sadegh/CX138/CX138/260321/T003346/Network/000007/well004/rejection_log.xlsx,/mnt/benshalom-nas/analysis/Sadegh/CX138/CX138/260321/T003346/Network/000007/well004/metrics_curated.xlsx,True,True,True,True,True,True,True
CX138,260321,T003346,000007,well005,/mnt/benshalom-nas/analysis/Sadegh/CX138/CX138/260321/T003346/Network/000007/well005,CX138|260321|T003346|000007|well005,/mnt/benshalom-nas/analysis/Sadegh/CX138/CX138/260321/T003346/Network/000007/well005/qm_unfiltered.xlsx,/mnt/benshalom-nas/analysis/Sadegh/CX138/CX138/260321/T003346/Network/000007/well005/network_results.json,/mnt/benshalom-nas/analysis/Sadegh/CX138/CX138/260321/T003346/Network/000007/well005/tm_curated.xlsx,/mnt/benshalom-nas/analysis/Sadegh/CX138/CX138/260321/T003346/Network/000007/well005/spike_times.npy,/mnt/benshalom-nas/analysis/Sadegh/CX138/CX138/260321/T003346/Network/000007/well005/tm_unfiltered.xlsx,/mnt/benshalom-nas/analysis/Sadegh/CX138/CX138/260321/T003346/Network/000007/well005/rejection_log.xlsx,/mnt/benshalom-nas/analysis/Sadegh/CX138/CX138/260321/T003346/Network/000007/well005/metrics_curated.xlsx,True,True,True,True,True,True,True
CX138,260321,T003346,000007,well006,/mnt/benshalom-nas/analysis/Sadegh/CX138/CX138/260321/T003346/Network/000007/well006,CX138|260321|T003346|000007|well006,/mnt/benshalom-nas/analysis/Sadegh/CX138/CX138/260321/T003346/Network/000007/well006/qm_unfiltered.xlsx,/mnt/benshalom-nas/analysis/Sadegh/CX138/CX138/260321/T003346/Network/000007/well006/network_results.json,/mnt/benshalom-nas/analysis/Sadegh/CX138/CX138/260321/T003346/Network/000007/well006/tm_curated.xlsx,/mnt/benshalom-nas/analysis/Sadegh/CX138/CX138/260321/T003346/Network/000007/well006/spike_times.npy,/mnt/benshalom-nas/analysis/Sadegh/CX138/CX138/260321/T003346/Network/000007/well006/tm_unfiltered.xlsx,/mnt/benshalom-nas/analysis/Sadegh/CX138/CX138/260321/T003346/Network/000007/well006/rejection_log.xlsx,/mnt/benshalom-nas/analysis/Sadegh/CX138/CX138/260321/T003346/Network/000007/well006/metrics_curated.xlsx,True,True,True,True,True,True,True
CX138,260321,T003346,000007,well007,/mnt/benshalom-nas/analysis/Sadegh/CX138/CX138/260321/T003346/Network/000007/well007,CX138|260321|T003346|000007|well007,/mnt/benshalom-nas/analysis/Sadegh/CX138/CX138/260321/T003346/Network/000007/well007/qm_unfiltered.xlsx,/mnt/benshalom-nas/analysis/Sadegh/CX138/CX138/260321/T003346/Network/000007/well007/network_results.json,/mnt/benshalom-nas/analysis/Sadegh/CX138/CX138/260321/T003346/Network/000007/well007/tm_curated.xlsx,/mnt/benshalom-nas/analysis/Sadegh/CX138/CX138/260321/T003346/Network/000007/well007/spike_times.npy,/mnt/benshalom-nas/analysis/Sadegh/CX138/CX138/260321/T003346/Network/000007/well007/tm_unfiltered.xlsx,/mnt/benshalom-nas/analysis/Sadegh/CX138/CX138/260321/T003346/Network/000007/well007/rejection_log.xlsx,/mnt/benshalom-nas/analysis/Sadegh/CX138/CX138/260321/T003346/Network/000007/well007/metrics_curated.xlsx,True,True,True,True,True,True,True
CX138,260321,T003346,000007,well008,/mnt/benshalom-nas/analysis/Sadegh/CX138/CX138/260321/T003346/Network/000007/well008,CX138|260321|T003346|000007|well008,/mnt/benshalom-nas/analysis/Sadegh/CX138/CX138/260321/T003346/Network/000007/well008/qm_unfiltered.xlsx,/mnt/benshalom-nas/analysis/Sadegh/CX138/CX138/260321/T003346/Network/000007/well008/network_results.json,/mnt/benshalom-nas/analysis/Sadegh/CX138/CX138/260321/T003346/Network/000007/well008/tm_curated.xlsx,/mnt/benshalom-nas/analysis/Sadegh/CX138/CX138/260321/T003346/Network/000007/well008/spike_times.npy,/mnt/benshalom-nas/analysis/Sadegh/CX138/CX138/260321/T003346/Network/000007/well008/tm_unfiltered.xlsx,/mnt/benshalom-nas/analysis/Sadegh/CX138/CX138/260321/T003346/Network/000007/well008/rejection_log.xlsx,/mnt/benshalom-nas/analysis/Sadegh/CX138/CX138/260321/T003346/Network/000007/well008/metrics_curated.xlsx,True,True,True,True,True,True,True
CX138,260321,T003346,000007,well009,/mnt/benshalom-nas/analysis/Sadegh/CX138/CX138/260321/T003346/Network/000007/well009,CX138|260321|T003346|000007|well009,/mnt/benshalom-nas/analysis/Sadegh/CX138/CX138/260321/T003346/Network/000007/well009/qm_unfiltered.xlsx,/mnt/benshalom-nas/analysis/Sadegh/CX138/CX138/260321/T003346/Network/000007/well009/network_results.json,/mnt/benshalom-nas/analysis/Sadegh/CX138/CX138/260321/T003346/Network/000007/well009/tm_curated.xlsx,/mnt/benshalom-nas/analysis/Sadegh/CX138/CX138/260321/T003346/Network/000007/well009/spike_times.npy,/mnt/benshalom-nas/analysis/Sadegh/CX138/CX138/260321/T003346/Network/000007/well009/tm_unfiltered.xlsx,/mnt/benshalom-nas/analysis/Sadegh/CX138/CX138/260321/T003346/Network/000007/well009/rejection_log.xlsx,/mnt/benshalom-nas/analysis/Sadegh/CX138/CX138/260321/T003346/Network/000007/well009/metrics_curated.xlsx,True,True,True,True,True,True,True
CX138,260321,T003346,000007,well010,/mnt/benshalom-nas/analysis/Sadegh/CX138/CX138/260321/T003346/Network/000007/well010,CX138|260321|T003346|000007|well010,/mnt/benshalom-nas/analysis/Sadegh/CX138/CX138/260321/T003346/Network/000007/well010/qm_unfiltered.xlsx,/mnt/benshalom-nas/analysis/Sadegh/CX138/CX138/260321/T003346/Network/000007/well010/network_results.json,/mnt/benshalom-nas/analysis/Sadegh/CX138/CX138/260321/T003346/Network/000007/well010/tm_curated.xlsx,/mnt/benshalom-nas/analysis/Sadegh/CX138/CX138/260321/T003346/Network/000007/well010/spike_times.npy,/mnt/benshalom-nas/analysis/Sadegh/CX138/CX138/260321/T003346/Network/000007/well010/tm_unfiltered.xlsx,/mnt/benshalom-nas/analysis/Sadegh/CX138/CX138/260321/T003346/Network/000007/well010/rejection_log.xlsx,/mnt/benshalom-nas/analysis/Sadegh/CX138/CX138/260321/T003346/Network/000007/well010/metrics_curated.xlsx,True,True,True,True,True,True,True
CX138,260321,T003346,000007,well011,/mnt/benshalom-nas/analysis/Sadegh/CX138/CX138/260321/T003346/Network/000007/well011,CX138|260321|T003346|000007|well011,/mnt/benshalom-nas/analysis/Sadegh/CX138/CX138/260321/T003346/Network/000007/well011/qm_unfiltered.xlsx,/mnt/benshalom-nas/analysis/Sadegh/CX138/CX138/260321/T003346/Network/000007/well011/network_results.json,/mnt/benshalom-nas/analysis/Sadegh/CX138/CX138/260321/T003346/Network/000007/well011/tm_curated.xlsx,/mnt/benshalom-nas/analysis/Sadegh/CX138/CX138/260321/T003346/Network/000007/well011/spike_times.npy,/mnt/benshalom-nas/analysis/Sadegh/CX138/CX138/260321/T003346/Network/000007/well011/tm_unfiltered.xlsx,/mnt/benshalom-nas/analysis/Sadegh/CX138/CX138/260321/T003346/Network/000007/well011/rejection_log.xlsx,/mnt/benshalom-nas/analysis/Sadegh/CX138/CX138/260321/T003346/Network/000007/well011/metrics_curated.xlsx,True,True,True,True,True,True,True
CX138,260321,T003346,000007,well012,/mnt/benshalom-nas/analysis/Sadegh/CX138/CX138/260321/T003346/Network/000007/well012,CX138|260321|T003346|000007|well012,/mnt/benshalom-nas/analysis/Sadegh/CX138/CX138/260321/T003346/Network/000007/well012/qm_unfiltered.xlsx,/mnt/benshalom-nas/analysis/Sadegh/CX138/CX138/260321/T003346/Network/000007/well012/network_results.json,/mnt/benshalom-nas/analysis/Sadegh/CX138/CX138/260321/T003346/Network/000007/well012/tm_curated.xlsx,/mnt/benshalom-nas/analysis/Sadegh/CX138/CX138/260321/T003346/Network/000007/well012/spike_times.npy,/mnt/benshalom-nas/analysis/Sadegh/CX138/CX138/260321/T003346/Network/000007/well012/tm_unfiltered.xlsx,/mnt/benshalom-nas/analysis/Sadegh/CX138/CX138/260321/T003346/Network/000007/well012/rejection_log.xlsx,/mnt/benshalom-nas/analysis/Sadegh/CX138/CX138/260321/T003346/Network/000007/well012/metrics_curated.xlsx,True,True,True,True,True,True,True
CX138,260321,T003346,000007,well013,/mnt/benshalom-nas/analysis/Sadegh/CX138/CX138/260321/T003346/Network/000007/well013,CX138|260321|T003346|000007|well013,/mnt/benshalom-nas/analysis/Sadegh/CX138/CX138/260321/T003346/Network/000007/well013/qm_unfiltered.xlsx,/mnt/benshalom-nas/analysis/Sadegh/CX138/CX138/260321/T003346/Network/000007/well013/network_results.json,/mnt/benshalom-nas/analysis/Sadegh/CX138/CX138/260321/T003346/Network/000007/well013/tm_curated.xlsx,/mnt/benshalom-nas/analysis/Sadegh/CX138/CX138/260321/T003346/Network/000007/well013/spike_times.npy,/mnt/benshalom-nas/analysis/Sadegh/CX138/CX138/260321/T003346/Network/000007/well013/tm_unfiltered.xlsx,/mnt/benshalom-nas/analysis/Sadegh/CX138/CX138/260321/T003346/Network/000007/well013/rejection_log.xlsx,/mnt/benshalom-nas/analysis/Sadegh/CX138/CX138/260321/T003346/Network/000007/well013/metrics_curated.xlsx,True,True,True,True,True,True,True
CX138,260321,T003346,000007,well014,/mnt/benshalom-nas/analysis/Sadegh/CX138/CX138/260321/T003346/Network/000007/well014,CX138|260321|T003346|000007|well014,/mnt/benshalom-nas/analysis/Sadegh/CX138/CX138/260321/T003346/Network/000007/well014/qm_unfiltered.xlsx,/mnt/benshalom-nas/analysis/Sadegh/CX138/CX138/260321/T003346/Network/000007/well014/network_results.json,/mnt/benshalom-nas/analysis/Sadegh/CX138/CX138/260321/T003346/Network/000007/well014/tm_curated.xlsx,/mnt/benshalom-nas/analysis/Sadegh/CX138/CX138/260321/T003346/Network/000007/well014/spike_times.npy,/mnt/benshalom-nas/analysis/Sadegh/CX138/CX138/260321/T003346/Network/000007/well014/tm_unfiltered.xlsx,/mnt/benshalom-nas/analysis/Sadegh/CX138/CX138/260321/T003346/Network/000007/well014/rejection_log.xlsx,/mnt/benshalom-nas/analysis/Sadegh/CX138/CX138/260321/T003346/Network/000007/well014/metrics_curated.xlsx,True,True,True,True,True,True,True
CX138,260321,T003346,000007,well015,/mnt/benshalom-nas/analysis/Sadegh/CX138/CX138/260321/T003346/Network/000007/well015,CX138|260321|T003346|000007|well015,/mnt/benshalom-nas/analysis/Sadegh/CX138/CX138/260321/T003346/Network/000007/well015/qm_unfiltered.xlsx,/mnt/benshalom-nas/analysis/Sadegh/CX138/CX138/260321/T003346/Network/000007/well015/network_results.json,/mnt/benshalom-nas/analysis/Sadegh/CX138/CX138/260321/T003346/Network/000007/well015/tm_curated.xlsx,/mnt/benshalom-nas/analysis/Sadegh/CX138/CX138/260321/T003346/Network/000007/well015/spike_times.npy,/mnt/benshalom-nas/analysis/Sadegh/CX138/CX138/260321/T003346/Network/000007/well015/tm_unfiltered.xlsx,/mnt/benshalom-nas/analysis/Sadegh/CX138/CX138/260321/T003346/Network/000007/well015/rejection_log.xlsx,/mnt/benshalom-nas/analysis/Sadegh/CX138/CX138/260321/T003346/Network/000007/well015/metrics_curated.xlsx,True,True,True,True,True,True,True
CX138,260321,T003346,000007,well016,/mnt/benshalom-nas/analysis/Sadegh/CX138/CX138/260321/T003346/Network/000007/well016,CX138|260321|T003346|000007|well016,/mnt/benshalom-nas/analysis/Sadegh/CX138/CX138/260321/T003346/Network/000007/well016/qm_unfiltered.xlsx,/mnt/benshalom-nas/analysis/Sadegh/CX138/CX138/260321/T003346/Network/000007/well016/network_results.json,/mnt/benshalom-nas/analysis/Sadegh/CX138/CX138/260321/T003346/Network/000007/well016/tm_curated.xlsx,/mnt/benshalom-nas/analysis/Sadegh/CX138/CX138/260321/T003346/Network/000007/well016/spike_times.npy,/mnt/benshalom-nas/analysis/Sadegh/CX138/CX138/260321/T003346/Network/000007/well016/tm_unfiltered.xlsx,/mnt/benshalom-nas/analysis/Sadegh/CX138/CX138/260321/T003346/Network/000007/well016/rejection_log.xlsx,/mnt/benshalom-nas/analysis/Sadegh/CX138/CX138/260321/T003346/Network/000007/well016/metrics_curated.xlsx,True,True,True,True,True,True,True
CX138,260321,T003346,000007,well017,/mnt/benshalom-nas/analysis/Sadegh/CX138/CX138/260321/T003346/Network/000007/well017,CX138|260321|T003346|000007|well017,/mnt/benshalom-nas/analysis/Sadegh/CX138/CX138/260321/T003346/Network/000007/well017/qm_unfiltered.xlsx,/mnt/benshalom-nas/analysis/Sadegh/CX138/CX138/260321/T003346/Network/000007/well017/network_results.json,/mnt/benshalom-nas/analysis/Sadegh/CX138/CX138/260321/T003346/Network/000007/well017/tm_curated.xlsx,/mnt/benshalom-nas/analysis/Sadegh/CX138/CX138/260321/T003346/Network/000007/well017/spike_times.npy,/mnt/benshalom-nas/analysis/Sadegh/CX138/CX138/260321/T003346/Network/000007/well017/tm_unfiltered.xlsx,/mnt/benshalom-nas/analysis/Sadegh/CX138/CX138/260321/T003346/Network/000007/well017/rejection_log.xlsx,/mnt/benshalom-nas/analysis/Sadegh/CX138/CX138/260321/T003346/Network/000007/well017/metrics_curated.xlsx,True,True,True,True,True,True,True
CX138,260321,T003346,000007,well018,/mnt/benshalom-nas/analysis/Sadegh/CX138/CX138/260321/T003346/Network/000007/well018,CX138|260321|T003346|000007|well018,/mnt/benshalom-nas/analysis/Sadegh/CX138/CX138/260321/T003346/Network/000007/well018/qm_unfiltered.xlsx,/mnt/benshalom-nas/analysis/Sadegh/CX138/CX138/260321/T003346/Network/000007/well018/network_results.json,/mnt/benshalom-nas/analysis/Sadegh/CX138/CX138/260321/T003346/Network/000007/well018/tm_curated.xlsx,/mnt/benshalom-nas/analysis/Sadegh/CX138/CX138/260321/T003346/Network/000007/well018/spike_times.npy,/mnt/benshalom-nas/analysis/Sadegh/CX138/CX138/260321/T003346/Network/000007/well018/tm_unfiltered.xlsx,/mnt/benshalom-nas/analysis/Sadegh/CX138/CX138/260321/T003346/Network/000007/well018/rejection_log.xlsx,/mnt/benshalom-nas/analysis/Sadegh/CX138/CX138/260321/T003346/Network/000007/well018/metrics_curated.xlsx,True,True,True,True,True,True,True
CX138,260321,T003346,000007,well019,/mnt/benshalom-nas/analysis/Sadegh/CX138/CX138/260321/T003346/Network/000007/well019,CX138|260321|T003346|000007|well019,/mnt/benshalom-nas/analysis/Sadegh/CX138/CX138/260321/T003346/Network/000007/well019/qm_unfiltered.xlsx,/mnt/benshalom-nas/analysis/Sadegh/CX138/CX138/260321/T003346/Network/000007/well019/network_results.json,/mnt/benshalom-nas/analysis/Sadegh/CX138/CX138/260321/T003346/Network/000007/well019/tm_curated.xlsx,/mnt/benshalom-nas/analysis/Sadegh/CX138/CX138/260321/T003346/Network/000007/well019/spike_times.npy,/mnt/benshalom-nas/analysis/Sadegh/CX138/CX138/260321/T003346/Network/000007/well019/tm_unfiltered.xlsx,/mnt/benshalom-nas/analysis/Sadegh/CX138/CX138/260321/T003346/Network/000007/well019/rejection_log.xlsx,/mnt/benshalom-nas/analysis/Sadegh/CX138/CX138/260321/T003346/Network/000007/well019/metrics_curated.xlsx,True,True,True,True,True,True,True
CX138,260321,T003346,000007,well020,/mnt/benshalom-nas/analysis/Sadegh/CX138/CX138/260321/T003346/Network/000007/well020,CX138|260321|T003346|000007|well020,/mnt/benshalom-nas/analysis/Sadegh/CX138/CX138/260321/T003346/Network/000007/well020/qm_unfiltered.xlsx,/mnt/benshalom-nas/analysis/Sadegh/CX138/CX138/260321/T003346/Network/000007/well020/network_results.json,/mnt/benshalom-nas/analysis/Sadegh/CX138/CX138/260321/T003346/Network/000007/well020/tm_curated.xlsx,/mnt/benshalom-nas/analysis/Sadegh/CX138/CX138/260321/T003346/Network/000007/well020/spike_times.npy,/mnt/benshalom-nas/analysis/Sadegh/CX138/CX138/260321/T003346/Network/000007/well020/tm_unfiltered.xlsx,/mnt/benshalom-nas/analysis/Sadegh/CX138/CX138/260321/T003346/Network/000007/well020/rejection_log.xlsx,/mnt/benshalom-nas/analysis/Sadegh/CX138/CX138/260321/T003346/Network/000007/well020/metrics_curated.xlsx,True,True,True,True,True,True,True
CX138,260321,T003346,000007,well021,/mnt/benshalom-nas/analysis/Sadegh/CX138/CX138/260321/T003346/Network/000007/well021,CX138|260321|T003346|000007|well021,/mnt/benshalom-nas/analysis/Sadegh/CX138/CX138/260321/T003346/Network/000007/well021/qm_unfiltered.xlsx,/mnt/benshalom-nas/analysis/Sadegh/CX138/CX138/260321/T003346/Network/000007/well021/network_results.json,/mnt/benshalom-nas/analysis/Sadegh/CX138/CX138/260321/T003346/Network/000007/well021/tm_curated.xlsx,/mnt/benshalom-nas/analysis/Sadegh/CX138/CX138/260321/T003346/Network/000007/well021/spike_times.npy,/mnt/benshalom-nas/analysis/Sadegh/CX138/CX138/260321/T003346/Network/000007/well021/tm_unfiltered.xlsx,/mnt/benshalom-nas/analysis/Sadegh/CX138/CX138/260321/T003346/Network/000007/well021/rejection_log.xlsx,/mnt/benshalom-nas/analysis/Sadegh/CX138/CX138/260321/T003346/Network/000007/well021/metrics_curated.xlsx,True,True,True,True,True,True,True
CX138,260321,T003346,000007,well022,/mnt/benshalom-nas/analysis/Sadegh/CX138/CX138/260321/T003346/Network/000007/well022,CX138|260321|T003346|000007|well022,/mnt/benshalom-nas/analysis/Sadegh/CX138/CX138/260321/T003346/Network/000007/well022/qm_unfiltered.xlsx,/mnt/benshalom-nas/analysis/Sadegh/CX138/CX138/260321/T003346/Network/000007/well022/network_results.json,/mnt/benshalom-nas/analysis/Sadegh/CX138/CX138/260321/T003346/Network/000007/well022/tm_curated.xlsx,/mnt/benshalom-nas/analysis/Sadegh/CX138/CX138/260321/T003346/Network/000007/well022/spike_times.npy,/mnt/benshalom-nas/analysis/Sadegh/CX138/CX138/260321/T003346/Network/000007/well022/tm_unfiltered.xlsx,/mnt/benshalom-nas/analysis/Sadegh/CX138/CX138/260321/T003346/Network/000007/well022/rejection_log.xlsx,/mnt/benshalom-nas/analysis/Sadegh/CX138/CX138/260321/T003346/Network/000007/well022/metrics_curated.xlsx,True,True,True,True,True,True,True
CX138,260321,T003346,000007,well023,/mnt/benshalom-nas/analysis/Sadegh/CX138/CX138/260321/T003346/Network/000007/well023,CX138|260321|T003346|000007|well023,/mnt/benshalom-nas/analysis/Sadegh/CX138/CX138/260321/T003346/Network/000007/well023/qm_unfiltered.xlsx,/mnt/benshalom-nas/analysis/Sadegh/CX138/CX138/260321/T003346/Network/000007/well023/network_results.json,/mnt/benshalom-nas/analysis/Sadegh/CX138/CX138/260321/T003346/Network/000007/well023/tm_curated.xlsx,/mnt/benshalom-nas/analysis/Sadegh/CX138/CX138/260321/T003346/Network/000007/well023/spike_times.npy,/mnt/benshalom-nas/analysis/Sadegh/CX138/CX138/260321/T003346/Network/000007/well023/tm_unfiltered.xlsx,/mnt/benshalom-nas/analysis/Sadegh/CX138/CX138/260321/T003346/Network/000007/well023/rejection_log.xlsx,/mnt/benshalom-nas/analysis/Sadegh/CX138/CX138/260321/T003346/Network/000007/well023/metrics_curated.xlsx,True,True,True,True,True,True,True
CX138,260323,T003346,000009,well000,/mnt/benshalom-nas/analysis/Sadegh/CX138/CX138/260323/T003346/Network/000009/well000,CX138|260323|T003346|000009|well000,/mnt/benshalom-nas/analysis/Sadegh/CX138/CX138/260323/T003346/Network/000009/well000/qm_unfiltered.xlsx,/mnt/benshalom-nas/analysis/Sadegh/CX138/CX138/260323/T003346/Network/000009/well000/network_results.json,/mnt/benshalom-nas/analysis/Sadegh/CX138/CX138/260323/T003346/Network/000009/well000/tm_curated.xlsx,/mnt/benshalom-nas/analysis/Sadegh/CX138/CX138/260323/T003346/Network/000009/well000/spike_times.npy,/mnt/benshalom-nas/analysis/Sadegh/CX138/CX138/260323/T003346/Network/000009/well000/tm_unfiltered.xlsx,/mnt/benshalom-nas/analysis/Sadegh/CX138/CX138/260323/T003346/Network/000009/well000/rejection_log.xlsx,/mnt/benshalom-nas/analysis/Sadegh/CX138/CX138/260323/T003346/Network/000009/well000/metrics_curated.xlsx,True,True,True,True,True,True,True
CX138,260323,T003346,000009,well001,/mnt/benshalom-nas/analysis/Sadegh/CX138/CX138/260323/T003346/Network/000009/well001,CX138|260323|T003346|000009|well001,/mnt/benshalom-nas/analysis/Sadegh/CX138/CX138/260323/T003346/Network/000009/well001/qm_unfiltered.xlsx,/mnt/benshalom-nas/analysis/Sadegh/CX138/CX138/260323/T003346/Network/000009/well001/network_results.json,/mnt/benshalom-nas/analysis/Sadegh/CX138/CX138/260323/T003346/Network/000009/well001/tm_curated.xlsx,/mnt/benshalom-nas/analysis/Sadegh/CX138/CX138/260323/T003346/Network/000009/well001/spike_times.npy,/mnt/benshalom-nas/analysis/Sadegh/CX138/CX138/260323/T003346/Network/000009/well001/tm_unfiltered.xlsx,/mnt/benshalom-nas/analysis/Sadegh/CX138/CX138/260323/T003346/Network/000009/well001/rejection_log.xlsx,/mnt/benshalom-nas/analysis/Sadegh/CX138/CX138/260323/T003346/Network/000009/well001/metrics_curated.xlsx,True,True,True,True,True,True,True
CX138,260323,T003346,000009,well002,/mnt/benshalom-nas/analysis/Sadegh/CX138/CX138/260323/T003346/Network/000009/well002,CX138|260323|T003346|000009|well002,/mnt/benshalom-nas/analysis/Sadegh/CX138/CX138/260323/T003346/Network/000009/well002/qm_unfiltered.xlsx,/mnt/benshalom-nas/analysis/Sadegh/CX138/CX138/260323/T003346/Network/000009/well002/network_results.json,/mnt/benshalom-nas/analysis/Sadegh/CX138/CX138/260323/T003346/Network/000009/well002/tm_curated.xlsx,/mnt/benshalom-nas/analysis/Sadegh/CX138/CX138/260323/T003346/Network/000009/well002/spike_times.npy,/mnt/benshalom-nas/analysis/Sadegh/CX138/CX138/260323/T003346/Network/000009/well002/tm_unfiltered.xlsx,/mnt/benshalom-nas/analysis/Sadegh/CX138/CX138/260323/T003346/Network/000009/well002/rejection_log.xlsx,/mnt/benshalom-nas/analysis/Sadegh/CX138/CX138/260323/T003346/Network/000009/well002/metrics_curated.xlsx,True,True,True,True,True,True,True
CX138,260323,T003346,000009,well003,/mnt/benshalom-nas/analysis/Sadegh/CX138/CX138/260323/T003346/Network/000009/well003,CX138|260323|T003346|000009|well003,/mnt/benshalom-nas/analysis/Sadegh/CX138/CX138/260323/T003346/Network/000009/well003/qm_unfiltered.xlsx,/mnt/benshalom-nas/analysis/Sadegh/CX138/CX138/260323/T003346/Network/000009/well003/network_results.json,/mnt/benshalom-nas/analysis/Sadegh/CX138/CX138/260323/T003346/Network/000009/well003/tm_curated.xlsx,/mnt/benshalom-nas/analysis/Sadegh/CX138/CX138/260323/T003346/Network/000009/well003/spike_times.npy,/mnt/benshalom-nas/analysis/Sadegh/CX138/CX138/260323/T003346/Network/000009/well003/tm_unfiltered.xlsx,/mnt/benshalom-nas/analysis/Sadegh/CX138/CX138/260323/T003346/Network/000009/well003/rejection_log.xlsx,/mnt/benshalom-nas/analysis/Sadegh/CX138/CX138/260323/T003346/Network/000009/well003/metrics_curated.xlsx,True,True,True,True,True,True,True
CX138,260323,T003346,000009,well004,/mnt/benshalom-nas/analysis/Sadegh/CX138/CX138/260323/T003346/Network/000009/well004,CX138|260323|T003346|000009|well004,/mnt/benshalom-nas/analysis/Sadegh/CX138/CX138/260323/T003346/Network/000009/well004/qm_unfiltered.xlsx,/mnt/benshalom-nas/analysis/Sadegh/CX138/CX138/260323/T003346/Network/000009/well004/network_results.json,/mnt/benshalom-nas/analysis/Sadegh/CX138/CX138/260323/T003346/Network/000009/well004/tm_curated.xlsx,/mnt/benshalom-nas/analysis/Sadegh/CX138/CX138/260323/T003346/Network/000009/well004/spike_times.npy,/mnt/benshalom-nas/analysis/Sadegh/CX138/CX138/260323/T003346/Network/000009/well004/tm_unfiltered.xlsx,/mnt/benshalom-nas/analysis/Sadegh/CX138/CX138/260323/T003346/Network/000009/well004/rejection_log.xlsx,/mnt/benshalom-nas/analysis/Sadegh/CX138/CX138/260323/T003346/Network/000009/well004/metrics_curated.xlsx,True,True,True,True,True,True,True
CX138,260323,T003346,000009,well005,/mnt/benshalom-nas/analysis/Sadegh/CX138/CX138/260323/T003346/Network/000009/well005,CX138|260323|T003346|000009|well005,/mnt/benshalom-nas/analysis/Sadegh/CX138/CX138/260323/T003346/Network/000009/well005/qm_unfiltered.xlsx,/mnt/benshalom-nas/analysis/Sadegh/CX138/CX138/260323/T003346/Network/000009/well005/network_results.json,/mnt/benshalom-nas/analysis/Sadegh/CX138/CX138/260323/T003346/Network/000009/well005/tm_curated.xlsx,/mnt/benshalom-nas/analysis/Sadegh/CX138/CX138/260323/T003346/Network/000009/well005/spike_times.npy,/mnt/benshalom-nas/analysis/Sadegh/CX138/CX138/260323/T003346/Network/000009/well005/tm_unfiltered.xlsx,/mnt/benshalom-nas/analysis/Sadegh/CX138/CX138/260323/T003346/Network/000009/well005/rejection_log.xlsx,/mnt/benshalom-nas/analysis/Sadegh/CX138/CX138/260323/T003346/Network/000009/well005/metrics_curated.xlsx,True,True,True,True,True,True,True
CX138,260323,T003346,000009,well006,/mnt/benshalom-nas/analysis/Sadegh/CX138/CX138/260323/T003346/Network/000009/well006,CX138|260323|T003346|000009|well006,/mnt/benshalom-nas/analysis/Sadegh/CX138/CX138/260323/T003346/Network/000009/well006/qm_unfiltered.xlsx,/mnt/benshalom-nas/analysis/Sadegh/CX138/CX138/260323/T003346/Network/000009/well006/network_results.json,/mnt/benshalom-nas/analysis/Sadegh/CX138/CX138/260323/T003346/Network/000009/well006/tm_curated.xlsx,/mnt/benshalom-nas/analysis/Sadegh/CX138/CX138/260323/T003346/Network/000009/well006/spike_times.npy,/mnt/benshalom-nas/analysis/Sadegh/CX138/CX138/260323/T003346/Network/000009/well006/tm_unfiltered.xlsx,/mnt/benshalom-nas/analysis/Sadegh/CX138/CX138/260323/T003346/Network/000009/well006/rejection_log.xlsx,/mnt/benshalom-nas/analysis/Sadegh/CX138/CX138/260323/T003346/Network/000009/well006/metrics_curated.xlsx,True,True,True,True,True,True,True
CX138,260323,T003346,000009,well007,/mnt/benshalom-nas/analysis/Sadegh/CX138/CX138/260323/T003346/Network/000009/well007,CX138|260323|T003346|000009|well007,/mnt/benshalom-nas/analysis/Sadegh/CX138/CX138/260323/T003346/Network/000009/well007/qm_unfiltered.xlsx,/mnt/benshalom-nas/analysis/Sadegh/CX138/CX138/260323/T003346/Network/000009/well007/network_results.json,/mnt/benshalom-nas/analysis/Sadegh/CX138/CX138/260323/T003346/Network/000009/well007/tm_curated.xlsx,/mnt/benshalom-nas/analysis/Sadegh/CX138/CX138/260323/T003346/Network/000009/well007/spike_times.npy,/mnt/benshalom-nas/analysis/Sadegh/CX138/CX138/260323/T003346/Network/000009/well007/tm_unfiltered.xlsx,/mnt/benshalom-nas/analysis/Sadegh/CX138/CX138/260323/T003346/Network/000009/well007/rejection_log.xlsx,/mnt/benshalom-nas/analysis/Sadegh/CX138/CX138/260323/T003346/Network/000009/well007/metrics_curated.xlsx,True,True,True,True,True,True,True
CX138,260323,T003346,000009,well008,/mnt/benshalom-nas/analysis/Sadegh/CX138/CX138/260323/T003346/Network/000009/well008,CX138|260323|T003346|000009|well008,/mnt/benshalom-nas/analysis/Sadegh/CX138/CX138/260323/T003346/Network/000009/well008/qm_unfiltered.xlsx,/mnt/benshalom-nas/analysis/Sadegh/CX138/CX138/260323/T003346/Network/000009/well008/network_results.json,/mnt/benshalom-nas/analysis/Sadegh/CX138/CX138/260323/T003346/Network/000009/well008/tm_curated.xlsx,/mnt/benshalom-nas/analysis/Sadegh/CX138/CX138/260323/T003346/Network/000009/well008/spike_times.npy,/mnt/benshalom-nas/analysis/Sadegh/CX138/CX138/260323/T003346/Network/000009/well008/tm_unfiltered.xlsx,/mnt/benshalom-nas/analysis/Sadegh/CX138/CX138/260323/T003346/Network/000009/well008/rejection_log.xlsx,/mnt/benshalom-nas/analysis/Sadegh/CX138/CX138/260323/T003346/Network/000009/well008/metrics_curated.xlsx,True,True,True,True,True,True,True
CX138,260323,T003346,000009,well009,/mnt/benshalom-nas/analysis/Sadegh/CX138/CX138/260323/T003346/Network/000009/well009,CX138|260323|T003346|000009|well009,/mnt/benshalom-nas/analysis/Sadegh/CX138/CX138/260323/T003346/Network/000009/well009/qm_unfiltered.xlsx,/mnt/benshalom-nas/analysis/Sadegh/CX138/CX138/260323/T003346/Network/000009/well009/network_results.json,/mnt/benshalom-nas/analysis/Sadegh/CX138/CX138/260323/T003346/Network/000009/well009/tm_curated.xlsx,/mnt/benshalom-nas/analysis/Sadegh/CX138/CX138/260323/T003346/Network/000009/well009/spike_times.npy,/mnt/benshalom-nas/analysis/Sadegh/CX138/CX138/260323/T003346/Network/000009/well009/tm_unfiltered.xlsx,/mnt/benshalom-nas/analysis/Sadegh/CX138/CX138/260323/T003346/Network/000009/well009/rejection_log.xlsx,/mnt/benshalom-nas/analysis/Sadegh/CX138/CX138/260323/T003346/Network/000009/well009/metrics_curated.xlsx,True,True,True,True,True,True,True
CX138,260323,T003346,000009,well010,/mnt/benshalom-nas/analysis/Sadegh/CX138/CX138/260323/T003346/Network/000009/well010,CX138|260323|T003346|000009|well010,/mnt/benshalom-nas/analysis/Sadegh/CX138/CX138/260323/T003346/Network/000009/well010/qm_unfiltered.xlsx,/mnt/benshalom-nas/analysis/Sadegh/CX138/CX138/260323/T003346/Network/000009/well010/network_results.json,/mnt/benshalom-nas/analysis/Sadegh/CX138/CX138/260323/T003346/Network/000009/well010/tm_curated.xlsx,/mnt/benshalom-nas/analysis/Sadegh/CX138/CX138/260323/T003346/Network/000009/well010/spike_times.npy,/mnt/benshalom-nas/analysis/Sadegh/CX138/CX138/260323/T003346/Network/000009/well010/tm_unfiltered.xlsx,/mnt/benshalom-nas/analysis/Sadegh/CX138/CX138/260323/T003346/Network/000009/well010/rejection_log.xlsx,/mnt/benshalom-nas/analysis/Sadegh/CX138/CX138/260323/T003346/Network/000009/well010/metrics_curated.xlsx,True,True,True,True,True,True,True
CX138,260323,T003346,000009,well011,/mnt/benshalom-nas/analysis/Sadegh/CX138/CX138/260323/T003346/Network/000009/well011,CX138|260323|T003346|000009|well011,/mnt/benshalom-nas/analysis/Sadegh/CX138/CX138/260323/T003346/Network/000009/well011/qm_unfiltered.xlsx,/mnt/benshalom-nas/analysis/Sadegh/CX138/CX138/260323/T003346/Network/000009/well011/network_results.json,/mnt/benshalom-nas/analysis/Sadegh/CX138/CX138/260323/T003346/Network/000009/well011/tm_curated.xlsx,/mnt/benshalom-nas/analysis/Sadegh/CX138/CX138/260323/T003346/Network/000009/well011/spike_times.npy,/mnt/benshalom-nas/analysis/Sadegh/CX138/CX138/260323/T003346/Network/000009/well011/tm_unfiltered.xlsx,/mnt/benshalom-nas/analysis/Sadegh/CX138/CX138/260323/T003346/Network/000009/well011/rejection_log.xlsx,/mnt/benshalom-nas/analysis/Sadegh/CX138/CX138/260323/T003346/Network/000009/well011/metrics_curated.xlsx,True,True,True,True,True,True,True
CX138,260323,T003346,000009,well012,/mnt/benshalom-nas/analysis/Sadegh/CX138/CX138/260323/T003346/Network/000009/well012,CX138|260323|T003346|000009|well012,/mnt/benshalom-nas/analysis/Sadegh/CX138/CX138/260323/T003346/Network/000009/well012/qm_unfiltered.xlsx,/mnt/benshalom-nas/analysis/Sadegh/CX138/CX138/260323/T003346/Network/000009/well012/network_results.json,/mnt/benshalom-nas/analysis/Sadegh/CX138/CX138/260323/T003346/Network/000009/well012/tm_curated.xlsx,/mnt/benshalom-nas/analysis/Sadegh/CX138/CX138/260323/T003346/Network/000009/well012/spike_times.npy,/mnt/benshalom-nas/analysis/Sadegh/CX138/CX138/260323/T003346/Network/000009/well012/tm_unfiltered.xlsx,/mnt/benshalom-nas/analysis/Sadegh/CX138/CX138/260323/T003346/Network/000009/well012/rejection_log.xlsx,/mnt/benshalom-nas/analysis/Sadegh/CX138/CX138/260323/T003346/Network/000009/well012/metrics_curated.xlsx,True,True,True,True,True,True,True
CX138,260323,T003346,000009,well013,/mnt/benshalom-nas/analysis/Sadegh/CX138/CX138/260323/T003346/Network/000009/well013,CX138|260323|T003346|000009|well013,/mnt/benshalom-nas/analysis/Sadegh/CX138/CX138/260323/T003346/Network/000009/well013/qm_unfiltered.xlsx,/mnt/benshalom-nas/analysis/Sadegh/CX138/CX138/260323/T003346/Network/000009/well013/network_results.json,/mnt/benshalom-nas/analysis/Sadegh/CX138/CX138/260323/T003346/Network/000009/well013/tm_curated.xlsx,/mnt/benshalom-nas/analysis/Sadegh/CX138/CX138/260323/T003346/Network/000009/well013/spike_times.npy,/mnt/benshalom-nas/analysis/Sadegh/CX138/CX138/260323/T003346/Network/000009/well013/tm_unfiltered.xlsx,/mnt/benshalom-nas/analysis/Sadegh/CX138/CX138/260323/T003346/Network/000009/well013/rejection_log.xlsx,/mnt/benshalom-nas/analysis/Sadegh/CX138/CX138/260323/T003346/Network/000009/well013/metrics_curated.xlsx,True,True,True,True,True,True,True
CX138,260323,T003346,000009,well014,/mnt/benshalom-nas/analysis/Sadegh/CX138/CX138/260323/T003346/Network/000009/well014,CX138|260323|T003346|000009|well014,/mnt/benshalom-nas/analysis/Sadegh/CX138/CX138/260323/T003346/Network/000009/well014/qm_unfiltered.xlsx,/mnt/benshalom-nas/analysis/Sadegh/CX138/CX138/260323/T003346/Network/000009/well014/network_results.json,/mnt/benshalom-nas/analysis/Sadegh/CX138/CX138/260323/T003346/Network/000009/well014/tm_curated.xlsx,/mnt/benshalom-nas/analysis/Sadegh/CX138/CX138/260323/T003346/Network/000009/well014/spike_times.npy,/mnt/benshalom-nas/analysis/Sadegh/CX138/CX138/260323/T003346/Network/000009/well014/tm_unfiltered.xlsx,/mnt/benshalom-nas/analysis/Sadegh/CX138/CX138/260323/T003346/Network/000009/well014/rejection_log.xlsx,/mnt/benshalom-nas/analysis/Sadegh/CX138/CX138/260323/T003346/Network/000009/well014/metrics_curated.xlsx,True,True,True,True,True,True,True
CX138,260323,T003346,000009,well015,/mnt/benshalom-nas/analysis/Sadegh/CX138/CX138/260323/T003346/Network/000009/well015,CX138|260323|T003346|000009|well015,/mnt/benshalom-nas/analysis/Sadegh/CX138/CX138/260323/T003346/Network/000009/well015/qm_unfiltered.xlsx,/mnt/benshalom-nas/analysis/Sadegh/CX138/CX138/260323/T003346/Network/000009/well015/network_results.json,/mnt/benshalom-nas/analysis/Sadegh/CX138/CX138/260323/T003346/Network/000009/well015/tm_curated.xlsx,/mnt/benshalom-nas/analysis/Sadegh/CX138/CX138/260323/T003346/Network/000009/well015/spike_times.npy,/mnt/benshalom-nas/analysis/Sadegh/CX138/CX138/260323/T003346/Network/000009/well015/tm_unfiltered.xlsx,/mnt/benshalom-nas/analysis/Sadegh/CX138/CX138/260323/T003346/Network/000009/well015/rejection_log.xlsx,/mnt/benshalom-nas/analysis/Sadegh/CX138/CX138/260323/T003346/Network/000009/well015/metrics_curated.xlsx,True,True,True,True,True,True,True
CX138,260323,T003346,000009,well016,/mnt/benshalom-nas/analysis/Sadegh/CX138/CX138/260323/T003346/Network/000009/well016,CX138|260323|T003346|000009|well016,/mnt/benshalom-nas/analysis/Sadegh/CX138/CX138/260323/T003346/Network/000009/well016/qm_unfiltered.xlsx,/mnt/benshalom-nas/analysis/Sadegh/CX138/CX138/260323/T003346/Network/000009/well016/network_results.json,/mnt/benshalom-nas/analysis/Sadegh/CX138/CX138/260323/T003346/Network/000009/well016/tm_curated.xlsx,/mnt/benshalom-nas/analysis/Sadegh/CX138/CX138/260323/T003346/Network/000009/well016/spike_times.npy,/mnt/benshalom-nas/analysis/Sadegh/CX138/CX138/260323/T003346/Network/000009/well016/tm_unfiltered.xlsx,/mnt/benshalom-nas/analysis/Sadegh/CX138/CX138/260323/T003346/Network/000009/well016/rejection_log.xlsx,/mnt/benshalom-nas/analysis/Sadegh/CX138/CX138/260323/T003346/Network/000009/well016/metrics_curated.xlsx,True,True,True,True,True,True,True
CX138,260323,T003346,000009,well017,/mnt/benshalom-nas/analysis/Sadegh/CX138/CX138/260323/T003346/Network/000009/well017,CX138|260323|T003346|000009|well017,/mnt/benshalom-nas/analysis/Sadegh/CX138/CX138/260323/T003346/Network/000009/well017/qm_unfiltered.xlsx,/mnt/benshalom-nas/analysis/Sadegh/CX138/CX138/260323/T003346/Network/000009/well017/network_results.json,/mnt/benshalom-nas/analysis/Sadegh/CX138/CX138/260323/T003346/Network/000009/well017/tm_curated.xlsx,/mnt/benshalom-nas/analysis/Sadegh/CX138/CX138/260323/T003346/Network/000009/well017/spike_times.npy,/mnt/benshalom-nas/analysis/Sadegh/CX138/CX138/260323/T003346/Network/000009/well017/tm_unfiltered.xlsx,/mnt/benshalom-nas/analysis/Sadegh/CX138/CX138/260323/T003346/Network/000009/well017/rejection_log.xlsx,/mnt/benshalom-nas/analysis/Sadegh/CX138/CX138/260323/T003346/Network/000009/well017/metrics_curated.xlsx,True,True,True,True,True,True,True
CX138,260323,T003346,000009,well018,/mnt/benshalom-nas/analysis/Sadegh/CX138/CX138/260323/T003346/Network/000009/well018,CX138|260323|T003346|000009|well018,/mnt/benshalom-nas/analysis/Sadegh/CX138/CX138/260323/T003346/Network/000009/well018/qm_unfiltered.xlsx,/mnt/benshalom-nas/analysis/Sadegh/CX138/CX138/260323/T003346/Network/000009/well018/network_results.json,/mnt/benshalom-nas/analysis/Sadegh/CX138/CX138/260323/T003346/Network/000009/well018/tm_curated.xlsx,/mnt/benshalom-nas/analysis/Sadegh/CX138/CX138/260323/T003346/Network/000009/well018/spike_times.npy,/mnt/benshalom-nas/analysis/Sadegh/CX138/CX138/260323/T003346/Network/000009/well018/tm_unfiltered.xlsx,/mnt/benshalom-nas/analysis/Sadegh/CX138/CX138/260323/T003346/Network/000009/well018/rejection_log.xlsx,/mnt/benshalom-nas/analysis/Sadegh/CX138/CX138/260323/T003346/Network/000009/well018/metrics_curated.xlsx,True,True,True,True,True,True,True
CX138,260323,T003346,000009,well019,/mnt/benshalom-nas/analysis/Sadegh/CX138/CX138/260323/T003346/Network/000009/well019,CX138|260323|T003346|000009|well019,/mnt/benshalom-nas/analysis/Sadegh/CX138/CX138/260323/T003346/Network/000009/well019/qm_unfiltered.xlsx,/mnt/benshalom-nas/analysis/Sadegh/CX138/CX138/260323/T003346/Network/000009/well019/network_results.json,/mnt/benshalom-nas/analysis/Sadegh/CX138/CX138/260323/T003346/Network/000009/well019/tm_curated.xlsx,/mnt/benshalom-nas/analysis/Sadegh/CX138/CX138/260323/T003346/Network/000009/well019/spike_times.npy,/mnt/benshalom-nas/analysis/Sadegh/CX138/CX138/260323/T003346/Network/000009/well019/tm_unfiltered.xlsx,/mnt/benshalom-nas/analysis/Sadegh/CX138/CX138/260323/T003346/Network/000009/well019/rejection_log.xlsx,/mnt/benshalom-nas/analysis/Sadegh/CX138/CX138/260323/T003346/Network/000009/well019/metrics_curated.xlsx,True,True,True,True,True,True,True
CX138,260323,T003346,000009,well020,/mnt/benshalom-nas/analysis/Sadegh/CX138/CX138/260323/T003346/Network/000009/well020,CX138|260323|T003346|000009|well020,/mnt/benshalom-nas/analysis/Sadegh/CX138/CX138/260323/T003346/Network/000009/well020/qm_unfiltered.xlsx,/mnt/benshalom-nas/analysis/Sadegh/CX138/CX138/260323/T003346/Network/000009/well020/network_results.json,/mnt/benshalom-nas/analysis/Sadegh/CX138/CX138/260323/T003346/Network/000009/well020/tm_curated.xlsx,/mnt/benshalom-nas/analysis/Sadegh/CX138/CX138/260323/T003346/Network/000009/well020/spike_times.npy,/mnt/benshalom-nas/analysis/Sadegh/CX138/CX138/260323/T003346/Network/000009/well020/tm_unfiltered.xlsx,/mnt/benshalom-nas/analysis/Sadegh/CX138/CX138/260323/T003346/Network/000009/well020/rejection_log.xlsx,/mnt/benshalom-nas/analysis/Sadegh/CX138/CX138/260323/T003346/Network/000009/well020/metrics_curated.xlsx,True,True,True,True,True,True,True
CX138,260323,T003346,000009,well021,/mnt/benshalom-nas/analysis/Sadegh/CX138/CX138/260323/T003346/Network/000009/well021,CX138|260323|T003346|000009|well021,/mnt/benshalom-nas/analysis/Sadegh/CX138/CX138/260323/T003346/Network/000009/well021/qm_unfiltered.xlsx,/mnt/benshalom-nas/analysis/Sadegh/CX138/CX138/260323/T003346/Network/000009/well021/network_results.json,/mnt/benshalom-nas/analysis/Sadegh/CX138/CX138/260323/T003346/Network/000009/well021/tm_curated.xlsx,/mnt/benshalom-nas/analysis/Sadegh/CX138/CX138/260323/T003346/Network/000009/well021/spike_times.npy,/mnt/benshalom-nas/analysis/Sadegh/CX138/CX138/260323/T003346/Network/000009/well021/tm_unfiltered.xlsx,/mnt/benshalom-nas/analysis/Sadegh/CX138/CX138/260323/T003346/Network/000009/well021/rejection_log.xlsx,/mnt/benshalom-nas/analysis/Sadegh/CX138/CX138/260323/T003346/Network/000009/well021/metrics_curated.xlsx,True,True,True,True,True,True,True
CX138,260323,T003346,000009,well022,/mnt/benshalom-nas/analysis/Sadegh/CX138/CX138/260323/T003346/Network/000009/well022,CX138|260323|T003346|000009|well022,/mnt/benshalom-nas/analysis/Sadegh/CX138/CX138/260323/T003346/Network/000009/well022/qm_unfiltered.xlsx,/mnt/benshalom-nas/analysis/Sadegh/CX138/CX138/260323/T003346/Network/000009/well022/network_results.json,/mnt/benshalom-nas/analysis/Sadegh/CX138/CX138/260323/T003346/Network/000009/well022/tm_curated.xlsx,/mnt/benshalom-nas/analysis/Sadegh/CX138/CX138/260323/T003346/Network/000009/well022/spike_times.npy,/mnt/benshalom-nas/analysis/Sadegh/CX138/CX138/260323/T003346/Network/000009/well022/tm_unfiltered.xlsx,/mnt/benshalom-nas/analysis/Sadegh/CX138/CX138/260323/T003346/Network/000009/well022/rejection_log.xlsx,/mnt/benshalom-nas/analysis/Sadegh/CX138/CX138/260323/T003346/Network/000009/well022/metrics_curated.xlsx,True,True,True,True,True,True,True
CX138,260323,T003346,000009,well023,/mnt/benshalom-nas/analysis/Sadegh/CX138/CX138/260323/T003346/Network/000009/well023,CX138|260323|T003346|000009|well023,/mnt/benshalom-nas/analysis/Sadegh/CX138/CX138/260323/T003346/Network/000009/well023/qm_unfiltered.xlsx,/mnt/benshalom-nas/analysis/Sadegh/CX138/CX138/260323/T003346/Network/000009/well023/network_results.json,/mnt/benshalom-nas/analysis/Sadegh/CX138/CX138/260323/T003346/Network/000009/well023/tm_curated.xlsx,/mnt/benshalom-nas/analysis/Sadegh/CX138/CX138/260323/T003346/Network/000009/well023/spike_times.npy,/mnt/benshalom-nas/analysis/Sadegh/CX138/CX138/260323/T003346/Network/000009/well023/tm_unfiltered.xlsx,/mnt/benshalom-nas/analysis/Sadegh/CX138/CX138/260323/T003346/Network/000009/well023/rejection_log.xlsx,/mnt/benshalom-nas/analysis/Sadegh/CX138/CX138/260323/T003346/Network/000009/well023/metrics_curated.xlsx,True,True,True,True,True,True,True
CX138,260325,T003346,000012,well000,/mnt/benshalom-nas/analysis/Sadegh/CX138/CX138/260325/T003346/Network/000012/well000,CX138|260325|T003346|000012|well000,/mnt/benshalom-nas/analysis/Sadegh/CX138/CX138/260325/T003346/Network/000012/well000/qm_unfiltered.xlsx,/mnt/benshalom-nas/analysis/Sadegh/CX138/CX138/260325/T003346/Network/000012/well000/network_results.json,/mnt/benshalom-nas/analysis/Sadegh/CX138/CX138/260325/T003346/Network/000012/well000/tm_curated.xlsx,/mnt/benshalom-nas/analysis/Sadegh/CX138/CX138/260325/T003346/Network/000012/well000/spike_times.npy,/mnt/benshalom-nas/analysis/Sadegh/CX138/CX138/260325/T003346/Network/000012/well000/tm_unfiltered.xlsx,/mnt/benshalom-nas/analysis/Sadegh/CX138/CX138/260325/T003346/Network/000012/well000/rejection_log.xlsx,/mnt/benshalom-nas/analysis/Sadegh/CX138/CX138/260325/T003346/Network/000012/well000/metrics_curated.xlsx,True,True,True,True,True,True,True
CX138,260325,T003346,000012,well001,/mnt/benshalom-nas/analysis/Sadegh/CX138/CX138/260325/T003346/Network/000012/well001,CX138|260325|T003346|000012|well001,/mnt/benshalom-nas/analysis/Sadegh/CX138/CX138/260325/T003346/Network/000012/well001/qm_unfiltered.xlsx,/mnt/benshalom-nas/analysis/Sadegh/CX138/CX138/260325/T003346/Network/000012/well001/network_results.json,/mnt/benshalom-nas/analysis/Sadegh/CX138/CX138/260325/T003346/Network/000012/well001/tm_curated.xlsx,/mnt/benshalom-nas/analysis/Sadegh/CX138/CX138/260325/T003346/Network/000012/well001/spike_times.npy,/mnt/benshalom-nas/analysis/Sadegh/CX138/CX138/260325/T003346/Network/000012/well001/tm_unfiltered.xlsx,/mnt/benshalom-nas/analysis/Sadegh/CX138/CX138/260325/T003346/Network/000012/well001/rejection_log.xlsx,/mnt/benshalom-nas/analysis/Sadegh/CX138/CX138/260325/T003346/Network/000012/well001/metrics_curated.xlsx,True,True,True,True,True,True,True
CX138,260325,T003346,000012,well002,/mnt/benshalom-nas/analysis/Sadegh/CX138/CX138/260325/T003346/Network/000012/well002,CX138|260325|T003346|000012|well002,/mnt/benshalom-nas/analysis/Sadegh/CX138/CX138/260325/T003346/Network/000012/well002/qm_unfiltered.xlsx,/mnt/benshalom-nas/analysis/Sadegh/CX138/CX138/260325/T003346/Network/000012/well002/network_results.json,/mnt/benshalom-nas/analysis/Sadegh/CX138/CX138/260325/T003346/Network/000012/well002/tm_curated.xlsx,/mnt/benshalom-nas/analysis/Sadegh/CX138/CX138/260325/T003346/Network/000012/well002/spike_times.npy,/mnt/benshalom-nas/analysis/Sadegh/CX138/CX138/260325/T003346/Network/000012/well002/tm_unfiltered.xlsx,/mnt/benshalom-nas/analysis/Sadegh/CX138/CX138/260325/T003346/Network/000012/well002/rejection_log.xlsx,/mnt/benshalom-nas/analysis/Sadegh/CX138/CX138/260325/T003346/Network/000012/well002/metrics_curated.xlsx,True,True,True,True,True,True,True
CX138,260325,T003346,000012,well003,/mnt/benshalom-nas/analysis/Sadegh/CX138/CX138/260325/T003346/Network/000012/well003,CX138|260325|T003346|000012|well003,/mnt/benshalom-nas/analysis/Sadegh/CX138/CX138/260325/T003346/Network/000012/well003/qm_unfiltered.xlsx,/mnt/benshalom-nas/analysis/Sadegh/CX138/CX138/260325/T003346/Network/000012/well003/network_results.json,/mnt/benshalom-nas/analysis/Sadegh/CX138/CX138/260325/T003346/Network/000012/well003/tm_curated.xlsx,/mnt/benshalom-nas/analysis/Sadegh/CX138/CX138/260325/T003346/Network/000012/well003/spike_times.npy,/mnt/benshalom-nas/analysis/Sadegh/CX138/CX138/260325/T003346/Network/000012/well003/tm_unfiltered.xlsx,/mnt/benshalom-nas/analysis/Sadegh/CX138/CX138/260325/T003346/Network/000012/well003/rejection_log.xlsx,/mnt/benshalom-nas/analysis/Sadegh/CX138/CX138/260325/T003346/Network/000012/well003/metrics_curated.xlsx,True,True,True,True,True,True,True
CX138,260325,T003346,000012,well004,/mnt/benshalom-nas/analysis/Sadegh/CX138/CX138/260325/T003346/Network/000012/well004,CX138|260325|T003346|000012|well004,/mnt/benshalom-nas/analysis/Sadegh/CX138/CX138/260325/T003346/Network/000012/well004/qm_unfiltered.xlsx,/mnt/benshalom-nas/analysis/Sadegh/CX138/CX138/260325/T003346/Network/000012/well004/network_results.json,/mnt/benshalom-nas/analysis/Sadegh/CX138/CX138/260325/T003346/Network/000012/well004/tm_curated.xlsx,/mnt/benshalom-nas/analysis/Sadegh/CX138/CX138/260325/T003346/Network/000012/well004/spike_times.npy,/mnt/benshalom-nas/analysis/Sadegh/CX138/CX138/260325/T003346/Network/000012/well004/tm_unfiltered.xlsx,/mnt/benshalom-nas/analysis/Sadegh/CX138/CX138/260325/T003346/Network/000012/well004/rejection_log.xlsx,/mnt/benshalom-nas/analysis/Sadegh/CX138/CX138/260325/T003346/Network/000012/well004/metrics_curated.xlsx,True,True,True,True,True,True,True
CX138,260325,T003346,000012,well005,/mnt/benshalom-nas/analysis/Sadegh/CX138/CX138/260325/T003346/Network/000012/well005,CX138|260325|T003346|000012|well005,/mnt/benshalom-nas/analysis/Sadegh/CX138/CX138/260325/T003346/Network/000012/well005/qm_unfiltered.xlsx,/mnt/benshalom-nas/analysis/Sadegh/CX138/CX138/260325/T003346/Network/000012/well005/network_results.json,/mnt/benshalom-nas/analysis/Sadegh/CX138/CX138/260325/T003346/Network/000012/well005/tm_curated.xlsx,/mnt/benshalom-nas/analysis/Sadegh/CX138/CX138/260325/T003346/Network/000012/well005/spike_times.npy,/mnt/benshalom-nas/analysis/Sadegh/CX138/CX138/260325/T003346/Network/000012/well005/tm_unfiltered.xlsx,/mnt/benshalom-nas/analysis/Sadegh/CX138/CX138/260325/T003346/Network/000012/well005/rejection_log.xlsx,/mnt/benshalom-nas/analysis/Sadegh/CX138/CX138/260325/T003346/Network/000012/well005/metrics_curated.xlsx,True,True,True,True,True,True,True
CX138,260325,T003346,000012,well006,/mnt/benshalom-nas/analysis/Sadegh/CX138/CX138/260325/T003346/Network/000012/well006,CX138|260325|T003346|000012|well006,/mnt/benshalom-nas/analysis/Sadegh/CX138/CX138/260325/T003346/Network/000012/well006/qm_unfiltered.xlsx,/mnt/benshalom-nas/analysis/Sadegh/CX138/CX138/260325/T003346/Network/000012/well006/network_results.json,/mnt/benshalom-nas/analysis/Sadegh/CX138/CX138/260325/T003346/Network/000012/well006/tm_curated.xlsx,/mnt/benshalom-nas/analysis/Sadegh/CX138/CX138/260325/T003346/Network/000012/well006/spike_times.npy,/mnt/benshalom-nas/analysis/Sadegh/CX138/CX138/260325/T003346/Network/000012/well006/tm_unfiltered.xlsx,/mnt/benshalom-nas/analysis/Sadegh/CX138/CX138/260325/T003346/Network/000012/well006/rejection_log.xlsx,/mnt/benshalom-nas/analysis/Sadegh/CX138/CX138/260325/T003346/Network/000012/well006/metrics_curated.xlsx,True,True,True,True,True,True,True
CX138,260325,T003346,000012,well007,/mnt/benshalom-nas/analysis/Sadegh/CX138/CX138/260325/T003346/Network/000012/well007,CX138|260325|T003346|000012|well007,/mnt/benshalom-nas/analysis/Sadegh/CX138/CX138/260325/T003346/Network/000012/well007/qm_unfiltered.xlsx,/mnt/benshalom-nas/analysis/Sadegh/CX138/CX138/260325/T003346/Network/000012/well007/network_results.json,/mnt/benshalom-nas/analysis/Sadegh/CX138/CX138/260325/T003346/Network/000012/well007/tm_curated.xlsx,/mnt/benshalom-nas/analysis/Sadegh/CX138/CX138/260325/T003346/Network/000012/well007/spike_times.npy,/mnt/benshalom-nas/analysis/Sadegh/CX138/CX138/260325/T003346/Network/000012/well007/tm_unfiltered.xlsx,/mnt/benshalom-nas/analysis/Sadegh/CX138/CX138/260325/T003346/Network/000012/well007/rejection_log.xlsx,/mnt/benshalom-nas/analysis/Sadegh/CX138/CX138/260325/T003346/Network/000012/well007/metrics_curated.xlsx,True,True,True,True,True,True,True
CX138,260325,T003346,000012,well008,/mnt/benshalom-nas/analysis/Sadegh/CX138/CX138/260325/T003346/Network/000012/well008,CX138|260325|T003346|000012|well008,/mnt/benshalom-nas/analysis/Sadegh/CX138/CX138/260325/T003346/Network/000012/well008/qm_unfiltered.xlsx,/mnt/benshalom-nas/analysis/Sadegh/CX138/CX138/260325/T003346/Network/000012/well008/network_results.json,/mnt/benshalom-nas/analysis/Sadegh/CX138/CX138/260325/T003346/Network/000012/well008/tm_curated.xlsx,/mnt/benshalom-nas/analysis/Sadegh/CX138/CX138/260325/T003346/Network/000012/well008/spike_times.npy,/mnt/benshalom-nas/analysis/Sadegh/CX138/CX138/260325/T003346/Network/000012/well008/tm_unfiltered.xlsx,/mnt/benshalom-nas/analysis/Sadegh/CX138/CX138/260325/T003346/Network/000012/well008/rejection_log.xlsx,/mnt/benshalom-nas/analysis/Sadegh/CX138/CX138/260325/T003346/Network/000012/well008/metrics_curated.xlsx,True,True,True,True,True,True,True
CX138,260325,T003346,000012,well009,/mnt/benshalom-nas/analysis/Sadegh/CX138/CX138/260325/T003346/Network/000012/well009,CX138|260325|T003346|000012|well009,/mnt/benshalom-nas/analysis/Sadegh/CX138/CX138/260325/T003346/Network/000012/well009/qm_unfiltered.xlsx,/mnt/benshalom-nas/analysis/Sadegh/CX138/CX138/260325/T003346/Network/000012/well009/network_results.json,/mnt/benshalom-nas/analysis/Sadegh/CX138/CX138/260325/T003346/Network/000012/well009/tm_curated.xlsx,/mnt/benshalom-nas/analysis/Sadegh/CX138/CX138/260325/T003346/Network/000012/well009/spike_times.npy,/mnt/benshalom-nas/analysis/Sadegh/CX138/CX138/260325/T003346/Network/000012/well009/tm_unfiltered.xlsx,/mnt/benshalom-nas/analysis/Sadegh/CX138/CX138/260325/T003346/Network/000012/well009/rejection_log.xlsx,/mnt/benshalom-nas/analysis/Sadegh/CX138/CX138/260325/T003346/Network/000012/well009/metrics_curated.xlsx,True,True,True,True,True,True,True
CX138,260325,T003346,000012,well010,/mnt/benshalom-nas/analysis/Sadegh/CX138/CX138/260325/T003346/Network/000012/well010,CX138|260325|T003346|000012|well010,/mnt/benshalom-nas/analysis/Sadegh/CX138/CX138/260325/T003346/Network/000012/well010/qm_unfiltered.xlsx,/mnt/benshalom-nas/analysis/Sadegh/CX138/CX138/260325/T003346/Network/000012/well010/network_results.json,/mnt/benshalom-nas/analysis/Sadegh/CX138/CX138/260325/T003346/Network/000012/well010/tm_curated.xlsx,/mnt/benshalom-nas/analysis/Sadegh/CX138/CX138/260325/T003346/Network/000012/well010/spike_times.npy,/mnt/benshalom-nas/analysis/Sadegh/CX138/CX138/260325/T003346/Network/000012/well010/tm_unfiltered.xlsx,/mnt/benshalom-nas/analysis/Sadegh/CX138/CX138/260325/T003346/Network/000012/well010/rejection_log.xlsx,/mnt/benshalom-nas/analysis/Sadegh/CX138/CX138/260325/T003346/Network/000012/well010/metrics_curated.xlsx,True,True,True,True,True,True,True
CX138,260325,T003346,000012,well011,/mnt/benshalom-nas/analysis/Sadegh/CX138/CX138/260325/T003346/Network/000012/well011,CX138|260325|T003346|000012|well011,/mnt/benshalom-nas/analysis/Sadegh/CX138/CX138/260325/T003346/Network/000012/well011/qm_unfiltered.xlsx,/mnt/benshalom-nas/analysis/Sadegh/CX138/CX138/260325/T003346/Network/000012/well011/network_results.json,/mnt/benshalom-nas/analysis/Sadegh/CX138/CX138/260325/T003346/Network/000012/well011/tm_curated.xlsx,/mnt/benshalom-nas/analysis/Sadegh/CX138/CX138/260325/T003346/Network/000012/well011/spike_times.npy,/mnt/benshalom-nas/analysis/Sadegh/CX138/CX138/260325/T003346/Network/000012/well011/tm_unfiltered.xlsx,/mnt/benshalom-nas/analysis/Sadegh/CX138/CX138/260325/T003346/Network/000012/well011/rejection_log.xlsx,/mnt/benshalom-nas/analysis/Sadegh/CX138/CX138/260325/T003346/Network/000012/well011/metrics_curated.xlsx,True,True,True,True,True,True,True
CX138,260325,T003346,000012,well012,/mnt/benshalom-nas/analysis/Sadegh/CX138/CX138/260325/T003346/Network/000012/well012,CX138|260325|T003346|000012|well012,/mnt/benshalom-nas/analysis/Sadegh/CX138/CX138/260325/T003346/Network/000012/well012/qm_unfiltered.xlsx,/mnt/benshalom-nas/analysis/Sadegh/CX138/CX138/260325/T003346/Network/000012/well012/network_results.json,/mnt/benshalom-nas/analysis/Sadegh/CX138/CX138/260325/T003346/Network/000012/well012/tm_curated.xlsx,/mnt/benshalom-nas/analysis/Sadegh/CX138/CX138/260325/T003346/Network/000012/well012/spike_times.npy,/mnt/benshalom-nas/analysis/Sadegh/CX138/CX138/260325/T003346/Network/000012/well012/tm_unfiltered.xlsx,/mnt/benshalom-nas/analysis/Sadegh/CX138/CX138/260325/T003346/Network/000012/well012/rejection_log.xlsx,/mnt/benshalom-nas/analysis/Sadegh/CX138/CX138/260325/T003346/Network/000012/well012/metrics_curated.xlsx,True,True,True,True,True,True,True
CX138,260325,T003346,000012,well013,/mnt/benshalom-nas/analysis/Sadegh/CX138/CX138/260325/T003346/Network/000012/well013,CX138|260325|T003346|000012|well013,/mnt/benshalom-nas/analysis/Sadegh/CX138/CX138/260325/T003346/Network/000012/well013/qm_unfiltered.xlsx,/mnt/benshalom-nas/analysis/Sadegh/CX138/CX138/260325/T003346/Network/000012/well013/network_results.json,/mnt/benshalom-nas/analysis/Sadegh/CX138/CX138/260325/T003346/Network/000012/well013/tm_curated.xlsx,/mnt/benshalom-nas/analysis/Sadegh/CX138/CX138/260325/T003346/Network/000012/well013/spike_times.npy,/mnt/benshalom-nas/analysis/Sadegh/CX138/CX138/260325/T003346/Network/000012/well013/tm_unfiltered.xlsx,/mnt/benshalom-nas/analysis/Sadegh/CX138/CX138/260325/T003346/Network/000012/well013/rejection_log.xlsx,/mnt/benshalom-nas/analysis/Sadegh/CX138/CX138/260325/T003346/Network/000012/well013/metrics_curated.xlsx,True,True,True,True,True,True,True
CX138,260325,T003346,000012,well014,/mnt/benshalom-nas/analysis/Sadegh/CX138/CX138/260325/T003346/Network/000012/well014,CX138|260325|T003346|000012|well014,/mnt/benshalom-nas/analysis/Sadegh/CX138/CX138/260325/T003346/Network/000012/well014/qm_unfiltered.xlsx,/mnt/benshalom-nas/analysis/Sadegh/CX138/CX138/260325/T003346/Network/000012/well014/network_results.json,/mnt/benshalom-nas/analysis/Sadegh/CX138/CX138/260325/T003346/Network/000012/well014/tm_curated.xlsx,/mnt/benshalom-nas/analysis/Sadegh/CX138/CX138/260325/T003346/Network/000012/well014/spike_times.npy,/mnt/benshalom-nas/analysis/Sadegh/CX138/CX138/260325/T003346/Network/000012/well014/tm_unfiltered.xlsx,/mnt/benshalom-nas/analysis/Sadegh/CX138/CX138/260325/T003346/Network/000012/well014/rejection_log.xlsx,/mnt/benshalom-nas/analysis/Sadegh/CX138/CX138/260325/T003346/Network/000012/well014/metrics_curated.xlsx,True,True,True,True,True,True,True
CX138,260325,T003346,000012,well015,/mnt/benshalom-nas/analysis/Sadegh/CX138/CX138/260325/T003346/Network/000012/well015,CX138|260325|T003346|000012|well015,/mnt/benshalom-nas/analysis/Sadegh/CX138/CX138/260325/T003346/Network/000012/well015/qm_unfiltered.xlsx,/mnt/benshalom-nas/analysis/Sadegh/CX138/CX138/260325/T003346/Network/000012/well015/network_results.json,/mnt/benshalom-nas/analysis/Sadegh/CX138/CX138/260325/T003346/Network/000012/well015/tm_curated.xlsx,/mnt/benshalom-nas/analysis/Sadegh/CX138/CX138/260325/T003346/Network/000012/well015/spike_times.npy,/mnt/benshalom-nas/analysis/Sadegh/CX138/CX138/260325/T003346/Network/000012/well015/tm_unfiltered.xlsx,/mnt/benshalom-nas/analysis/Sadegh/CX138/CX138/260325/T003346/Network/000012/well015/rejection_log.xlsx,/mnt/benshalom-nas/analysis/Sadegh/CX138/CX138/260325/T003346/Network/000012/well015/metrics_curated.xlsx,True,True,True,True,True,True,True
CX138,260325,T003346,000012,well016,/mnt/benshalom-nas/analysis/Sadegh/CX138/CX138/260325/T003346/Network/000012/well016,CX138|260325|T003346|000012|well016,/mnt/benshalom-nas/analysis/Sadegh/CX138/CX138/260325/T003346/Network/000012/well016/qm_unfiltered.xlsx,/mnt/benshalom-nas/analysis/Sadegh/CX138/CX138/260325/T003346/Network/000012/well016/network_results.json,/mnt/benshalom-nas/analysis/Sadegh/CX138/CX138/260325/T003346/Network/000012/well016/tm_curated.xlsx,/mnt/benshalom-nas/analysis/Sadegh/CX138/CX138/260325/T003346/Network/000012/well016/spike_times.npy,/mnt/benshalom-nas/analysis/Sadegh/CX138/CX138/260325/T003346/Network/000012/well016/tm_unfiltered.xlsx,/mnt/benshalom-nas/analysis/Sadegh/CX138/CX138/260325/T003346/Network/000012/well016/rejection_log.xlsx,/mnt/benshalom-nas/analysis/Sadegh/CX138/CX138/260325/T003346/Network/000012/well016/metrics_curated.xlsx,True,True,True,True,True,True,True
CX138,260325,T003346,000012,well017,/mnt/benshalom-nas/analysis/Sadegh/CX138/CX138/260325/T003346/Network/000012/well017,CX138|260325|T003346|000012|well017,/mnt/benshalom-nas/analysis/Sadegh/CX138/CX138/260325/T003346/Network/000012/well017/qm_unfiltered.xlsx,/mnt/benshalom-nas/analysis/Sadegh/CX138/CX138/260325/T003346/Network/000012/well017/network_results.json,/mnt/benshalom-nas/analysis/Sadegh/CX138/CX138/260325/T003346/Network/000012/well017/tm_curated.xlsx,/mnt/benshalom-nas/analysis/Sadegh/CX138/CX138/260325/T003346/Network/000012/well017/spike_times.npy,/mnt/benshalom-nas/analysis/Sadegh/CX138/CX138/260325/T003346/Network/000012/well017/tm_unfiltered.xlsx,/mnt/benshalom-nas/analysis/Sadegh/CX138/CX138/260325/T003346/Network/000012/well017/rejection_log.xlsx,/mnt/benshalom-nas/analysis/Sadegh/CX138/CX138/260325/T003346/Network/000012/well017/metrics_curated.xlsx,True,True,True,True,True,True,True
CX138,260325,T003346,000012,well018,/mnt/benshalom-nas/analysis/Sadegh/CX138/CX138/260325/T003346/Network/000012/well018,CX138|260325|T003346|000012|well018,/mnt/benshalom-nas/analysis/Sadegh/CX138/CX138/260325/T003346/Network/000012/well018/qm_unfiltered.xlsx,/mnt/benshalom-nas/analysis/Sadegh/CX138/CX138/260325/T003346/Network/000012/well018/network_results.json,/mnt/benshalom-nas/analysis/Sadegh/CX138/CX138/260325/T003346/Network/000012/well018/tm_curated.xlsx,/mnt/benshalom-nas/analysis/Sadegh/CX138/CX138/260325/T003346/Network/000012/well018/spike_times.npy,/mnt/benshalom-nas/analysis/Sadegh/CX138/CX138/260325/T003346/Network/000012/well018/tm_unfiltered.xlsx,/mnt/benshalom-nas/analysis/Sadegh/CX138/CX138/260325/T003346/Network/000012/well018/rejection_log.xlsx,/mnt/benshalom-nas/analysis/Sadegh/CX138/CX138/260325/T003346/Network/000012/well018/metrics_curated.xlsx,True,True,True,True,True,True,True
CX138,260325,T003346,000012,well019,/mnt/benshalom-nas/analysis/Sadegh/CX138/CX138/260325/T003346/Network/000012/well019,CX138|260325|T003346|000012|well019,/mnt/benshalom-nas/analysis/Sadegh/CX138/CX138/260325/T003346/Network/000012/well019/qm_unfiltered.xlsx,/mnt/benshalom-nas/analysis/Sadegh/CX138/CX138/260325/T003346/Network/000012/well019/network_results.json,/mnt/benshalom-nas/analysis/Sadegh/CX138/CX138/260325/T003346/Network/000012/well019/tm_curated.xlsx,/mnt/benshalom-nas/analysis/Sadegh/CX138/CX138/260325/T003346/Network/000012/well019/spike_times.npy,/mnt/benshalom-nas/analysis/Sadegh/CX138/CX138/260325/T003346/Network/000012/well019/tm_unfiltered.xlsx,/mnt/benshalom-nas/analysis/Sadegh/CX138/CX138/260325/T003346/Network/000012/well019/rejection_log.xlsx,/mnt/benshalom-nas/analysis/Sadegh/CX138/CX138/260325/T003346/Network/000012/well019/metrics_curated.xlsx,True,True,True,True,True,True,True
CX138,260325,T003346,000012,well020,/mnt/benshalom-nas/analysis/Sadegh/CX138/CX138/260325/T003346/Network/000012/well020,CX138|260325|T003346|000012|well020,/mnt/benshalom-nas/analysis/Sadegh/CX138/CX138/260325/T003346/Network/000012/well020/qm_unfiltered.xlsx,/mnt/benshalom-nas/analysis/Sadegh/CX138/CX138/260325/T003346/Network/000012/well020/network_results.json,/mnt/benshalom-nas/analysis/Sadegh/CX138/CX138/260325/T003346/Network/000012/well020/tm_curated.xlsx,/mnt/benshalom-nas/analysis/Sadegh/CX138/CX138/260325/T003346/Network/000012/well020/spike_times.npy,/mnt/benshalom-nas/analysis/Sadegh/CX138/CX138/260325/T003346/Network/000012/well020/tm_unfiltered.xlsx,/mnt/benshalom-nas/analysis/Sadegh/CX138/CX138/260325/T003346/Network/000012/well020/rejection_log.xlsx,/mnt/benshalom-nas/analysis/Sadegh/CX138/CX138/260325/T003346/Network/000012/well020/metrics_curated.xlsx,True,True,True,True,True,True,True
CX138,260325,T003346,000012,well021,/mnt/benshalom-nas/analysis/Sadegh/CX138/CX138/260325/T003346/Network/000012/well021,CX138|260325|T003346|000012|well021,/mnt/benshalom-nas/analysis/Sadegh/CX138/CX138/260325/T003346/Network/000012/well021/qm_unfiltered.xlsx,/mnt/benshalom-nas/analysis/Sadegh/CX138/CX138/260325/T003346/Network/000012/well021/network_results.json,/mnt/benshalom-nas/analysis/Sadegh/CX138/CX138/260325/T003346/Network/000012/well021/tm_curated.xlsx,/mnt/benshalom-nas/analysis/Sadegh/CX138/CX138/260325/T003346/Network/000012/well021/spike_times.npy,/mnt/benshalom-nas/analysis/Sadegh/CX138/CX138/260325/T003346/Network/000012/well021/tm_unfiltered.xlsx,/mnt/benshalom-nas/analysis/Sadegh/CX138/CX138/260325/T003346/Network/000012/well021/rejection_log.xlsx,/mnt/benshalom-nas/analysis/Sadegh/CX138/CX138/260325/T003346/Network/000012/well021/metrics_curated.xlsx,True,True,True,True,True,True,True
CX138,260325,T003346,000012,well022,/mnt/benshalom-nas/analysis/Sadegh/CX138/CX138/260325/T003346/Network/000012/well022,CX138|260325|T003346|000012|well022,/mnt/benshalom-nas/analysis/Sadegh/CX138/CX138/260325/T003346/Network/000012/well022/qm_unfiltered.xlsx,/mnt/benshalom-nas/analysis/Sadegh/CX138/CX138/260325/T003346/Network/000012/well022/network_results.json,/mnt/benshalom-nas/analysis/Sadegh/CX138/CX138/260325/T003346/Network/000012/well022/tm_curated.xlsx,/mnt/benshalom-nas/analysis/Sadegh/CX138/CX138/260325/T003346/Network/000012/well022/spike_times.npy,/mnt/benshalom-nas/analysis/Sadegh/CX138/CX138/260325/T003346/Network/000012/well022/tm_unfiltered.xlsx,/mnt/benshalom-nas/analysis/Sadegh/CX138/CX138/260325/T003346/Network/000012/well022/rejection_log.xlsx,/mnt/benshalom-nas/analysis/Sadegh/CX138/CX138/260325/T003346/Network/000012/well022/metrics_curated.xlsx,True,True,True,True,True,True,True
CX138,260325,T003346,000012,well023,/mnt/benshalom-nas/analysis/Sadegh/CX138/CX138/260325/T003346/Network/000012/well023,CX138|260325|T003346|000012|well023,/mnt/benshalom-nas/analysis/Sadegh/CX138/CX138/260325/T003346/Network/000012/well023/qm_unfiltered.xlsx,/mnt/benshalom-nas/analysis/Sadegh/CX138/CX138/260325/T003346/Network/000012/well023/network_results.json,/mnt/benshalom-nas/analysis/Sadegh/CX138/CX138/260325/T003346/Network/000012/well023/tm_curated.xlsx,/mnt/benshalom-nas/analysis/Sadegh/CX138/CX138/260325/T003346/Network/000012/well023/spike_times.npy,/mnt/benshalom-nas/analysis/Sadegh/CX138/CX138/260325/T003346/Network/000012/well023/tm_unfiltered.xlsx,/mnt/benshalom-nas/analysis/Sadegh/CX138/CX138/260325/T003346/Network/000012/well023/rejection_log.xlsx,/mnt/benshalom-nas/analysis/Sadegh/CX138/CX138/260325/T003346/Network/000012/well023/metrics_curated.xlsx,True,True,True,True,True,True,True
CX138,260325,T003346,000014,well000,/mnt/benshalom-nas/analysis/Sadegh/CX138/CX138/260325/T003346/Network/000014/well000,CX138|260325|T003346|000014|well000,/mnt/benshalom-nas/analysis/Sadegh/CX138/CX138/260325/T003346/Network/000014/well000/qm_unfiltered.xlsx,/mnt/benshalom-nas/analysis/Sadegh/CX138/CX138/260325/T003346/Network/000014/well000/network_results.json,/mnt/benshalom-nas/analysis/Sadegh/CX138/CX138/260325/T003346/Network/000014/well000/tm_curated.xlsx,/mnt/benshalom-nas/analysis/Sadegh/CX138/CX138/260325/T003346/Network/000014/well000/spike_times.npy,/mnt/benshalom-nas/analysis/Sadegh/CX138/CX138/260325/T003346/Network/000014/well000/tm_unfiltered.xlsx,/mnt/benshalom-nas/analysis/Sadegh/CX138/CX138/260325/T003346/Network/000014/well000/rejection_log.xlsx,/mnt/benshalom-nas/analysis/Sadegh/CX138/CX138/260325/T003346/Network/000014/well000/metrics_curated.xlsx,True,True,True,True,True,True,True
CX138,260325,T003346,000014,well001,/mnt/benshalom-nas/analysis/Sadegh/CX138/CX138/260325/T003346/Network/000014/well001,CX138|260325|T003346|000014|well001,/mnt/benshalom-nas/analysis/Sadegh/CX138/CX138/260325/T003346/Network/000014/well001/qm_unfiltered.xlsx,/mnt/benshalom-nas/analysis/Sadegh/CX138/CX138/260325/T003346/Network/000014/well001/network_results.json,/mnt/benshalom-nas/analysis/Sadegh/CX138/CX138/260325/T003346/Network/000014/well001/tm_curated.xlsx,/mnt/benshalom-nas/analysis/Sadegh/CX138/CX138/260325/T003346/Network/000014/well001/spike_times.npy,/mnt/benshalom-nas/analysis/Sadegh/CX138/CX138/260325/T003346/Network/000014/well001/tm_unfiltered.xlsx,/mnt/benshalom-nas/analysis/Sadegh/CX138/CX138/260325/T003346/Network/000014/well001/rejection_log.xlsx,/mnt/benshalom-nas/analysis/Sadegh/CX138/CX138/260325/T003346/Network/000014/well001/metrics_curated.xlsx,True,True,True,True,True,True,True
CX138,260325,T003346,000014,well002,/mnt/benshalom-nas/analysis/Sadegh/CX138/CX138/260325/T003346/Network/000014/well002,CX138|260325|T003346|000014|well002,/mnt/benshalom-nas/analysis/Sadegh/CX138/CX138/260325/T003346/Network/000014/well002/qm_unfiltered.xlsx,/mnt/benshalom-nas/analysis/Sadegh/CX138/CX138/260325/T003346/Network/000014/well002/network_results.json,/mnt/benshalom-nas/analysis/Sadegh/CX138/CX138/260325/T003346/Network/000014/well002/tm_curated.xlsx,/mnt/benshalom-nas/analysis/Sadegh/CX138/CX138/260325/T003346/Network/000014/well002/spike_times.npy,/mnt/benshalom-nas/analysis/Sadegh/CX138/CX138/260325/T003346/Network/000014/well002/tm_unfiltered.xlsx,/mnt/benshalom-nas/analysis/Sadegh/CX138/CX138/260325/T003346/Network/000014/well002/rejection_log.xlsx,/mnt/benshalom-nas/analysis/Sadegh/CX138/CX138/260325/T003346/Network/000014/well002/metrics_curated.xlsx,True,True,True,True,True,True,True
CX138,260325,T003346,000014,well003,/mnt/benshalom-nas/analysis/Sadegh/CX138/CX138/260325/T003346/Network/000014/well003,CX138|260325|T003346|000014|well003,/mnt/benshalom-nas/analysis/Sadegh/CX138/CX138/260325/T003346/Network/000014/well003/qm_unfiltered.xlsx,/mnt/benshalom-nas/analysis/Sadegh/CX138/CX138/260325/T003346/Network/000014/well003/network_results.json,/mnt/benshalom-nas/analysis/Sadegh/CX138/CX138/260325/T003346/Network/000014/well003/tm_curated.xlsx,/mnt/benshalom-nas/analysis/Sadegh/CX138/CX138/260325/T003346/Network/000014/well003/spike_times.npy,/mnt/benshalom-nas/analysis/Sadegh/CX138/CX138/260325/T003346/Network/000014/well003/tm_unfiltered.xlsx,/mnt/benshalom-nas/analysis/Sadegh/CX138/CX138/260325/T003346/Network/000014/well003/rejection_log.xlsx,/mnt/benshalom-nas/analysis/Sadegh/CX138/CX138/260325/T003346/Network/000014/well003/metrics_curated.xlsx,True,True,True,True,True,True,True
CX138,260325,T003346,000014,well004,/mnt/benshalom-nas/analysis/Sadegh/CX138/CX138/260325/T003346/Network/000014/well004,CX138|260325|T003346|000014|well004,/mnt/benshalom-nas/analysis/Sadegh/CX138/CX138/260325/T003346/Network/000014/well004/qm_unfiltered.xlsx,/mnt/benshalom-nas/analysis/Sadegh/CX138/CX138/260325/T003346/Network/000014/well004/network_results.json,/mnt/benshalom-nas/analysis/Sadegh/CX138/CX138/260325/T003346/Network/000014/well004/tm_curated.xlsx,/mnt/benshalom-nas/analysis/Sadegh/CX138/CX138/260325/T003346/Network/000014/well004/spike_times.npy,/mnt/benshalom-nas/analysis/Sadegh/CX138/CX138/260325/T003346/Network/000014/well004/tm_unfiltered.xlsx,/mnt/benshalom-nas/analysis/Sadegh/CX138/CX138/260325/T003346/Network/000014/well004/rejection_log.xlsx,/mnt/benshalom-nas/analysis/Sadegh/CX138/CX138/260325/T003346/Network/000014/well004/metrics_curated.xlsx,True,True,True,True,True,True,True
CX138,260325,T003346,000014,well005,/mnt/benshalom-nas/analysis/Sadegh/CX138/CX138/260325/T003346/Network/000014/well005,CX138|260325|T003346|000014|well005,/mnt/benshalom-nas/analysis/Sadegh/CX138/CX138/260325/T003346/Network/000014/well005/qm_unfiltered.xlsx,/mnt/benshalom-nas/analysis/Sadegh/CX138/CX138/260325/T003346/Network/000014/well005/network_results.json,/mnt/benshalom-nas/analysis/Sadegh/CX138/CX138/260325/T003346/Network/000014/well005/tm_curated.xlsx,/mnt/benshalom-nas/analysis/Sadegh/CX138/CX138/260325/T003346/Network/000014/well005/spike_times.npy,/mnt/benshalom-nas/analysis/Sadegh/CX138/CX138/260325/T003346/Network/000014/well005/tm_unfiltered.xlsx,/mnt/benshalom-nas/analysis/Sadegh/CX138/CX138/260325/T003346/Network/000014/well005/rejection_log.xlsx,/mnt/benshalom-nas/analysis/Sadegh/CX138/CX138/260325/T003346/Network/000014/well005/metrics_curated.xlsx,True,True,True,True,True,True,True
CX138,260325,T003346,000014,well006,/mnt/benshalom-nas/analysis/Sadegh/CX138/CX138/260325/T003346/Network/000014/well006,CX138|260325|T003346|000014|well006,/mnt/benshalom-nas/analysis/Sadegh/CX138/CX138/260325/T003346/Network/000014/well006/qm_unfiltered.xlsx,/mnt/benshalom-nas/analysis/Sadegh/CX138/CX138/260325/T003346/Network/000014/well006/network_results.json,/mnt/benshalom-nas/analysis/Sadegh/CX138/CX138/260325/T003346/Network/000014/well006/tm_curated.xlsx,/mnt/benshalom-nas/analysis/Sadegh/CX138/CX138/260325/T003346/Network/000014/well006/spike_times.npy,/mnt/benshalom-nas/analysis/Sadegh/CX138/CX138/260325/T003346/Network/000014/well006/tm_unfiltered.xlsx,/mnt/benshalom-nas/analysis/Sadegh/CX138/CX138/260325/T003346/Network/000014/well006/rejection_log.xlsx,/mnt/benshalom-nas/analysis/Sadegh/CX138/CX138/260325/T003346/Network/000014/well006/metrics_curated.xlsx,True,True,True,True,True,True,True
CX138,260325,T003346,000014,well007,/mnt/benshalom-nas/analysis/Sadegh/CX138/CX138/260325/T003346/Network/000014/well007,CX138|260325|T003346|000014|well007,/mnt/benshalom-nas/analysis/Sadegh/CX138/CX138/260325/T003346/Network/000014/well007/qm_unfiltered.xlsx,/mnt/benshalom-nas/analysis/Sadegh/CX138/CX138/260325/T003346/Network/000014/well007/network_results.json,/mnt/benshalom-nas/analysis/Sadegh/CX138/CX138/260325/T003346/Network/000014/well007/tm_curated.xlsx,/mnt/benshalom-nas/analysis/Sadegh/CX138/CX138/260325/T003346/Network/000014/well007/spike_times.npy,/mnt/benshalom-nas/analysis/Sadegh/CX138/CX138/260325/T003346/Network/000014/well007/tm_unfiltered.xlsx,/mnt/benshalom-nas/analysis/Sadegh/CX138/CX138/260325/T003346/Network/000014/well007/rejection_log.xlsx,/mnt/benshalom-nas/analysis/Sadegh/CX138/CX138/260325/T003346/Network/000014/well007/metrics_curated.xlsx,True,True,True,True,True,True,True
CX138,260325,T003346,000014,well008,/mnt/benshalom-nas/analysis/Sadegh/CX138/CX138/260325/T003346/Network/000014/well008,CX138|260325|T003346|000014|well008,/mnt/benshalom-nas/analysis/Sadegh/CX138/CX138/260325/T003346/Network/000014/well008/qm_unfiltered.xlsx,/mnt/benshalom-nas/analysis/Sadegh/CX138/CX138/260325/T003346/Network/000014/well008/network_results.json,/mnt/benshalom-nas/analysis/Sadegh/CX138/CX138/260325/T003346/Network/000014/well008/tm_curated.xlsx,/mnt/benshalom-nas/analysis/Sadegh/CX138/CX138/260325/T003346/Network/000014/well008/spike_times.npy,/mnt/benshalom-nas/analysis/Sadegh/CX138/CX138/260325/T003346/Network/000014/well008/tm_unfiltered.xlsx,/mnt/benshalom-nas/analysis/Sadegh/CX138/CX138/260325/T003346/Network/000014/well008/rejection_log.xlsx,/mnt/benshalom-nas/analysis/Sadegh/CX138/CX138/260325/T003346/Network/000014/well008/metrics_curated.xlsx,True,True,True,True,True,True,True
CX138,260325,T003346,000014,well009,/mnt/benshalom-nas/analysis/Sadegh/CX138/CX138/260325/T003346/Network/000014/well009,CX138|260325|T003346|000014|well009,/mnt/benshalom-nas/analysis/Sadegh/CX138/CX138/260325/T003346/Network/000014/well009/qm_unfiltered.xlsx,/mnt/benshalom-nas/analysis/Sadegh/CX138/CX138/260325/T003346/Network/000014/well009/network_results.json,/mnt/benshalom-nas/analysis/Sadegh/CX138/CX138/260325/T003346/Network/000014/well009/tm_curated.xlsx,/mnt/benshalom-nas/analysis/Sadegh/CX138/CX138/260325/T003346/Network/000014/well009/spike_times.npy,/mnt/benshalom-nas/analysis/Sadegh/CX138/CX138/260325/T003346/Network/000014/well009/tm_unfiltered.xlsx,/mnt/benshalom-nas/analysis/Sadegh/CX138/CX138/260325/T003346/Network/000014/well009/rejection_log.xlsx,/mnt/benshalom-nas/analysis/Sadegh/CX138/CX138/260325/T003346/Network/000014/well009/metrics_curated.xlsx,True,True,True,True,True,True,True
CX138,260325,T003346,000014,well010,/mnt/benshalom-nas/analysis/Sadegh/CX138/CX138/260325/T003346/Network/000014/well010,CX138|260325|T003346|000014|well010,/mnt/benshalom-nas/analysis/Sadegh/CX138/CX138/260325/T003346/Network/000014/well010/qm_unfiltered.xlsx,/mnt/benshalom-nas/analysis/Sadegh/CX138/CX138/260325/T003346/Network/000014/well010/network_results.json,/mnt/benshalom-nas/analysis/Sadegh/CX138/CX138/260325/T003346/Network/000014/well010/tm_curated.xlsx,/mnt/benshalom-nas/analysis/Sadegh/CX138/CX138/260325/T003346/Network/000014/well010/spike_times.npy,/mnt/benshalom-nas/analysis/Sadegh/CX138/CX138/260325/T003346/Network/000014/well010/tm_unfiltered.xlsx,/mnt/benshalom-nas/analysis/Sadegh/CX138/CX138/260325/T003346/Network/000014/well010/rejection_log.xlsx,/mnt/benshalom-nas/analysis/Sadegh/CX138/CX138/260325/T003346/Network/000014/well010/metrics_curated.xlsx,True,True,True,True,True,True,True
CX138,260325,T003346,000014,well011,/mnt/benshalom-nas/analysis/Sadegh/CX138/CX138/260325/T003346/Network/000014/well011,CX138|260325|T003346|000014|well011,/mnt/benshalom-nas/analysis/Sadegh/CX138/CX138/260325/T003346/Network/000014/well011/qm_unfiltered.xlsx,/mnt/benshalom-nas/analysis/Sadegh/CX138/CX138/260325/T003346/Network/000014/well011/network_results.json,/mnt/benshalom-nas/analysis/Sadegh/CX138/CX138/260325/T003346/Network/000014/well011/tm_curated.xlsx,/mnt/benshalom-nas/analysis/Sadegh/CX138/CX138/260325/T003346/Network/000014/well011/spike_times.npy,/mnt/benshalom-nas/analysis/Sadegh/CX138/CX138/260325/T003346/Network/000014/well011/tm_unfiltered.xlsx,/mnt/benshalom-nas/analysis/Sadegh/CX138/CX138/260325/T003346/Network/000014/well011/rejection_log.xlsx,/mnt/benshalom-nas/analysis/Sadegh/CX138/CX138/260325/T003346/Network/000014/well011/metrics_curated.xlsx,True,True,True,True,True,True,True
CX138,260325,T003346,000014,well012,/mnt/benshalom-nas/analysis/Sadegh/CX138/CX138/260325/T003346/Network/000014/well012,CX138|260325|T003346|000014|well012,/mnt/benshalom-nas/analysis/Sadegh/CX138/CX138/260325/T003346/Network/000014/well012/qm_unfiltered.xlsx,/mnt/benshalom-nas/analysis/Sadegh/CX138/CX138/260325/T003346/Network/000014/well012/network_results.json,/mnt/benshalom-nas/analysis/Sadegh/CX138/CX138/260325/T003346/Network/000014/well012/tm_curated.xlsx,/mnt/benshalom-nas/analysis/Sadegh/CX138/CX138/260325/T003346/Network/000014/well012/spike_times.npy,/mnt/benshalom-nas/analysis/Sadegh/CX138/CX138/260325/T003346/Network/000014/well012/tm_unfiltered.xlsx,/mnt/benshalom-nas/analysis/Sadegh/CX138/CX138/260325/T003346/Network/000014/well012/rejection_log.xlsx,/mnt/benshalom-nas/analysis/Sadegh/CX138/CX138/260325/T003346/Network/000014/well012/metrics_curated.xlsx,True,True,True,True,True,True,True
CX138,260325,T003346,000014,well013,/mnt/benshalom-nas/analysis/Sadegh/CX138/CX138/260325/T003346/Network/000014/well013,CX138|260325|T003346|000014|well013,/mnt/benshalom-nas/analysis/Sadegh/CX138/CX138/260325/T003346/Network/000014/well013/qm_unfiltered.xlsx,/mnt/benshalom-nas/analysis/Sadegh/CX138/CX138/260325/T003346/Network/000014/well013/network_results.json,/mnt/benshalom-nas/analysis/Sadegh/CX138/CX138/260325/T003346/Network/000014/well013/tm_curated.xlsx,/mnt/benshalom-nas/analysis/Sadegh/CX138/CX138/260325/T003346/Network/000014/well013/spike_times.npy,/mnt/benshalom-nas/analysis/Sadegh/CX138/CX138/260325/T003346/Network/000014/well013/tm_unfiltered.xlsx,/mnt/benshalom-nas/analysis/Sadegh/CX138/CX138/260325/T003346/Network/000014/well013/rejection_log.xlsx,/mnt/benshalom-nas/analysis/Sadegh/CX138/CX138/260325/T003346/Network/000014/well013/metrics_curated.xlsx,True,True,True,True,True,True,True
CX138,260325,T003346,000014,well014,/mnt/benshalom-nas/analysis/Sadegh/CX138/CX138/260325/T003346/Network/000014/well014,CX138|260325|T003346|000014|well014,/mnt/benshalom-nas/analysis/Sadegh/CX138/CX138/260325/T003346/Network/000014/well014/qm_unfiltered.xlsx,/mnt/benshalom-nas/analysis/Sadegh/CX138/CX138/260325/T003346/Network/000014/well014/network_results.json,/mnt/benshalom-nas/analysis/Sadegh/CX138/CX138/260325/T003346/Network/000014/well014/tm_curated.xlsx,/mnt/benshalom-nas/analysis/Sadegh/CX138/CX138/260325/T003346/Network/000014/well014/spike_times.npy,/mnt/benshalom-nas/analysis/Sadegh/CX138/CX138/260325/T003346/Network/000014/well014/tm_unfiltered.xlsx,/mnt/benshalom-nas/analysis/Sadegh/CX138/CX138/260325/T003346/Network/000014/well014/rejection_log.xlsx,/mnt/benshalom-nas/analysis/Sadegh/CX138/CX138/260325/T003346/Network/000014/well014/metrics_curated.xlsx,True,True,True,True,True,True,True
CX138,260325,T003346,000014,well015,/mnt/benshalom-nas/analysis/Sadegh/CX138/CX138/260325/T003346/Network/000014/well015,CX138|260325|T003346|000014|well015,/mnt/benshalom-nas/analysis/Sadegh/CX138/CX138/260325/T003346/Network/000014/well015/qm_unfiltered.xlsx,/mnt/benshalom-nas/analysis/Sadegh/CX138/CX138/260325/T003346/Network/000014/well015/network_results.json,/mnt/benshalom-nas/analysis/Sadegh/CX138/CX138/260325/T003346/Network/000014/well015/tm_curated.xlsx,/mnt/benshalom-nas/analysis/Sadegh/CX138/CX138/260325/T003346/Network/000014/well015/spike_times.npy,/mnt/benshalom-nas/analysis/Sadegh/CX138/CX138/260325/T003346/Network/000014/well015/tm_unfiltered.xlsx,/mnt/benshalom-nas/analysis/Sadegh/CX138/CX138/260325/T003346/Network/000014/well015/rejection_log.xlsx,/mnt/benshalom-nas/analysis/Sadegh/CX138/CX138/260325/T003346/Network/000014/well015/metrics_curated.xlsx,True,True,True,True,True,True,True
CX138,260325,T003346,000014,well016,/mnt/benshalom-nas/analysis/Sadegh/CX138/CX138/260325/T003346/Network/000014/well016,CX138|260325|T003346|000014|well016,/mnt/benshalom-nas/analysis/Sadegh/CX138/CX138/260325/T003346/Network/000014/well016/qm_unfiltered.xlsx,/mnt/benshalom-nas/analysis/Sadegh/CX138/CX138/260325/T003346/Network/000014/well016/network_results.json,/mnt/benshalom-nas/analysis/Sadegh/CX138/CX138/260325/T003346/Network/000014/well016/tm_curated.xlsx,/mnt/benshalom-nas/analysis/Sadegh/CX138/CX138/260325/T003346/Network/000014/well016/spike_times.npy,/mnt/benshalom-nas/analysis/Sadegh/CX138/CX138/260325/T003346/Network/000014/well016/tm_unfiltered.xlsx,/mnt/benshalom-nas/analysis/Sadegh/CX138/CX138/260325/T003346/Network/000014/well016/rejection_log.xlsx,/mnt/benshalom-nas/analysis/Sadegh/CX138/CX138/260325/T003346/Network/000014/well016/metrics_curated.xlsx,True,True,True,True,True,True,True
CX138,260325,T003346,000014,well017,/mnt/benshalom-nas/analysis/Sadegh/CX138/CX138/260325/T003346/Network/000014/well017,CX138|260325|T003346|000014|well017,/mnt/benshalom-nas/analysis/Sadegh/CX138/CX138/260325/T003346/Network/000014/well017/qm_unfiltered.xlsx,/mnt/benshalom-nas/analysis/Sadegh/CX138/CX138/260325/T003346/Network/000014/well017/network_results.json,/mnt/benshalom-nas/analysis/Sadegh/CX138/CX138/260325/T003346/Network/000014/well017/tm_curated.xlsx,/mnt/benshalom-nas/analysis/Sadegh/CX138/CX138/260325/T003346/Network/000014/well017/spike_times.npy,/mnt/benshalom-nas/analysis/Sadegh/CX138/CX138/260325/T003346/Network/000014/well017/tm_unfiltered.xlsx,/mnt/benshalom-nas/analysis/Sadegh/CX138/CX138/260325/T003346/Network/000014/well017/rejection_log.xlsx,/mnt/benshalom-nas/analysis/Sadegh/CX138/CX138/260325/T003346/Network/000014/well017/metrics_curated.xlsx,True,True,True,True,True,True,True
CX138,260325,T003346,000014,well018,/mnt/benshalom-nas/analysis/Sadegh/CX138/CX138/260325/T003346/Network/000014/well018,CX138|260325|T003346|000014|well018,/mnt/benshalom-nas/analysis/Sadegh/CX138/CX138/260325/T003346/Network/000014/well018/qm_unfiltered.xlsx,/mnt/benshalom-nas/analysis/Sadegh/CX138/CX138/260325/T003346/Network/000014/well018/network_results.json,/mnt/benshalom-nas/analysis/Sadegh/CX138/CX138/260325/T003346/Network/000014/well018/tm_curated.xlsx,/mnt/benshalom-nas/analysis/Sadegh/CX138/CX138/260325/T003346/Network/000014/well018/spike_times.npy,/mnt/benshalom-nas/analysis/Sadegh/CX138/CX138/260325/T003346/Network/000014/well018/tm_unfiltered.xlsx,/mnt/benshalom-nas/analysis/Sadegh/CX138/CX138/260325/T003346/Network/000014/well018/rejection_log.xlsx,/mnt/benshalom-nas/analysis/Sadegh/CX138/CX138/260325/T003346/Network/000014/well018/metrics_curated.xlsx,True,True,True,True,True,True,True
CX138,260325,T003346,000014,well019,/mnt/benshalom-nas/analysis/Sadegh/CX138/CX138/260325/T003346/Network/000014/well019,CX138|260325|T003346|000014|well019,/mnt/benshalom-nas/analysis/Sadegh/CX138/CX138/260325/T003346/Network/000014/well019/qm_unfiltered.xlsx,/mnt/benshalom-nas/analysis/Sadegh/CX138/CX138/260325/T003346/Network/000014/well019/network_results.json,/mnt/benshalom-nas/analysis/Sadegh/CX138/CX138/260325/T003346/Network/000014/well019/tm_curated.xlsx,/mnt/benshalom-nas/analysis/Sadegh/CX138/CX138/260325/T003346/Network/000014/well019/spike_times.npy,/mnt/benshalom-nas/analysis/Sadegh/CX138/CX138/260325/T003346/Network/000014/well019/tm_unfiltered.xlsx,/mnt/benshalom-nas/analysis/Sadegh/CX138/CX138/260325/T003346/Network/000014/well019/rejection_log.xlsx,/mnt/benshalom-nas/analysis/Sadegh/CX138/CX138/260325/T003346/Network/000014/well019/metrics_curated.xlsx,True,True,True,True,True,True,True
CX138,260325,T003346,000014,well020,/mnt/benshalom-nas/analysis/Sadegh/CX138/CX138/260325/T003346/Network/000014/well020,CX138|260325|T003346|000014|well020,/mnt/benshalom-nas/analysis/Sadegh/CX138/CX138/260325/T003346/Network/000014/well020/qm_unfiltered.xlsx,/mnt/benshalom-nas/analysis/Sadegh/CX138/CX138/260325/T003346/Network/000014/well020/network_results.json,/mnt/benshalom-nas/analysis/Sadegh/CX138/CX138/260325/T003346/Network/000014/well020/tm_curated.xlsx,/mnt/benshalom-nas/analysis/Sadegh/CX138/CX138/260325/T003346/Network/000014/well020/spike_times.npy,/mnt/benshalom-nas/analysis/Sadegh/CX138/CX138/260325/T003346/Network/000014/well020/tm_unfiltered.xlsx,/mnt/benshalom-nas/analysis/Sadegh/CX138/CX138/260325/T003346/Network/000014/well020/rejection_log.xlsx,/mnt/benshalom-nas/analysis/Sadegh/CX138/CX138/260325/T003346/Network/000014/well020/metrics_curated.xlsx,True,True,True,True,True,True,True
CX138,260325,T003346,000014,well021,/mnt/benshalom-nas/analysis/Sadegh/CX138/CX138/260325/T003346/Network/000014/well021,CX138|260325|T003346|000014|well021,/mnt/benshalom-nas/analysis/Sadegh/CX138/CX138/260325/T003346/Network/000014/well021/qm_unfiltered.xlsx,/mnt/benshalom-nas/analysis/Sadegh/CX138/CX138/260325/T003346/Network/000014/well021/network_results.json,/mnt/benshalom-nas/analysis/Sadegh/CX138/CX138/260325/T003346/Network/000014/well021/tm_curated.xlsx,/mnt/benshalom-nas/analysis/Sadegh/CX138/CX138/260325/T003346/Network/000014/well021/spike_times.npy,/mnt/benshalom-nas/analysis/Sadegh/CX138/CX138/260325/T003346/Network/000014/well021/tm_unfiltered.xlsx,/mnt/benshalom-nas/analysis/Sadegh/CX138/CX138/260325/T003346/Network/000014/well021/rejection_log.xlsx,/mnt/benshalom-nas/analysis/Sadegh/CX138/CX138/260325/T003346/Network/000014/well021/metrics_curated.xlsx,True,True,True,True,True,True,True
CX138,260325,T003346,000014,well022,/mnt/benshalom-nas/analysis/Sadegh/CX138/CX138/260325/T003346/Network/000014/well022,CX138|260325|T003346|000014|well022,/mnt/benshalom-nas/analysis/Sadegh/CX138/CX138/260325/T003346/Network/000014/well022/qm_unfiltered.xlsx,/mnt/benshalom-nas/analysis/Sadegh/CX138/CX138/260325/T003346/Network/000014/well022/network_results.json,/mnt/benshalom-nas/analysis/Sadegh/CX138/CX138/260325/T003346/Network/000014/well022/tm_curated.xlsx,/mnt/benshalom-nas/analysis/Sadegh/CX138/CX138/260325/T003346/Network/000014/well022/spike_times.npy,/mnt/benshalom-nas/analysis/Sadegh/CX138/CX138/260325/T003346/Network/000014/well022/tm_unfiltered.xlsx,/mnt/benshalom-nas/analysis/Sadegh/CX138/CX138/260325/T003346/Network/000014/well022/rejection_log.xlsx,/mnt/benshalom-nas/analysis/Sadegh/CX138/CX138/260325/T003346/Network/000014/well022/metrics_curated.xlsx,True,True,True,True,True,True,True
CX138,260325,T003346,000014,well023,/mnt/benshalom-nas/analysis/Sadegh/CX138/CX138/260325/T003346/Network/000014/well023,CX138|260325|T003346|000014|well023,/mnt/benshalom-nas/analysis/Sadegh/CX138/CX138/260325/T003346/Network/000014/well023/qm_unfiltered.xlsx,/mnt/benshalom-nas/analysis/Sadegh/CX138/CX138/260325/T003346/Network/000014/well023/network_results.json,/mnt/benshalom-nas/analysis/Sadegh/CX138/CX138/260325/T003346/Network/000014/well023/tm_curated.xlsx,/mnt/benshalom-nas/analysis/Sadegh/CX138/CX138/260325/T003346/Network/000014/well023/spike_times.npy,/mnt/benshalom-nas/analysis/Sadegh/CX138/CX138/260325/T003346/Network/000014/well023/tm_unfiltered.xlsx,/mnt/benshalom-nas/analysis/Sadegh/CX138/CX138/260325/T003346/Network/000014/well023/rejection_log.xlsx,/mnt/benshalom-nas/analysis/Sadegh/CX138/CX138/260325/T003346/Network/000014/well023/metrics_curated.xlsx,True,True,True,True,True,True,True
CX138,260326,T003346,000016,well000,/mnt/benshalom-nas/analysis/Sadegh/CX138/CX138/260326/T003346/Network/000016/well000,CX138|260326|T003346|000016|well000,/mnt/benshalom-nas/analysis/Sadegh/CX138/CX138/260326/T003346/Network/000016/well000/qm_unfiltered.xlsx,/mnt/benshalom-nas/analysis/Sadegh/CX138/CX138/260326/T003346/Network/000016/well000/network_results.json,/mnt/benshalom-nas/analysis/Sadegh/CX138/CX138/260326/T003346/Network/000016/well000/tm_curated.xlsx,/mnt/benshalom-nas/analysis/Sadegh/CX138/CX138/260326/T003346/Network/000016/well000/spike_times.npy,/mnt/benshalom-nas/analysis/Sadegh/CX138/CX138/260326/T003346/Network/000016/well000/tm_unfiltered.xlsx,/mnt/benshalom-nas/analysis/Sadegh/CX138/CX138/260326/T003346/Network/000016/well000/rejection_log.xlsx,/mnt/benshalom-nas/analysis/Sadegh/CX138/CX138/260326/T003346/Network/000016/well000/metrics_curated.xlsx,True,True,True,True,True,True,True
CX138,260326,T003346,000016,well001,/mnt/benshalom-nas/analysis/Sadegh/CX138/CX138/260326/T003346/Network/000016/well001,CX138|260326|T003346|000016|well001,/mnt/benshalom-nas/analysis/Sadegh/CX138/CX138/260326/T003346/Network/000016/well001/qm_unfiltered.xlsx,/mnt/benshalom-nas/analysis/Sadegh/CX138/CX138/260326/T003346/Network/000016/well001/network_results.json,/mnt/benshalom-nas/analysis/Sadegh/CX138/CX138/260326/T003346/Network/000016/well001/tm_curated.xlsx,/mnt/benshalom-nas/analysis/Sadegh/CX138/CX138/260326/T003346/Network/000016/well001/spike_times.npy,/mnt/benshalom-nas/analysis/Sadegh/CX138/CX138/260326/T003346/Network/000016/well001/tm_unfiltered.xlsx,/mnt/benshalom-nas/analysis/Sadegh/CX138/CX138/260326/T003346/Network/000016/well001/rejection_log.xlsx,/mnt/benshalom-nas/analysis/Sadegh/CX138/CX138/260326/T003346/Network/000016/well001/metrics_curated.xlsx,True,True,True,True,True,True,True
CX138,260326,T003346,000016,well002,/mnt/benshalom-nas/analysis/Sadegh/CX138/CX138/260326/T003346/Network/000016/well002,CX138|260326|T003346|000016|well002,/mnt/benshalom-nas/analysis/Sadegh/CX138/CX138/260326/T003346/Network/000016/well002/qm_unfiltered.xlsx,/mnt/benshalom-nas/analysis/Sadegh/CX138/CX138/260326/T003346/Network/000016/well002/network_results.json,/mnt/benshalom-nas/analysis/Sadegh/CX138/CX138/260326/T003346/Network/000016/well002/tm_curated.xlsx,/mnt/benshalom-nas/analysis/Sadegh/CX138/CX138/260326/T003346/Network/000016/well002/spike_times.npy,/mnt/benshalom-nas/analysis/Sadegh/CX138/CX138/260326/T003346/Network/000016/well002/tm_unfiltered.xlsx,/mnt/benshalom-nas/analysis/Sadegh/CX138/CX138/260326/T003346/Network/000016/well002/rejection_log.xlsx,/mnt/benshalom-nas/analysis/Sadegh/CX138/CX138/260326/T003346/Network/000016/well002/metrics_curated.xlsx,True,True,True,True,True,True,True
CX138,260326,T003346,000016,well003,/mnt/benshalom-nas/analysis/Sadegh/CX138/CX138/260326/T003346/Network/000016/well003,CX138|260326|T003346|000016|well003,/mnt/benshalom-nas/analysis/Sadegh/CX138/CX138/260326/T003346/Network/000016/well003/qm_unfiltered.xlsx,/mnt/benshalom-nas/analysis/Sadegh/CX138/CX138/260326/T003346/Network/000016/well003/network_results.json,/mnt/benshalom-nas/analysis/Sadegh/CX138/CX138/260326/T003346/Network/000016/well003/tm_curated.xlsx,/mnt/benshalom-nas/analysis/Sadegh/CX138/CX138/260326/T003346/Network/000016/well003/spike_times.npy,/mnt/benshalom-nas/analysis/Sadegh/CX138/CX138/260326/T003346/Network/000016/well003/tm_unfiltered.xlsx,/mnt/benshalom-nas/analysis/Sadegh/CX138/CX138/260326/T003346/Network/000016/well003/rejection_log.xlsx,/mnt/benshalom-nas/analysis/Sadegh/CX138/CX138/260326/T003346/Network/000016/well003/metrics_curated.xlsx,True,True,True,True,True,True,True
CX138,260326,T003346,000016,well004,/mnt/benshalom-nas/analysis/Sadegh/CX138/CX138/260326/T003346/Network/000016/well004,CX138|260326|T003346|000016|well004,/mnt/benshalom-nas/analysis/Sadegh/CX138/CX138/260326/T003346/Network/000016/well004/qm_unfiltered.xlsx,/mnt/benshalom-nas/analysis/Sadegh/CX138/CX138/260326/T003346/Network/000016/well004/network_results.json,/mnt/benshalom-nas/analysis/Sadegh/CX138/CX138/260326/T003346/Network/000016/well004/tm_curated.xlsx,/mnt/benshalom-nas/analysis/Sadegh/CX138/CX138/260326/T003346/Network/000016/well004/spike_times.npy,/mnt/benshalom-nas/analysis/Sadegh/CX138/CX138/260326/T003346/Network/000016/well004/tm_unfiltered.xlsx,/mnt/benshalom-nas/analysis/Sadegh/CX138/CX138/260326/T003346/Network/000016/well004/rejection_log.xlsx,/mnt/benshalom-nas/analysis/Sadegh/CX138/CX138/260326/T003346/Network/000016/well004/metrics_curated.xlsx,True,True,True,True,True,True,True
CX138,260326,T003346,000016,well005,/mnt/benshalom-nas/analysis/Sadegh/CX138/CX138/260326/T003346/Network/000016/well005,CX138|260326|T003346|000016|well005,/mnt/benshalom-nas/analysis/Sadegh/CX138/CX138/260326/T003346/Network/000016/well005/qm_unfiltered.xlsx,/mnt/benshalom-nas/analysis/Sadegh/CX138/CX138/260326/T003346/Network/000016/well005/network_results.json,/mnt/benshalom-nas/analysis/Sadegh/CX138/CX138/260326/T003346/Network/000016/well005/tm_curated.xlsx,/mnt/benshalom-nas/analysis/Sadegh/CX138/CX138/260326/T003346/Network/000016/well005/spike_times.npy,/mnt/benshalom-nas/analysis/Sadegh/CX138/CX138/260326/T003346/Network/000016/well005/tm_unfiltered.xlsx,/mnt/benshalom-nas/analysis/Sadegh/CX138/CX138/260326/T003346/Network/000016/well005/rejection_log.xlsx,/mnt/benshalom-nas/analysis/Sadegh/CX138/CX138/260326/T003346/Network/000016/well005/metrics_curated.xlsx,True,True,True,True,True,True,True
CX138,260326,T003346,000016,well006,/mnt/benshalom-nas/analysis/Sadegh/CX138/CX138/260326/T003346/Network/000016/well006,CX138|260326|T003346|000016|well006,/mnt/benshalom-nas/analysis/Sadegh/CX138/CX138/260326/T003346/Network/000016/well006/qm_unfiltered.xlsx,/mnt/benshalom-nas/analysis/Sadegh/CX138/CX138/260326/T003346/Network/000016/well006/network_results.json,/mnt/benshalom-nas/analysis/Sadegh/CX138/CX138/260326/T003346/Network/000016/well006/tm_curated.xlsx,/mnt/benshalom-nas/analysis/Sadegh/CX138/CX138/260326/T003346/Network/000016/well006/spike_times.npy,/mnt/benshalom-nas/analysis/Sadegh/CX138/CX138/260326/T003346/Network/000016/well006/tm_unfiltered.xlsx,/mnt/benshalom-nas/analysis/Sadegh/CX138/CX138/260326/T003346/Network/000016/well006/rejection_log.xlsx,/mnt/benshalom-nas/analysis/Sadegh/CX138/CX138/260326/T003346/Network/000016/well006/metrics_curated.xlsx,True,True,True,True,True,True,True
CX138,260326,T003346,000016,well007,/mnt/benshalom-nas/analysis/Sadegh/CX138/CX138/260326/T003346/Network/000016/well007,CX138|260326|T003346|000016|well007,/mnt/benshalom-nas/analysis/Sadegh/CX138/CX138/260326/T003346/Network/000016/well007/qm_unfiltered.xlsx,/mnt/benshalom-nas/analysis/Sadegh/CX138/CX138/260326/T003346/Network/000016/well007/network_results.json,/mnt/benshalom-nas/analysis/Sadegh/CX138/CX138/260326/T003346/Network/000016/well007/tm_curated.xlsx,/mnt/benshalom-nas/analysis/Sadegh/CX138/CX138/260326/T003346/Network/000016/well007/spike_times.npy,/mnt/benshalom-nas/analysis/Sadegh/CX138/CX138/260326/T003346/Network/000016/well007/tm_unfiltered.xlsx,/mnt/benshalom-nas/analysis/Sadegh/CX138/CX138/260326/T003346/Network/000016/well007/rejection_log.xlsx,/mnt/benshalom-nas/analysis/Sadegh/CX138/CX138/260326/T003346/Network/000016/well007/metrics_curated.xlsx,True,True,True,True,True,True,True
CX138,260326,T003346,000016,well008,/mnt/benshalom-nas/analysis/Sadegh/CX138/CX138/260326/T003346/Network/000016/well008,CX138|260326|T003346|000016|well008,/mnt/benshalom-nas/analysis/Sadegh/CX138/CX138/260326/T003346/Network/000016/well008/qm_unfiltered.xlsx,/mnt/benshalom-nas/analysis/Sadegh/CX138/CX138/260326/T003346/Network/000016/well008/network_results.json,/mnt/benshalom-nas/analysis/Sadegh/CX138/CX138/260326/T003346/Network/000016/well008/tm_curated.xlsx,/mnt/benshalom-nas/analysis/Sadegh/CX138/CX138/260326/T003346/Network/000016/well008/spike_times.npy,/mnt/benshalom-nas/analysis/Sadegh/CX138/CX138/260326/T003346/Network/000016/well008/tm_unfiltered.xlsx,/mnt/benshalom-nas/analysis/Sadegh/CX138/CX138/260326/T003346/Network/000016/well008/rejection_log.xlsx,/mnt/benshalom-nas/analysis/Sadegh/CX138/CX138/260326/T003346/Network/000016/well008/metrics_curated.xlsx,True,True,True,True,True,True,True
CX138,260326,T003346,000016,well009,/mnt/benshalom-nas/analysis/Sadegh/CX138/CX138/260326/T003346/Network/000016/well009,CX138|260326|T003346|000016|well009,/mnt/benshalom-nas/analysis/Sadegh/CX138/CX138/260326/T003346/Network/000016/well009/qm_unfiltered.xlsx,/mnt/benshalom-nas/analysis/Sadegh/CX138/CX138/260326/T003346/Network/000016/well009/network_results.json,/mnt/benshalom-nas/analysis/Sadegh/CX138/CX138/260326/T003346/Network/000016/well009/tm_curated.xlsx,/mnt/benshalom-nas/analysis/Sadegh/CX138/CX138/260326/T003346/Network/000016/well009/spike_times.npy,/mnt/benshalom-nas/analysis/Sadegh/CX138/CX138/260326/T003346/Network/000016/well009/tm_unfiltered.xlsx,/mnt/benshalom-nas/analysis/Sadegh/CX138/CX138/260326/T003346/Network/000016/well009/rejection_log.xlsx,/mnt/benshalom-nas/analysis/Sadegh/CX138/CX138/260326/T003346/Network/000016/well009/metrics_curated.xlsx,True,True,True,True,True,True,True
CX138,260326,T003346,000016,well010,/mnt/benshalom-nas/analysis/Sadegh/CX138/CX138/260326/T003346/Network/000016/well010,CX138|260326|T003346|000016|well010,/mnt/benshalom-nas/analysis/Sadegh/CX138/CX138/260326/T003346/Network/000016/well010/qm_unfiltered.xlsx,/mnt/benshalom-nas/analysis/Sadegh/CX138/CX138/260326/T003346/Network/000016/well010/network_results.json,/mnt/benshalom-nas/analysis/Sadegh/CX138/CX138/260326/T003346/Network/000016/well010/tm_curated.xlsx,/mnt/benshalom-nas/analysis/Sadegh/CX138/CX138/260326/T003346/Network/000016/well010/spike_times.npy,/mnt/benshalom-nas/analysis/Sadegh/CX138/CX138/260326/T003346/Network/000016/well010/tm_unfiltered.xlsx,/mnt/benshalom-nas/analysis/Sadegh/CX138/CX138/260326/T003346/Network/000016/well010/rejection_log.xlsx,/mnt/benshalom-nas/analysis/Sadegh/CX138/CX138/260326/T003346/Network/000016/well010/metrics_curated.xlsx,True,True,True,True,True,True,True
CX138,260326,T003346,000016,well011,/mnt/benshalom-nas/analysis/Sadegh/CX138/CX138/260326/T003346/Network/000016/well011,CX138|260326|T003346|000016|well011,/mnt/benshalom-nas/analysis/Sadegh/CX138/CX138/260326/T003346/Network/000016/well011/qm_unfiltered.xlsx,/mnt/benshalom-nas/analysis/Sadegh/CX138/CX138/260326/T003346/Network/000016/well011/network_results.json,/mnt/benshalom-nas/analysis/Sadegh/CX138/CX138/260326/T003346/Network/000016/well011/tm_curated.xlsx,/mnt/benshalom-nas/analysis/Sadegh/CX138/CX138/260326/T003346/Network/000016/well011/spike_times.npy,/mnt/benshalom-nas/analysis/Sadegh/CX138/CX138/260326/T003346/Network/000016/well011/tm_unfiltered.xlsx,/mnt/benshalom-nas/analysis/Sadegh/CX138/CX138/260326/T003346/Network/000016/well011/rejection_log.xlsx,/mnt/benshalom-nas/analysis/Sadegh/CX138/CX138/260326/T003346/Network/000016/well011/metrics_curated.xlsx,True,True,True,True,True,True,True
CX138,260326,T003346,000016,well012,/mnt/benshalom-nas/analysis/Sadegh/CX138/CX138/260326/T003346/Network/000016/well012,CX138|260326|T003346|000016|well012,/mnt/benshalom-nas/analysis/Sadegh/CX138/CX138/260326/T003346/Network/000016/well012/qm_unfiltered.xlsx,/mnt/benshalom-nas/analysis/Sadegh/CX138/CX138/260326/T003346/Network/000016/well012/network_results.json,/mnt/benshalom-nas/analysis/Sadegh/CX138/CX138/260326/T003346/Network/000016/well012/tm_curated.xlsx,/mnt/benshalom-nas/analysis/Sadegh/CX138/CX138/260326/T003346/Network/000016/well012/spike_times.npy,/mnt/benshalom-nas/analysis/Sadegh/CX138/CX138/260326/T003346/Network/000016/well012/tm_unfiltered.xlsx,/mnt/benshalom-nas/analysis/Sadegh/CX138/CX138/260326/T003346/Network/000016/well012/rejection_log.xlsx,/mnt/benshalom-nas/analysis/Sadegh/CX138/CX138/260326/T003346/Network/000016/well012/metrics_curated.xlsx,True,True,True,True,True,True,True
CX138,260326,T003346,000016,well013,/mnt/benshalom-nas/analysis/Sadegh/CX138/CX138/260326/T003346/Network/000016/well013,CX138|260326|T003346|000016|well013,/mnt/benshalom-nas/analysis/Sadegh/CX138/CX138/260326/T003346/Network/000016/well013/qm_unfiltered.xlsx,/mnt/benshalom-nas/analysis/Sadegh/CX138/CX138/260326/T003346/Network/000016/well013/network_results.json,/mnt/benshalom-nas/analysis/Sadegh/CX138/CX138/260326/T003346/Network/000016/well013/tm_curated.xlsx,/mnt/benshalom-nas/analysis/Sadegh/CX138/CX138/260326/T003346/Network/000016/well013/spike_times.npy,/mnt/benshalom-nas/analysis/Sadegh/CX138/CX138/260326/T003346/Network/000016/well013/tm_unfiltered.xlsx,/mnt/benshalom-nas/analysis/Sadegh/CX138/CX138/260326/T003346/Network/000016/well013/rejection_log.xlsx,/mnt/benshalom-nas/analysis/Sadegh/CX138/CX138/260326/T003346/Network/000016/well013/metrics_curated.xlsx,True,True,True,True,True,True,True
CX138,260326,T003346,000016,well014,/mnt/benshalom-nas/analysis/Sadegh/CX138/CX138/260326/T003346/Network/000016/well014,CX138|260326|T003346|000016|well014,/mnt/benshalom-nas/analysis/Sadegh/CX138/CX138/260326/T003346/Network/000016/well014/qm_unfiltered.xlsx,/mnt/benshalom-nas/analysis/Sadegh/CX138/CX138/260326/T003346/Network/000016/well014/network_results.json,/mnt/benshalom-nas/analysis/Sadegh/CX138/CX138/260326/T003346/Network/000016/well014/tm_curated.xlsx,/mnt/benshalom-nas/analysis/Sadegh/CX138/CX138/260326/T003346/Network/000016/well014/spike_times.npy,/mnt/benshalom-nas/analysis/Sadegh/CX138/CX138/260326/T003346/Network/000016/well014/tm_unfiltered.xlsx,/mnt/benshalom-nas/analysis/Sadegh/CX138/CX138/260326/T003346/Network/000016/well014/rejection_log.xlsx,/mnt/benshalom-nas/analysis/Sadegh/CX138/CX138/260326/T003346/Network/000016/well014/metrics_curated.xlsx,True,True,True,True,True,True,True
CX138,260326,T003346,000016,well015,/mnt/benshalom-nas/analysis/Sadegh/CX138/CX138/260326/T003346/Network/000016/well015,CX138|260326|T003346|000016|well015,/mnt/benshalom-nas/analysis/Sadegh/CX138/CX138/260326/T003346/Network/000016/well015/qm_unfiltered.xlsx,/mnt/benshalom-nas/analysis/Sadegh/CX138/CX138/260326/T003346/Network/000016/well015/network_results.json,/mnt/benshalom-nas/analysis/Sadegh/CX138/CX138/260326/T003346/Network/000016/well015/tm_curated.xlsx,/mnt/benshalom-nas/analysis/Sadegh/CX138/CX138/260326/T003346/Network/000016/well015/spike_times.npy,/mnt/benshalom-nas/analysis/Sadegh/CX138/CX138/260326/T003346/Network/000016/well015/tm_unfiltered.xlsx,/mnt/benshalom-nas/analysis/Sadegh/CX138/CX138/260326/T003346/Network/000016/well015/rejection_log.xlsx,/mnt/benshalom-nas/analysis/Sadegh/CX138/CX138/260326/T003346/Network/000016/well015/metrics_curated.xlsx,True,True,True,True,True,True,True
CX138,260326,T003346,000016,well016,/mnt/benshalom-nas/analysis/Sadegh/CX138/CX138/260326/T003346/Network/000016/well016,CX138|260326|T003346|000016|well016,/mnt/benshalom-nas/analysis/Sadegh/CX138/CX138/260326/T003346/Network/000016/well016/qm_unfiltered.xlsx,/mnt/benshalom-nas/analysis/Sadegh/CX138/CX138/260326/T003346/Network/000016/well016/network_results.json,/mnt/benshalom-nas/analysis/Sadegh/CX138/CX138/260326/T003346/Network/000016/well016/tm_curated.xlsx,/mnt/benshalom-nas/analysis/Sadegh/CX138/CX138/260326/T003346/Network/000016/well016/spike_times.npy,/mnt/benshalom-nas/analysis/Sadegh/CX138/CX138/260326/T003346/Network/000016/well016/tm_unfiltered.xlsx,/mnt/benshalom-nas/analysis/Sadegh/CX138/CX138/260326/T003346/Network/000016/well016/rejection_log.xlsx,/mnt/benshalom-nas/analysis/Sadegh/CX138/CX138/260326/T003346/Network/000016/well016/metrics_curated.xlsx,True,True,True,True,True,True,True
CX138,260326,T003346,000016,well017,/mnt/benshalom-nas/analysis/Sadegh/CX138/CX138/260326/T003346/Network/000016/well017,CX138|260326|T003346|000016|well017,/mnt/benshalom-nas/analysis/Sadegh/CX138/CX138/260326/T003346/Network/000016/well017/qm_unfiltered.xlsx,/mnt/benshalom-nas/analysis/Sadegh/CX138/CX138/260326/T003346/Network/000016/well017/network_results.json,/mnt/benshalom-nas/analysis/Sadegh/CX138/CX138/260326/T003346/Network/000016/well017/tm_curated.xlsx,/mnt/benshalom-nas/analysis/Sadegh/CX138/CX138/260326/T003346/Network/000016/well017/spike_times.npy,/mnt/benshalom-nas/analysis/Sadegh/CX138/CX138/260326/T003346/Network/000016/well017/tm_unfiltered.xlsx,/mnt/benshalom-nas/analysis/Sadegh/CX138/CX138/260326/T003346/Network/000016/well017/rejection_log.xlsx,/mnt/benshalom-nas/analysis/Sadegh/CX138/CX138/260326/T003346/Network/000016/well017/metrics_curated.xlsx,True,True,True,True,True,True,True
CX138,260326,T003346,000016,well018,/mnt/benshalom-nas/analysis/Sadegh/CX138/CX138/260326/T003346/Network/000016/well018,CX138|260326|T003346|000016|well018,/mnt/benshalom-nas/analysis/Sadegh/CX138/CX138/260326/T003346/Network/000016/well018/qm_unfiltered.xlsx,/mnt/benshalom-nas/analysis/Sadegh/CX138/CX138/260326/T003346/Network/000016/well018/network_results.json,/mnt/benshalom-nas/analysis/Sadegh/CX138/CX138/260326/T003346/Network/000016/well018/tm_curated.xlsx,/mnt/benshalom-nas/analysis/Sadegh/CX138/CX138/260326/T003346/Network/000016/well018/spike_times.npy,/mnt/benshalom-nas/analysis/Sadegh/CX138/CX138/260326/T003346/Network/000016/well018/tm_unfiltered.xlsx,/mnt/benshalom-nas/analysis/Sadegh/CX138/CX138/260326/T003346/Network/000016/well018/rejection_log.xlsx,/mnt/benshalom-nas/analysis/Sadegh/CX138/CX138/260326/T003346/Network/000016/well018/metrics_curated.xlsx,True,True,True,True,True,True,True
CX138,260326,T003346,000016,well019,/mnt/benshalom-nas/analysis/Sadegh/CX138/CX138/260326/T003346/Network/000016/well019,CX138|260326|T003346|000016|well019,/mnt/benshalom-nas/analysis/Sadegh/CX138/CX138/260326/T003346/Network/000016/well019/qm_unfiltered.xlsx,/mnt/benshalom-nas/analysis/Sadegh/CX138/CX138/260326/T003346/Network/000016/well019/network_results.json,/mnt/benshalom-nas/analysis/Sadegh/CX138/CX138/260326/T003346/Network/000016/well019/tm_curated.xlsx,/mnt/benshalom-nas/analysis/Sadegh/CX138/CX138/260326/T003346/Network/000016/well019/spike_times.npy,/mnt/benshalom-nas/analysis/Sadegh/CX138/CX138/260326/T003346/Network/000016/well019/tm_unfiltered.xlsx,/mnt/benshalom-nas/analysis/Sadegh/CX138/CX138/260326/T003346/Network/000016/well019/rejection_log.xlsx,/mnt/benshalom-nas/analysis/Sadegh/CX138/CX138/260326/T003346/Network/000016/well019/metrics_curated.xlsx,True,True,True,True,True,True,True
CX138,260326,T003346,000016,well020,/mnt/benshalom-nas/analysis/Sadegh/CX138/CX138/260326/T003346/Network/000016/well020,CX138|260326|T003346|000016|well020,/mnt/benshalom-nas/analysis/Sadegh/CX138/CX138/260326/T003346/Network/000016/well020/qm_unfiltered.xlsx,/mnt/benshalom-nas/analysis/Sadegh/CX138/CX138/260326/T003346/Network/000016/well020/network_results.json,/mnt/benshalom-nas/analysis/Sadegh/CX138/CX138/260326/T003346/Network/000016/well020/tm_curated.xlsx,/mnt/benshalom-nas/analysis/Sadegh/CX138/CX138/260326/T003346/Network/000016/well020/spike_times.npy,/mnt/benshalom-nas/analysis/Sadegh/CX138/CX138/260326/T003346/Network/000016/well020/tm_unfiltered.xlsx,/mnt/benshalom-nas/analysis/Sadegh/CX138/CX138/260326/T003346/Network/000016/well020/rejection_log.xlsx,/mnt/benshalom-nas/analysis/Sadegh/CX138/CX138/260326/T003346/Network/000016/well020/metrics_curated.xlsx,True,True,True,True,True,True,True
CX138,260326,T003346,000016,well021,/mnt/benshalom-nas/analysis/Sadegh/CX138/CX138/260326/T003346/Network/000016/well021,CX138|260326|T003346|000016|well021,/mnt/benshalom-nas/analysis/Sadegh/CX138/CX138/260326/T003346/Network/000016/well021/qm_unfiltered.xlsx,/mnt/benshalom-nas/analysis/Sadegh/CX138/CX138/260326/T003346/Network/000016/well021/network_results.json,/mnt/benshalom-nas/analysis/Sadegh/CX138/CX138/260326/T003346/Network/000016/well021/tm_curated.xlsx,/mnt/benshalom-nas/analysis/Sadegh/CX138/CX138/260326/T003346/Network/000016/well021/spike_times.npy,/mnt/benshalom-nas/analysis/Sadegh/CX138/CX138/260326/T003346/Network/000016/well021/tm_unfiltered.xlsx,/mnt/benshalom-nas/analysis/Sadegh/CX138/CX138/260326/T003346/Network/000016/well021/rejection_log.xlsx,/mnt/benshalom-nas/analysis/Sadegh/CX138/CX138/260326/T003346/Network/000016/well021/metrics_curated.xlsx,True,True,True,True,True,True,True
CX138,260326,T003346,000016,well022,/mnt/benshalom-nas/analysis/Sadegh/CX138/CX138/260326/T003346/Network/000016/well022,CX138|260326|T003346|000016|well022,/mnt/benshalom-nas/analysis/Sadegh/CX138/CX138/260326/T003346/Network/000016/well022/qm_unfiltered.xlsx,/mnt/benshalom-nas/analysis/Sadegh/CX138/CX138/260326/T003346/Network/000016/well022/network_results.json,/mnt/benshalom-nas/analysis/Sadegh/CX138/CX138/260326/T003346/Network/000016/well022/tm_curated.xlsx,/mnt/benshalom-nas/analysis/Sadegh/CX138/CX138/260326/T003346/Network/000016/well022/spike_times.npy,/mnt/benshalom-nas/analysis/Sadegh/CX138/CX138/260326/T003346/Network/000016/well022/tm_unfiltered.xlsx,/mnt/benshalom-nas/analysis/Sadegh/CX138/CX138/260326/T003346/Network/000016/well022/rejection_log.xlsx,/mnt/benshalom-nas/analysis/Sadegh/CX138/CX138/260326/T003346/Network/000016/well022/metrics_curated.xlsx,True,True,True,True,True,True,True
CX138,260326,T003346,000016,well023,/mnt/benshalom-nas/analysis/Sadegh/CX138/CX138/260326/T003346/Network/000016/well023,CX138|260326|T003346|000016|well023,/mnt/benshalom-nas/analysis/Sadegh/CX138/CX138/260326/T003346/Network/000016/well023/qm_unfiltered.xlsx,/mnt/benshalom-nas/analysis/Sadegh/CX138/CX138/260326/T003346/Network/000016/well023/network_results.json,/mnt/benshalom-nas/analysis/Sadegh/CX138/CX138/260326/T003346/Network/000016/well023/tm_curated.xlsx,/mnt/benshalom-nas/analysis/Sadegh/CX138/CX138/260326/T003346/Network/000016/well023/spike_times.npy,/mnt/benshalom-nas/analysis/Sadegh/CX138/CX138/260326/T003346/Network/000016/well023/tm_unfiltered.xlsx,/mnt/benshalom-nas/analysis/Sadegh/CX138/CX138/260326/T003346/Network/000016/well023/rejection_log.xlsx,/mnt/benshalom-nas/analysis/Sadegh/CX138/CX138/260326/T003346/Network/000016/well023/metrics_curated.xlsx,True,True,True,True,True,True,True
CX138,260327,T003346,000019,well000,/mnt/benshalom-nas/analysis/Sadegh/CX138/CX138/260327/T003346/Network/000019/well000,CX138|260327|T003346|000019|well000,/mnt/benshalom-nas/analysis/Sadegh/CX138/CX138/260327/T003346/Network/000019/well000/qm_unfiltered.xlsx,/mnt/benshalom-nas/analysis/Sadegh/CX138/CX138/260327/T003346/Network/000019/well000/network_results.json,/mnt/benshalom-nas/analysis/Sadegh/CX138/CX138/260327/T003346/Network/000019/well000/tm_curated.xlsx,/mnt/benshalom-nas/analysis/Sadegh/CX138/CX138/260327/T003346/Network/000019/well000/spike_times.npy,/mnt/benshalom-nas/analysis/Sadegh/CX138/CX138/260327/T003346/Network/000019/well000/tm_unfiltered.xlsx,/mnt/benshalom-nas/analysis/Sadegh/CX138/CX138/260327/T003346/Network/000019/well000/rejection_log.xlsx,/mnt/benshalom-nas/analysis/Sadegh/CX138/CX138/260327/T003346/Network/000019/well000/metrics_curated.xlsx,True,True,True,True,True,True,True
CX138,260327,T003346,000019,well001,/mnt/benshalom-nas/analysis/Sadegh/CX138/CX138/260327/T003346/Network/000019/well001,CX138|260327|T003346|000019|well001,/mnt/benshalom-nas/analysis/Sadegh/CX138/CX138/260327/T003346/Network/000019/well001/qm_unfiltered.xlsx,/mnt/benshalom-nas/analysis/Sadegh/CX138/CX138/260327/T003346/Network/000019/well001/network_results.json,/mnt/benshalom-nas/analysis/Sadegh/CX138/CX138/260327/T003346/Network/000019/well001/tm_curated.xlsx,/mnt/benshalom-nas/analysis/Sadegh/CX138/CX138/260327/T003346/Network/000019/well001/spike_times.npy,/mnt/benshalom-nas/analysis/Sadegh/CX138/CX138/260327/T003346/Network/000019/well001/tm_unfiltered.xlsx,/mnt/benshalom-nas/analysis/Sadegh/CX138/CX138/260327/T003346/Network/000019/well001/rejection_log.xlsx,/mnt/benshalom-nas/analysis/Sadegh/CX138/CX138/260327/T003346/Network/000019/well001/metrics_curated.xlsx,True,True,True,True,True,True,True
CX138,260327,T003346,000019,well002,/mnt/benshalom-nas/analysis/Sadegh/CX138/CX138/260327/T003346/Network/000019/well002,CX138|260327|T003346|000019|well002,/mnt/benshalom-nas/analysis/Sadegh/CX138/CX138/260327/T003346/Network/000019/well002/qm_unfiltered.xlsx,/mnt/benshalom-nas/analysis/Sadegh/CX138/CX138/260327/T003346/Network/000019/well002/network_results.json,/mnt/benshalom-nas/analysis/Sadegh/CX138/CX138/260327/T003346/Network/000019/well002/tm_curated.xlsx,/mnt/benshalom-nas/analysis/Sadegh/CX138/CX138/260327/T003346/Network/000019/well002/spike_times.npy,/mnt/benshalom-nas/analysis/Sadegh/CX138/CX138/260327/T003346/Network/000019/well002/tm_unfiltered.xlsx,/mnt/benshalom-nas/analysis/Sadegh/CX138/CX138/260327/T003346/Network/000019/well002/rejection_log.xlsx,/mnt/benshalom-nas/analysis/Sadegh/CX138/CX138/260327/T003346/Network/000019/well002/metrics_curated.xlsx,True,True,True,True,True,True,True
CX138,260327,T003346,000019,well003,/mnt/benshalom-nas/analysis/Sadegh/CX138/CX138/260327/T003346/Network/000019/well003,CX138|260327|T003346|000019|well003,/mnt/benshalom-nas/analysis/Sadegh/CX138/CX138/260327/T003346/Network/000019/well003/qm_unfiltered.xlsx,/mnt/benshalom-nas/analysis/Sadegh/CX138/CX138/260327/T003346/Network/000019/well003/network_results.json,/mnt/benshalom-nas/analysis/Sadegh/CX138/CX138/260327/T003346/Network/000019/well003/tm_curated.xlsx,/mnt/benshalom-nas/analysis/Sadegh/CX138/CX138/260327/T003346/Network/000019/well003/spike_times.npy,/mnt/benshalom-nas/analysis/Sadegh/CX138/CX138/260327/T003346/Network/000019/well003/tm_unfiltered.xlsx,/mnt/benshalom-nas/analysis/Sadegh/CX138/CX138/260327/T003346/Network/000019/well003/rejection_log.xlsx,/mnt/benshalom-nas/analysis/Sadegh/CX138/CX138/260327/T003346/Network/000019/well003/metrics_curated.xlsx,True,True,True,True,True,True,True
CX138,260327,T003346,000019,well004,/mnt/benshalom-nas/analysis/Sadegh/CX138/CX138/260327/T003346/Network/000019/well004,CX138|260327|T003346|000019|well004,/mnt/benshalom-nas/analysis/Sadegh/CX138/CX138/260327/T003346/Network/000019/well004/qm_unfiltered.xlsx,/mnt/benshalom-nas/analysis/Sadegh/CX138/CX138/260327/T003346/Network/000019/well004/network_results.json,/mnt/benshalom-nas/analysis/Sadegh/CX138/CX138/260327/T003346/Network/000019/well004/tm_curated.xlsx,/mnt/benshalom-nas/analysis/Sadegh/CX138/CX138/260327/T003346/Network/000019/well004/spike_times.npy,/mnt/benshalom-nas/analysis/Sadegh/CX138/CX138/260327/T003346/Network/000019/well004/tm_unfiltered.xlsx,/mnt/benshalom-nas/analysis/Sadegh/CX138/CX138/260327/T003346/Network/000019/well004/rejection_log.xlsx,/mnt/benshalom-nas/analysis/Sadegh/CX138/CX138/260327/T003346/Network/000019/well004/metrics_curated.xlsx,True,True,True,True,True,True,True
CX138,260327,T003346,000019,well005,/mnt/benshalom-nas/analysis/Sadegh/CX138/CX138/260327/T003346/Network/000019/well005,CX138|260327|T003346|000019|well005,/mnt/benshalom-nas/analysis/Sadegh/CX138/CX138/260327/T003346/Network/000019/well005/qm_unfiltered.xlsx,/mnt/benshalom-nas/analysis/Sadegh/CX138/CX138/260327/T003346/Network/000019/well005/network_results.json,/mnt/benshalom-nas/analysis/Sadegh/CX138/CX138/260327/T003346/Network/000019/well005/tm_curated.xlsx,/mnt/benshalom-nas/analysis/Sadegh/CX138/CX138/260327/T003346/Network/000019/well005/spike_times.npy,/mnt/benshalom-nas/analysis/Sadegh/CX138/CX138/260327/T003346/Network/000019/well005/tm_unfiltered.xlsx,/mnt/benshalom-nas/analysis/Sadegh/CX138/CX138/260327/T003346/Network/000019/well005/rejection_log.xlsx,/mnt/benshalom-nas/analysis/Sadegh/CX138/CX138/260327/T003346/Network/000019/well005/metrics_curated.xlsx,True,True,True,True,True,True,True
CX138,260327,T003346,000019,well006,/mnt/benshalom-nas/analysis/Sadegh/CX138/CX138/260327/T003346/Network/000019/well006,CX138|260327|T003346|000019|well006,/mnt/benshalom-nas/analysis/Sadegh/CX138/CX138/260327/T003346/Network/000019/well006/qm_unfiltered.xlsx,/mnt/benshalom-nas/analysis/Sadegh/CX138/CX138/260327/T003346/Network/000019/well006/network_results.json,/mnt/benshalom-nas/analysis/Sadegh/CX138/CX138/260327/T003346/Network/000019/well006/tm_curated.xlsx,/mnt/benshalom-nas/analysis/Sadegh/CX138/CX138/260327/T003346/Network/000019/well006/spike_times.npy,/mnt/benshalom-nas/analysis/Sadegh/CX138/CX138/260327/T003346/Network/000019/well006/tm_unfiltered.xlsx,/mnt/benshalom-nas/analysis/Sadegh/CX138/CX138/260327/T003346/Network/000019/well006/rejection_log.xlsx,/mnt/benshalom-nas/analysis/Sadegh/CX138/CX138/260327/T003346/Network/000019/well006/metrics_curated.xlsx,True,True,True,True,True,True,True
CX138,260327,T003346,000019,well007,/mnt/benshalom-nas/analysis/Sadegh/CX138/CX138/260327/T003346/Network/000019/well007,CX138|260327|T003346|000019|well007,/mnt/benshalom-nas/analysis/Sadegh/CX138/CX138/260327/T003346/Network/000019/well007/qm_unfiltered.xlsx,/mnt/benshalom-nas/analysis/Sadegh/CX138/CX138/260327/T003346/Network/000019/well007/network_results.json,/mnt/benshalom-nas/analysis/Sadegh/CX138/CX138/260327/T003346/Network/000019/well007/tm_curated.xlsx,/mnt/benshalom-nas/analysis/Sadegh/CX138/CX138/260327/T003346/Network/000019/well007/spike_times.npy,/mnt/benshalom-nas/analysis/Sadegh/CX138/CX138/260327/T003346/Network/000019/well007/tm_unfiltered.xlsx,/mnt/benshalom-nas/analysis/Sadegh/CX138/CX138/260327/T003346/Network/000019/well007/rejection_log.xlsx,/mnt/benshalom-nas/analysis/Sadegh/CX138/CX138/260327/T003346/Network/000019/well007/metrics_curated.xlsx,True,True,True,True,True,True,True
CX138,260327,T003346,000019,well008,/mnt/benshalom-nas/analysis/Sadegh/CX138/CX138/260327/T003346/Network/000019/well008,CX138|260327|T003346|000019|well008,/mnt/benshalom-nas/analysis/Sadegh/CX138/CX138/260327/T003346/Network/000019/well008/qm_unfiltered.xlsx,/mnt/benshalom-nas/analysis/Sadegh/CX138/CX138/260327/T003346/Network/000019/well008/network_results.json,/mnt/benshalom-nas/analysis/Sadegh/CX138/CX138/260327/T003346/Network/000019/well008/tm_curated.xlsx,/mnt/benshalom-nas/analysis/Sadegh/CX138/CX138/260327/T003346/Network/000019/well008/spike_times.npy,/mnt/benshalom-nas/analysis/Sadegh/CX138/CX138/260327/T003346/Network/000019/well008/tm_unfiltered.xlsx,/mnt/benshalom-nas/analysis/Sadegh/CX138/CX138/260327/T003346/Network/000019/well008/rejection_log.xlsx,/mnt/benshalom-nas/analysis/Sadegh/CX138/CX138/260327/T003346/Network/000019/well008/metrics_curated.xlsx,True,True,True,True,True,True,True
CX138,260327,T003346,000019,well009,/mnt/benshalom-nas/analysis/Sadegh/CX138/CX138/260327/T003346/Network/000019/well009,CX138|260327|T003346|000019|well009,/mnt/benshalom-nas/analysis/Sadegh/CX138/CX138/260327/T003346/Network/000019/well009/qm_unfiltered.xlsx,/mnt/benshalom-nas/analysis/Sadegh/CX138/CX138/260327/T003346/Network/000019/well009/network_results.json,/mnt/benshalom-nas/analysis/Sadegh/CX138/CX138/260327/T003346/Network/000019/well009/tm_curated.xlsx,/mnt/benshalom-nas/analysis/Sadegh/CX138/CX138/260327/T003346/Network/000019/well009/spike_times.npy,/mnt/benshalom-nas/analysis/Sadegh/CX138/CX138/260327/T003346/Network/000019/well009/tm_unfiltered.xlsx,/mnt/benshalom-nas/analysis/Sadegh/CX138/CX138/260327/T003346/Network/000019/well009/rejection_log.xlsx,/mnt/benshalom-nas/analysis/Sadegh/CX138/CX138/260327/T003346/Network/000019/well009/metrics_curated.xlsx,True,True,True,True,True,True,True
CX138,260327,T003346,000019,well010,/mnt/benshalom-nas/analysis/Sadegh/CX138/CX138/260327/T003346/Network/000019/well010,CX138|260327|T003346|000019|well010,/mnt/benshalom-nas/analysis/Sadegh/CX138/CX138/260327/T003346/Network/000019/well010/qm_unfiltered.xlsx,/mnt/benshalom-nas/analysis/Sadegh/CX138/CX138/260327/T003346/Network/000019/well010/network_results.json,/mnt/benshalom-nas/analysis/Sadegh/CX138/CX138/260327/T003346/Network/000019/well010/tm_curated.xlsx,/mnt/benshalom-nas/analysis/Sadegh/CX138/CX138/260327/T003346/Network/000019/well010/spike_times.npy,/mnt/benshalom-nas/analysis/Sadegh/CX138/CX138/260327/T003346/Network/000019/well010/tm_unfiltered.xlsx,/mnt/benshalom-nas/analysis/Sadegh/CX138/CX138/260327/T003346/Network/000019/well010/rejection_log.xlsx,/mnt/benshalom-nas/analysis/Sadegh/CX138/CX138/260327/T003346/Network/000019/well010/metrics_curated.xlsx,True,True,True,True,True,True,True
CX138,260327,T003346,000019,well011,/mnt/benshalom-nas/analysis/Sadegh/CX138/CX138/260327/T003346/Network/000019/well011,CX138|260327|T003346|000019|well011,/mnt/benshalom-nas/analysis/Sadegh/CX138/CX138/260327/T003346/Network/000019/well011/qm_unfiltered.xlsx,/mnt/benshalom-nas/analysis/Sadegh/CX138/CX138/260327/T003346/Network/000019/well011/network_results.json,/mnt/benshalom-nas/analysis/Sadegh/CX138/CX138/260327/T003346/Network/000019/well011/tm_curated.xlsx,/mnt/benshalom-nas/analysis/Sadegh/CX138/CX138/260327/T003346/Network/000019/well011/spike_times.npy,/mnt/benshalom-nas/analysis/Sadegh/CX138/CX138/260327/T003346/Network/000019/well011/tm_unfiltered.xlsx,/mnt/benshalom-nas/analysis/Sadegh/CX138/CX138/260327/T003346/Network/000019/well011/rejection_log.xlsx,/mnt/benshalom-nas/analysis/Sadegh/CX138/CX138/260327/T003346/Network/000019/well011/metrics_curated.xlsx,True,True,True,True,True,True,True
CX138,260327,T003346,000019,well012,/mnt/benshalom-nas/analysis/Sadegh/CX138/CX138/260327/T003346/Network/000019/well012,CX138|260327|T003346|000019|well012,/mnt/benshalom-nas/analysis/Sadegh/CX138/CX138/260327/T003346/Network/000019/well012/qm_unfiltered.xlsx,/mnt/benshalom-nas/analysis/Sadegh/CX138/CX138/260327/T003346/Network/000019/well012/network_results.json,/mnt/benshalom-nas/analysis/Sadegh/CX138/CX138/260327/T003346/Network/000019/well012/tm_curated.xlsx,/mnt/benshalom-nas/analysis/Sadegh/CX138/CX138/260327/T003346/Network/000019/well012/spike_times.npy,/mnt/benshalom-nas/analysis/Sadegh/CX138/CX138/260327/T003346/Network/000019/well012/tm_unfiltered.xlsx,/mnt/benshalom-nas/analysis/Sadegh/CX138/CX138/260327/T003346/Network/000019/well012/rejection_log.xlsx,/mnt/benshalom-nas/analysis/Sadegh/CX138/CX138/260327/T003346/Network/000019/well012/metrics_curated.xlsx,True,True,True,True,True,True,True
CX138,260327,T003346,000019,well013,/mnt/benshalom-nas/analysis/Sadegh/CX138/CX138/260327/T003346/Network/000019/well013,CX138|260327|T003346|000019|well013,/mnt/benshalom-nas/analysis/Sadegh/CX138/CX138/260327/T003346/Network/000019/well013/qm_unfiltered.xlsx,/mnt/benshalom-nas/analysis/Sadegh/CX138/CX138/260327/T003346/Network/000019/well013/network_results.json,/mnt/benshalom-nas/analysis/Sadegh/CX138/CX138/260327/T003346/Network/000019/well013/tm_curated.xlsx,/mnt/benshalom-nas/analysis/Sadegh/CX138/CX138/260327/T003346/Network/000019/well013/spike_times.npy,/mnt/benshalom-nas/analysis/Sadegh/CX138/CX138/260327/T003346/Network/000019/well013/tm_unfiltered.xlsx,/mnt/benshalom-nas/analysis/Sadegh/CX138/CX138/260327/T003346/Network/000019/well013/rejection_log.xlsx,/mnt/benshalom-nas/analysis/Sadegh/CX138/CX138/260327/T003346/Network/000019/well013/metrics_curated.xlsx,True,True,True,True,True,True,True
CX138,260327,T003346,000019,well014,/mnt/benshalom-nas/analysis/Sadegh/CX138/CX138/260327/T003346/Network/000019/well014,CX138|260327|T003346|000019|well014,/mnt/benshalom-nas/analysis/Sadegh/CX138/CX138/260327/T003346/Network/000019/well014/qm_unfiltered.xlsx,/mnt/benshalom-nas/analysis/Sadegh/CX138/CX138/260327/T003346/Network/000019/well014/network_results.json,/mnt/benshalom-nas/analysis/Sadegh/CX138/CX138/260327/T003346/Network/000019/well014/tm_curated.xlsx,/mnt/benshalom-nas/analysis/Sadegh/CX138/CX138/260327/T003346/Network/000019/well014/spike_times.npy,/mnt/benshalom-nas/analysis/Sadegh/CX138/CX138/260327/T003346/Network/000019/well014/tm_unfiltered.xlsx,/mnt/benshalom-nas/analysis/Sadegh/CX138/CX138/260327/T003346/Network/000019/well014/rejection_log.xlsx,/mnt/benshalom-nas/analysis/Sadegh/CX138/CX138/260327/T003346/Network/000019/well014/metrics_curated.xlsx,True,True,True,True,True,True,True
CX138,260327,T003346,000019,well015,/mnt/benshalom-nas/analysis/Sadegh/CX138/CX138/260327/T003346/Network/000019/well015,CX138|260327|T003346|000019|well015,/mnt/benshalom-nas/analysis/Sadegh/CX138/CX138/260327/T003346/Network/000019/well015/qm_unfiltered.xlsx,/mnt/benshalom-nas/analysis/Sadegh/CX138/CX138/260327/T003346/Network/000019/well015/network_results.json,/mnt/benshalom-nas/analysis/Sadegh/CX138/CX138/260327/T003346/Network/000019/well015/tm_curated.xlsx,/mnt/benshalom-nas/analysis/Sadegh/CX138/CX138/260327/T003346/Network/000019/well015/spike_times.npy,/mnt/benshalom-nas/analysis/Sadegh/CX138/CX138/260327/T003346/Network/000019/well015/tm_unfiltered.xlsx,/mnt/benshalom-nas/analysis/Sadegh/CX138/CX138/260327/T003346/Network/000019/well015/rejection_log.xlsx,/mnt/benshalom-nas/analysis/Sadegh/CX138/CX138/260327/T003346/Network/000019/well015/metrics_curated.xlsx,True,True,True,True,True,True,True
CX138,260327,T003346,000019,well016,/mnt/benshalom-nas/analysis/Sadegh/CX138/CX138/260327/T003346/Network/000019/well016,CX138|260327|T003346|000019|well016,/mnt/benshalom-nas/analysis/Sadegh/CX138/CX138/260327/T003346/Network/000019/well016/qm_unfiltered.xlsx,/mnt/benshalom-nas/analysis/Sadegh/CX138/CX138/260327/T003346/Network/000019/well016/network_results.json,/mnt/benshalom-nas/analysis/Sadegh/CX138/CX138/260327/T003346/Network/000019/well016/tm_curated.xlsx,/mnt/benshalom-nas/analysis/Sadegh/CX138/CX138/260327/T003346/Network/000019/well016/spike_times.npy,/mnt/benshalom-nas/analysis/Sadegh/CX138/CX138/260327/T003346/Network/000019/well016/tm_unfiltered.xlsx,/mnt/benshalom-nas/analysis/Sadegh/CX138/CX138/260327/T003346/Network/000019/well016/rejection_log.xlsx,/mnt/benshalom-nas/analysis/Sadegh/CX138/CX138/260327/T003346/Network/000019/well016/metrics_curated.xlsx,True,True,True,True,True,True,True
CX138,260327,T003346,000019,well017,/mnt/benshalom-nas/analysis/Sadegh/CX138/CX138/260327/T003346/Network/000019/well017,CX138|260327|T003346|000019|well017,/mnt/benshalom-nas/analysis/Sadegh/CX138/CX138/260327/T003346/Network/000019/well017/qm_unfiltered.xlsx,/mnt/benshalom-nas/analysis/Sadegh/CX138/CX138/260327/T003346/Network/000019/well017/network_results.json,/mnt/benshalom-nas/analysis/Sadegh/CX138/CX138/260327/T003346/Network/000019/well017/tm_curated.xlsx,/mnt/benshalom-nas/analysis/Sadegh/CX138/CX138/260327/T003346/Network/000019/well017/spike_times.npy,/mnt/benshalom-nas/analysis/Sadegh/CX138/CX138/260327/T003346/Network/000019/well017/tm_unfiltered.xlsx,/mnt/benshalom-nas/analysis/Sadegh/CX138/CX138/260327/T003346/Network/000019/well017/rejection_log.xlsx,/mnt/benshalom-nas/analysis/Sadegh/CX138/CX138/260327/T003346/Network/000019/well017/metrics_curated.xlsx,True,True,True,True,True,True,True
CX138,260327,T003346,000019,well018,/mnt/benshalom-nas/analysis/Sadegh/CX138/CX138/260327/T003346/Network/000019/well018,CX138|260327|T003346|000019|well018,/mnt/benshalom-nas/analysis/Sadegh/CX138/CX138/260327/T003346/Network/000019/well018/qm_unfiltered.xlsx,/mnt/benshalom-nas/analysis/Sadegh/CX138/CX138/260327/T003346/Network/000019/well018/network_results.json,/mnt/benshalom-nas/analysis/Sadegh/CX138/CX138/260327/T003346/Network/000019/well018/tm_curated.xlsx,/mnt/benshalom-nas/analysis/Sadegh/CX138/CX138/260327/T003346/Network/000019/well018/spike_times.npy,/mnt/benshalom-nas/analysis/Sadegh/CX138/CX138/260327/T003346/Network/000019/well018/tm_unfiltered.xlsx,/mnt/benshalom-nas/analysis/Sadegh/CX138/CX138/260327/T003346/Network/000019/well018/rejection_log.xlsx,/mnt/benshalom-nas/analysis/Sadegh/CX138/CX138/260327/T003346/Network/000019/well018/metrics_curated.xlsx,True,True,True,True,True,True,True
CX138,260327,T003346,000019,well019,/mnt/benshalom-nas/analysis/Sadegh/CX138/CX138/260327/T003346/Network/000019/well019,CX138|260327|T003346|000019|well019,/mnt/benshalom-nas/analysis/Sadegh/CX138/CX138/260327/T003346/Network/000019/well019/qm_unfiltered.xlsx,/mnt/benshalom-nas/analysis/Sadegh/CX138/CX138/260327/T003346/Network/000019/well019/network_results.json,/mnt/benshalom-nas/analysis/Sadegh/CX138/CX138/260327/T003346/Network/000019/well019/tm_curated.xlsx,/mnt/benshalom-nas/analysis/Sadegh/CX138/CX138/260327/T003346/Network/000019/well019/spike_times.npy,/mnt/benshalom-nas/analysis/Sadegh/CX138/CX138/260327/T003346/Network/000019/well019/tm_unfiltered.xlsx,/mnt/benshalom-nas/analysis/Sadegh/CX138/CX138/260327/T003346/Network/000019/well019/rejection_log.xlsx,/mnt/benshalom-nas/analysis/Sadegh/CX138/CX138/260327/T003346/Network/000019/well019/metrics_curated.xlsx,True,True,True,True,True,True,True
CX138,260327,T003346,000019,well020,/mnt/benshalom-nas/analysis/Sadegh/CX138/CX138/260327/T003346/Network/000019/well020,CX138|260327|T003346|000019|well020,/mnt/benshalom-nas/analysis/Sadegh/CX138/CX138/260327/T003346/Network/000019/well020/qm_unfiltered.xlsx,/mnt/benshalom-nas/analysis/Sadegh/CX138/CX138/260327/T003346/Network/000019/well020/network_results.json,/mnt/benshalom-nas/analysis/Sadegh/CX138/CX138/260327/T003346/Network/000019/well020/tm_curated.xlsx,/mnt/benshalom-nas/analysis/Sadegh/CX138/CX138/260327/T003346/Network/000019/well020/spike_times.npy,/mnt/benshalom-nas/analysis/Sadegh/CX138/CX138/260327/T003346/Network/000019/well020/tm_unfiltered.xlsx,/mnt/benshalom-nas/analysis/Sadegh/CX138/CX138/260327/T003346/Network/000019/well020/rejection_log.xlsx,/mnt/benshalom-nas/analysis/Sadegh/CX138/CX138/260327/T003346/Network/000019/well020/metrics_curated.xlsx,True,True,True,True,True,True,True
CX138,260327,T003346,000019,well021,/mnt/benshalom-nas/analysis/Sadegh/CX138/CX138/260327/T003346/Network/000019/well021,CX138|260327|T003346|000019|well021,/mnt/benshalom-nas/analysis/Sadegh/CX138/CX138/260327/T003346/Network/000019/well021/qm_unfiltered.xlsx,/mnt/benshalom-nas/analysis/Sadegh/CX138/CX138/260327/T003346/Network/000019/well021/network_results.json,/mnt/benshalom-nas/analysis/Sadegh/CX138/CX138/260327/T003346/Network/000019/well021/tm_curated.xlsx,/mnt/benshalom-nas/analysis/Sadegh/CX138/CX138/260327/T003346/Network/000019/well021/spike_times.npy,/mnt/benshalom-nas/analysis/Sadegh/CX138/CX138/260327/T003346/Network/000019/well021/tm_unfiltered.xlsx,/mnt/benshalom-nas/analysis/Sadegh/CX138/CX138/260327/T003346/Network/000019/well021/rejection_log.xlsx,/mnt/benshalom-nas/analysis/Sadegh/CX138/CX138/260327/T003346/Network/000019/well021/metrics_curated.xlsx,True,True,True,True,True,True,True
CX138,260327,T003346,000019,well022,/mnt/benshalom-nas/analysis/Sadegh/CX138/CX138/260327/T003346/Network/000019/well022,CX138|260327|T003346|000019|well022,/mnt/benshalom-nas/analysis/Sadegh/CX138/CX138/260327/T003346/Network/000019/well022/qm_unfiltered.xlsx,/mnt/benshalom-nas/analysis/Sadegh/CX138/CX138/260327/T003346/Network/000019/well022/network_results.json,/mnt/benshalom-nas/analysis/Sadegh/CX138/CX138/260327/T003346/Network/000019/well022/tm_curated.xlsx,/mnt/benshalom-nas/analysis/Sadegh/CX138/CX138/260327/T003346/Network/000019/well022/spike_times.npy,/mnt/benshalom-nas/analysis/Sadegh/CX138/CX138/260327/T003346/Network/000019/well022/tm_unfiltered.xlsx,/mnt/benshalom-nas/analysis/Sadegh/CX138/CX138/260327/T003346/Network/000019/well022/rejection_log.xlsx,/mnt/benshalom-nas/analysis/Sadegh/CX138/CX138/260327/T003346/Network/000019/well022/metrics_curated.xlsx,True,True,True,True,True,True,True
CX138,260327,T003346,000019,well023,/mnt/benshalom-nas/analysis/Sadegh/CX138/CX138/260327/T003346/Network/000019/well023,CX138|260327|T003346|000019|well023,/mnt/benshalom-nas/analysis/Sadegh/CX138/CX138/260327/T003346/Network/000019/well023/qm_unfiltered.xlsx,/mnt/benshalom-nas/analysis/Sadegh/CX138/CX138/260327/T003346/Network/000019/well023/network_results.json,/mnt/benshalom-nas/analysis/Sadegh/CX138/CX138/260327/T003346/Network/000019/well023/tm_curated.xlsx,/mnt/benshalom-nas/analysis/Sadegh/CX138/CX138/260327/T003346/Network/000019/well023/spike_times.npy,/mnt/benshalom-nas/analysis/Sadegh/CX138/CX138/260327/T003346/Network/000019/well023/tm_unfiltered.xlsx,/mnt/benshalom-nas/analysis/Sadegh/CX138/CX138/260327/T003346/Network/000019/well023/rejection_log.xlsx,/mnt/benshalom-nas/analysis/Sadegh/CX138/CX138/260327/T003346/Network/000019/well023/metrics_curated.xlsx,True,True,True,True,True,True,True
CX138,260328,T003346,000027,well000,/mnt/benshalom-nas/analysis/Sadegh/CX138/CX138/260328/T003346/Network/000027/well000,CX138|260328|T003346|000027|well000,/mnt/benshalom-nas/analysis/Sadegh/CX138/CX138/260328/T003346/Network/000027/well000/qm_unfiltered.xlsx,/mnt/benshalom-nas/analysis/Sadegh/CX138/CX138/260328/T003346/Network/000027/well000/network_results.json,/mnt/benshalom-nas/analysis/Sadegh/CX138/CX138/260328/T003346/Network/000027/well000/tm_curated.xlsx,/mnt/benshalom-nas/analysis/Sadegh/CX138/CX138/260328/T003346/Network/000027/well000/spike_times.npy,/mnt/benshalom-nas/analysis/Sadegh/CX138/CX138/260328/T003346/Network/000027/well000/tm_unfiltered.xlsx,/mnt/benshalom-nas/analysis/Sadegh/CX138/CX138/260328/T003346/Network/000027/well000/rejection_log.xlsx,/mnt/benshalom-nas/analysis/Sadegh/CX138/CX138/260328/T003346/Network/000027/well000/metrics_curated.xlsx,True,True,True,True,True,True,True
CX138,260328,T003346,000027,well001,/mnt/benshalom-nas/analysis/Sadegh/CX138/CX138/260328/T003346/Network/000027/well001,CX138|260328|T003346|000027|well001,/mnt/benshalom-nas/analysis/Sadegh/CX138/CX138/260328/T003346/Network/000027/well001/qm_unfiltered.xlsx,/mnt/benshalom-nas/analysis/Sadegh/CX138/CX138/260328/T003346/Network/000027/well001/network_results.json,/mnt/benshalom-nas/analysis/Sadegh/CX138/CX138/260328/T003346/Network/000027/well001/tm_curated.xlsx,/mnt/benshalom-nas/analysis/Sadegh/CX138/CX138/260328/T003346/Network/000027/well001/spike_times.npy,/mnt/benshalom-nas/analysis/Sadegh/CX138/CX138/260328/T003346/Network/000027/well001/tm_unfiltered.xlsx,/mnt/benshalom-nas/analysis/Sadegh/CX138/CX138/260328/T003346/Network/000027/well001/rejection_log.xlsx,/mnt/benshalom-nas/analysis/Sadegh/CX138/CX138/260328/T003346/Network/000027/well001/metrics_curated.xlsx,True,True,True,True,True,True,True
CX138,260328,T003346,000027,well002,/mnt/benshalom-nas/analysis/Sadegh/CX138/CX138/260328/T003346/Network/000027/well002,CX138|260328|T003346|000027|well002,/mnt/benshalom-nas/analysis/Sadegh/CX138/CX138/260328/T003346/Network/000027/well002/qm_unfiltered.xlsx,/mnt/benshalom-nas/analysis/Sadegh/CX138/CX138/260328/T003346/Network/000027/well002/network_results.json,/mnt/benshalom-nas/analysis/Sadegh/CX138/CX138/260328/T003346/Network/000027/well002/tm_curated.xlsx,/mnt/benshalom-nas/analysis/Sadegh/CX138/CX138/260328/T003346/Network/000027/well002/spike_times.npy,/mnt/benshalom-nas/analysis/Sadegh/CX138/CX138/260328/T003346/Network/000027/well002/tm_unfiltered.xlsx,/mnt/benshalom-nas/analysis/Sadegh/CX138/CX138/260328/T003346/Network/000027/well002/rejection_log.xlsx,/mnt/benshalom-nas/analysis/Sadegh/CX138/CX138/260328/T003346/Network/000027/well002/metrics_curated.xlsx,True,True,True,True,True,True,True
CX138,260328,T003346,000027,well003,/mnt/benshalom-nas/analysis/Sadegh/CX138/CX138/260328/T003346/Network/000027/well003,CX138|260328|T003346|000027|well003,/mnt/benshalom-nas/analysis/Sadegh/CX138/CX138/260328/T003346/Network/000027/well003/qm_unfiltered.xlsx,/mnt/benshalom-nas/analysis/Sadegh/CX138/CX138/260328/T003346/Network/000027/well003/network_results.json,/mnt/benshalom-nas/analysis/Sadegh/CX138/CX138/260328/T003346/Network/000027/well003/tm_curated.xlsx,/mnt/benshalom-nas/analysis/Sadegh/CX138/CX138/260328/T003346/Network/000027/well003/spike_times.npy,/mnt/benshalom-nas/analysis/Sadegh/CX138/CX138/260328/T003346/Network/000027/well003/tm_unfiltered.xlsx,/mnt/benshalom-nas/analysis/Sadegh/CX138/CX138/260328/T003346/Network/000027/well003/rejection_log.xlsx,/mnt/benshalom-nas/analysis/Sadegh/CX138/CX138/260328/T003346/Network/000027/well003/metrics_curated.xlsx,True,True,True,True,True,True,True
CX138,260328,T003346,000027,well004,/mnt/benshalom-nas/analysis/Sadegh/CX138/CX138/260328/T003346/Network/000027/well004,CX138|260328|T003346|000027|well004,/mnt/benshalom-nas/analysis/Sadegh/CX138/CX138/260328/T003346/Network/000027/well004/qm_unfiltered.xlsx,/mnt/benshalom-nas/analysis/Sadegh/CX138/CX138/260328/T003346/Network/000027/well004/network_results.json,/mnt/benshalom-nas/analysis/Sadegh/CX138/CX138/260328/T003346/Network/000027/well004/tm_curated.xlsx,/mnt/benshalom-nas/analysis/Sadegh/CX138/CX138/260328/T003346/Network/000027/well004/spike_times.npy,/mnt/benshalom-nas/analysis/Sadegh/CX138/CX138/260328/T003346/Network/000027/well004/tm_unfiltered.xlsx,/mnt/benshalom-nas/analysis/Sadegh/CX138/CX138/260328/T003346/Network/000027/well004/rejection_log.xlsx,/mnt/benshalom-nas/analysis/Sadegh/CX138/CX138/260328/T003346/Network/000027/well004/metrics_curated.xlsx,True,True,True,True,True,True,True
CX138,260328,T003346,000027,well005,/mnt/benshalom-nas/analysis/Sadegh/CX138/CX138/260328/T003346/Network/000027/well005,CX138|260328|T003346|000027|well005,/mnt/benshalom-nas/analysis/Sadegh/CX138/CX138/260328/T003346/Network/000027/well005/qm_unfiltered.xlsx,/mnt/benshalom-nas/analysis/Sadegh/CX138/CX138/260328/T003346/Network/000027/well005/network_results.json,/mnt/benshalom-nas/analysis/Sadegh/CX138/CX138/260328/T003346/Network/000027/well005/tm_curated.xlsx,/mnt/benshalom-nas/analysis/Sadegh/CX138/CX138/260328/T003346/Network/000027/well005/spike_times.npy,/mnt/benshalom-nas/analysis/Sadegh/CX138/CX138/260328/T003346/Network/000027/well005/tm_unfiltered.xlsx,/mnt/benshalom-nas/analysis/Sadegh/CX138/CX138/260328/T003346/Network/000027/well005/rejection_log.xlsx,/mnt/benshalom-nas/analysis/Sadegh/CX138/CX138/260328/T003346/Network/000027/well005/metrics_curated.xlsx,True,True,True,True,True,True,True
CX138,260328,T003346,000027,well006,/mnt/benshalom-nas/analysis/Sadegh/CX138/CX138/260328/T003346/Network/000027/well006,CX138|260328|T003346|000027|well006,/mnt/benshalom-nas/analysis/Sadegh/CX138/CX138/260328/T003346/Network/000027/well006/qm_unfiltered.xlsx,/mnt/benshalom-nas/analysis/Sadegh/CX138/CX138/260328/T003346/Network/000027/well006/network_results.json,/mnt/benshalom-nas/analysis/Sadegh/CX138/CX138/260328/T003346/Network/000027/well006/tm_curated.xlsx,/mnt/benshalom-nas/analysis/Sadegh/CX138/CX138/260328/T003346/Network/000027/well006/spike_times.npy,/mnt/benshalom-nas/analysis/Sadegh/CX138/CX138/260328/T003346/Network/000027/well006/tm_unfiltered.xlsx,/mnt/benshalom-nas/analysis/Sadegh/CX138/CX138/260328/T003346/Network/000027/well006/rejection_log.xlsx,/mnt/benshalom-nas/analysis/Sadegh/CX138/CX138/260328/T003346/Network/000027/well006/metrics_curated.xlsx,True,True,True,True,True,True,True
CX138,260328,T003346,000027,well007,/mnt/benshalom-nas/analysis/Sadegh/CX138/CX138/260328/T003346/Network/000027/well007,CX138|260328|T003346|000027|well007,/mnt/benshalom-nas/analysis/Sadegh/CX138/CX138/260328/T003346/Network/000027/well007/qm_unfiltered.xlsx,/mnt/benshalom-nas/analysis/Sadegh/CX138/CX138/260328/T003346/Network/000027/well007/network_results.json,/mnt/benshalom-nas/analysis/Sadegh/CX138/CX138/260328/T003346/Network/000027/well007/tm_curated.xlsx,/mnt/benshalom-nas/analysis/Sadegh/CX138/CX138/260328/T003346/Network/000027/well007/spike_times.npy,/mnt/benshalom-nas/analysis/Sadegh/CX138/CX138/260328/T003346/Network/000027/well007/tm_unfiltered.xlsx,/mnt/benshalom-nas/analysis/Sadegh/CX138/CX138/260328/T003346/Network/000027/well007/rejection_log.xlsx,/mnt/benshalom-nas/analysis/Sadegh/CX138/CX138/260328/T003346/Network/000027/well007/metrics_curated.xlsx,True,True,True,True,True,True,True
CX138,260328,T003346,000027,well008,/mnt/benshalom-nas/analysis/Sadegh/CX138/CX138/260328/T003346/Network/000027/well008,CX138|260328|T003346|000027|well008,/mnt/benshalom-nas/analysis/Sadegh/CX138/CX138/260328/T003346/Network/000027/well008/qm_unfiltered.xlsx,/mnt/benshalom-nas/analysis/Sadegh/CX138/CX138/260328/T003346/Network/000027/well008/network_results.json,/mnt/benshalom-nas/analysis/Sadegh/CX138/CX138/260328/T003346/Network/000027/well008/tm_curated.xlsx,/mnt/benshalom-nas/analysis/Sadegh/CX138/CX138/260328/T003346/Network/000027/well008/spike_times.npy,/mnt/benshalom-nas/analysis/Sadegh/CX138/CX138/260328/T003346/Network/000027/well008/tm_unfiltered.xlsx,/mnt/benshalom-nas/analysis/Sadegh/CX138/CX138/260328/T003346/Network/000027/well008/rejection_log.xlsx,/mnt/benshalom-nas/analysis/Sadegh/CX138/CX138/260328/T003346/Network/000027/well008/metrics_curated.xlsx,True,True,True,True,True,True,True
CX138,260328,T003346,000027,well009,/mnt/benshalom-nas/analysis/Sadegh/CX138/CX138/260328/T003346/Network/000027/well009,CX138|260328|T003346|000027|well009,/mnt/benshalom-nas/analysis/Sadegh/CX138/CX138/260328/T003346/Network/000027/well009/qm_unfiltered.xlsx,/mnt/benshalom-nas/analysis/Sadegh/CX138/CX138/260328/T003346/Network/000027/well009/network_results.json,/mnt/benshalom-nas/analysis/Sadegh/CX138/CX138/260328/T003346/Network/000027/well009/tm_curated.xlsx,/mnt/benshalom-nas/analysis/Sadegh/CX138/CX138/260328/T003346/Network/000027/well009/spike_times.npy,/mnt/benshalom-nas/analysis/Sadegh/CX138/CX138/260328/T003346/Network/000027/well009/tm_unfiltered.xlsx,/mnt/benshalom-nas/analysis/Sadegh/CX138/CX138/260328/T003346/Network/000027/well009/rejection_log.xlsx,/mnt/benshalom-nas/analysis/Sadegh/CX138/CX138/260328/T003346/Network/000027/well009/metrics_curated.xlsx,True,True,True,True,True,True,True
CX138,260328,T003346,000027,well010,/mnt/benshalom-nas/analysis/Sadegh/CX138/CX138/260328/T003346/Network/000027/well010,CX138|260328|T003346|000027|well010,/mnt/benshalom-nas/analysis/Sadegh/CX138/CX138/260328/T003346/Network/000027/well010/qm_unfiltered.xlsx,/mnt/benshalom-nas/analysis/Sadegh/CX138/CX138/260328/T003346/Network/000027/well010/network_results.json,/mnt/benshalom-nas/analysis/Sadegh/CX138/CX138/260328/T003346/Network/000027/well010/tm_curated.xlsx,/mnt/benshalom-nas/analysis/Sadegh/CX138/CX138/260328/T003346/Network/000027/well010/spike_times.npy,/mnt/benshalom-nas/analysis/Sadegh/CX138/CX138/260328/T003346/Network/000027/well010/tm_unfiltered.xlsx,/mnt/benshalom-nas/analysis/Sadegh/CX138/CX138/260328/T003346/Network/000027/well010/rejection_log.xlsx,/mnt/benshalom-nas/analysis/Sadegh/CX138/CX138/260328/T003346/Network/000027/well010/metrics_curated.xlsx,True,True,True,True,True,True,True
CX138,260328,T003346,000027,well011,/mnt/benshalom-nas/analysis/Sadegh/CX138/CX138/260328/T003346/Network/000027/well011,CX138|260328|T003346|000027|well011,/mnt/benshalom-nas/analysis/Sadegh/CX138/CX138/260328/T003346/Network/000027/well011/qm_unfiltered.xlsx,/mnt/benshalom-nas/analysis/Sadegh/CX138/CX138/260328/T003346/Network/000027/well011/network_results.json,/mnt/benshalom-nas/analysis/Sadegh/CX138/CX138/260328/T003346/Network/000027/well011/tm_curated.xlsx,/mnt/benshalom-nas/analysis/Sadegh/CX138/CX138/260328/T003346/Network/000027/well011/spike_times.npy,/mnt/benshalom-nas/analysis/Sadegh/CX138/CX138/260328/T003346/Network/000027/well011/tm_unfiltered.xlsx,/mnt/benshalom-nas/analysis/Sadegh/CX138/CX138/260328/T003346/Network/000027/well011/rejection_log.xlsx,/mnt/benshalom-nas/analysis/Sadegh/CX138/CX138/260328/T003346/Network/000027/well011/metrics_curated.xlsx,True,True,True,True,True,True,True
CX138,260328,T003346,000027,well012,/mnt/benshalom-nas/analysis/Sadegh/CX138/CX138/260328/T003346/Network/000027/well012,CX138|260328|T003346|000027|well012,/mnt/benshalom-nas/analysis/Sadegh/CX138/CX138/260328/T003346/Network/000027/well012/qm_unfiltered.xlsx,/mnt/benshalom-nas/analysis/Sadegh/CX138/CX138/260328/T003346/Network/000027/well012/network_results.json,/mnt/benshalom-nas/analysis/Sadegh/CX138/CX138/260328/T003346/Network/000027/well012/tm_curated.xlsx,/mnt/benshalom-nas/analysis/Sadegh/CX138/CX138/260328/T003346/Network/000027/well012/spike_times.npy,/mnt/benshalom-nas/analysis/Sadegh/CX138/CX138/260328/T003346/Network/000027/well012/tm_unfiltered.xlsx,/mnt/benshalom-nas/analysis/Sadegh/CX138/CX138/260328/T003346/Network/000027/well012/rejection_log.xlsx,/mnt/benshalom-nas/analysis/Sadegh/CX138/CX138/260328/T003346/Network/000027/well012/metrics_curated.xlsx,True,True,True,True,True,True,True
CX138,260328,T003346,000027,well013,/mnt/benshalom-nas/analysis/Sadegh/CX138/CX138/260328/T003346/Network/000027/well013,CX138|260328|T003346|000027|well013,/mnt/benshalom-nas/analysis/Sadegh/CX138/CX138/260328/T003346/Network/000027/well013/qm_unfiltered.xlsx,/mnt/benshalom-nas/analysis/Sadegh/CX138/CX138/260328/T003346/Network/000027/well013/network_results.json,/mnt/benshalom-nas/analysis/Sadegh/CX138/CX138/260328/T003346/Network/000027/well013/tm_curated.xlsx,/mnt/benshalom-nas/analysis/Sadegh/CX138/CX138/260328/T003346/Network/000027/well013/spike_times.npy,/mnt/benshalom-nas/analysis/Sadegh/CX138/CX138/260328/T003346/Network/000027/well013/tm_unfiltered.xlsx,/mnt/benshalom-nas/analysis/Sadegh/CX138/CX138/260328/T003346/Network/000027/well013/rejection_log.xlsx,/mnt/benshalom-nas/analysis/Sadegh/CX138/CX138/260328/T003346/Network/000027/well013/metrics_curated.xlsx,True,True,True,True,True,True,True
CX138,260328,T003346,000027,well014,/mnt/benshalom-nas/analysis/Sadegh/CX138/CX138/260328/T003346/Network/000027/well014,CX138|260328|T003346|000027|well014,/mnt/benshalom-nas/analysis/Sadegh/CX138/CX138/260328/T003346/Network/000027/well014/qm_unfiltered.xlsx,/mnt/benshalom-nas/analysis/Sadegh/CX138/CX138/260328/T003346/Network/000027/well014/network_results.json,/mnt/benshalom-nas/analysis/Sadegh/CX138/CX138/260328/T003346/Network/000027/well014/tm_curated.xlsx,/mnt/benshalom-nas/analysis/Sadegh/CX138/CX138/260328/T003346/Network/000027/well014/spike_times.npy,/mnt/benshalom-nas/analysis/Sadegh/CX138/CX138/260328/T003346/Network/000027/well014/tm_unfiltered.xlsx,/mnt/benshalom-nas/analysis/Sadegh/CX138/CX138/260328/T003346/Network/000027/well014/rejection_log.xlsx,/mnt/benshalom-nas/analysis/Sadegh/CX138/CX138/260328/T003346/Network/000027/well014/metrics_curated.xlsx,True,True,True,True,True,True,True
CX138,260328,T003346,000027,well015,/mnt/benshalom-nas/analysis/Sadegh/CX138/CX138/260328/T003346/Network/000027/well015,CX138|260328|T003346|000027|well015,/mnt/benshalom-nas/analysis/Sadegh/CX138/CX138/260328/T003346/Network/000027/well015/qm_unfiltered.xlsx,/mnt/benshalom-nas/analysis/Sadegh/CX138/CX138/260328/T003346/Network/000027/well015/network_results.json,/mnt/benshalom-nas/analysis/Sadegh/CX138/CX138/260328/T003346/Network/000027/well015/tm_curated.xlsx,/mnt/benshalom-nas/analysis/Sadegh/CX138/CX138/260328/T003346/Network/000027/well015/spike_times.npy,/mnt/benshalom-nas/analysis/Sadegh/CX138/CX138/260328/T003346/Network/000027/well015/tm_unfiltered.xlsx,/mnt/benshalom-nas/analysis/Sadegh/CX138/CX138/260328/T003346/Network/000027/well015/rejection_log.xlsx,/mnt/benshalom-nas/analysis/Sadegh/CX138/CX138/260328/T003346/Network/000027/well015/metrics_curated.xlsx,True,True,True,True,True,True,True
CX138,260328,T003346,000027,well016,/mnt/benshalom-nas/analysis/Sadegh/CX138/CX138/260328/T003346/Network/000027/well016,CX138|260328|T003346|000027|well016,/mnt/benshalom-nas/analysis/Sadegh/CX138/CX138/260328/T003346/Network/000027/well016/qm_unfiltered.xlsx,/mnt/benshalom-nas/analysis/Sadegh/CX138/CX138/260328/T003346/Network/000027/well016/network_results.json,/mnt/benshalom-nas/analysis/Sadegh/CX138/CX138/260328/T003346/Network/000027/well016/tm_curated.xlsx,/mnt/benshalom-nas/analysis/Sadegh/CX138/CX138/260328/T003346/Network/000027/well016/spike_times.npy,/mnt/benshalom-nas/analysis/Sadegh/CX138/CX138/260328/T003346/Network/000027/well016/tm_unfiltered.xlsx,/mnt/benshalom-nas/analysis/Sadegh/CX138/CX138/260328/T003346/Network/000027/well016/rejection_log.xlsx,/mnt/benshalom-nas/analysis/Sadegh/CX138/CX138/260328/T003346/Network/000027/well016/metrics_curated.xlsx,True,True,True,True,True,True,True
CX138,260328,T003346,000027,well017,/mnt/benshalom-nas/analysis/Sadegh/CX138/CX138/260328/T003346/Network/000027/well017,CX138|260328|T003346|000027|well017,/mnt/benshalom-nas/analysis/Sadegh/CX138/CX138/260328/T003346/Network/000027/well017/qm_unfiltered.xlsx,/mnt/benshalom-nas/analysis/Sadegh/CX138/CX138/260328/T003346/Network/000027/well017/network_results.json,/mnt/benshalom-nas/analysis/Sadegh/CX138/CX138/260328/T003346/Network/000027/well017/tm_curated.xlsx,/mnt/benshalom-nas/analysis/Sadegh/CX138/CX138/260328/T003346/Network/000027/well017/spike_times.npy,/mnt/benshalom-nas/analysis/Sadegh/CX138/CX138/260328/T003346/Network/000027/well017/tm_unfiltered.xlsx,/mnt/benshalom-nas/analysis/Sadegh/CX138/CX138/260328/T003346/Network/000027/well017/rejection_log.xlsx,/mnt/benshalom-nas/analysis/Sadegh/CX138/CX138/260328/T003346/Network/000027/well017/metrics_curated.xlsx,True,True,True,True,True,True,True
CX138,260328,T003346,000027,well018,/mnt/benshalom-nas/analysis/Sadegh/CX138/CX138/260328/T003346/Network/000027/well018,CX138|260328|T003346|000027|well018,/mnt/benshalom-nas/analysis/Sadegh/CX138/CX138/260328/T003346/Network/000027/well018/qm_unfiltered.xlsx,/mnt/benshalom-nas/analysis/Sadegh/CX138/CX138/260328/T003346/Network/000027/well018/network_results.json,/mnt/benshalom-nas/analysis/Sadegh/CX138/CX138/260328/T003346/Network/000027/well018/tm_curated.xlsx,/mnt/benshalom-nas/analysis/Sadegh/CX138/CX138/260328/T003346/Network/000027/well018/spike_times.npy,/mnt/benshalom-nas/analysis/Sadegh/CX138/CX138/260328/T003346/Network/000027/well018/tm_unfiltered.xlsx,/mnt/benshalom-nas/analysis/Sadegh/CX138/CX138/260328/T003346/Network/000027/well018/rejection_log.xlsx,/mnt/benshalom-nas/analysis/Sadegh/CX138/CX138/260328/T003346/Network/000027/well018/metrics_curated.xlsx,True,True,True,True,True,True,True
CX138,260328,T003346,000027,well019,/mnt/benshalom-nas/analysis/Sadegh/CX138/CX138/260328/T003346/Network/000027/well019,CX138|260328|T003346|000027|well019,/mnt/benshalom-nas/analysis/Sadegh/CX138/CX138/260328/T003346/Network/000027/well019/qm_unfiltered.xlsx,/mnt/benshalom-nas/analysis/Sadegh/CX138/CX138/260328/T003346/Network/000027/well019/network_results.json,/mnt/benshalom-nas/analysis/Sadegh/CX138/CX138/260328/T003346/Network/000027/well019/tm_curated.xlsx,/mnt/benshalom-nas/analysis/Sadegh/CX138/CX138/260328/T003346/Network/000027/well019/spike_times.npy,/mnt/benshalom-nas/analysis/Sadegh/CX138/CX138/260328/T003346/Network/000027/well019/tm_unfiltered.xlsx,/mnt/benshalom-nas/analysis/Sadegh/CX138/CX138/260328/T003346/Network/000027/well019/rejection_log.xlsx,/mnt/benshalom-nas/analysis/Sadegh/CX138/CX138/260328/T003346/Network/000027/well019/metrics_curated.xlsx,True,True,True,True,True,True,True
CX138,260328,T003346,000027,well020,/mnt/benshalom-nas/analysis/Sadegh/CX138/CX138/260328/T003346/Network/000027/well020,CX138|260328|T003346|000027|well020,/mnt/benshalom-nas/analysis/Sadegh/CX138/CX138/260328/T003346/Network/000027/well020/qm_unfiltered.xlsx,/mnt/benshalom-nas/analysis/Sadegh/CX138/CX138/260328/T003346/Network/000027/well020/network_results.json,/mnt/benshalom-nas/analysis/Sadegh/CX138/CX138/260328/T003346/Network/000027/well020/tm_curated.xlsx,/mnt/benshalom-nas/analysis/Sadegh/CX138/CX138/260328/T003346/Network/000027/well020/spike_times.npy,/mnt/benshalom-nas/analysis/Sadegh/CX138/CX138/260328/T003346/Network/000027/well020/tm_unfiltered.xlsx,/mnt/benshalom-nas/analysis/Sadegh/CX138/CX138/260328/T003346/Network/000027/well020/rejection_log.xlsx,/mnt/benshalom-nas/analysis/Sadegh/CX138/CX138/260328/T003346/Network/000027/well020/metrics_curated.xlsx,True,True,True,True,True,True,True
CX138,260328,T003346,000027,well021,/mnt/benshalom-nas/analysis/Sadegh/CX138/CX138/260328/T003346/Network/000027/well021,CX138|260328|T003346|000027|well021,/mnt/benshalom-nas/analysis/Sadegh/CX138/CX138/260328/T003346/Network/000027/well021/qm_unfiltered.xlsx,/mnt/benshalom-nas/analysis/Sadegh/CX138/CX138/260328/T003346/Network/000027/well021/network_results.json,/mnt/benshalom-nas/analysis/Sadegh/CX138/CX138/260328/T003346/Network/000027/well021/tm_curated.xlsx,/mnt/benshalom-nas/analysis/Sadegh/CX138/CX138/260328/T003346/Network/000027/well021/spike_times.npy,/mnt/benshalom-nas/analysis/Sadegh/CX138/CX138/260328/T003346/Network/000027/well021/tm_unfiltered.xlsx,/mnt/benshalom-nas/analysis/Sadegh/CX138/CX138/260328/T003346/Network/000027/well021/rejection_log.xlsx,/mnt/benshalom-nas/analysis/Sadegh/CX138/CX138/260328/T003346/Network/000027/well021/metrics_curated.xlsx,True,True,True,True,True,True,True
CX138,260328,T003346,000027,well022,/mnt/benshalom-nas/analysis/Sadegh/CX138/CX138/260328/T003346/Network/000027/well022,CX138|260328|T003346|000027|well022,/mnt/benshalom-nas/analysis/Sadegh/CX138/CX138/260328/T003346/Network/000027/well022/qm_unfiltered.xlsx,/mnt/benshalom-nas/analysis/Sadegh/CX138/CX138/260328/T003346/Network/000027/well022/network_results.json,/mnt/benshalom-nas/analysis/Sadegh/CX138/CX138/260328/T003346/Network/000027/well022/tm_curated.xlsx,/mnt/benshalom-nas/analysis/Sadegh/CX138/CX138/260328/T003346/Network/000027/well022/spike_times.npy,/mnt/benshalom-nas/analysis/Sadegh/CX138/CX138/260328/T003346/Network/000027/well022/tm_unfiltered.xlsx,/mnt/benshalom-nas/analysis/Sadegh/CX138/CX138/260328/T003346/Network/000027/well022/rejection_log.xlsx,/mnt/benshalom-nas/analysis/Sadegh/CX138/CX138/260328/T003346/Network/000027/well022/metrics_curated.xlsx,True,True,True,True,True,True,True
CX138,260328,T003346,000027,well023,/mnt/benshalom-nas/analysis/Sadegh/CX138/CX138/260328/T003346/Network/000027/well023,CX138|260328|T003346|000027|well023,/mnt/benshalom-nas/analysis/Sadegh/CX138/CX138/260328/T003346/Network/000027/well023/qm_unfiltered.xlsx,/mnt/benshalom-nas/analysis/Sadegh/CX138/CX138/260328/T003346/Network/000027/well023/network_results.json,/mnt/benshalom-nas/analysis/Sadegh/CX138/CX138/260328/T003346/Network/000027/well023/tm_curated.xlsx,/mnt/benshalom-nas/analysis/Sadegh/CX138/CX138/260328/T003346/Network/000027/well023/spike_times.npy,/mnt/benshalom-nas/analysis/Sadegh/CX138/CX138/260328/T003346/Network/000027/well023/tm_unfiltered.xlsx,/mnt/benshalom-nas/analysis/Sadegh/CX138/CX138/260328/T003346/Network/000027/well023/rejection_log.xlsx,/mnt/benshalom-nas/analysis/Sadegh/CX138/CX138/260328/T003346/Network/000027/well023/metrics_curated.xlsx,True,True,True,True,True,True,True
CX138,260329,T003346,000029,well000,/mnt/benshalom-nas/analysis/Sadegh/CX138/CX138/260329/T003346/Network/000029/well000,CX138|260329|T003346|000029|well000,/mnt/benshalom-nas/analysis/Sadegh/CX138/CX138/260329/T003346/Network/000029/well000/qm_unfiltered.xlsx,/mnt/benshalom-nas/analysis/Sadegh/CX138/CX138/260329/T003346/Network/000029/well000/network_results.json,/mnt/benshalom-nas/analysis/Sadegh/CX138/CX138/260329/T003346/Network/000029/well000/tm_curated.xlsx,/mnt/benshalom-nas/analysis/Sadegh/CX138/CX138/260329/T003346/Network/000029/well000/spike_times.npy,/mnt/benshalom-nas/analysis/Sadegh/CX138/CX138/260329/T003346/Network/000029/well000/tm_unfiltered.xlsx,/mnt/benshalom-nas/analysis/Sadegh/CX138/CX138/260329/T003346/Network/000029/well000/rejection_log.xlsx,/mnt/benshalom-nas/analysis/Sadegh/CX138/CX138/260329/T003346/Network/000029/well000/metrics_curated.xlsx,True,True,True,True,True,True,True
CX138,260329,T003346,000029,well001,/mnt/benshalom-nas/analysis/Sadegh/CX138/CX138/260329/T003346/Network/000029/well001,CX138|260329|T003346|000029|well001,/mnt/benshalom-nas/analysis/Sadegh/CX138/CX138/260329/T003346/Network/000029/well001/qm_unfiltered.xlsx,/mnt/benshalom-nas/analysis/Sadegh/CX138/CX138/260329/T003346/Network/000029/well001/network_results.json,/mnt/benshalom-nas/analysis/Sadegh/CX138/CX138/260329/T003346/Network/000029/well001/tm_curated.xlsx,/mnt/benshalom-nas/analysis/Sadegh/CX138/CX138/260329/T003346/Network/000029/well001/spike_times.npy,/mnt/benshalom-nas/analysis/Sadegh/CX138/CX138/260329/T003346/Network/000029/well001/tm_unfiltered.xlsx,/mnt/benshalom-nas/analysis/Sadegh/CX138/CX138/260329/T003346/Network/000029/well001/rejection_log.xlsx,/mnt/benshalom-nas/analysis/Sadegh/CX138/CX138/260329/T003346/Network/000029/well001/metrics_curated.xlsx,True,True,True,True,True,True,True
CX138,260329,T003346,000029,well002,/mnt/benshalom-nas/analysis/Sadegh/CX138/CX138/260329/T003346/Network/000029/well002,CX138|260329|T003346|000029|well002,/mnt/benshalom-nas/analysis/Sadegh/CX138/CX138/260329/T003346/Network/000029/well002/qm_unfiltered.xlsx,/mnt/benshalom-nas/analysis/Sadegh/CX138/CX138/260329/T003346/Network/000029/well002/network_results.json,/mnt/benshalom-nas/analysis/Sadegh/CX138/CX138/260329/T003346/Network/000029/well002/tm_curated.xlsx,/mnt/benshalom-nas/analysis/Sadegh/CX138/CX138/260329/T003346/Network/000029/well002/spike_times.npy,/mnt/benshalom-nas/analysis/Sadegh/CX138/CX138/260329/T003346/Network/000029/well002/tm_unfiltered.xlsx,/mnt/benshalom-nas/analysis/Sadegh/CX138/CX138/260329/T003346/Network/000029/well002/rejection_log.xlsx,/mnt/benshalom-nas/analysis/Sadegh/CX138/CX138/260329/T003346/Network/000029/well002/metrics_curated.xlsx,True,True,True,True,True,True,True
CX138,260329,T003346,000029,well003,/mnt/benshalom-nas/analysis/Sadegh/CX138/CX138/260329/T003346/Network/000029/well003,CX138|260329|T003346|000029|well003,/mnt/benshalom-nas/analysis/Sadegh/CX138/CX138/260329/T003346/Network/000029/well003/qm_unfiltered.xlsx,/mnt/benshalom-nas/analysis/Sadegh/CX138/CX138/260329/T003346/Network/000029/well003/network_results.json,/mnt/benshalom-nas/analysis/Sadegh/CX138/CX138/260329/T003346/Network/000029/well003/tm_curated.xlsx,/mnt/benshalom-nas/analysis/Sadegh/CX138/CX138/260329/T003346/Network/000029/well003/spike_times.npy,/mnt/benshalom-nas/analysis/Sadegh/CX138/CX138/260329/T003346/Network/000029/well003/tm_unfiltered.xlsx,/mnt/benshalom-nas/analysis/Sadegh/CX138/CX138/260329/T003346/Network/000029/well003/rejection_log.xlsx,/mnt/benshalom-nas/analysis/Sadegh/CX138/CX138/260329/T003346/Network/000029/well003/metrics_curated.xlsx,True,True,True,True,True,True,True
CX138,260329,T003346,000029,well004,/mnt/benshalom-nas/analysis/Sadegh/CX138/CX138/260329/T003346/Network/000029/well004,CX138|260329|T003346|000029|well004,/mnt/benshalom-nas/analysis/Sadegh/CX138/CX138/260329/T003346/Network/000029/well004/qm_unfiltered.xlsx,/mnt/benshalom-nas/analysis/Sadegh/CX138/CX138/260329/T003346/Network/000029/well004/network_results.json,/mnt/benshalom-nas/analysis/Sadegh/CX138/CX138/260329/T003346/Network/000029/well004/tm_curated.xlsx,/mnt/benshalom-nas/analysis/Sadegh/CX138/CX138/260329/T003346/Network/000029/well004/spike_times.npy,/mnt/benshalom-nas/analysis/Sadegh/CX138/CX138/260329/T003346/Network/000029/well004/tm_unfiltered.xlsx,/mnt/benshalom-nas/analysis/Sadegh/CX138/CX138/260329/T003346/Network/000029/well004/rejection_log.xlsx,/mnt/benshalom-nas/analysis/Sadegh/CX138/CX138/260329/T003346/Network/000029/well004/metrics_curated.xlsx,True,True,True,True,True,True,True
CX138,260329,T003346,000029,well005,/mnt/benshalom-nas/analysis/Sadegh/CX138/CX138/260329/T003346/Network/000029/well005,CX138|260329|T003346|000029|well005,/mnt/benshalom-nas/analysis/Sadegh/CX138/CX138/260329/T003346/Network/000029/well005/qm_unfiltered.xlsx,/mnt/benshalom-nas/analysis/Sadegh/CX138/CX138/260329/T003346/Network/000029/well005/network_results.json,/mnt/benshalom-nas/analysis/Sadegh/CX138/CX138/260329/T003346/Network/000029/well005/tm_curated.xlsx,/mnt/benshalom-nas/analysis/Sadegh/CX138/CX138/260329/T003346/Network/000029/well005/spike_times.npy,/mnt/benshalom-nas/analysis/Sadegh/CX138/CX138/260329/T003346/Network/000029/well005/tm_unfiltered.xlsx,/mnt/benshalom-nas/analysis/Sadegh/CX138/CX138/260329/T003346/Network/000029/well005/rejection_log.xlsx,/mnt/benshalom-nas/analysis/Sadegh/CX138/CX138/260329/T003346/Network/000029/well005/metrics_curated.xlsx,True,True,True,True,True,True,True
CX138,260329,T003346,000029,well006,/mnt/benshalom-nas/analysis/Sadegh/CX138/CX138/260329/T003346/Network/000029/well006,CX138|260329|T003346|000029|well006,/mnt/benshalom-nas/analysis/Sadegh/CX138/CX138/260329/T003346/Network/000029/well006/qm_unfiltered.xlsx,/mnt/benshalom-nas/analysis/Sadegh/CX138/CX138/260329/T003346/Network/000029/well006/network_results.json,/mnt/benshalom-nas/analysis/Sadegh/CX138/CX138/260329/T003346/Network/000029/well006/tm_curated.xlsx,/mnt/benshalom-nas/analysis/Sadegh/CX138/CX138/260329/T003346/Network/000029/well006/spike_times.npy,/mnt/benshalom-nas/analysis/Sadegh/CX138/CX138/260329/T003346/Network/000029/well006/tm_unfiltered.xlsx,/mnt/benshalom-nas/analysis/Sadegh/CX138/CX138/260329/T003346/Network/000029/well006/rejection_log.xlsx,/mnt/benshalom-nas/analysis/Sadegh/CX138/CX138/260329/T003346/Network/000029/well006/metrics_curated.xlsx,True,True,True,True,True,True,True
CX138,260329,T003346,000029,well007,/mnt/benshalom-nas/analysis/Sadegh/CX138/CX138/260329/T003346/Network/000029/well007,CX138|260329|T003346|000029|well007,/mnt/benshalom-nas/analysis/Sadegh/CX138/CX138/260329/T003346/Network/000029/well007/qm_unfiltered.xlsx,/mnt/benshalom-nas/analysis/Sadegh/CX138/CX138/260329/T003346/Network/000029/well007/network_results.json,/mnt/benshalom-nas/analysis/Sadegh/CX138/CX138/260329/T003346/Network/000029/well007/tm_curated.xlsx,/mnt/benshalom-nas/analysis/Sadegh/CX138/CX138/260329/T003346/Network/000029/well007/spike_times.npy,/mnt/benshalom-nas/analysis/Sadegh/CX138/CX138/260329/T003346/Network/000029/well007/tm_unfiltered.xlsx,/mnt/benshalom-nas/analysis/Sadegh/CX138/CX138/260329/T003346/Network/000029/well007/rejection_log.xlsx,/mnt/benshalom-nas/analysis/Sadegh/CX138/CX138/260329/T003346/Network/000029/well007/metrics_curated.xlsx,True,True,True,True,True,True,True
CX138,260329,T003346,000029,well008,/mnt/benshalom-nas/analysis/Sadegh/CX138/CX138/260329/T003346/Network/000029/well008,CX138|260329|T003346|000029|well008,/mnt/benshalom-nas/analysis/Sadegh/CX138/CX138/260329/T003346/Network/000029/well008/qm_unfiltered.xlsx,/mnt/benshalom-nas/analysis/Sadegh/CX138/CX138/260329/T003346/Network/000029/well008/network_results.json,/mnt/benshalom-nas/analysis/Sadegh/CX138/CX138/260329/T003346/Network/000029/well008/tm_curated.xlsx,/mnt/benshalom-nas/analysis/Sadegh/CX138/CX138/260329/T003346/Network/000029/well008/spike_times.npy,/mnt/benshalom-nas/analysis/Sadegh/CX138/CX138/260329/T003346/Network/000029/well008/tm_unfiltered.xlsx,/mnt/benshalom-nas/analysis/Sadegh/CX138/CX138/260329/T003346/Network/000029/well008/rejection_log.xlsx,/mnt/benshalom-nas/analysis/Sadegh/CX138/CX138/260329/T003346/Network/000029/well008/metrics_curated.xlsx,True,True,True,True,True,True,True
CX138,260329,T003346,000029,well009,/mnt/benshalom-nas/analysis/Sadegh/CX138/CX138/260329/T003346/Network/000029/well009,CX138|260329|T003346|000029|well009,/mnt/benshalom-nas/analysis/Sadegh/CX138/CX138/260329/T003346/Network/000029/well009/qm_unfiltered.xlsx,/mnt/benshalom-nas/analysis/Sadegh/CX138/CX138/260329/T003346/Network/000029/well009/network_results.json,/mnt/benshalom-nas/analysis/Sadegh/CX138/CX138/260329/T003346/Network/000029/well009/tm_curated.xlsx,/mnt/benshalom-nas/analysis/Sadegh/CX138/CX138/260329/T003346/Network/000029/well009/spike_times.npy,/mnt/benshalom-nas/analysis/Sadegh/CX138/CX138/260329/T003346/Network/000029/well009/tm_unfiltered.xlsx,/mnt/benshalom-nas/analysis/Sadegh/CX138/CX138/260329/T003346/Network/000029/well009/rejection_log.xlsx,/mnt/benshalom-nas/analysis/Sadegh/CX138/CX138/260329/T003346/Network/000029/well009/metrics_curated.xlsx,True,True,True,True,True,True,True
CX138,260329,T003346,000029,well010,/mnt/benshalom-nas/analysis/Sadegh/CX138/CX138/260329/T003346/Network/000029/well010,CX138|260329|T003346|000029|well010,/mnt/benshalom-nas/analysis/Sadegh/CX138/CX138/260329/T003346/Network/000029/well010/qm_unfiltered.xlsx,/mnt/benshalom-nas/analysis/Sadegh/CX138/CX138/260329/T003346/Network/000029/well010/network_results.json,/mnt/benshalom-nas/analysis/Sadegh/CX138/CX138/260329/T003346/Network/000029/well010/tm_curated.xlsx,/mnt/benshalom-nas/analysis/Sadegh/CX138/CX138/260329/T003346/Network/000029/well010/spike_times.npy,/mnt/benshalom-nas/analysis/Sadegh/CX138/CX138/260329/T003346/Network/000029/well010/tm_unfiltered.xlsx,/mnt/benshalom-nas/analysis/Sadegh/CX138/CX138/260329/T003346/Network/000029/well010/rejection_log.xlsx,/mnt/benshalom-nas/analysis/Sadegh/CX138/CX138/260329/T003346/Network/000029/well010/metrics_curated.xlsx,True,True,True,True,True,True,True
CX138,260329,T003346,000029,well011,/mnt/benshalom-nas/analysis/Sadegh/CX138/CX138/260329/T003346/Network/000029/well011,CX138|260329|T003346|000029|well011,/mnt/benshalom-nas/analysis/Sadegh/CX138/CX138/260329/T003346/Network/000029/well011/qm_unfiltered.xlsx,/mnt/benshalom-nas/analysis/Sadegh/CX138/CX138/260329/T003346/Network/000029/well011/network_results.json,/mnt/benshalom-nas/analysis/Sadegh/CX138/CX138/260329/T003346/Network/000029/well011/tm_curated.xlsx,/mnt/benshalom-nas/analysis/Sadegh/CX138/CX138/260329/T003346/Network/000029/well011/spike_times.npy,/mnt/benshalom-nas/analysis/Sadegh/CX138/CX138/260329/T003346/Network/000029/well011/tm_unfiltered.xlsx,/mnt/benshalom-nas/analysis/Sadegh/CX138/CX138/260329/T003346/Network/000029/well011/rejection_log.xlsx,/mnt/benshalom-nas/analysis/Sadegh/CX138/CX138/260329/T003346/Network/000029/well011/metrics_curated.xlsx,True,True,True,True,True,True,True
CX138,260329,T003346,000029,well012,/mnt/benshalom-nas/analysis/Sadegh/CX138/CX138/260329/T003346/Network/000029/well012,CX138|260329|T003346|000029|well012,/mnt/benshalom-nas/analysis/Sadegh/CX138/CX138/260329/T003346/Network/000029/well012/qm_unfiltered.xlsx,/mnt/benshalom-nas/analysis/Sadegh/CX138/CX138/260329/T003346/Network/000029/well012/network_results.json,/mnt/benshalom-nas/analysis/Sadegh/CX138/CX138/260329/T003346/Network/000029/well012/tm_curated.xlsx,/mnt/benshalom-nas/analysis/Sadegh/CX138/CX138/260329/T003346/Network/000029/well012/spike_times.npy,/mnt/benshalom-nas/analysis/Sadegh/CX138/CX138/260329/T003346/Network/000029/well012/tm_unfiltered.xlsx,/mnt/benshalom-nas/analysis/Sadegh/CX138/CX138/260329/T003346/Network/000029/well012/rejection_log.xlsx,/mnt/benshalom-nas/analysis/Sadegh/CX138/CX138/260329/T003346/Network/000029/well012/metrics_curated.xlsx,True,True,True,True,True,True,True
CX138,260329,T003346,000029,well013,/mnt/benshalom-nas/analysis/Sadegh/CX138/CX138/260329/T003346/Network/000029/well013,CX138|260329|T003346|000029|well013,/mnt/benshalom-nas/analysis/Sadegh/CX138/CX138/260329/T003346/Network/000029/well013/qm_unfiltered.xlsx,/mnt/benshalom-nas/analysis/Sadegh/CX138/CX138/260329/T003346/Network/000029/well013/network_results.json,/mnt/benshalom-nas/analysis/Sadegh/CX138/CX138/260329/T003346/Network/000029/well013/tm_curated.xlsx,/mnt/benshalom-nas/analysis/Sadegh/CX138/CX138/260329/T003346/Network/000029/well013/spike_times.npy,/mnt/benshalom-nas/analysis/Sadegh/CX138/CX138/260329/T003346/Network/000029/well013/tm_unfiltered.xlsx,/mnt/benshalom-nas/analysis/Sadegh/CX138/CX138/260329/T003346/Network/000029/well013/rejection_log.xlsx,/mnt/benshalom-nas/analysis/Sadegh/CX138/CX138/260329/T003346/Network/000029/well013/metrics_curated.xlsx,True,True,True,True,True,True,True
CX138,260329,T003346,000029,well014,/mnt/benshalom-nas/analysis/Sadegh/CX138/CX138/260329/T003346/Network/000029/well014,CX138|260329|T003346|000029|well014,/mnt/benshalom-nas/analysis/Sadegh/CX138/CX138/260329/T003346/Network/000029/well014/qm_unfiltered.xlsx,/mnt/benshalom-nas/analysis/Sadegh/CX138/CX138/260329/T003346/Network/000029/well014/network_results.json,/mnt/benshalom-nas/analysis/Sadegh/CX138/CX138/260329/T003346/Network/000029/well014/tm_curated.xlsx,/mnt/benshalom-nas/analysis/Sadegh/CX138/CX138/260329/T003346/Network/000029/well014/spike_times.npy,/mnt/benshalom-nas/analysis/Sadegh/CX138/CX138/260329/T003346/Network/000029/well014/tm_unfiltered.xlsx,/mnt/benshalom-nas/analysis/Sadegh/CX138/CX138/260329/T003346/Network/000029/well014/rejection_log.xlsx,/mnt/benshalom-nas/analysis/Sadegh/CX138/CX138/260329/T003346/Network/000029/well014/metrics_curated.xlsx,True,True,True,True,True,True,True
CX138,260329,T003346,000029,well015,/mnt/benshalom-nas/analysis/Sadegh/CX138/CX138/260329/T003346/Network/000029/well015,CX138|260329|T003346|000029|well015,/mnt/benshalom-nas/analysis/Sadegh/CX138/CX138/260329/T003346/Network/000029/well015/qm_unfiltered.xlsx,/mnt/benshalom-nas/analysis/Sadegh/CX138/CX138/260329/T003346/Network/000029/well015/network_results.json,/mnt/benshalom-nas/analysis/Sadegh/CX138/CX138/260329/T003346/Network/000029/well015/tm_curated.xlsx,/mnt/benshalom-nas/analysis/Sadegh/CX138/CX138/260329/T003346/Network/000029/well015/spike_times.npy,/mnt/benshalom-nas/analysis/Sadegh/CX138/CX138/260329/T003346/Network/000029/well015/tm_unfiltered.xlsx,/mnt/benshalom-nas/analysis/Sadegh/CX138/CX138/260329/T003346/Network/000029/well015/rejection_log.xlsx,/mnt/benshalom-nas/analysis/Sadegh/CX138/CX138/260329/T003346/Network/000029/well015/metrics_curated.xlsx,True,True,True,True,True,True,True
CX138,260329,T003346,000029,well016,/mnt/benshalom-nas/analysis/Sadegh/CX138/CX138/260329/T003346/Network/000029/well016,CX138|260329|T003346|000029|well016,/mnt/benshalom-nas/analysis/Sadegh/CX138/CX138/260329/T003346/Network/000029/well016/qm_unfiltered.xlsx,/mnt/benshalom-nas/analysis/Sadegh/CX138/CX138/260329/T003346/Network/000029/well016/network_results.json,/mnt/benshalom-nas/analysis/Sadegh/CX138/CX138/260329/T003346/Network/000029/well016/tm_curated.xlsx,/mnt/benshalom-nas/analysis/Sadegh/CX138/CX138/260329/T003346/Network/000029/well016/spike_times.npy,/mnt/benshalom-nas/analysis/Sadegh/CX138/CX138/260329/T003346/Network/000029/well016/tm_unfiltered.xlsx,/mnt/benshalom-nas/analysis/Sadegh/CX138/CX138/260329/T003346/Network/000029/well016/rejection_log.xlsx,/mnt/benshalom-nas/analysis/Sadegh/CX138/CX138/260329/T003346/Network/000029/well016/metrics_curated.xlsx,True,True,True,True,True,True,True
CX138,260329,T003346,000029,well017,/mnt/benshalom-nas/analysis/Sadegh/CX138/CX138/260329/T003346/Network/000029/well017,CX138|260329|T003346|000029|well017,/mnt/benshalom-nas/analysis/Sadegh/CX138/CX138/260329/T003346/Network/000029/well017/qm_unfiltered.xlsx,/mnt/benshalom-nas/analysis/Sadegh/CX138/CX138/260329/T003346/Network/000029/well017/network_results.json,/mnt/benshalom-nas/analysis/Sadegh/CX138/CX138/260329/T003346/Network/000029/well017/tm_curated.xlsx,/mnt/benshalom-nas/analysis/Sadegh/CX138/CX138/260329/T003346/Network/000029/well017/spike_times.npy,/mnt/benshalom-nas/analysis/Sadegh/CX138/CX138/260329/T003346/Network/000029/well017/tm_unfiltered.xlsx,/mnt/benshalom-nas/analysis/Sadegh/CX138/CX138/260329/T003346/Network/000029/well017/rejection_log.xlsx,/mnt/benshalom-nas/analysis/Sadegh/CX138/CX138/260329/T003346/Network/000029/well017/metrics_curated.xlsx,True,True,True,True,True,True,True
CX138,260329,T003346,000029,well018,/mnt/benshalom-nas/analysis/Sadegh/CX138/CX138/260329/T003346/Network/000029/well018,CX138|260329|T003346|000029|well018,/mnt/benshalom-nas/analysis/Sadegh/CX138/CX138/260329/T003346/Network/000029/well018/qm_unfiltered.xlsx,/mnt/benshalom-nas/analysis/Sadegh/CX138/CX138/260329/T003346/Network/000029/well018/network_results.json,/mnt/benshalom-nas/analysis/Sadegh/CX138/CX138/260329/T003346/Network/000029/well018/tm_curated.xlsx,/mnt/benshalom-nas/analysis/Sadegh/CX138/CX138/260329/T003346/Network/000029/well018/spike_times.npy,/mnt/benshalom-nas/analysis/Sadegh/CX138/CX138/260329/T003346/Network/000029/well018/tm_unfiltered.xlsx,/mnt/benshalom-nas/analysis/Sadegh/CX138/CX138/260329/T003346/Network/000029/well018/rejection_log.xlsx,/mnt/benshalom-nas/analysis/Sadegh/CX138/CX138/260329/T003346/Network/000029/well018/metrics_curated.xlsx,True,True,True,True,True,True,True
CX138,260329,T003346,000029,well019,/mnt/benshalom-nas/analysis/Sadegh/CX138/CX138/260329/T003346/Network/000029/well019,CX138|260329|T003346|000029|well019,/mnt/benshalom-nas/analysis/Sadegh/CX138/CX138/260329/T003346/Network/000029/well019/qm_unfiltered.xlsx,/mnt/benshalom-nas/analysis/Sadegh/CX138/CX138/260329/T003346/Network/000029/well019/network_results.json,/mnt/benshalom-nas/analysis/Sadegh/CX138/CX138/260329/T003346/Network/000029/well019/tm_curated.xlsx,/mnt/benshalom-nas/analysis/Sadegh/CX138/CX138/260329/T003346/Network/000029/well019/spike_times.npy,/mnt/benshalom-nas/analysis/Sadegh/CX138/CX138/260329/T003346/Network/000029/well019/tm_unfiltered.xlsx,/mnt/benshalom-nas/analysis/Sadegh/CX138/CX138/260329/T003346/Network/000029/well019/rejection_log.xlsx,/mnt/benshalom-nas/analysis/Sadegh/CX138/CX138/260329/T003346/Network/000029/well019/metrics_curated.xlsx,True,True,True,True,True,True,True
CX138,260329,T003346,000029,well020,/mnt/benshalom-nas/analysis/Sadegh/CX138/CX138/260329/T003346/Network/000029/well020,CX138|260329|T003346|000029|well020,/mnt/benshalom-nas/analysis/Sadegh/CX138/CX138/260329/T003346/Network/000029/well020/qm_unfiltered.xlsx,/mnt/benshalom-nas/analysis/Sadegh/CX138/CX138/260329/T003346/Network/000029/well020/network_results.json,/mnt/benshalom-nas/analysis/Sadegh/CX138/CX138/260329/T003346/Network/000029/well020/tm_curated.xlsx,/mnt/benshalom-nas/analysis/Sadegh/CX138/CX138/260329/T003346/Network/000029/well020/spike_times.npy,/mnt/benshalom-nas/analysis/Sadegh/CX138/CX138/260329/T003346/Network/000029/well020/tm_unfiltered.xlsx,/mnt/benshalom-nas/analysis/Sadegh/CX138/CX138/260329/T003346/Network/000029/well020/rejection_log.xlsx,/mnt/benshalom-nas/analysis/Sadegh/CX138/CX138/260329/T003346/Network/000029/well020/metrics_curated.xlsx,True,True,True,True,True,True,True
CX138,260329,T003346,000029,well021,/mnt/benshalom-nas/analysis/Sadegh/CX138/CX138/260329/T003346/Network/000029/well021,CX138|260329|T003346|000029|well021,/mnt/benshalom-nas/analysis/Sadegh/CX138/CX138/260329/T003346/Network/000029/well021/qm_unfiltered.xlsx,/mnt/benshalom-nas/analysis/Sadegh/CX138/CX138/260329/T003346/Network/000029/well021/network_results.json,/mnt/benshalom-nas/analysis/Sadegh/CX138/CX138/260329/T003346/Network/000029/well021/tm_curated.xlsx,/mnt/benshalom-nas/analysis/Sadegh/CX138/CX138/260329/T003346/Network/000029/well021/spike_times.npy,/mnt/benshalom-nas/analysis/Sadegh/CX138/CX138/260329/T003346/Network/000029/well021/tm_unfiltered.xlsx,/mnt/benshalom-nas/analysis/Sadegh/CX138/CX138/260329/T003346/Network/000029/well021/rejection_log.xlsx,/mnt/benshalom-nas/analysis/Sadegh/CX138/CX138/260329/T003346/Network/000029/well021/metrics_curated.xlsx,True,True,True,True,True,True,True
CX138,260329,T003346,000029,well022,/mnt/benshalom-nas/analysis/Sadegh/CX138/CX138/260329/T003346/Network/000029/well022,CX138|260329|T003346|000029|well022,/mnt/benshalom-nas/analysis/Sadegh/CX138/CX138/260329/T003346/Network/000029/well022/qm_unfiltered.xlsx,/mnt/benshalom-nas/analysis/Sadegh/CX138/CX138/260329/T003346/Network/000029/well022/network_results.json,/mnt/benshalom-nas/analysis/Sadegh/CX138/CX138/260329/T003346/Network/000029/well022/tm_curated.xlsx,/mnt/benshalom-nas/analysis/Sadegh/CX138/CX138/260329/T003346/Network/000029/well022/spike_times.npy,/mnt/benshalom-nas/analysis/Sadegh/CX138/CX138/260329/T003346/Network/000029/well022/tm_unfiltered.xlsx,/mnt/benshalom-nas/analysis/Sadegh/CX138/CX138/260329/T003346/Network/000029/well022/rejection_log.xlsx,/mnt/benshalom-nas/analysis/Sadegh/CX138/CX138/260329/T003346/Network/000029/well022/metrics_curated.xlsx,True,True,True,True,True,True,True
CX138,260329,T003346,000029,well023,/mnt/benshalom-nas/analysis/Sadegh/CX138/CX138/260329/T003346/Network/000029/well023,CX138|260329|T003346|000029|well023,/mnt/benshalom-nas/analysis/Sadegh/CX138/CX138/260329/T003346/Network/000029/well023/qm_unfiltered.xlsx,/mnt/benshalom-nas/analysis/Sadegh/CX138/CX138/260329/T003346/Network/000029/well023/network_results.json,/mnt/benshalom-nas/analysis/Sadegh/CX138/CX138/260329/T003346/Network/000029/well023/tm_curated.xlsx,/mnt/benshalom-nas/analysis/Sadegh/CX138/CX138/260329/T003346/Network/000029/well023/spike_times.npy,/mnt/benshalom-nas/analysis/Sadegh/CX138/CX138/260329/T003346/Network/000029/well023/tm_unfiltered.xlsx,/mnt/benshalom-nas/analysis/Sadegh/CX138/CX138/260329/T003346/Network/000029/well023/rejection_log.xlsx,/mnt/benshalom-nas/analysis/Sadegh/CX138/CX138/260329/T003346/Network/000029/well023/metrics_curated.xlsx,True,True,True,True,True,True,True
CX138,260330,T003346,000031,well000,/mnt/benshalom-nas/analysis/Sadegh/CX138/CX138/260330/T003346/Network/000031/well000,CX138|260330|T003346|000031|well000,/mnt/benshalom-nas/analysis/Sadegh/CX138/CX138/260330/T003346/Network/000031/well000/qm_unfiltered.xlsx,/mnt/benshalom-nas/analysis/Sadegh/CX138/CX138/260330/T003346/Network/000031/well000/network_results.json,/mnt/benshalom-nas/analysis/Sadegh/CX138/CX138/260330/T003346/Network/000031/well000/tm_curated.xlsx,/mnt/benshalom-nas/analysis/Sadegh/CX138/CX138/260330/T003346/Network/000031/well000/spike_times.npy,/mnt/benshalom-nas/analysis/Sadegh/CX138/CX138/260330/T003346/Network/000031/well000/tm_unfiltered.xlsx,/mnt/benshalom-nas/analysis/Sadegh/CX138/CX138/260330/T003346/Network/000031/well000/rejection_log.xlsx,/mnt/benshalom-nas/analysis/Sadegh/CX138/CX138/260330/T003346/Network/000031/well000/metrics_curated.xlsx,True,True,True,True,True,True,True
CX138,260330,T003346,000031,well001,/mnt/benshalom-nas/analysis/Sadegh/CX138/CX138/260330/T003346/Network/000031/well001,CX138|260330|T003346|000031|well001,/mnt/benshalom-nas/analysis/Sadegh/CX138/CX138/260330/T003346/Network/000031/well001/qm_unfiltered.xlsx,/mnt/benshalom-nas/analysis/Sadegh/CX138/CX138/260330/T003346/Network/000031/well001/network_results.json,/mnt/benshalom-nas/analysis/Sadegh/CX138/CX138/260330/T003346/Network/000031/well001/tm_curated.xlsx,/mnt/benshalom-nas/analysis/Sadegh/CX138/CX138/260330/T003346/Network/000031/well001/spike_times.npy,/mnt/benshalom-nas/analysis/Sadegh/CX138/CX138/260330/T003346/Network/000031/well001/tm_unfiltered.xlsx,/mnt/benshalom-nas/analysis/Sadegh/CX138/CX138/260330/T003346/Network/000031/well001/rejection_log.xlsx,/mnt/benshalom-nas/analysis/Sadegh/CX138/CX138/260330/T003346/Network/000031/well001/metrics_curated.xlsx,True,True,True,True,True,True,True
CX138,260330,T003346,000031,well002,/mnt/benshalom-nas/analysis/Sadegh/CX138/CX138/260330/T003346/Network/000031/well002,CX138|260330|T003346|000031|well002,/mnt/benshalom-nas/analysis/Sadegh/CX138/CX138/260330/T003346/Network/000031/well002/qm_unfiltered.xlsx,/mnt/benshalom-nas/analysis/Sadegh/CX138/CX138/260330/T003346/Network/000031/well002/network_results.json,/mnt/benshalom-nas/analysis/Sadegh/CX138/CX138/260330/T003346/Network/000031/well002/tm_curated.xlsx,/mnt/benshalom-nas/analysis/Sadegh/CX138/CX138/260330/T003346/Network/000031/well002/spike_times.npy,/mnt/benshalom-nas/analysis/Sadegh/CX138/CX138/260330/T003346/Network/000031/well002/tm_unfiltered.xlsx,/mnt/benshalom-nas/analysis/Sadegh/CX138/CX138/260330/T003346/Network/000031/well002/rejection_log.xlsx,/mnt/benshalom-nas/analysis/Sadegh/CX138/CX138/260330/T003346/Network/000031/well002/metrics_curated.xlsx,True,True,True,True,True,True,True
CX138,260330,T003346,000031,well003,/mnt/benshalom-nas/analysis/Sadegh/CX138/CX138/260330/T003346/Network/000031/well003,CX138|260330|T003346|000031|well003,/mnt/benshalom-nas/analysis/Sadegh/CX138/CX138/260330/T003346/Network/000031/well003/qm_unfiltered.xlsx,/mnt/benshalom-nas/analysis/Sadegh/CX138/CX138/260330/T003346/Network/000031/well003/network_results.json,/mnt/benshalom-nas/analysis/Sadegh/CX138/CX138/260330/T003346/Network/000031/well003/tm_curated.xlsx,/mnt/benshalom-nas/analysis/Sadegh/CX138/CX138/260330/T003346/Network/000031/well003/spike_times.npy,/mnt/benshalom-nas/analysis/Sadegh/CX138/CX138/260330/T003346/Network/000031/well003/tm_unfiltered.xlsx,/mnt/benshalom-nas/analysis/Sadegh/CX138/CX138/260330/T003346/Network/000031/well003/rejection_log.xlsx,/mnt/benshalom-nas/analysis/Sadegh/CX138/CX138/260330/T003346/Network/000031/well003/metrics_curated.xlsx,True,True,True,True,True,True,True
CX138,260330,T003346,000031,well004,/mnt/benshalom-nas/analysis/Sadegh/CX138/CX138/260330/T003346/Network/000031/well004,CX138|260330|T003346|000031|well004,/mnt/benshalom-nas/analysis/Sadegh/CX138/CX138/260330/T003346/Network/000031/well004/qm_unfiltered.xlsx,/mnt/benshalom-nas/analysis/Sadegh/CX138/CX138/260330/T003346/Network/000031/well004/network_results.json,/mnt/benshalom-nas/analysis/Sadegh/CX138/CX138/260330/T003346/Network/000031/well004/tm_curated.xlsx,/mnt/benshalom-nas/analysis/Sadegh/CX138/CX138/260330/T003346/Network/000031/well004/spike_times.npy,/mnt/benshalom-nas/analysis/Sadegh/CX138/CX138/260330/T003346/Network/000031/well004/tm_unfiltered.xlsx,/mnt/benshalom-nas/analysis/Sadegh/CX138/CX138/260330/T003346/Network/000031/well004/rejection_log.xlsx,/mnt/benshalom-nas/analysis/Sadegh/CX138/CX138/260330/T003346/Network/000031/well004/metrics_curated.xlsx,True,True,True,True,True,True,True
CX138,260330,T003346,000031,well005,/mnt/benshalom-nas/analysis/Sadegh/CX138/CX138/260330/T003346/Network/000031/well005,CX138|260330|T003346|000031|well005,/mnt/benshalom-nas/analysis/Sadegh/CX138/CX138/260330/T003346/Network/000031/well005/qm_unfiltered.xlsx,/mnt/benshalom-nas/analysis/Sadegh/CX138/CX138/260330/T003346/Network/000031/well005/network_results.json,/mnt/benshalom-nas/analysis/Sadegh/CX138/CX138/260330/T003346/Network/000031/well005/tm_curated.xlsx,/mnt/benshalom-nas/analysis/Sadegh/CX138/CX138/260330/T003346/Network/000031/well005/spike_times.npy,/mnt/benshalom-nas/analysis/Sadegh/CX138/CX138/260330/T003346/Network/000031/well005/tm_unfiltered.xlsx,/mnt/benshalom-nas/analysis/Sadegh/CX138/CX138/260330/T003346/Network/000031/well005/rejection_log.xlsx,/mnt/benshalom-nas/analysis/Sadegh/CX138/CX138/260330/T003346/Network/000031/well005/metrics_curated.xlsx,True,True,True,True,True,True,True
CX138,260330,T003346,000031,well006,/mnt/benshalom-nas/analysis/Sadegh/CX138/CX138/260330/T003346/Network/000031/well006,CX138|260330|T003346|000031|well006,/mnt/benshalom-nas/analysis/Sadegh/CX138/CX138/260330/T003346/Network/000031/well006/qm_unfiltered.xlsx,/mnt/benshalom-nas/analysis/Sadegh/CX138/CX138/260330/T003346/Network/000031/well006/network_results.json,/mnt/benshalom-nas/analysis/Sadegh/CX138/CX138/260330/T003346/Network/000031/well006/tm_curated.xlsx,/mnt/benshalom-nas/analysis/Sadegh/CX138/CX138/260330/T003346/Network/000031/well006/spike_times.npy,/mnt/benshalom-nas/analysis/Sadegh/CX138/CX138/260330/T003346/Network/000031/well006/tm_unfiltered.xlsx,/mnt/benshalom-nas/analysis/Sadegh/CX138/CX138/260330/T003346/Network/000031/well006/rejection_log.xlsx,/mnt/benshalom-nas/analysis/Sadegh/CX138/CX138/260330/T003346/Network/000031/well006/metrics_curated.xlsx,True,True,True,True,True,True,True
CX138,260330,T003346,000031,well007,/mnt/benshalom-nas/analysis/Sadegh/CX138/CX138/260330/T003346/Network/000031/well007,CX138|260330|T003346|000031|well007,/mnt/benshalom-nas/analysis/Sadegh/CX138/CX138/260330/T003346/Network/000031/well007/qm_unfiltered.xlsx,/mnt/benshalom-nas/analysis/Sadegh/CX138/CX138/260330/T003346/Network/000031/well007/network_results.json,/mnt/benshalom-nas/analysis/Sadegh/CX138/CX138/260330/T003346/Network/000031/well007/tm_curated.xlsx,/mnt/benshalom-nas/analysis/Sadegh/CX138/CX138/260330/T003346/Network/000031/well007/spike_times.npy,/mnt/benshalom-nas/analysis/Sadegh/CX138/CX138/260330/T003346/Network/000031/well007/tm_unfiltered.xlsx,/mnt/benshalom-nas/analysis/Sadegh/CX138/CX138/260330/T003346/Network/000031/well007/rejection_log.xlsx,/mnt/benshalom-nas/analysis/Sadegh/CX138/CX138/260330/T003346/Network/000031/well007/metrics_curated.xlsx,True,True,True,True,True,True,True
CX138,260330,T003346,000031,well008,/mnt/benshalom-nas/analysis/Sadegh/CX138/CX138/260330/T003346/Network/000031/well008,CX138|260330|T003346|000031|well008,/mnt/benshalom-nas/analysis/Sadegh/CX138/CX138/260330/T003346/Network/000031/well008/qm_unfiltered.xlsx,/mnt/benshalom-nas/analysis/Sadegh/CX138/CX138/260330/T003346/Network/000031/well008/network_results.json,/mnt/benshalom-nas/analysis/Sadegh/CX138/CX138/260330/T003346/Network/000031/well008/tm_curated.xlsx,/mnt/benshalom-nas/analysis/Sadegh/CX138/CX138/260330/T003346/Network/000031/well008/spike_times.npy,/mnt/benshalom-nas/analysis/Sadegh/CX138/CX138/260330/T003346/Network/000031/well008/tm_unfiltered.xlsx,/mnt/benshalom-nas/analysis/Sadegh/CX138/CX138/260330/T003346/Network/000031/well008/rejection_log.xlsx,/mnt/benshalom-nas/analysis/Sadegh/CX138/CX138/260330/T003346/Network/000031/well008/metrics_curated.xlsx,True,True,True,True,True,True,True
CX138,260330,T003346,000031,well009,/mnt/benshalom-nas/analysis/Sadegh/CX138/CX138/260330/T003346/Network/000031/well009,CX138|260330|T003346|000031|well009,/mnt/benshalom-nas/analysis/Sadegh/CX138/CX138/260330/T003346/Network/000031/well009/qm_unfiltered.xlsx,/mnt/benshalom-nas/analysis/Sadegh/CX138/CX138/260330/T003346/Network/000031/well009/network_results.json,/mnt/benshalom-nas/analysis/Sadegh/CX138/CX138/260330/T003346/Network/000031/well009/tm_curated.xlsx,/mnt/benshalom-nas/analysis/Sadegh/CX138/CX138/260330/T003346/Network/000031/well009/spike_times.npy,/mnt/benshalom-nas/analysis/Sadegh/CX138/CX138/260330/T003346/Network/000031/well009/tm_unfiltered.xlsx,/mnt/benshalom-nas/analysis/Sadegh/CX138/CX138/260330/T003346/Network/000031/well009/rejection_log.xlsx,/mnt/benshalom-nas/analysis/Sadegh/CX138/CX138/260330/T003346/Network/000031/well009/metrics_curated.xlsx,True,True,True,True,True,True,True
CX138,260330,T003346,000031,well010,/mnt/benshalom-nas/analysis/Sadegh/CX138/CX138/260330/T003346/Network/000031/well010,CX138|260330|T003346|000031|well010,/mnt/benshalom-nas/analysis/Sadegh/CX138/CX138/260330/T003346/Network/000031/well010/qm_unfiltered.xlsx,/mnt/benshalom-nas/analysis/Sadegh/CX138/CX138/260330/T003346/Network/000031/well010/network_results.json,/mnt/benshalom-nas/analysis/Sadegh/CX138/CX138/260330/T003346/Network/000031/well010/tm_curated.xlsx,/mnt/benshalom-nas/analysis/Sadegh/CX138/CX138/260330/T003346/Network/000031/well010/spike_times.npy,/mnt/benshalom-nas/analysis/Sadegh/CX138/CX138/260330/T003346/Network/000031/well010/tm_unfiltered.xlsx,/mnt/benshalom-nas/analysis/Sadegh/CX138/CX138/260330/T003346/Network/000031/well010/rejection_log.xlsx,/mnt/benshalom-nas/analysis/Sadegh/CX138/CX138/260330/T003346/Network/000031/well010/metrics_curated.xlsx,True,True,True,True,True,True,True
CX138,260330,T003346,000031,well011,/mnt/benshalom-nas/analysis/Sadegh/CX138/CX138/260330/T003346/Network/000031/well011,CX138|260330|T003346|000031|well011,/mnt/benshalom-nas/analysis/Sadegh/CX138/CX138/260330/T003346/Network/000031/well011/qm_unfiltered.xlsx,/mnt/benshalom-nas/analysis/Sadegh/CX138/CX138/260330/T003346/Network/000031/well011/network_results.json,/mnt/benshalom-nas/analysis/Sadegh/CX138/CX138/260330/T003346/Network/000031/well011/tm_curated.xlsx,/mnt/benshalom-nas/analysis/Sadegh/CX138/CX138/260330/T003346/Network/000031/well011/spike_times.npy,/mnt/benshalom-nas/analysis/Sadegh/CX138/CX138/260330/T003346/Network/000031/well011/tm_unfiltered.xlsx,/mnt/benshalom-nas/analysis/Sadegh/CX138/CX138/260330/T003346/Network/000031/well011/rejection_log.xlsx,/mnt/benshalom-nas/analysis/Sadegh/CX138/CX138/260330/T003346/Network/000031/well011/metrics_curated.xlsx,True,True,True,True,True,True,True
CX138,260330,T003346,000031,well012,/mnt/benshalom-nas/analysis/Sadegh/CX138/CX138/260330/T003346/Network/000031/well012,CX138|260330|T003346|000031|well012,/mnt/benshalom-nas/analysis/Sadegh/CX138/CX138/260330/T003346/Network/000031/well012/qm_unfiltered.xlsx,/mnt/benshalom-nas/analysis/Sadegh/CX138/CX138/260330/T003346/Network/000031/well012/network_results.json,/mnt/benshalom-nas/analysis/Sadegh/CX138/CX138/260330/T003346/Network/000031/well012/tm_curated.xlsx,/mnt/benshalom-nas/analysis/Sadegh/CX138/CX138/260330/T003346/Network/000031/well012/spike_times.npy,/mnt/benshalom-nas/analysis/Sadegh/CX138/CX138/260330/T003346/Network/000031/well012/tm_unfiltered.xlsx,/mnt/benshalom-nas/analysis/Sadegh/CX138/CX138/260330/T003346/Network/000031/well012/rejection_log.xlsx,/mnt/benshalom-nas/analysis/Sadegh/CX138/CX138/260330/T003346/Network/000031/well012/metrics_curated.xlsx,True,True,True,True,True,True,True
CX138,260330,T003346,000031,well013,/mnt/benshalom-nas/analysis/Sadegh/CX138/CX138/260330/T003346/Network/000031/well013,CX138|260330|T003346|000031|well013,/mnt/benshalom-nas/analysis/Sadegh/CX138/CX138/260330/T003346/Network/000031/well013/qm_unfiltered.xlsx,/mnt/benshalom-nas/analysis/Sadegh/CX138/CX138/260330/T003346/Network/000031/well013/network_results.json,/mnt/benshalom-nas/analysis/Sadegh/CX138/CX138/260330/T003346/Network/000031/well013/tm_curated.xlsx,/mnt/benshalom-nas/analysis/Sadegh/CX138/CX138/260330/T003346/Network/000031/well013/spike_times.npy,/mnt/benshalom-nas/analysis/Sadegh/CX138/CX138/260330/T003346/Network/000031/well013/tm_unfiltered.xlsx,/mnt/benshalom-nas/analysis/Sadegh/CX138/CX138/260330/T003346/Network/000031/well013/rejection_log.xlsx,/mnt/benshalom-nas/analysis/Sadegh/CX138/CX138/260330/T003346/Network/000031/well013/metrics_curated.xlsx,True,True,True,True,True,True,True
CX138,260330,T003346,000031,well014,/mnt/benshalom-nas/analysis/Sadegh/CX138/CX138/260330/T003346/Network/000031/well014,CX138|260330|T003346|000031|well014,/mnt/benshalom-nas/analysis/Sadegh/CX138/CX138/260330/T003346/Network/000031/well014/qm_unfiltered.xlsx,/mnt/benshalom-nas/analysis/Sadegh/CX138/CX138/260330/T003346/Network/000031/well014/network_results.json,/mnt/benshalom-nas/analysis/Sadegh/CX138/CX138/260330/T003346/Network/000031/well014/tm_curated.xlsx,/mnt/benshalom-nas/analysis/Sadegh/CX138/CX138/260330/T003346/Network/000031/well014/spike_times.npy,/mnt/benshalom-nas/analysis/Sadegh/CX138/CX138/260330/T003346/Network/000031/well014/tm_unfiltered.xlsx,/mnt/benshalom-nas/analysis/Sadegh/CX138/CX138/260330/T003346/Network/000031/well014/rejection_log.xlsx,/mnt/benshalom-nas/analysis/Sadegh/CX138/CX138/260330/T003346/Network/000031/well014/metrics_curated.xlsx,True,True,True,True,True,True,True
CX138,260330,T003346,000031,well015,/mnt/benshalom-nas/analysis/Sadegh/CX138/CX138/260330/T003346/Network/000031/well015,CX138|260330|T003346|000031|well015,/mnt/benshalom-nas/analysis/Sadegh/CX138/CX138/260330/T003346/Network/000031/well015/qm_unfiltered.xlsx,/mnt/benshalom-nas/analysis/Sadegh/CX138/CX138/260330/T003346/Network/000031/well015/network_results.json,/mnt/benshalom-nas/analysis/Sadegh/CX138/CX138/260330/T003346/Network/000031/well015/tm_curated.xlsx,/mnt/benshalom-nas/analysis/Sadegh/CX138/CX138/260330/T003346/Network/000031/well015/spike_times.npy,/mnt/benshalom-nas/analysis/Sadegh/CX138/CX138/260330/T003346/Network/000031/well015/tm_unfiltered.xlsx,/mnt/benshalom-nas/analysis/Sadegh/CX138/CX138/260330/T003346/Network/000031/well015/rejection_log.xlsx,/mnt/benshalom-nas/analysis/Sadegh/CX138/CX138/260330/T003346/Network/000031/well015/metrics_curated.xlsx,True,True,True,True,True,True,True
CX138,260330,T003346,000031,well016,/mnt/benshalom-nas/analysis/Sadegh/CX138/CX138/260330/T003346/Network/000031/well016,CX138|260330|T003346|000031|well016,/mnt/benshalom-nas/analysis/Sadegh/CX138/CX138/260330/T003346/Network/000031/well016/qm_unfiltered.xlsx,/mnt/benshalom-nas/analysis/Sadegh/CX138/CX138/260330/T003346/Network/000031/well016/network_results.json,/mnt/benshalom-nas/analysis/Sadegh/CX138/CX138/260330/T003346/Network/000031/well016/tm_curated.xlsx,/mnt/benshalom-nas/analysis/Sadegh/CX138/CX138/260330/T003346/Network/000031/well016/spike_times.npy,/mnt/benshalom-nas/analysis/Sadegh/CX138/CX138/260330/T003346/Network/000031/well016/tm_unfiltered.xlsx,/mnt/benshalom-nas/analysis/Sadegh/CX138/CX138/260330/T003346/Network/000031/well016/rejection_log.xlsx,/mnt/benshalom-nas/analysis/Sadegh/CX138/CX138/260330/T003346/Network/000031/well016/metrics_curated.xlsx,True,True,True,True,True,True,True
CX138,260330,T003346,000031,well017,/mnt/benshalom-nas/analysis/Sadegh/CX138/CX138/260330/T003346/Network/000031/well017,CX138|260330|T003346|000031|well017,/mnt/benshalom-nas/analysis/Sadegh/CX138/CX138/260330/T003346/Network/000031/well017/qm_unfiltered.xlsx,/mnt/benshalom-nas/analysis/Sadegh/CX138/CX138/260330/T003346/Network/000031/well017/network_results.json,/mnt/benshalom-nas/analysis/Sadegh/CX138/CX138/260330/T003346/Network/000031/well017/tm_curated.xlsx,/mnt/benshalom-nas/analysis/Sadegh/CX138/CX138/260330/T003346/Network/000031/well017/spike_times.npy,/mnt/benshalom-nas/analysis/Sadegh/CX138/CX138/260330/T003346/Network/000031/well017/tm_unfiltered.xlsx,/mnt/benshalom-nas/analysis/Sadegh/CX138/CX138/260330/T003346/Network/000031/well017/rejection_log.xlsx,/mnt/benshalom-nas/analysis/Sadegh/CX138/CX138/260330/T003346/Network/000031/well017/metrics_curated.xlsx,True,True,True,True,True,True,True
CX138,260330,T003346,000031,well018,/mnt/benshalom-nas/analysis/Sadegh/CX138/CX138/260330/T003346/Network/000031/well018,CX138|260330|T003346|000031|well018,/mnt/benshalom-nas/analysis/Sadegh/CX138/CX138/260330/T003346/Network/000031/well018/qm_unfiltered.xlsx,/mnt/benshalom-nas/analysis/Sadegh/CX138/CX138/260330/T003346/Network/000031/well018/network_results.json,/mnt/benshalom-nas/analysis/Sadegh/CX138/CX138/260330/T003346/Network/000031/well018/tm_curated.xlsx,/mnt/benshalom-nas/analysis/Sadegh/CX138/CX138/260330/T003346/Network/000031/well018/spike_times.npy,/mnt/benshalom-nas/analysis/Sadegh/CX138/CX138/260330/T003346/Network/000031/well018/tm_unfiltered.xlsx,/mnt/benshalom-nas/analysis/Sadegh/CX138/CX138/260330/T003346/Network/000031/well018/rejection_log.xlsx,/mnt/benshalom-nas/analysis/Sadegh/CX138/CX138/260330/T003346/Network/000031/well018/metrics_curated.xlsx,True,True,True,True,True,True,True
CX138,260330,T003346,000031,well019,/mnt/benshalom-nas/analysis/Sadegh/CX138/CX138/260330/T003346/Network/000031/well019,CX138|260330|T003346|000031|well019,/mnt/benshalom-nas/analysis/Sadegh/CX138/CX138/260330/T003346/Network/000031/well019/qm_unfiltered.xlsx,/mnt/benshalom-nas/analysis/Sadegh/CX138/CX138/260330/T003346/Network/000031/well019/network_results.json,/mnt/benshalom-nas/analysis/Sadegh/CX138/CX138/260330/T003346/Network/000031/well019/tm_curated.xlsx,/mnt/benshalom-nas/analysis/Sadegh/CX138/CX138/260330/T003346/Network/000031/well019/spike_times.npy,/mnt/benshalom-nas/analysis/Sadegh/CX138/CX138/260330/T003346/Network/000031/well019/tm_unfiltered.xlsx,/mnt/benshalom-nas/analysis/Sadegh/CX138/CX138/260330/T003346/Network/000031/well019/rejection_log.xlsx,/mnt/benshalom-nas/analysis/Sadegh/CX138/CX138/260330/T003346/Network/000031/well019/metrics_curated.xlsx,True,True,True,True,True,True,True
CX138,260330,T003346,000031,well020,/mnt/benshalom-nas/analysis/Sadegh/CX138/CX138/260330/T003346/Network/000031/well020,CX138|260330|T003346|000031|well020,/mnt/benshalom-nas/analysis/Sadegh/CX138/CX138/260330/T003346/Network/000031/well020/qm_unfiltered.xlsx,/mnt/benshalom-nas/analysis/Sadegh/CX138/CX138/260330/T003346/Network/000031/well020/network_results.json,/mnt/benshalom-nas/analysis/Sadegh/CX138/CX138/260330/T003346/Network/000031/well020/tm_curated.xlsx,/mnt/benshalom-nas/analysis/Sadegh/CX138/CX138/260330/T003346/Network/000031/well020/spike_times.npy,/mnt/benshalom-nas/analysis/Sadegh/CX138/CX138/260330/T003346/Network/000031/well020/tm_unfiltered.xlsx,/mnt/benshalom-nas/analysis/Sadegh/CX138/CX138/260330/T003346/Network/000031/well020/rejection_log.xlsx,/mnt/benshalom-nas/analysis/Sadegh/CX138/CX138/260330/T003346/Network/000031/well020/metrics_curated.xlsx,True,True,True,True,True,True,True
CX138,260330,T003346,000031,well021,/mnt/benshalom-nas/analysis/Sadegh/CX138/CX138/260330/T003346/Network/000031/well021,CX138|260330|T003346|000031|well021,/mnt/benshalom-nas/analysis/Sadegh/CX138/CX138/260330/T003346/Network/000031/well021/qm_unfiltered.xlsx,/mnt/benshalom-nas/analysis/Sadegh/CX138/CX138/260330/T003346/Network/000031/well021/network_results.json,/mnt/benshalom-nas/analysis/Sadegh/CX138/CX138/260330/T003346/Network/000031/well021/tm_curated.xlsx,/mnt/benshalom-nas/analysis/Sadegh/CX138/CX138/260330/T003346/Network/000031/well021/spike_times.npy,/mnt/benshalom-nas/analysis/Sadegh/CX138/CX138/260330/T003346/Network/000031/well021/tm_unfiltered.xlsx,/mnt/benshalom-nas/analysis/Sadegh/CX138/CX138/260330/T003346/Network/000031/well021/rejection_log.xlsx,/mnt/benshalom-nas/analysis/Sadegh/CX138/CX138/260330/T003346/Network/000031/well021/metrics_curated.xlsx,True,True,True,True,True,True,True
CX138,260330,T003346,000031,well022,/mnt/benshalom-nas/analysis/Sadegh/CX138/CX138/260330/T003346/Network/000031/well022,CX138|260330|T003346|000031|well022,/mnt/benshalom-nas/analysis/Sadegh/CX138/CX138/260330/T003346/Network/000031/well022/qm_unfiltered.xlsx,/mnt/benshalom-nas/analysis/Sadegh/CX138/CX138/260330/T003346/Network/000031/well022/network_results.json,/mnt/benshalom-nas/analysis/Sadegh/CX138/CX138/260330/T003346/Network/000031/well022/tm_curated.xlsx,/mnt/benshalom-nas/analysis/Sadegh/CX138/CX138/260330/T003346/Network/000031/well022/spike_times.npy,/mnt/benshalom-nas/analysis/Sadegh/CX138/CX138/260330/T003346/Network/000031/well022/tm_unfiltered.xlsx,/mnt/benshalom-nas/analysis/Sadegh/CX138/CX138/260330/T003346/Network/000031/well022/rejection_log.xlsx,/mnt/benshalom-nas/analysis/Sadegh/CX138/CX138/260330/T003346/Network/000031/well022/metrics_curated.xlsx,True,True,True,True,True,True,True
CX138,260330,T003346,000031,well023,/mnt/benshalom-nas/analysis/Sadegh/CX138/CX138/260330/T003346/Network/000031/well023,CX138|260330|T003346|000031|well023,/mnt/benshalom-nas/analysis/Sadegh/CX138/CX138/260330/T003346/Network/000031/well023/qm_unfiltered.xlsx,/mnt/benshalom-nas/analysis/Sadegh/CX138/CX138/260330/T003346/Network/000031/well023/network_results.json,/mnt/benshalom-nas/analysis/Sadegh/CX138/CX138/260330/T003346/Network/000031/well023/tm_curated.xlsx,/mnt/benshalom-nas/analysis/Sadegh/CX138/CX138/260330/T003346/Network/000031/well023/spike_times.npy,/mnt/benshalom-nas/analysis/Sadegh/CX138/CX138/260330/T003346/Network/000031/well023/tm_unfiltered.xlsx,/mnt/benshalom-nas/analysis/Sadegh/CX138/CX138/260330/T003346/Network/000031/well023/rejection_log.xlsx,/mnt/benshalom-nas/analysis/Sadegh/CX138/CX138/260330/T003346/Network/000031/well023/metrics_curated.xlsx,True,True,True,True,True,True,True
CX138,260401,T003346,000033,well000,/mnt/benshalom-nas/analysis/Sadegh/CX138/CX138/260401/T003346/Network/000033/well000,CX138|260401|T003346|000033|well000,/mnt/benshalom-nas/analysis/Sadegh/CX138/CX138/260401/T003346/Network/000033/well000/qm_unfiltered.xlsx,/mnt/benshalom-nas/analysis/Sadegh/CX138/CX138/260401/T003346/Network/000033/well000/network_results.json,/mnt/benshalom-nas/analysis/Sadegh/CX138/CX138/260401/T003346/Network/000033/well000/tm_curated.xlsx,/mnt/benshalom-nas/analysis/Sadegh/CX138/CX138/260401/T003346/Network/000033/well000/spike_times.npy,/mnt/benshalom-nas/analysis/Sadegh/CX138/CX138/260401/T003346/Network/000033/well000/tm_unfiltered.xlsx,/mnt/benshalom-nas/analysis/Sadegh/CX138/CX138/260401/T003346/Network/000033/well000/rejection_log.xlsx,/mnt/benshalom-nas/analysis/Sadegh/CX138/CX138/260401/T003346/Network/000033/well000/metrics_curated.xlsx,True,True,True,True,True,True,True
CX138,260401,T003346,000033,well001,/mnt/benshalom-nas/analysis/Sadegh/CX138/CX138/260401/T003346/Network/000033/well001,CX138|260401|T003346|000033|well001,/mnt/benshalom-nas/analysis/Sadegh/CX138/CX138/260401/T003346/Network/000033/well001/qm_unfiltered.xlsx,/mnt/benshalom-nas/analysis/Sadegh/CX138/CX138/260401/T003346/Network/000033/well001/network_results.json,/mnt/benshalom-nas/analysis/Sadegh/CX138/CX138/260401/T003346/Network/000033/well001/tm_curated.xlsx,/mnt/benshalom-nas/analysis/Sadegh/CX138/CX138/260401/T003346/Network/000033/well001/spike_times.npy,/mnt/benshalom-nas/analysis/Sadegh/CX138/CX138/260401/T003346/Network/000033/well001/tm_unfiltered.xlsx,/mnt/benshalom-nas/analysis/Sadegh/CX138/CX138/260401/T003346/Network/000033/well001/rejection_log.xlsx,/mnt/benshalom-nas/analysis/Sadegh/CX138/CX138/260401/T003346/Network/000033/well001/metrics_curated.xlsx,True,True,True,True,True,True,True
CX138,260401,T003346,000033,well002,/mnt/benshalom-nas/analysis/Sadegh/CX138/CX138/260401/T003346/Network/000033/well002,CX138|260401|T003346|000033|well002,/mnt/benshalom-nas/analysis/Sadegh/CX138/CX138/260401/T003346/Network/000033/well002/qm_unfiltered.xlsx,/mnt/benshalom-nas/analysis/Sadegh/CX138/CX138/260401/T003346/Network/000033/well002/network_results.json,/mnt/benshalom-nas/analysis/Sadegh/CX138/CX138/260401/T003346/Network/000033/well002/tm_curated.xlsx,/mnt/benshalom-nas/analysis/Sadegh/CX138/CX138/260401/T003346/Network/000033/well002/spike_times.npy,/mnt/benshalom-nas/analysis/Sadegh/CX138/CX138/260401/T003346/Network/000033/well002/tm_unfiltered.xlsx,/mnt/benshalom-nas/analysis/Sadegh/CX138/CX138/260401/T003346/Network/000033/well002/rejection_log.xlsx,/mnt/benshalom-nas/analysis/Sadegh/CX138/CX138/260401/T003346/Network/000033/well002/metrics_curated.xlsx,True,True,True,True,True,True,True
CX138,260401,T003346,000033,well003,/mnt/benshalom-nas/analysis/Sadegh/CX138/CX138/260401/T003346/Network/000033/well003,CX138|260401|T003346|000033|well003,/mnt/benshalom-nas/analysis/Sadegh/CX138/CX138/260401/T003346/Network/000033/well003/qm_unfiltered.xlsx,/mnt/benshalom-nas/analysis/Sadegh/CX138/CX138/260401/T003346/Network/000033/well003/network_results.json,/mnt/benshalom-nas/analysis/Sadegh/CX138/CX138/260401/T003346/Network/000033/well003/tm_curated.xlsx,/mnt/benshalom-nas/analysis/Sadegh/CX138/CX138/260401/T003346/Network/000033/well003/spike_times.npy,/mnt/benshalom-nas/analysis/Sadegh/CX138/CX138/260401/T003346/Network/000033/well003/tm_unfiltered.xlsx,/mnt/benshalom-nas/analysis/Sadegh/CX138/CX138/260401/T003346/Network/000033/well003/rejection_log.xlsx,/mnt/benshalom-nas/analysis/Sadegh/CX138/CX138/260401/T003346/Network/000033/well003/metrics_curated.xlsx,True,True,True,True,True,True,True
CX138,260401,T003346,000033,well004,/mnt/benshalom-nas/analysis/Sadegh/CX138/CX138/260401/T003346/Network/000033/well004,CX138|260401|T003346|000033|well004,/mnt/benshalom-nas/analysis/Sadegh/CX138/CX138/260401/T003346/Network/000033/well004/qm_unfiltered.xlsx,/mnt/benshalom-nas/analysis/Sadegh/CX138/CX138/260401/T003346/Network/000033/well004/network_results.json,/mnt/benshalom-nas/analysis/Sadegh/CX138/CX138/260401/T003346/Network/000033/well004/tm_curated.xlsx,/mnt/benshalom-nas/analysis/Sadegh/CX138/CX138/260401/T003346/Network/000033/well004/spike_times.npy,/mnt/benshalom-nas/analysis/Sadegh/CX138/CX138/260401/T003346/Network/000033/well004/tm_unfiltered.xlsx,/mnt/benshalom-nas/analysis/Sadegh/CX138/CX138/260401/T003346/Network/000033/well004/rejection_log.xlsx,/mnt/benshalom-nas/analysis/Sadegh/CX138/CX138/260401/T003346/Network/000033/well004/metrics_curated.xlsx,True,True,True,True,True,True,True
CX138,260401,T003346,000033,well005,/mnt/benshalom-nas/analysis/Sadegh/CX138/CX138/260401/T003346/Network/000033/well005,CX138|260401|T003346|000033|well005,/mnt/benshalom-nas/analysis/Sadegh/CX138/CX138/260401/T003346/Network/000033/well005/qm_unfiltered.xlsx,/mnt/benshalom-nas/analysis/Sadegh/CX138/CX138/260401/T003346/Network/000033/well005/network_results.json,/mnt/benshalom-nas/analysis/Sadegh/CX138/CX138/260401/T003346/Network/000033/well005/tm_curated.xlsx,/mnt/benshalom-nas/analysis/Sadegh/CX138/CX138/260401/T003346/Network/000033/well005/spike_times.npy,/mnt/benshalom-nas/analysis/Sadegh/CX138/CX138/260401/T003346/Network/000033/well005/tm_unfiltered.xlsx,/mnt/benshalom-nas/analysis/Sadegh/CX138/CX138/260401/T003346/Network/000033/well005/rejection_log.xlsx,/mnt/benshalom-nas/analysis/Sadegh/CX138/CX138/260401/T003346/Network/000033/well005/metrics_curated.xlsx,True,True,True,True,True,True,True
CX138,260401,T003346,000033,well006,/mnt/benshalom-nas/analysis/Sadegh/CX138/CX138/260401/T003346/Network/000033/well006,CX138|260401|T003346|000033|well006,/mnt/benshalom-nas/analysis/Sadegh/CX138/CX138/260401/T003346/Network/000033/well006/qm_unfiltered.xlsx,/mnt/benshalom-nas/analysis/Sadegh/CX138/CX138/260401/T003346/Network/000033/well006/network_results.json,/mnt/benshalom-nas/analysis/Sadegh/CX138/CX138/260401/T003346/Network/000033/well006/tm_curated.xlsx,/mnt/benshalom-nas/analysis/Sadegh/CX138/CX138/260401/T003346/Network/000033/well006/spike_times.npy,/mnt/benshalom-nas/analysis/Sadegh/CX138/CX138/260401/T003346/Network/000033/well006/tm_unfiltered.xlsx,/mnt/benshalom-nas/analysis/Sadegh/CX138/CX138/260401/T003346/Network/000033/well006/rejection_log.xlsx,/mnt/benshalom-nas/analysis/Sadegh/CX138/CX138/260401/T003346/Network/000033/well006/metrics_curated.xlsx,True,True,True,True,True,True,True
CX138,260401,T003346,000033,well007,/mnt/benshalom-nas/analysis/Sadegh/CX138/CX138/260401/T003346/Network/000033/well007,CX138|260401|T003346|000033|well007,/mnt/benshalom-nas/analysis/Sadegh/CX138/CX138/260401/T003346/Network/000033/well007/qm_unfiltered.xlsx,/mnt/benshalom-nas/analysis/Sadegh/CX138/CX138/260401/T003346/Network/000033/well007/network_results.json,/mnt/benshalom-nas/analysis/Sadegh/CX138/CX138/260401/T003346/Network/000033/well007/tm_curated.xlsx,/mnt/benshalom-nas/analysis/Sadegh/CX138/CX138/260401/T003346/Network/000033/well007/spike_times.npy,/mnt/benshalom-nas/analysis/Sadegh/CX138/CX138/260401/T003346/Network/000033/well007/tm_unfiltered.xlsx,/mnt/benshalom-nas/analysis/Sadegh/CX138/CX138/260401/T003346/Network/000033/well007/rejection_log.xlsx,/mnt/benshalom-nas/analysis/Sadegh/CX138/CX138/260401/T003346/Network/000033/well007/metrics_curated.xlsx,True,True,True,True,True,True,True
CX138,260401,T003346,000033,well008,/mnt/benshalom-nas/analysis/Sadegh/CX138/CX138/260401/T003346/Network/000033/well008,CX138|260401|T003346|000033|well008,/mnt/benshalom-nas/analysis/Sadegh/CX138/CX138/260401/T003346/Network/000033/well008/qm_unfiltered.xlsx,/mnt/benshalom-nas/analysis/Sadegh/CX138/CX138/260401/T003346/Network/000033/well008/network_results.json,/mnt/benshalom-nas/analysis/Sadegh/CX138/CX138/260401/T003346/Network/000033/well008/tm_curated.xlsx,/mnt/benshalom-nas/analysis/Sadegh/CX138/CX138/260401/T003346/Network/000033/well008/spike_times.npy,/mnt/benshalom-nas/analysis/Sadegh/CX138/CX138/260401/T003346/Network/000033/well008/tm_unfiltered.xlsx,/mnt/benshalom-nas/analysis/Sadegh/CX138/CX138/260401/T003346/Network/000033/well008/rejection_log.xlsx,/mnt/benshalom-nas/analysis/Sadegh/CX138/CX138/260401/T003346/Network/000033/well008/metrics_curated.xlsx,True,True,True,True,True,True,True
CX138,260401,T003346,000033,well009,/mnt/benshalom-nas/analysis/Sadegh/CX138/CX138/260401/T003346/Network/000033/well009,CX138|260401|T003346|000033|well009,/mnt/benshalom-nas/analysis/Sadegh/CX138/CX138/260401/T003346/Network/000033/well009/qm_unfiltered.xlsx,/mnt/benshalom-nas/analysis/Sadegh/CX138/CX138/260401/T003346/Network/000033/well009/network_results.json,/mnt/benshalom-nas/analysis/Sadegh/CX138/CX138/260401/T003346/Network/000033/well009/tm_curated.xlsx,/mnt/benshalom-nas/analysis/Sadegh/CX138/CX138/260401/T003346/Network/000033/well009/spike_times.npy,/mnt/benshalom-nas/analysis/Sadegh/CX138/CX138/260401/T003346/Network/000033/well009/tm_unfiltered.xlsx,/mnt/benshalom-nas/analysis/Sadegh/CX138/CX138/260401/T003346/Network/000033/well009/rejection_log.xlsx,/mnt/benshalom-nas/analysis/Sadegh/CX138/CX138/260401/T003346/Network/000033/well009/metrics_curated.xlsx,True,True,True,True,True,True,True
CX138,260401,T003346,000033,well010,/mnt/benshalom-nas/analysis/Sadegh/CX138/CX138/260401/T003346/Network/000033/well010,CX138|260401|T003346|000033|well010,/mnt/benshalom-nas/analysis/Sadegh/CX138/CX138/260401/T003346/Network/000033/well010/qm_unfiltered.xlsx,/mnt/benshalom-nas/analysis/Sadegh/CX138/CX138/260401/T003346/Network/000033/well010/network_results.json,/mnt/benshalom-nas/analysis/Sadegh/CX138/CX138/260401/T003346/Network/000033/well010/tm_curated.xlsx,/mnt/benshalom-nas/analysis/Sadegh/CX138/CX138/260401/T003346/Network/000033/well010/spike_times.npy,/mnt/benshalom-nas/analysis/Sadegh/CX138/CX138/260401/T003346/Network/000033/well010/tm_unfiltered.xlsx,/mnt/benshalom-nas/analysis/Sadegh/CX138/CX138/260401/T003346/Network/000033/well010/rejection_log.xlsx,/mnt/benshalom-nas/analysis/Sadegh/CX138/CX138/260401/T003346/Network/000033/well010/metrics_curated.xlsx,True,True,True,True,True,True,True
CX138,260401,T003346,000033,well011,/mnt/benshalom-nas/analysis/Sadegh/CX138/CX138/260401/T003346/Network/000033/well011,CX138|260401|T003346|000033|well011,/mnt/benshalom-nas/analysis/Sadegh/CX138/CX138/260401/T003346/Network/000033/well011/qm_unfiltered.xlsx,/mnt/benshalom-nas/analysis/Sadegh/CX138/CX138/260401/T003346/Network/000033/well011/network_results.json,/mnt/benshalom-nas/analysis/Sadegh/CX138/CX138/260401/T003346/Network/000033/well011/tm_curated.xlsx,/mnt/benshalom-nas/analysis/Sadegh/CX138/CX138/260401/T003346/Network/000033/well011/spike_times.npy,/mnt/benshalom-nas/analysis/Sadegh/CX138/CX138/260401/T003346/Network/000033/well011/tm_unfiltered.xlsx,/mnt/benshalom-nas/analysis/Sadegh/CX138/CX138/260401/T003346/Network/000033/well011/rejection_log.xlsx,/mnt/benshalom-nas/analysis/Sadegh/CX138/CX138/260401/T003346/Network/000033/well011/metrics_curated.xlsx,True,True,True,True,True,True,True
CX138,260401,T003346,000033,well012,/mnt/benshalom-nas/analysis/Sadegh/CX138/CX138/260401/T003346/Network/000033/well012,CX138|260401|T003346|000033|well012,/mnt/benshalom-nas/analysis/Sadegh/CX138/CX138/260401/T003346/Network/000033/well012/qm_unfiltered.xlsx,/mnt/benshalom-nas/analysis/Sadegh/CX138/CX138/260401/T003346/Network/000033/well012/network_results.json,/mnt/benshalom-nas/analysis/Sadegh/CX138/CX138/260401/T003346/Network/000033/well012/tm_curated.xlsx,/mnt/benshalom-nas/analysis/Sadegh/CX138/CX138/260401/T003346/Network/000033/well012/spike_times.npy,/mnt/benshalom-nas/analysis/Sadegh/CX138/CX138/260401/T003346/Network/000033/well012/tm_unfiltered.xlsx,/mnt/benshalom-nas/analysis/Sadegh/CX138/CX138/260401/T003346/Network/000033/well012/rejection_log.xlsx,/mnt/benshalom-nas/analysis/Sadegh/CX138/CX138/260401/T003346/Network/000033/well012/metrics_curated.xlsx,True,True,True,True,True,True,True
CX138,260401,T003346,000033,well013,/mnt/benshalom-nas/analysis/Sadegh/CX138/CX138/260401/T003346/Network/000033/well013,CX138|260401|T003346|000033|well013,/mnt/benshalom-nas/analysis/Sadegh/CX138/CX138/260401/T003346/Network/000033/well013/qm_unfiltered.xlsx,/mnt/benshalom-nas/analysis/Sadegh/CX138/CX138/260401/T003346/Network/000033/well013/network_results.json,/mnt/benshalom-nas/analysis/Sadegh/CX138/CX138/260401/T003346/Network/000033/well013/tm_curated.xlsx,/mnt/benshalom-nas/analysis/Sadegh/CX138/CX138/260401/T003346/Network/000033/well013/spike_times.npy,/mnt/benshalom-nas/analysis/Sadegh/CX138/CX138/260401/T003346/Network/000033/well013/tm_unfiltered.xlsx,/mnt/benshalom-nas/analysis/Sadegh/CX138/CX138/260401/T003346/Network/000033/well013/rejection_log.xlsx,/mnt/benshalom-nas/analysis/Sadegh/CX138/CX138/260401/T003346/Network/000033/well013/metrics_curated.xlsx,True,True,True,True,True,True,True
CX138,260401,T003346,000033,well014,/mnt/benshalom-nas/analysis/Sadegh/CX138/CX138/260401/T003346/Network/000033/well014,CX138|260401|T003346|000033|well014,/mnt/benshalom-nas/analysis/Sadegh/CX138/CX138/260401/T003346/Network/000033/well014/qm_unfiltered.xlsx,/mnt/benshalom-nas/analysis/Sadegh/CX138/CX138/260401/T003346/Network/000033/well014/network_results.json,/mnt/benshalom-nas/analysis/Sadegh/CX138/CX138/260401/T003346/Network/000033/well014/tm_curated.xlsx,/mnt/benshalom-nas/analysis/Sadegh/CX138/CX138/260401/T003346/Network/000033/well014/spike_times.npy,/mnt/benshalom-nas/analysis/Sadegh/CX138/CX138/260401/T003346/Network/000033/well014/tm_unfiltered.xlsx,/mnt/benshalom-nas/analysis/Sadegh/CX138/CX138/260401/T003346/Network/000033/well014/rejection_log.xlsx,/mnt/benshalom-nas/analysis/Sadegh/CX138/CX138/260401/T003346/Network/000033/well014/metrics_curated.xlsx,True,True,True,True,True,True,True
CX138,260401,T003346,000033,well015,/mnt/benshalom-nas/analysis/Sadegh/CX138/CX138/260401/T003346/Network/000033/well015,CX138|260401|T003346|000033|well015,/mnt/benshalom-nas/analysis/Sadegh/CX138/CX138/260401/T003346/Network/000033/well015/qm_unfiltered.xlsx,/mnt/benshalom-nas/analysis/Sadegh/CX138/CX138/260401/T003346/Network/000033/well015/network_results.json,/mnt/benshalom-nas/analysis/Sadegh/CX138/CX138/260401/T003346/Network/000033/well015/tm_curated.xlsx,/mnt/benshalom-nas/analysis/Sadegh/CX138/CX138/260401/T003346/Network/000033/well015/spike_times.npy,/mnt/benshalom-nas/analysis/Sadegh/CX138/CX138/260401/T003346/Network/000033/well015/tm_unfiltered.xlsx,/mnt/benshalom-nas/analysis/Sadegh/CX138/CX138/260401/T003346/Network/000033/well015/rejection_log.xlsx,/mnt/benshalom-nas/analysis/Sadegh/CX138/CX138/260401/T003346/Network/000033/well015/metrics_curated.xlsx,True,True,True,True,True,True,True
CX138,260401,T003346,000033,well016,/mnt/benshalom-nas/analysis/Sadegh/CX138/CX138/260401/T003346/Network/000033/well016,CX138|260401|T003346|000033|well016,/mnt/benshalom-nas/analysis/Sadegh/CX138/CX138/260401/T003346/Network/000033/well016/qm_unfiltered.xlsx,/mnt/benshalom-nas/analysis/Sadegh/CX138/CX138/260401/T003346/Network/000033/well016/network_results.json,/mnt/benshalom-nas/analysis/Sadegh/CX138/CX138/260401/T003346/Network/000033/well016/tm_curated.xlsx,/mnt/benshalom-nas/analysis/Sadegh/CX138/CX138/260401/T003346/Network/000033/well016/spike_times.npy,/mnt/benshalom-nas/analysis/Sadegh/CX138/CX138/260401/T003346/Network/000033/well016/tm_unfiltered.xlsx,/mnt/benshalom-nas/analysis/Sadegh/CX138/CX138/260401/T003346/Network/000033/well016/rejection_log.xlsx,/mnt/benshalom-nas/analysis/Sadegh/CX138/CX138/260401/T003346/Network/000033/well016/metrics_curated.xlsx,True,True,True,True,True,True,True
CX138,260401,T003346,000033,well017,/mnt/benshalom-nas/analysis/Sadegh/CX138/CX138/260401/T003346/Network/000033/well017,CX138|260401|T003346|000033|well017,/mnt/benshalom-nas/analysis/Sadegh/CX138/CX138/260401/T003346/Network/000033/well017/qm_unfiltered.xlsx,/mnt/benshalom-nas/analysis/Sadegh/CX138/CX138/260401/T003346/Network/000033/well017/network_results.json,/mnt/benshalom-nas/analysis/Sadegh/CX138/CX138/260401/T003346/Network/000033/well017/tm_curated.xlsx,/mnt/benshalom-nas/analysis/Sadegh/CX138/CX138/260401/T003346/Network/000033/well017/spike_times.npy,/mnt/benshalom-nas/analysis/Sadegh/CX138/CX138/260401/T003346/Network/000033/well017/tm_unfiltered.xlsx,/mnt/benshalom-nas/analysis/Sadegh/CX138/CX138/260401/T003346/Network/000033/well017/rejection_log.xlsx,/mnt/benshalom-nas/analysis/Sadegh/CX138/CX138/260401/T003346/Network/000033/well017/metrics_curated.xlsx,True,True,True,True,True,True,True
CX138,260401,T003346,000033,well018,/mnt/benshalom-nas/analysis/Sadegh/CX138/CX138/260401/T003346/Network/000033/well018,CX138|260401|T003346|000033|well018,/mnt/benshalom-nas/analysis/Sadegh/CX138/CX138/260401/T003346/Network/000033/well018/qm_unfiltered.xlsx,/mnt/benshalom-nas/analysis/Sadegh/CX138/CX138/260401/T003346/Network/000033/well018/network_results.json,/mnt/benshalom-nas/analysis/Sadegh/CX138/CX138/260401/T003346/Network/000033/well018/tm_curated.xlsx,/mnt/benshalom-nas/analysis/Sadegh/CX138/CX138/260401/T003346/Network/000033/well018/spike_times.npy,/mnt/benshalom-nas/analysis/Sadegh/CX138/CX138/260401/T003346/Network/000033/well018/tm_unfiltered.xlsx,/mnt/benshalom-nas/analysis/Sadegh/CX138/CX138/260401/T003346/Network/000033/well018/rejection_log.xlsx,/mnt/benshalom-nas/analysis/Sadegh/CX138/CX138/260401/T003346/Network/000033/well018/metrics_curated.xlsx,True,True,True,True,True,True,True
CX138,260401,T003346,000033,well019,/mnt/benshalom-nas/analysis/Sadegh/CX138/CX138/260401/T003346/Network/000033/well019,CX138|260401|T003346|000033|well019,/mnt/benshalom-nas/analysis/Sadegh/CX138/CX138/260401/T003346/Network/000033/well019/qm_unfiltered.xlsx,/mnt/benshalom-nas/analysis/Sadegh/CX138/CX138/260401/T003346/Network/000033/well019/network_results.json,/mnt/benshalom-nas/analysis/Sadegh/CX138/CX138/260401/T003346/Network/000033/well019/tm_curated.xlsx,/mnt/benshalom-nas/analysis/Sadegh/CX138/CX138/260401/T003346/Network/000033/well019/spike_times.npy,/mnt/benshalom-nas/analysis/Sadegh/CX138/CX138/260401/T003346/Network/000033/well019/tm_unfiltered.xlsx,/mnt/benshalom-nas/analysis/Sadegh/CX138/CX138/260401/T003346/Network/000033/well019/rejection_log.xlsx,/mnt/benshalom-nas/analysis/Sadegh/CX138/CX138/260401/T003346/Network/000033/well019/metrics_curated.xlsx,True,True,True,True,True,True,True
CX138,260401,T003346,000033,well020,/mnt/benshalom-nas/analysis/Sadegh/CX138/CX138/260401/T003346/Network/000033/well020,CX138|260401|T003346|000033|well020,/mnt/benshalom-nas/analysis/Sadegh/CX138/CX138/260401/T003346/Network/000033/well020/qm_unfiltered.xlsx,/mnt/benshalom-nas/analysis/Sadegh/CX138/CX138/260401/T003346/Network/000033/well020/network_results.json,/mnt/benshalom-nas/analysis/Sadegh/CX138/CX138/260401/T003346/Network/000033/well020/tm_curated.xlsx,/mnt/benshalom-nas/analysis/Sadegh/CX138/CX138/260401/T003346/Network/000033/well020/spike_times.npy,/mnt/benshalom-nas/analysis/Sadegh/CX138/CX138/260401/T003346/Network/000033/well020/tm_unfiltered.xlsx,/mnt/benshalom-nas/analysis/Sadegh/CX138/CX138/260401/T003346/Network/000033/well020/rejection_log.xlsx,/mnt/benshalom-nas/analysis/Sadegh/CX138/CX138/260401/T003346/Network/000033/well020/metrics_curated.xlsx,True,True,True,True,True,True,True
CX138,260401,T003346,000033,well021,/mnt/benshalom-nas/analysis/Sadegh/CX138/CX138/260401/T003346/Network/000033/well021,CX138|260401|T003346|000033|well021,/mnt/benshalom-nas/analysis/Sadegh/CX138/CX138/260401/T003346/Network/000033/well021/qm_unfiltered.xlsx,/mnt/benshalom-nas/analysis/Sadegh/CX138/CX138/260401/T003346/Network/000033/well021/network_results.json,/mnt/benshalom-nas/analysis/Sadegh/CX138/CX138/260401/T003346/Network/000033/well021/tm_curated.xlsx,/mnt/benshalom-nas/analysis/Sadegh/CX138/CX138/260401/T003346/Network/000033/well021/spike_times.npy,/mnt/benshalom-nas/analysis/Sadegh/CX138/CX138/260401/T003346/Network/000033/well021/tm_unfiltered.xlsx,/mnt/benshalom-nas/analysis/Sadegh/CX138/CX138/260401/T003346/Network/000033/well021/rejection_log.xlsx,/mnt/benshalom-nas/analysis/Sadegh/CX138/CX138/260401/T003346/Network/000033/well021/metrics_curated.xlsx,True,True,True,True,True,True,True
CX138,260401,T003346,000033,well022,/mnt/benshalom-nas/analysis/Sadegh/CX138/CX138/260401/T003346/Network/000033/well022,CX138|260401|T003346|000033|well022,/mnt/benshalom-nas/analysis/Sadegh/CX138/CX138/260401/T003346/Network/000033/well022/qm_unfiltered.xlsx,/mnt/benshalom-nas/analysis/Sadegh/CX138/CX138/260401/T003346/Network/000033/well022/network_results.json,/mnt/benshalom-nas/analysis/Sadegh/CX138/CX138/260401/T003346/Network/000033/well022/tm_curated.xlsx,/mnt/benshalom-nas/analysis/Sadegh/CX138/CX138/260401/T003346/Network/000033/well022/spike_times.npy,/mnt/benshalom-nas/analysis/Sadegh/CX138/CX138/260401/T003346/Network/000033/well022/tm_unfiltered.xlsx,/mnt/benshalom-nas/analysis/Sadegh/CX138/CX138/260401/T003346/Network/000033/well022/rejection_log.xlsx,/mnt/benshalom-nas/analysis/Sadegh/CX138/CX138/260401/T003346/Network/000033/well022/metrics_curated.xlsx,True,True,True,True,True,True,True
CX138,260401,T003346,000033,well023,/mnt/benshalom-nas/analysis/Sadegh/CX138/CX138/260401/T003346/Network/000033/well023,CX138|260401|T003346|000033|well023,/mnt/benshalom-nas/analysis/Sadegh/CX138/CX138/260401/T003346/Network/000033/well023/qm_unfiltered.xlsx,/mnt/benshalom-nas/analysis/Sadegh/CX138/CX138/260401/T003346/Network/000033/well023/network_results.json,/mnt/benshalom-nas/analysis/Sadegh/CX138/CX138/260401/T003346/Network/000033/well023/tm_curated.xlsx,/mnt/benshalom-nas/analysis/Sadegh/CX138/CX138/260401/T003346/Network/000033/well023/spike_times.npy,/mnt/benshalom-nas/analysis/Sadegh/CX138/CX138/260401/T003346/Network/000033/well023/tm_unfiltered.xlsx,/mnt/benshalom-nas/analysis/Sadegh/CX138/CX138/260401/T003346/Network/000033/well023/rejection_log.xlsx,/mnt/benshalom-nas/analysis/Sadegh/CX138/CX138/260401/T003346/Network/000033/well023/metrics_curated.xlsx,True,True,True,True,True,True,True
CX138,260402,T003346,000035,well000,/mnt/benshalom-nas/analysis/Sadegh/CX138/CX138/260402/T003346/Network/000035/well000,CX138|260402|T003346|000035|well000,/mnt/benshalom-nas/analysis/Sadegh/CX138/CX138/260402/T003346/Network/000035/well000/qm_unfiltered.xlsx,/mnt/benshalom-nas/analysis/Sadegh/CX138/CX138/260402/T003346/Network/000035/well000/network_results.json,/mnt/benshalom-nas/analysis/Sadegh/CX138/CX138/260402/T003346/Network/000035/well000/tm_curated.xlsx,/mnt/benshalom-nas/analysis/Sadegh/CX138/CX138/260402/T003346/Network/000035/well000/spike_times.npy,/mnt/benshalom-nas/analysis/Sadegh/CX138/CX138/260402/T003346/Network/000035/well000/tm_unfiltered.xlsx,/mnt/benshalom-nas/analysis/Sadegh/CX138/CX138/260402/T003346/Network/000035/well000/rejection_log.xlsx,/mnt/benshalom-nas/analysis/Sadegh/CX138/CX138/260402/T003346/Network/000035/well000/metrics_curated.xlsx,True,True,True,True,True,True,True
CX138,260402,T003346,000035,well001,/mnt/benshalom-nas/analysis/Sadegh/CX138/CX138/260402/T003346/Network/000035/well001,CX138|260402|T003346|000035|well001,/mnt/benshalom-nas/analysis/Sadegh/CX138/CX138/260402/T003346/Network/000035/well001/qm_unfiltered.xlsx,/mnt/benshalom-nas/analysis/Sadegh/CX138/CX138/260402/T003346/Network/000035/well001/network_results.json,/mnt/benshalom-nas/analysis/Sadegh/CX138/CX138/260402/T003346/Network/000035/well001/tm_curated.xlsx,/mnt/benshalom-nas/analysis/Sadegh/CX138/CX138/260402/T003346/Network/000035/well001/spike_times.npy,/mnt/benshalom-nas/analysis/Sadegh/CX138/CX138/260402/T003346/Network/000035/well001/tm_unfiltered.xlsx,/mnt/benshalom-nas/analysis/Sadegh/CX138/CX138/260402/T003346/Network/000035/well001/rejection_log.xlsx,/mnt/benshalom-nas/analysis/Sadegh/CX138/CX138/260402/T003346/Network/000035/well001/metrics_curated.xlsx,True,True,True,True,True,True,True
CX138,260402,T003346,000035,well002,/mnt/benshalom-nas/analysis/Sadegh/CX138/CX138/260402/T003346/Network/000035/well002,CX138|260402|T003346|000035|well002,/mnt/benshalom-nas/analysis/Sadegh/CX138/CX138/260402/T003346/Network/000035/well002/qm_unfiltered.xlsx,/mnt/benshalom-nas/analysis/Sadegh/CX138/CX138/260402/T003346/Network/000035/well002/network_results.json,/mnt/benshalom-nas/analysis/Sadegh/CX138/CX138/260402/T003346/Network/000035/well002/tm_curated.xlsx,/mnt/benshalom-nas/analysis/Sadegh/CX138/CX138/260402/T003346/Network/000035/well002/spike_times.npy,/mnt/benshalom-nas/analysis/Sadegh/CX138/CX138/260402/T003346/Network/000035/well002/tm_unfiltered.xlsx,/mnt/benshalom-nas/analysis/Sadegh/CX138/CX138/260402/T003346/Network/000035/well002/rejection_log.xlsx,/mnt/benshalom-nas/analysis/Sadegh/CX138/CX138/260402/T003346/Network/000035/well002/metrics_curated.xlsx,True,True,True,True,True,True,True
CX138,260402,T003346,000035,well003,/mnt/benshalom-nas/analysis/Sadegh/CX138/CX138/260402/T003346/Network/000035/well003,CX138|260402|T003346|000035|well003,/mnt/benshalom-nas/analysis/Sadegh/CX138/CX138/260402/T003346/Network/000035/well003/qm_unfiltered.xlsx,/mnt/benshalom-nas/analysis/Sadegh/CX138/CX138/260402/T003346/Network/000035/well003/network_results.json,/mnt/benshalom-nas/analysis/Sadegh/CX138/CX138/260402/T003346/Network/000035/well003/tm_curated.xlsx,/mnt/benshalom-nas/analysis/Sadegh/CX138/CX138/260402/T003346/Network/000035/well003/spike_times.npy,/mnt/benshalom-nas/analysis/Sadegh/CX138/CX138/260402/T003346/Network/000035/well003/tm_unfiltered.xlsx,/mnt/benshalom-nas/analysis/Sadegh/CX138/CX138/260402/T003346/Network/000035/well003/rejection_log.xlsx,/mnt/benshalom-nas/analysis/Sadegh/CX138/CX138/260402/T003346/Network/000035/well003/metrics_curated.xlsx,True,True,True,True,True,True,True
CX138,260402,T003346,000035,well004,/mnt/benshalom-nas/analysis/Sadegh/CX138/CX138/260402/T003346/Network/000035/well004,CX138|260402|T003346|000035|well004,/mnt/benshalom-nas/analysis/Sadegh/CX138/CX138/260402/T003346/Network/000035/well004/qm_unfiltered.xlsx,/mnt/benshalom-nas/analysis/Sadegh/CX138/CX138/260402/T003346/Network/000035/well004/network_results.json,/mnt/benshalom-nas/analysis/Sadegh/CX138/CX138/260402/T003346/Network/000035/well004/tm_curated.xlsx,/mnt/benshalom-nas/analysis/Sadegh/CX138/CX138/260402/T003346/Network/000035/well004/spike_times.npy,/mnt/benshalom-nas/analysis/Sadegh/CX138/CX138/260402/T003346/Network/000035/well004/tm_unfiltered.xlsx,/mnt/benshalom-nas/analysis/Sadegh/CX138/CX138/260402/T003346/Network/000035/well004/rejection_log.xlsx,/mnt/benshalom-nas/analysis/Sadegh/CX138/CX138/260402/T003346/Network/000035/well004/metrics_curated.xlsx,True,True,True,True,True,True,True
CX138,260402,T003346,000035,well005,/mnt/benshalom-nas/analysis/Sadegh/CX138/CX138/260402/T003346/Network/000035/well005,CX138|260402|T003346|000035|well005,/mnt/benshalom-nas/analysis/Sadegh/CX138/CX138/260402/T003346/Network/000035/well005/qm_unfiltered.xlsx,/mnt/benshalom-nas/analysis/Sadegh/CX138/CX138/260402/T003346/Network/000035/well005/network_results.json,/mnt/benshalom-nas/analysis/Sadegh/CX138/CX138/260402/T003346/Network/000035/well005/tm_curated.xlsx,/mnt/benshalom-nas/analysis/Sadegh/CX138/CX138/260402/T003346/Network/000035/well005/spike_times.npy,/mnt/benshalom-nas/analysis/Sadegh/CX138/CX138/260402/T003346/Network/000035/well005/tm_unfiltered.xlsx,/mnt/benshalom-nas/analysis/Sadegh/CX138/CX138/260402/T003346/Network/000035/well005/rejection_log.xlsx,/mnt/benshalom-nas/analysis/Sadegh/CX138/CX138/260402/T003346/Network/000035/well005/metrics_curated.xlsx,True,True,True,True,True,True,True
CX138,260402,T003346,000035,well006,/mnt/benshalom-nas/analysis/Sadegh/CX138/CX138/260402/T003346/Network/000035/well006,CX138|260402|T003346|000035|well006,/mnt/benshalom-nas/analysis/Sadegh/CX138/CX138/260402/T003346/Network/000035/well006/qm_unfiltered.xlsx,/mnt/benshalom-nas/analysis/Sadegh/CX138/CX138/260402/T003346/Network/000035/well006/network_results.json,/mnt/benshalom-nas/analysis/Sadegh/CX138/CX138/260402/T003346/Network/000035/well006/tm_curated.xlsx,/mnt/benshalom-nas/analysis/Sadegh/CX138/CX138/260402/T003346/Network/000035/well006/spike_times.npy,/mnt/benshalom-nas/analysis/Sadegh/CX138/CX138/260402/T003346/Network/000035/well006/tm_unfiltered.xlsx,/mnt/benshalom-nas/analysis/Sadegh/CX138/CX138/260402/T003346/Network/000035/well006/rejection_log.xlsx,/mnt/benshalom-nas/analysis/Sadegh/CX138/CX138/260402/T003346/Network/000035/well006/metrics_curated.xlsx,True,True,True,True,True,True,True
CX138,260402,T003346,000035,well007,/mnt/benshalom-nas/analysis/Sadegh/CX138/CX138/260402/T003346/Network/000035/well007,CX138|260402|T003346|000035|well007,/mnt/benshalom-nas/analysis/Sadegh/CX138/CX138/260402/T003346/Network/000035/well007/qm_unfiltered.xlsx,/mnt/benshalom-nas/analysis/Sadegh/CX138/CX138/260402/T003346/Network/000035/well007/network_results.json,/mnt/benshalom-nas/analysis/Sadegh/CX138/CX138/260402/T003346/Network/000035/well007/tm_curated.xlsx,/mnt/benshalom-nas/analysis/Sadegh/CX138/CX138/260402/T003346/Network/000035/well007/spike_times.npy,/mnt/benshalom-nas/analysis/Sadegh/CX138/CX138/260402/T003346/Network/000035/well007/tm_unfiltered.xlsx,/mnt/benshalom-nas/analysis/Sadegh/CX138/CX138/260402/T003346/Network/000035/well007/rejection_log.xlsx,/mnt/benshalom-nas/analysis/Sadegh/CX138/CX138/260402/T003346/Network/000035/well007/metrics_curated.xlsx,True,True,True,True,True,True,True
CX138,260402,T003346,000035,well008,/mnt/benshalom-nas/analysis/Sadegh/CX138/CX138/260402/T003346/Network/000035/well008,CX138|260402|T003346|000035|well008,/mnt/benshalom-nas/analysis/Sadegh/CX138/CX138/260402/T003346/Network/000035/well008/qm_unfiltered.xlsx,/mnt/benshalom-nas/analysis/Sadegh/CX138/CX138/260402/T003346/Network/000035/well008/network_results.json,/mnt/benshalom-nas/analysis/Sadegh/CX138/CX138/260402/T003346/Network/000035/well008/tm_curated.xlsx,/mnt/benshalom-nas/analysis/Sadegh/CX138/CX138/260402/T003346/Network/000035/well008/spike_times.npy,/mnt/benshalom-nas/analysis/Sadegh/CX138/CX138/260402/T003346/Network/000035/well008/tm_unfiltered.xlsx,/mnt/benshalom-nas/analysis/Sadegh/CX138/CX138/260402/T003346/Network/000035/well008/rejection_log.xlsx,/mnt/benshalom-nas/analysis/Sadegh/CX138/CX138/260402/T003346/Network/000035/well008/metrics_curated.xlsx,True,True,True,True,True,True,True
CX138,260402,T003346,000035,well009,/mnt/benshalom-nas/analysis/Sadegh/CX138/CX138/260402/T003346/Network/000035/well009,CX138|260402|T003346|000035|well009,/mnt/benshalom-nas/analysis/Sadegh/CX138/CX138/260402/T003346/Network/000035/well009/qm_unfiltered.xlsx,/mnt/benshalom-nas/analysis/Sadegh/CX138/CX138/260402/T003346/Network/000035/well009/network_results.json,/mnt/benshalom-nas/analysis/Sadegh/CX138/CX138/260402/T003346/Network/000035/well009/tm_curated.xlsx,/mnt/benshalom-nas/analysis/Sadegh/CX138/CX138/260402/T003346/Network/000035/well009/spike_times.npy,/mnt/benshalom-nas/analysis/Sadegh/CX138/CX138/260402/T003346/Network/000035/well009/tm_unfiltered.xlsx,/mnt/benshalom-nas/analysis/Sadegh/CX138/CX138/260402/T003346/Network/000035/well009/rejection_log.xlsx,/mnt/benshalom-nas/analysis/Sadegh/CX138/CX138/260402/T003346/Network/000035/well009/metrics_curated.xlsx,True,True,True,True,True,True,True
CX138,260402,T003346,000035,well010,/mnt/benshalom-nas/analysis/Sadegh/CX138/CX138/260402/T003346/Network/000035/well010,CX138|260402|T003346|000035|well010,/mnt/benshalom-nas/analysis/Sadegh/CX138/CX138/260402/T003346/Network/000035/well010/qm_unfiltered.xlsx,/mnt/benshalom-nas/analysis/Sadegh/CX138/CX138/260402/T003346/Network/000035/well010/network_results.json,/mnt/benshalom-nas/analysis/Sadegh/CX138/CX138/260402/T003346/Network/000035/well010/tm_curated.xlsx,/mnt/benshalom-nas/analysis/Sadegh/CX138/CX138/260402/T003346/Network/000035/well010/spike_times.npy,/mnt/benshalom-nas/analysis/Sadegh/CX138/CX138/260402/T003346/Network/000035/well010/tm_unfiltered.xlsx,/mnt/benshalom-nas/analysis/Sadegh/CX138/CX138/260402/T003346/Network/000035/well010/rejection_log.xlsx,/mnt/benshalom-nas/analysis/Sadegh/CX138/CX138/260402/T003346/Network/000035/well010/metrics_curated.xlsx,True,True,True,True,True,True,True
CX138,260402,T003346,000035,well011,/mnt/benshalom-nas/analysis/Sadegh/CX138/CX138/260402/T003346/Network/000035/well011,CX138|260402|T003346|000035|well011,/mnt/benshalom-nas/analysis/Sadegh/CX138/CX138/260402/T003346/Network/000035/well011/qm_unfiltered.xlsx,/mnt/benshalom-nas/analysis/Sadegh/CX138/CX138/260402/T003346/Network/000035/well011/network_results.json,/mnt/benshalom-nas/analysis/Sadegh/CX138/CX138/260402/T003346/Network/000035/well011/tm_curated.xlsx,/mnt/benshalom-nas/analysis/Sadegh/CX138/CX138/260402/T003346/Network/000035/well011/spike_times.npy,/mnt/benshalom-nas/analysis/Sadegh/CX138/CX138/260402/T003346/Network/000035/well011/tm_unfiltered.xlsx,/mnt/benshalom-nas/analysis/Sadegh/CX138/CX138/260402/T003346/Network/000035/well011/rejection_log.xlsx,/mnt/benshalom-nas/analysis/Sadegh/CX138/CX138/260402/T003346/Network/000035/well011/metrics_curated.xlsx,True,True,True,True,True,True,True
CX138,260402,T003346,000035,well012,/mnt/benshalom-nas/analysis/Sadegh/CX138/CX138/260402/T003346/Network/000035/well012,CX138|260402|T003346|000035|well012,/mnt/benshalom-nas/analysis/Sadegh/CX138/CX138/260402/T003346/Network/000035/well012/qm_unfiltered.xlsx,/mnt/benshalom-nas/analysis/Sadegh/CX138/CX138/260402/T003346/Network/000035/well012/network_results.json,/mnt/benshalom-nas/analysis/Sadegh/CX138/CX138/260402/T003346/Network/000035/well012/tm_curated.xlsx,/mnt/benshalom-nas/analysis/Sadegh/CX138/CX138/260402/T003346/Network/000035/well012/spike_times.npy,/mnt/benshalom-nas/analysis/Sadegh/CX138/CX138/260402/T003346/Network/000035/well012/tm_unfiltered.xlsx,/mnt/benshalom-nas/analysis/Sadegh/CX138/CX138/260402/T003346/Network/000035/well012/rejection_log.xlsx,/mnt/benshalom-nas/analysis/Sadegh/CX138/CX138/260402/T003346/Network/000035/well012/metrics_curated.xlsx,True,True,True,True,True,True,True
CX138,260402,T003346,000035,well013,/mnt/benshalom-nas/analysis/Sadegh/CX138/CX138/260402/T003346/Network/000035/well013,CX138|260402|T003346|000035|well013,/mnt/benshalom-nas/analysis/Sadegh/CX138/CX138/260402/T003346/Network/000035/well013/qm_unfiltered.xlsx,/mnt/benshalom-nas/analysis/Sadegh/CX138/CX138/260402/T003346/Network/000035/well013/network_results.json,/mnt/benshalom-nas/analysis/Sadegh/CX138/CX138/260402/T003346/Network/000035/well013/tm_curated.xlsx,/mnt/benshalom-nas/analysis/Sadegh/CX138/CX138/260402/T003346/Network/000035/well013/spike_times.npy,/mnt/benshalom-nas/analysis/Sadegh/CX138/CX138/260402/T003346/Network/000035/well013/tm_unfiltered.xlsx,/mnt/benshalom-nas/analysis/Sadegh/CX138/CX138/260402/T003346/Network/000035/well013/rejection_log.xlsx,/mnt/benshalom-nas/analysis/Sadegh/CX138/CX138/260402/T003346/Network/000035/well013/metrics_curated.xlsx,True,True,True,True,True,True,True
CX138,260402,T003346,000035,well014,/mnt/benshalom-nas/analysis/Sadegh/CX138/CX138/260402/T003346/Network/000035/well014,CX138|260402|T003346|000035|well014,/mnt/benshalom-nas/analysis/Sadegh/CX138/CX138/260402/T003346/Network/000035/well014/qm_unfiltered.xlsx,/mnt/benshalom-nas/analysis/Sadegh/CX138/CX138/260402/T003346/Network/000035/well014/network_results.json,/mnt/benshalom-nas/analysis/Sadegh/CX138/CX138/260402/T003346/Network/000035/well014/tm_curated.xlsx,/mnt/benshalom-nas/analysis/Sadegh/CX138/CX138/260402/T003346/Network/000035/well014/spike_times.npy,/mnt/benshalom-nas/analysis/Sadegh/CX138/CX138/260402/T003346/Network/000035/well014/tm_unfiltered.xlsx,/mnt/benshalom-nas/analysis/Sadegh/CX138/CX138/260402/T003346/Network/000035/well014/rejection_log.xlsx,/mnt/benshalom-nas/analysis/Sadegh/CX138/CX138/260402/T003346/Network/000035/well014/metrics_curated.xlsx,True,True,True,True,True,True,True
CX138,260402,T003346,000035,well015,/mnt/benshalom-nas/analysis/Sadegh/CX138/CX138/260402/T003346/Network/000035/well015,CX138|260402|T003346|000035|well015,/mnt/benshalom-nas/analysis/Sadegh/CX138/CX138/260402/T003346/Network/000035/well015/qm_unfiltered.xlsx,/mnt/benshalom-nas/analysis/Sadegh/CX138/CX138/260402/T003346/Network/000035/well015/network_results.json,/mnt/benshalom-nas/analysis/Sadegh/CX138/CX138/260402/T003346/Network/000035/well015/tm_curated.xlsx,/mnt/benshalom-nas/analysis/Sadegh/CX138/CX138/260402/T003346/Network/000035/well015/spike_times.npy,/mnt/benshalom-nas/analysis/Sadegh/CX138/CX138/260402/T003346/Network/000035/well015/tm_unfiltered.xlsx,/mnt/benshalom-nas/analysis/Sadegh/CX138/CX138/260402/T003346/Network/000035/well015/rejection_log.xlsx,/mnt/benshalom-nas/analysis/Sadegh/CX138/CX138/260402/T003346/Network/000035/well015/metrics_curated.xlsx,True,True,True,True,True,True,True
CX138,260402,T003346,000035,well016,/mnt/benshalom-nas/analysis/Sadegh/CX138/CX138/260402/T003346/Network/000035/well016,CX138|260402|T003346|000035|well016,/mnt/benshalom-nas/analysis/Sadegh/CX138/CX138/260402/T003346/Network/000035/well016/qm_unfiltered.xlsx,/mnt/benshalom-nas/analysis/Sadegh/CX138/CX138/260402/T003346/Network/000035/well016/network_results.json,/mnt/benshalom-nas/analysis/Sadegh/CX138/CX138/260402/T003346/Network/000035/well016/tm_curated.xlsx,/mnt/benshalom-nas/analysis/Sadegh/CX138/CX138/260402/T003346/Network/000035/well016/spike_times.npy,/mnt/benshalom-nas/analysis/Sadegh/CX138/CX138/260402/T003346/Network/000035/well016/tm_unfiltered.xlsx,/mnt/benshalom-nas/analysis/Sadegh/CX138/CX138/260402/T003346/Network/000035/well016/rejection_log.xlsx,/mnt/benshalom-nas/analysis/Sadegh/CX138/CX138/260402/T003346/Network/000035/well016/metrics_curated.xlsx,True,True,True,True,True,True,True
CX138,260402,T003346,000035,well017,/mnt/benshalom-nas/analysis/Sadegh/CX138/CX138/260402/T003346/Network/000035/well017,CX138|260402|T003346|000035|well017,/mnt/benshalom-nas/analysis/Sadegh/CX138/CX138/260402/T003346/Network/000035/well017/qm_unfiltered.xlsx,/mnt/benshalom-nas/analysis/Sadegh/CX138/CX138/260402/T003346/Network/000035/well017/network_results.json,/mnt/benshalom-nas/analysis/Sadegh/CX138/CX138/260402/T003346/Network/000035/well017/tm_curated.xlsx,/mnt/benshalom-nas/analysis/Sadegh/CX138/CX138/260402/T003346/Network/000035/well017/spike_times.npy,/mnt/benshalom-nas/analysis/Sadegh/CX138/CX138/260402/T003346/Network/000035/well017/tm_unfiltered.xlsx,/mnt/benshalom-nas/analysis/Sadegh/CX138/CX138/260402/T003346/Network/000035/well017/rejection_log.xlsx,/mnt/benshalom-nas/analysis/Sadegh/CX138/CX138/260402/T003346/Network/000035/well017/metrics_curated.xlsx,True,True,True,True,True,True,True
CX138,260402,T003346,000035,well018,/mnt/benshalom-nas/analysis/Sadegh/CX138/CX138/260402/T003346/Network/000035/well018,CX138|260402|T003346|000035|well018,/mnt/benshalom-nas/analysis/Sadegh/CX138/CX138/260402/T003346/Network/000035/well018/qm_unfiltered.xlsx,/mnt/benshalom-nas/analysis/Sadegh/CX138/CX138/260402/T003346/Network/000035/well018/network_results.json,/mnt/benshalom-nas/analysis/Sadegh/CX138/CX138/260402/T003346/Network/000035/well018/tm_curated.xlsx,/mnt/benshalom-nas/analysis/Sadegh/CX138/CX138/260402/T003346/Network/000035/well018/spike_times.npy,/mnt/benshalom-nas/analysis/Sadegh/CX138/CX138/260402/T003346/Network/000035/well018/tm_unfiltered.xlsx,/mnt/benshalom-nas/analysis/Sadegh/CX138/CX138/260402/T003346/Network/000035/well018/rejection_log.xlsx,/mnt/benshalom-nas/analysis/Sadegh/CX138/CX138/260402/T003346/Network/000035/well018/metrics_curated.xlsx,True,True,True,True,True,True,True
CX138,260402,T003346,000035,well019,/mnt/benshalom-nas/analysis/Sadegh/CX138/CX138/260402/T003346/Network/000035/well019,CX138|260402|T003346|000035|well019,/mnt/benshalom-nas/analysis/Sadegh/CX138/CX138/260402/T003346/Network/000035/well019/qm_unfiltered.xlsx,/mnt/benshalom-nas/analysis/Sadegh/CX138/CX138/260402/T003346/Network/000035/well019/network_results.json,/mnt/benshalom-nas/analysis/Sadegh/CX138/CX138/260402/T003346/Network/000035/well019/tm_curated.xlsx,/mnt/benshalom-nas/analysis/Sadegh/CX138/CX138/260402/T003346/Network/000035/well019/spike_times.npy,/mnt/benshalom-nas/analysis/Sadegh/CX138/CX138/260402/T003346/Network/000035/well019/tm_unfiltered.xlsx,/mnt/benshalom-nas/analysis/Sadegh/CX138/CX138/260402/T003346/Network/000035/well019/rejection_log.xlsx,/mnt/benshalom-nas/analysis/Sadegh/CX138/CX138/260402/T003346/Network/000035/well019/metrics_curated.xlsx,True,True,True,True,True,True,True
CX138,260402,T003346,000035,well020,/mnt/benshalom-nas/analysis/Sadegh/CX138/CX138/260402/T003346/Network/000035/well020,CX138|260402|T003346|000035|well020,/mnt/benshalom-nas/analysis/Sadegh/CX138/CX138/260402/T003346/Network/000035/well020/qm_unfiltered.xlsx,/mnt/benshalom-nas/analysis/Sadegh/CX138/CX138/260402/T003346/Network/000035/well020/network_results.json,/mnt/benshalom-nas/analysis/Sadegh/CX138/CX138/260402/T003346/Network/000035/well020/tm_curated.xlsx,/mnt/benshalom-nas/analysis/Sadegh/CX138/CX138/260402/T003346/Network/000035/well020/spike_times.npy,/mnt/benshalom-nas/analysis/Sadegh/CX138/CX138/260402/T003346/Network/000035/well020/tm_unfiltered.xlsx,/mnt/benshalom-nas/analysis/Sadegh/CX138/CX138/260402/T003346/Network/000035/well020/rejection_log.xlsx,/mnt/benshalom-nas/analysis/Sadegh/CX138/CX138/260402/T003346/Network/000035/well020/metrics_curated.xlsx,True,True,True,True,True,True,True
CX138,260402,T003346,000035,well021,/mnt/benshalom-nas/analysis/Sadegh/CX138/CX138/260402/T003346/Network/000035/well021,CX138|260402|T003346|000035|well021,/mnt/benshalom-nas/analysis/Sadegh/CX138/CX138/260402/T003346/Network/000035/well021/qm_unfiltered.xlsx,/mnt/benshalom-nas/analysis/Sadegh/CX138/CX138/260402/T003346/Network/000035/well021/network_results.json,/mnt/benshalom-nas/analysis/Sadegh/CX138/CX138/260402/T003346/Network/000035/well021/tm_curated.xlsx,/mnt/benshalom-nas/analysis/Sadegh/CX138/CX138/260402/T003346/Network/000035/well021/spike_times.npy,/mnt/benshalom-nas/analysis/Sadegh/CX138/CX138/260402/T003346/Network/000035/well021/tm_unfiltered.xlsx,/mnt/benshalom-nas/analysis/Sadegh/CX138/CX138/260402/T003346/Network/000035/well021/rejection_log.xlsx,/mnt/benshalom-nas/analysis/Sadegh/CX138/CX138/260402/T003346/Network/000035/well021/metrics_curated.xlsx,True,True,True,True,True,True,True
CX138,260402,T003346,000035,well022,/mnt/benshalom-nas/analysis/Sadegh/CX138/CX138/260402/T003346/Network/000035/well022,CX138|260402|T003346|000035|well022,/mnt/benshalom-nas/analysis/Sadegh/CX138/CX138/260402/T003346/Network/000035/well022/qm_unfiltered.xlsx,/mnt/benshalom-nas/analysis/Sadegh/CX138/CX138/260402/T003346/Network/000035/well022/network_results.json,/mnt/benshalom-nas/analysis/Sadegh/CX138/CX138/260402/T003346/Network/000035/well022/tm_curated.xlsx,/mnt/benshalom-nas/analysis/Sadegh/CX138/CX138/260402/T003346/Network/000035/well022/spike_times.npy,/mnt/benshalom-nas/analysis/Sadegh/CX138/CX138/260402/T003346/Network/000035/well022/tm_unfiltered.xlsx,/mnt/benshalom-nas/analysis/Sadegh/CX138/CX138/260402/T003346/Network/000035/well022/rejection_log.xlsx,/mnt/benshalom-nas/analysis/Sadegh/CX138/CX138/260402/T003346/Network/000035/well022/metrics_curated.xlsx,True,True,True,True,True,True,True
CX138,260402,T003346,000035,well023,/mnt/benshalom-nas/analysis/Sadegh/CX138/CX138/260402/T003346/Network/000035/well023,CX138|260402|T003346|000035|well023,/mnt/benshalom-nas/analysis/Sadegh/CX138/CX138/260402/T003346/Network/000035/well023/qm_unfiltered.xlsx,/mnt/benshalom-nas/analysis/Sadegh/CX138/CX138/260402/T003346/Network/000035/well023/network_results.json,/mnt/benshalom-nas/analysis/Sadegh/CX138/CX138/260402/T003346/Network/000035/well023/tm_curated.xlsx,/mnt/benshalom-nas/analysis/Sadegh/CX138/CX138/260402/T003346/Network/000035/well023/spike_times.npy,/mnt/benshalom-nas/analysis/Sadegh/CX138/CX138/260402/T003346/Network/000035/well023/tm_unfiltered.xlsx,/mnt/benshalom-nas/analysis/Sadegh/CX138/CX138/260402/T003346/Network/000035/well023/rejection_log.xlsx,/mnt/benshalom-nas/analysis/Sadegh/CX138/CX138/260402/T003346/Network/000035/well023/metrics_curated.xlsx,True,True,True,True,True,True,True
CX138,260402,T003346,000036,well000,/mnt/benshalom-nas/analysis/Sadegh/CX138/CX138/260402/T003346/Network/000036/well000,CX138|260402|T003346|000036|well000,/mnt/benshalom-nas/analysis/Sadegh/CX138/CX138/260402/T003346/Network/000036/well000/qm_unfiltered.xlsx,/mnt/benshalom-nas/analysis/Sadegh/CX138/CX138/260402/T003346/Network/000036/well000/network_results.json,/mnt/benshalom-nas/analysis/Sadegh/CX138/CX138/260402/T003346/Network/000036/well000/tm_curated.xlsx,/mnt/benshalom-nas/analysis/Sadegh/CX138/CX138/260402/T003346/Network/000036/well000/spike_times.npy,/mnt/benshalom-nas/analysis/Sadegh/CX138/CX138/260402/T003346/Network/000036/well000/tm_unfiltered.xlsx,/mnt/benshalom-nas/analysis/Sadegh/CX138/CX138/260402/T003346/Network/000036/well000/rejection_log.xlsx,/mnt/benshalom-nas/analysis/Sadegh/CX138/CX138/260402/T003346/Network/000036/well000/metrics_curated.xlsx,True,True,True,True,True,True,True
CX138,260402,T003346,000036,well001,/mnt/benshalom-nas/analysis/Sadegh/CX138/CX138/260402/T003346/Network/000036/well001,CX138|260402|T003346|000036|well001,/mnt/benshalom-nas/analysis/Sadegh/CX138/CX138/260402/T003346/Network/000036/well001/qm_unfiltered.xlsx,/mnt/benshalom-nas/analysis/Sadegh/CX138/CX138/260402/T003346/Network/000036/well001/network_results.json,/mnt/benshalom-nas/analysis/Sadegh/CX138/CX138/260402/T003346/Network/000036/well001/tm_curated.xlsx,/mnt/benshalom-nas/analysis/Sadegh/CX138/CX138/260402/T003346/Network/000036/well001/spike_times.npy,/mnt/benshalom-nas/analysis/Sadegh/CX138/CX138/260402/T003346/Network/000036/well001/tm_unfiltered.xlsx,/mnt/benshalom-nas/analysis/Sadegh/CX138/CX138/260402/T003346/Network/000036/well001/rejection_log.xlsx,/mnt/benshalom-nas/analysis/Sadegh/CX138/CX138/260402/T003346/Network/000036/well001/metrics_curated.xlsx,True,True,True,True,True,True,True
CX138,260402,T003346,000036,well002,/mnt/benshalom-nas/analysis/Sadegh/CX138/CX138/260402/T003346/Network/000036/well002,CX138|260402|T003346|000036|well002,/mnt/benshalom-nas/analysis/Sadegh/CX138/CX138/260402/T003346/Network/000036/well002/qm_unfiltered.xlsx,/mnt/benshalom-nas/analysis/Sadegh/CX138/CX138/260402/T003346/Network/000036/well002/network_results.json,/mnt/benshalom-nas/analysis/Sadegh/CX138/CX138/260402/T003346/Network/000036/well002/tm_curated.xlsx,/mnt/benshalom-nas/analysis/Sadegh/CX138/CX138/260402/T003346/Network/000036/well002/spike_times.npy,/mnt/benshalom-nas/analysis/Sadegh/CX138/CX138/260402/T003346/Network/000036/well002/tm_unfiltered.xlsx,/mnt/benshalom-nas/analysis/Sadegh/CX138/CX138/260402/T003346/Network/000036/well002/rejection_log.xlsx,/mnt/benshalom-nas/analysis/Sadegh/CX138/CX138/260402/T003346/Network/000036/well002/metrics_curated.xlsx,True,True,True,True,True,True,True
CX138,260402,T003346,000036,well003,/mnt/benshalom-nas/analysis/Sadegh/CX138/CX138/260402/T003346/Network/000036/well003,CX138|260402|T003346|000036|well003,/mnt/benshalom-nas/analysis/Sadegh/CX138/CX138/260402/T003346/Network/000036/well003/qm_unfiltered.xlsx,/mnt/benshalom-nas/analysis/Sadegh/CX138/CX138/260402/T003346/Network/000036/well003/network_results.json,/mnt/benshalom-nas/analysis/Sadegh/CX138/CX138/260402/T003346/Network/000036/well003/tm_curated.xlsx,/mnt/benshalom-nas/analysis/Sadegh/CX138/CX138/260402/T003346/Network/000036/well003/spike_times.npy,/mnt/benshalom-nas/analysis/Sadegh/CX138/CX138/260402/T003346/Network/000036/well003/tm_unfiltered.xlsx,/mnt/benshalom-nas/analysis/Sadegh/CX138/CX138/260402/T003346/Network/000036/well003/rejection_log.xlsx,/mnt/benshalom-nas/analysis/Sadegh/CX138/CX138/260402/T003346/Network/000036/well003/metrics_curated.xlsx,True,True,True,True,True,True,True
CX138,260402,T003346,000036,well004,/mnt/benshalom-nas/analysis/Sadegh/CX138/CX138/260402/T003346/Network/000036/well004,CX138|260402|T003346|000036|well004,/mnt/benshalom-nas/analysis/Sadegh/CX138/CX138/260402/T003346/Network/000036/well004/qm_unfiltered.xlsx,/mnt/benshalom-nas/analysis/Sadegh/CX138/CX138/260402/T003346/Network/000036/well004/network_results.json,/mnt/benshalom-nas/analysis/Sadegh/CX138/CX138/260402/T003346/Network/000036/well004/tm_curated.xlsx,/mnt/benshalom-nas/analysis/Sadegh/CX138/CX138/260402/T003346/Network/000036/well004/spike_times.npy,/mnt/benshalom-nas/analysis/Sadegh/CX138/CX138/260402/T003346/Network/000036/well004/tm_unfiltered.xlsx,/mnt/benshalom-nas/analysis/Sadegh/CX138/CX138/260402/T003346/Network/000036/well004/rejection_log.xlsx,/mnt/benshalom-nas/analysis/Sadegh/CX138/CX138/260402/T003346/Network/000036/well004/metrics_curated.xlsx,True,True,True,True,True,True,True
CX138,260402,T003346,000036,well005,/mnt/benshalom-nas/analysis/Sadegh/CX138/CX138/260402/T003346/Network/000036/well005,CX138|260402|T003346|000036|well005,/mnt/benshalom-nas/analysis/Sadegh/CX138/CX138/260402/T003346/Network/000036/well005/qm_unfiltered.xlsx,/mnt/benshalom-nas/analysis/Sadegh/CX138/CX138/260402/T003346/Network/000036/well005/network_results.json,/mnt/benshalom-nas/analysis/Sadegh/CX138/CX138/260402/T003346/Network/000036/well005/tm_curated.xlsx,/mnt/benshalom-nas/analysis/Sadegh/CX138/CX138/260402/T003346/Network/000036/well005/spike_times.npy,/mnt/benshalom-nas/analysis/Sadegh/CX138/CX138/260402/T003346/Network/000036/well005/tm_unfiltered.xlsx,/mnt/benshalom-nas/analysis/Sadegh/CX138/CX138/260402/T003346/Network/000036/well005/rejection_log.xlsx,/mnt/benshalom-nas/analysis/Sadegh/CX138/CX138/260402/T003346/Network/000036/well005/metrics_curated.xlsx,True,True,True,True,True,True,True
CX138,260402,T003346,000036,well006,/mnt/benshalom-nas/analysis/Sadegh/CX138/CX138/260402/T003346/Network/000036/well006,CX138|260402|T003346|000036|well006,/mnt/benshalom-nas/analysis/Sadegh/CX138/CX138/260402/T003346/Network/000036/well006/qm_unfiltered.xlsx,/mnt/benshalom-nas/analysis/Sadegh/CX138/CX138/260402/T003346/Network/000036/well006/network_results.json,/mnt/benshalom-nas/analysis/Sadegh/CX138/CX138/260402/T003346/Network/000036/well006/tm_curated.xlsx,/mnt/benshalom-nas/analysis/Sadegh/CX138/CX138/260402/T003346/Network/000036/well006/spike_times.npy,/mnt/benshalom-nas/analysis/Sadegh/CX138/CX138/260402/T003346/Network/000036/well006/tm_unfiltered.xlsx,/mnt/benshalom-nas/analysis/Sadegh/CX138/CX138/260402/T003346/Network/000036/well006/rejection_log.xlsx,/mnt/benshalom-nas/analysis/Sadegh/CX138/CX138/260402/T003346/Network/000036/well006/metrics_curated.xlsx,True,True,True,True,True,True,True
CX138,260402,T003346,000036,well007,/mnt/benshalom-nas/analysis/Sadegh/CX138/CX138/260402/T003346/Network/000036/well007,CX138|260402|T003346|000036|well007,/mnt/benshalom-nas/analysis/Sadegh/CX138/CX138/260402/T003346/Network/000036/well007/qm_unfiltered.xlsx,/mnt/benshalom-nas/analysis/Sadegh/CX138/CX138/260402/T003346/Network/000036/well007/network_results.json,/mnt/benshalom-nas/analysis/Sadegh/CX138/CX138/260402/T003346/Network/000036/well007/tm_curated.xlsx,/mnt/benshalom-nas/analysis/Sadegh/CX138/CX138/260402/T003346/Network/000036/well007/spike_times.npy,/mnt/benshalom-nas/analysis/Sadegh/CX138/CX138/260402/T003346/Network/000036/well007/tm_unfiltered.xlsx,/mnt/benshalom-nas/analysis/Sadegh/CX138/CX138/260402/T003346/Network/000036/well007/rejection_log.xlsx,/mnt/benshalom-nas/analysis/Sadegh/CX138/CX138/260402/T003346/Network/000036/well007/metrics_curated.xlsx,True,True,True,True,True,True,True
CX138,260402,T003346,000036,well008,/mnt/benshalom-nas/analysis/Sadegh/CX138/CX138/260402/T003346/Network/000036/well008,CX138|260402|T003346|000036|well008,/mnt/benshalom-nas/analysis/Sadegh/CX138/CX138/260402/T003346/Network/000036/well008/qm_unfiltered.xlsx,/mnt/benshalom-nas/analysis/Sadegh/CX138/CX138/260402/T003346/Network/000036/well008/network_results.json,/mnt/benshalom-nas/analysis/Sadegh/CX138/CX138/260402/T003346/Network/000036/well008/tm_curated.xlsx,/mnt/benshalom-nas/analysis/Sadegh/CX138/CX138/260402/T003346/Network/000036/well008/spike_times.npy,/mnt/benshalom-nas/analysis/Sadegh/CX138/CX138/260402/T003346/Network/000036/well008/tm_unfiltered.xlsx,/mnt/benshalom-nas/analysis/Sadegh/CX138/CX138/260402/T003346/Network/000036/well008/rejection_log.xlsx,/mnt/benshalom-nas/analysis/Sadegh/CX138/CX138/260402/T003346/Network/000036/well008/metrics_curated.xlsx,True,True,True,True,True,True,True
CX138,260402,T003346,000036,well009,/mnt/benshalom-nas/analysis/Sadegh/CX138/CX138/260402/T003346/Network/000036/well009,CX138|260402|T003346|000036|well009,/mnt/benshalom-nas/analysis/Sadegh/CX138/CX138/260402/T003346/Network/000036/well009/qm_unfiltered.xlsx,/mnt/benshalom-nas/analysis/Sadegh/CX138/CX138/260402/T003346/Network/000036/well009/network_results.json,/mnt/benshalom-nas/analysis/Sadegh/CX138/CX138/260402/T003346/Network/000036/well009/tm_curated.xlsx,/mnt/benshalom-nas/analysis/Sadegh/CX138/CX138/260402/T003346/Network/000036/well009/spike_times.npy,/mnt/benshalom-nas/analysis/Sadegh/CX138/CX138/260402/T003346/Network/000036/well009/tm_unfiltered.xlsx,/mnt/benshalom-nas/analysis/Sadegh/CX138/CX138/260402/T003346/Network/000036/well009/rejection_log.xlsx,/mnt/benshalom-nas/analysis/Sadegh/CX138/CX138/260402/T003346/Network/000036/well009/metrics_curated.xlsx,True,True,True,True,True,True,True
CX138,260402,T003346,000036,well010,/mnt/benshalom-nas/analysis/Sadegh/CX138/CX138/260402/T003346/Network/000036/well010,CX138|260402|T003346|000036|well010,/mnt/benshalom-nas/analysis/Sadegh/CX138/CX138/260402/T003346/Network/000036/well010/qm_unfiltered.xlsx,/mnt/benshalom-nas/analysis/Sadegh/CX138/CX138/260402/T003346/Network/000036/well010/network_results.json,/mnt/benshalom-nas/analysis/Sadegh/CX138/CX138/260402/T003346/Network/000036/well010/tm_curated.xlsx,/mnt/benshalom-nas/analysis/Sadegh/CX138/CX138/260402/T003346/Network/000036/well010/spike_times.npy,/mnt/benshalom-nas/analysis/Sadegh/CX138/CX138/260402/T003346/Network/000036/well010/tm_unfiltered.xlsx,/mnt/benshalom-nas/analysis/Sadegh/CX138/CX138/260402/T003346/Network/000036/well010/rejection_log.xlsx,/mnt/benshalom-nas/analysis/Sadegh/CX138/CX138/260402/T003346/Network/000036/well010/metrics_curated.xlsx,True,True,True,True,True,True,True
CX138,260402,T003346,000036,well011,/mnt/benshalom-nas/analysis/Sadegh/CX138/CX138/260402/T003346/Network/000036/well011,CX138|260402|T003346|000036|well011,/mnt/benshalom-nas/analysis/Sadegh/CX138/CX138/260402/T003346/Network/000036/well011/qm_unfiltered.xlsx,/mnt/benshalom-nas/analysis/Sadegh/CX138/CX138/260402/T003346/Network/000036/well011/network_results.json,/mnt/benshalom-nas/analysis/Sadegh/CX138/CX138/260402/T003346/Network/000036/well011/tm_curated.xlsx,/mnt/benshalom-nas/analysis/Sadegh/CX138/CX138/260402/T003346/Network/000036/well011/spike_times.npy,/mnt/benshalom-nas/analysis/Sadegh/CX138/CX138/260402/T003346/Network/000036/well011/tm_unfiltered.xlsx,/mnt/benshalom-nas/analysis/Sadegh/CX138/CX138/260402/T003346/Network/000036/well011/rejection_log.xlsx,/mnt/benshalom-nas/analysis/Sadegh/CX138/CX138/260402/T003346/Network/000036/well011/metrics_curated.xlsx,True,True,True,True,True,True,True
CX138,260402,T003346,000036,well012,/mnt/benshalom-nas/analysis/Sadegh/CX138/CX138/260402/T003346/Network/000036/well012,CX138|260402|T003346|000036|well012,/mnt/benshalom-nas/analysis/Sadegh/CX138/CX138/260402/T003346/Network/000036/well012/qm_unfiltered.xlsx,/mnt/benshalom-nas/analysis/Sadegh/CX138/CX138/260402/T003346/Network/000036/well012/network_results.json,/mnt/benshalom-nas/analysis/Sadegh/CX138/CX138/260402/T003346/Network/000036/well012/tm_curated.xlsx,/mnt/benshalom-nas/analysis/Sadegh/CX138/CX138/260402/T003346/Network/000036/well012/spike_times.npy,/mnt/benshalom-nas/analysis/Sadegh/CX138/CX138/260402/T003346/Network/000036/well012/tm_unfiltered.xlsx,/mnt/benshalom-nas/analysis/Sadegh/CX138/CX138/260402/T003346/Network/000036/well012/rejection_log.xlsx,/mnt/benshalom-nas/analysis/Sadegh/CX138/CX138/260402/T003346/Network/000036/well012/metrics_curated.xlsx,True,True,True,True,True,True,True
CX138,260402,T003346,000036,well013,/mnt/benshalom-nas/analysis/Sadegh/CX138/CX138/260402/T003346/Network/000036/well013,CX138|260402|T003346|000036|well013,/mnt/benshalom-nas/analysis/Sadegh/CX138/CX138/260402/T003346/Network/000036/well013/qm_unfiltered.xlsx,/mnt/benshalom-nas/analysis/Sadegh/CX138/CX138/260402/T003346/Network/000036/well013/network_results.json,/mnt/benshalom-nas/analysis/Sadegh/CX138/CX138/260402/T003346/Network/000036/well013/tm_curated.xlsx,/mnt/benshalom-nas/analysis/Sadegh/CX138/CX138/260402/T003346/Network/000036/well013/spike_times.npy,/mnt/benshalom-nas/analysis/Sadegh/CX138/CX138/260402/T003346/Network/000036/well013/tm_unfiltered.xlsx,/mnt/benshalom-nas/analysis/Sadegh/CX138/CX138/260402/T003346/Network/000036/well013/rejection_log.xlsx,/mnt/benshalom-nas/analysis/Sadegh/CX138/CX138/260402/T003346/Network/000036/well013/metrics_curated.xlsx,True,True,True,True,True,True,True
CX138,260402,T003346,000036,well014,/mnt/benshalom-nas/analysis/Sadegh/CX138/CX138/260402/T003346/Network/000036/well014,CX138|260402|T003346|000036|well014,/mnt/benshalom-nas/analysis/Sadegh/CX138/CX138/260402/T003346/Network/000036/well014/qm_unfiltered.xlsx,/mnt/benshalom-nas/analysis/Sadegh/CX138/CX138/260402/T003346/Network/000036/well014/network_results.json,/mnt/benshalom-nas/analysis/Sadegh/CX138/CX138/260402/T003346/Network/000036/well014/tm_curated.xlsx,/mnt/benshalom-nas/analysis/Sadegh/CX138/CX138/260402/T003346/Network/000036/well014/spike_times.npy,/mnt/benshalom-nas/analysis/Sadegh/CX138/CX138/260402/T003346/Network/000036/well014/tm_unfiltered.xlsx,/mnt/benshalom-nas/analysis/Sadegh/CX138/CX138/260402/T003346/Network/000036/well014/rejection_log.xlsx,/mnt/benshalom-nas/analysis/Sadegh/CX138/CX138/260402/T003346/Network/000036/well014/metrics_curated.xlsx,True,True,True,True,True,True,True
CX138,260402,T003346,000036,well015,/mnt/benshalom-nas/analysis/Sadegh/CX138/CX138/260402/T003346/Network/000036/well015,CX138|260402|T003346|000036|well015,/mnt/benshalom-nas/analysis/Sadegh/CX138/CX138/260402/T003346/Network/000036/well015/qm_unfiltered.xlsx,/mnt/benshalom-nas/analysis/Sadegh/CX138/CX138/260402/T003346/Network/000036/well015/network_results.json,/mnt/benshalom-nas/analysis/Sadegh/CX138/CX138/260402/T003346/Network/000036/well015/tm_curated.xlsx,/mnt/benshalom-nas/analysis/Sadegh/CX138/CX138/260402/T003346/Network/000036/well015/spike_times.npy,/mnt/benshalom-nas/analysis/Sadegh/CX138/CX138/260402/T003346/Network/000036/well015/tm_unfiltered.xlsx,/mnt/benshalom-nas/analysis/Sadegh/CX138/CX138/260402/T003346/Network/000036/well015/rejection_log.xlsx,/mnt/benshalom-nas/analysis/Sadegh/CX138/CX138/260402/T003346/Network/000036/well015/metrics_curated.xlsx,True,True,True,True,True,True,True
CX138,260402,T003346,000036,well016,/mnt/benshalom-nas/analysis/Sadegh/CX138/CX138/260402/T003346/Network/000036/well016,CX138|260402|T003346|000036|well016,/mnt/benshalom-nas/analysis/Sadegh/CX138/CX138/260402/T003346/Network/000036/well016/qm_unfiltered.xlsx,/mnt/benshalom-nas/analysis/Sadegh/CX138/CX138/260402/T003346/Network/000036/well016/network_results.json,/mnt/benshalom-nas/analysis/Sadegh/CX138/CX138/260402/T003346/Network/000036/well016/tm_curated.xlsx,/mnt/benshalom-nas/analysis/Sadegh/CX138/CX138/260402/T003346/Network/000036/well016/spike_times.npy,/mnt/benshalom-nas/analysis/Sadegh/CX138/CX138/260402/T003346/Network/000036/well016/tm_unfiltered.xlsx,/mnt/benshalom-nas/analysis/Sadegh/CX138/CX138/260402/T003346/Network/000036/well016/rejection_log.xlsx,/mnt/benshalom-nas/analysis/Sadegh/CX138/CX138/260402/T003346/Network/000036/well016/metrics_curated.xlsx,True,True,True,True,True,True,True
CX138,260402,T003346,000036,well017,/mnt/benshalom-nas/analysis/Sadegh/CX138/CX138/260402/T003346/Network/000036/well017,CX138|260402|T003346|000036|well017,/mnt/benshalom-nas/analysis/Sadegh/CX138/CX138/260402/T003346/Network/000036/well017/qm_unfiltered.xlsx,/mnt/benshalom-nas/analysis/Sadegh/CX138/CX138/260402/T003346/Network/000036/well017/network_results.json,/mnt/benshalom-nas/analysis/Sadegh/CX138/CX138/260402/T003346/Network/000036/well017/tm_curated.xlsx,/mnt/benshalom-nas/analysis/Sadegh/CX138/CX138/260402/T003346/Network/000036/well017/spike_times.npy,/mnt/benshalom-nas/analysis/Sadegh/CX138/CX138/260402/T003346/Network/000036/well017/tm_unfiltered.xlsx,/mnt/benshalom-nas/analysis/Sadegh/CX138/CX138/260402/T003346/Network/000036/well017/rejection_log.xlsx,/mnt/benshalom-nas/analysis/Sadegh/CX138/CX138/260402/T003346/Network/000036/well017/metrics_curated.xlsx,True,True,True,True,True,True,True
CX138,260402,T003346,000036,well018,/mnt/benshalom-nas/analysis/Sadegh/CX138/CX138/260402/T003346/Network/000036/well018,CX138|260402|T003346|000036|well018,/mnt/benshalom-nas/analysis/Sadegh/CX138/CX138/260402/T003346/Network/000036/well018/qm_unfiltered.xlsx,/mnt/benshalom-nas/analysis/Sadegh/CX138/CX138/260402/T003346/Network/000036/well018/network_results.json,/mnt/benshalom-nas/analysis/Sadegh/CX138/CX138/260402/T003346/Network/000036/well018/tm_curated.xlsx,/mnt/benshalom-nas/analysis/Sadegh/CX138/CX138/260402/T003346/Network/000036/well018/spike_times.npy,/mnt/benshalom-nas/analysis/Sadegh/CX138/CX138/260402/T003346/Network/000036/well018/tm_unfiltered.xlsx,/mnt/benshalom-nas/analysis/Sadegh/CX138/CX138/260402/T003346/Network/000036/well018/rejection_log.xlsx,/mnt/benshalom-nas/analysis/Sadegh/CX138/CX138/260402/T003346/Network/000036/well018/metrics_curated.xlsx,True,True,True,True,True,True,True
CX138,260402,T003346,000036,well019,/mnt/benshalom-nas/analysis/Sadegh/CX138/CX138/260402/T003346/Network/000036/well019,CX138|260402|T003346|000036|well019,/mnt/benshalom-nas/analysis/Sadegh/CX138/CX138/260402/T003346/Network/000036/well019/qm_unfiltered.xlsx,/mnt/benshalom-nas/analysis/Sadegh/CX138/CX138/260402/T003346/Network/000036/well019/network_results.json,/mnt/benshalom-nas/analysis/Sadegh/CX138/CX138/260402/T003346/Network/000036/well019/tm_curated.xlsx,/mnt/benshalom-nas/analysis/Sadegh/CX138/CX138/260402/T003346/Network/000036/well019/spike_times.npy,/mnt/benshalom-nas/analysis/Sadegh/CX138/CX138/260402/T003346/Network/000036/well019/tm_unfiltered.xlsx,/mnt/benshalom-nas/analysis/Sadegh/CX138/CX138/260402/T003346/Network/000036/well019/rejection_log.xlsx,/mnt/benshalom-nas/analysis/Sadegh/CX138/CX138/260402/T003346/Network/000036/well019/metrics_curated.xlsx,True,True,True,True,True,True,True
CX138,260402,T003346,000036,well020,/mnt/benshalom-nas/analysis/Sadegh/CX138/CX138/260402/T003346/Network/000036/well020,CX138|260402|T003346|000036|well020,/mnt/benshalom-nas/analysis/Sadegh/CX138/CX138/260402/T003346/Network/000036/well020/qm_unfiltered.xlsx,/mnt/benshalom-nas/analysis/Sadegh/CX138/CX138/260402/T003346/Network/000036/well020/network_results.json,/mnt/benshalom-nas/analysis/Sadegh/CX138/CX138/260402/T003346/Network/000036/well020/tm_curated.xlsx,/mnt/benshalom-nas/analysis/Sadegh/CX138/CX138/260402/T003346/Network/000036/well020/spike_times.npy,/mnt/benshalom-nas/analysis/Sadegh/CX138/CX138/260402/T003346/Network/000036/well020/tm_unfiltered.xlsx,/mnt/benshalom-nas/analysis/Sadegh/CX138/CX138/260402/T003346/Network/000036/well020/rejection_log.xlsx,/mnt/benshalom-nas/analysis/Sadegh/CX138/CX138/260402/T003346/Network/000036/well020/metrics_curated.xlsx,True,True,True,True,True,True,True
CX138,260402,T003346,000036,well021,/mnt/benshalom-nas/analysis/Sadegh/CX138/CX138/260402/T003346/Network/000036/well021,CX138|260402|T003346|000036|well021,/mnt/benshalom-nas/analysis/Sadegh/CX138/CX138/260402/T003346/Network/000036/well021/qm_unfiltered.xlsx,/mnt/benshalom-nas/analysis/Sadegh/CX138/CX138/260402/T003346/Network/000036/well021/network_results.json,/mnt/benshalom-nas/analysis/Sadegh/CX138/CX138/260402/T003346/Network/000036/well021/tm_curated.xlsx,/mnt/benshalom-nas/analysis/Sadegh/CX138/CX138/260402/T003346/Network/000036/well021/spike_times.npy,/mnt/benshalom-nas/analysis/Sadegh/CX138/CX138/260402/T003346/Network/000036/well021/tm_unfiltered.xlsx,/mnt/benshalom-nas/analysis/Sadegh/CX138/CX138/260402/T003346/Network/000036/well021/rejection_log.xlsx,/mnt/benshalom-nas/analysis/Sadegh/CX138/CX138/260402/T003346/Network/000036/well021/metrics_curated.xlsx,True,True,True,True,True,True,True
CX138,260402,T003346,000036,well022,/mnt/benshalom-nas/analysis/Sadegh/CX138/CX138/260402/T003346/Network/000036/well022,CX138|260402|T003346|000036|well022,/mnt/benshalom-nas/analysis/Sadegh/CX138/CX138/260402/T003346/Network/000036/well022/qm_unfiltered.xlsx,/mnt/benshalom-nas/analysis/Sadegh/CX138/CX138/260402/T003346/Network/000036/well022/network_results.json,/mnt/benshalom-nas/analysis/Sadegh/CX138/CX138/260402/T003346/Network/000036/well022/tm_curated.xlsx,/mnt/benshalom-nas/analysis/Sadegh/CX138/CX138/260402/T003346/Network/000036/well022/spike_times.npy,/mnt/benshalom-nas/analysis/Sadegh/CX138/CX138/260402/T003346/Network/000036/well022/tm_unfiltered.xlsx,/mnt/benshalom-nas/analysis/Sadegh/CX138/CX138/260402/T003346/Network/000036/well022/rejection_log.xlsx,/mnt/benshalom-nas/analysis/Sadegh/CX138/CX138/260402/T003346/Network/000036/well022/metrics_curated.xlsx,True,True,True,True,True,True,True
CX138,260402,T003346,000036,well023,/mnt/benshalom-nas/analysis/Sadegh/CX138/CX138/260402/T003346/Network/000036/well023,CX138|260402|T003346|000036|well023,/mnt/benshalom-nas/analysis/Sadegh/CX138/CX138/260402/T003346/Network/000036/well023/qm_unfiltered.xlsx,/mnt/benshalom-nas/analysis/Sadegh/CX138/CX138/260402/T003346/Network/000036/well023/network_results.json,/mnt/benshalom-nas/analysis/Sadegh/CX138/CX138/260402/T003346/Network/000036/well023/tm_curated.xlsx,/mnt/benshalom-nas/analysis/Sadegh/CX138/CX138/260402/T003346/Network/000036/well023/spike_times.npy,/mnt/benshalom-nas/analysis/Sadegh/CX138/CX138/260402/T003346/Network/000036/well023/tm_unfiltered.xlsx,/mnt/benshalom-nas/analysis/Sadegh/CX138/CX138/260402/T003346/Network/000036/well023/rejection_log.xlsx,/mnt/benshalom-nas/analysis/Sadegh/CX138/CX138/260402/T003346/Network/000036/well023/metrics_curated.xlsx,True,True,True,True,True,True,True
CX138,260404,T003346,000041,well000,/mnt/benshalom-nas/analysis/Sadegh/CX138/CX138/260404/T003346/Network/000041/well000,CX138|260404|T003346|000041|well000,/mnt/benshalom-nas/analysis/Sadegh/CX138/CX138/260404/T003346/Network/000041/well000/qm_unfiltered.xlsx,/mnt/benshalom-nas/analysis/Sadegh/CX138/CX138/260404/T003346/Network/000041/well000/network_results.json,/mnt/benshalom-nas/analysis/Sadegh/CX138/CX138/260404/T003346/Network/000041/well000/tm_curated.xlsx,/mnt/benshalom-nas/analysis/Sadegh/CX138/CX138/260404/T003346/Network/000041/well000/spike_times.npy,/mnt/benshalom-nas/analysis/Sadegh/CX138/CX138/260404/T003346/Network/000041/well000/tm_unfiltered.xlsx,/mnt/benshalom-nas/analysis/Sadegh/CX138/CX138/260404/T003346/Network/000041/well000/rejection_log.xlsx,/mnt/benshalom-nas/analysis/Sadegh/CX138/CX138/260404/T003346/Network/000041/well000/metrics_curated.xlsx,True,True,True,True,True,True,True
CX138,260404,T003346,000041,well001,/mnt/benshalom-nas/analysis/Sadegh/CX138/CX138/260404/T003346/Network/000041/well001,CX138|260404|T003346|000041|well001,/mnt/benshalom-nas/analysis/Sadegh/CX138/CX138/260404/T003346/Network/000041/well001/qm_unfiltered.xlsx,/mnt/benshalom-nas/analysis/Sadegh/CX138/CX138/260404/T003346/Network/000041/well001/network_results.json,/mnt/benshalom-nas/analysis/Sadegh/CX138/CX138/260404/T003346/Network/000041/well001/tm_curated.xlsx,/mnt/benshalom-nas/analysis/Sadegh/CX138/CX138/260404/T003346/Network/000041/well001/spike_times.npy,/mnt/benshalom-nas/analysis/Sadegh/CX138/CX138/260404/T003346/Network/000041/well001/tm_unfiltered.xlsx,/mnt/benshalom-nas/analysis/Sadegh/CX138/CX138/260404/T003346/Network/000041/well001/rejection_log.xlsx,/mnt/benshalom-nas/analysis/Sadegh/CX138/CX138/260404/T003346/Network/000041/well001/metrics_curated.xlsx,True,True,True,True,True,True,True
CX138,260404,T003346,000041,well002,/mnt/benshalom-nas/analysis/Sadegh/CX138/CX138/260404/T003346/Network/000041/well002,CX138|260404|T003346|000041|well002,/mnt/benshalom-nas/analysis/Sadegh/CX138/CX138/260404/T003346/Network/000041/well002/qm_unfiltered.xlsx,/mnt/benshalom-nas/analysis/Sadegh/CX138/CX138/260404/T003346/Network/000041/well002/network_results.json,/mnt/benshalom-nas/analysis/Sadegh/CX138/CX138/260404/T003346/Network/000041/well002/tm_curated.xlsx,/mnt/benshalom-nas/analysis/Sadegh/CX138/CX138/260404/T003346/Network/000041/well002/spike_times.npy,/mnt/benshalom-nas/analysis/Sadegh/CX138/CX138/260404/T003346/Network/000041/well002/tm_unfiltered.xlsx,/mnt/benshalom-nas/analysis/Sadegh/CX138/CX138/260404/T003346/Network/000041/well002/rejection_log.xlsx,/mnt/benshalom-nas/analysis/Sadegh/CX138/CX138/260404/T003346/Network/000041/well002/metrics_curated.xlsx,True,True,True,True,True,True,True
CX138,260404,T003346,000041,well003,/mnt/benshalom-nas/analysis/Sadegh/CX138/CX138/260404/T003346/Network/000041/well003,CX138|260404|T003346|000041|well003,/mnt/benshalom-nas/analysis/Sadegh/CX138/CX138/260404/T003346/Network/000041/well003/qm_unfiltered.xlsx,/mnt/benshalom-nas/analysis/Sadegh/CX138/CX138/260404/T003346/Network/000041/well003/network_results.json,/mnt/benshalom-nas/analysis/Sadegh/CX138/CX138/260404/T003346/Network/000041/well003/tm_curated.xlsx,/mnt/benshalom-nas/analysis/Sadegh/CX138/CX138/260404/T003346/Network/000041/well003/spike_times.npy,/mnt/benshalom-nas/analysis/Sadegh/CX138/CX138/260404/T003346/Network/000041/well003/tm_unfiltered.xlsx,/mnt/benshalom-nas/analysis/Sadegh/CX138/CX138/260404/T003346/Network/000041/well003/rejection_log.xlsx,/mnt/benshalom-nas/analysis/Sadegh/CX138/CX138/260404/T003346/Network/000041/well003/metrics_curated.xlsx,True,True,True,True,True,True,True
CX138,260404,T003346,000041,well004,/mnt/benshalom-nas/analysis/Sadegh/CX138/CX138/260404/T003346/Network/000041/well004,CX138|260404|T003346|000041|well004,/mnt/benshalom-nas/analysis/Sadegh/CX138/CX138/260404/T003346/Network/000041/well004/qm_unfiltered.xlsx,/mnt/benshalom-nas/analysis/Sadegh/CX138/CX138/260404/T003346/Network/000041/well004/network_results.json,/mnt/benshalom-nas/analysis/Sadegh/CX138/CX138/260404/T003346/Network/000041/well004/tm_curated.xlsx,/mnt/benshalom-nas/analysis/Sadegh/CX138/CX138/260404/T003346/Network/000041/well004/spike_times.npy,/mnt/benshalom-nas/analysis/Sadegh/CX138/CX138/260404/T003346/Network/000041/well004/tm_unfiltered.xlsx,/mnt/benshalom-nas/analysis/Sadegh/CX138/CX138/260404/T003346/Network/000041/well004/rejection_log.xlsx,/mnt/benshalom-nas/analysis/Sadegh/CX138/CX138/260404/T003346/Network/000041/well004/metrics_curated.xlsx,True,True,True,True,True,True,True
CX138,260404,T003346,000041,well005,/mnt/benshalom-nas/analysis/Sadegh/CX138/CX138/260404/T003346/Network/000041/well005,CX138|260404|T003346|000041|well005,/mnt/benshalom-nas/analysis/Sadegh/CX138/CX138/260404/T003346/Network/000041/well005/qm_unfiltered.xlsx,/mnt/benshalom-nas/analysis/Sadegh/CX138/CX138/260404/T003346/Network/000041/well005/network_results.json,/mnt/benshalom-nas/analysis/Sadegh/CX138/CX138/260404/T003346/Network/000041/well005/tm_curated.xlsx,/mnt/benshalom-nas/analysis/Sadegh/CX138/CX138/260404/T003346/Network/000041/well005/spike_times.npy,/mnt/benshalom-nas/analysis/Sadegh/CX138/CX138/260404/T003346/Network/000041/well005/tm_unfiltered.xlsx,/mnt/benshalom-nas/analysis/Sadegh/CX138/CX138/260404/T003346/Network/000041/well005/rejection_log.xlsx,/mnt/benshalom-nas/analysis/Sadegh/CX138/CX138/260404/T003346/Network/000041/well005/metrics_curated.xlsx,True,True,True,True,True,True,True
CX138,260404,T003346,000041,well006,/mnt/benshalom-nas/analysis/Sadegh/CX138/CX138/260404/T003346/Network/000041/well006,CX138|260404|T003346|000041|well006,/mnt/benshalom-nas/analysis/Sadegh/CX138/CX138/260404/T003346/Network/000041/well006/qm_unfiltered.xlsx,/mnt/benshalom-nas/analysis/Sadegh/CX138/CX138/260404/T003346/Network/000041/well006/network_results.json,/mnt/benshalom-nas/analysis/Sadegh/CX138/CX138/260404/T003346/Network/000041/well006/tm_curated.xlsx,/mnt/benshalom-nas/analysis/Sadegh/CX138/CX138/260404/T003346/Network/000041/well006/spike_times.npy,/mnt/benshalom-nas/analysis/Sadegh/CX138/CX138/260404/T003346/Network/000041/well006/tm_unfiltered.xlsx,/mnt/benshalom-nas/analysis/Sadegh/CX138/CX138/260404/T003346/Network/000041/well006/rejection_log.xlsx,/mnt/benshalom-nas/analysis/Sadegh/CX138/CX138/260404/T003346/Network/000041/well006/metrics_curated.xlsx,True,True,True,True,True,True,True
CX138,260404,T003346,000041,well007,/mnt/benshalom-nas/analysis/Sadegh/CX138/CX138/260404/T003346/Network/000041/well007,CX138|260404|T003346|000041|well007,/mnt/benshalom-nas/analysis/Sadegh/CX138/CX138/260404/T003346/Network/000041/well007/qm_unfiltered.xlsx,/mnt/benshalom-nas/analysis/Sadegh/CX138/CX138/260404/T003346/Network/000041/well007/network_results.json,/mnt/benshalom-nas/analysis/Sadegh/CX138/CX138/260404/T003346/Network/000041/well007/tm_curated.xlsx,/mnt/benshalom-nas/analysis/Sadegh/CX138/CX138/260404/T003346/Network/000041/well007/spike_times.npy,/mnt/benshalom-nas/analysis/Sadegh/CX138/CX138/260404/T003346/Network/000041/well007/tm_unfiltered.xlsx,/mnt/benshalom-nas/analysis/Sadegh/CX138/CX138/260404/T003346/Network/000041/well007/rejection_log.xlsx,/mnt/benshalom-nas/analysis/Sadegh/CX138/CX138/260404/T003346/Network/000041/well007/metrics_curated.xlsx,True,True,True,True,True,True,True
CX138,260404,T003346,000041,well008,/mnt/benshalom-nas/analysis/Sadegh/CX138/CX138/260404/T003346/Network/000041/well008,CX138|260404|T003346|000041|well008,/mnt/benshalom-nas/analysis/Sadegh/CX138/CX138/260404/T003346/Network/000041/well008/qm_unfiltered.xlsx,/mnt/benshalom-nas/analysis/Sadegh/CX138/CX138/260404/T003346/Network/000041/well008/network_results.json,/mnt/benshalom-nas/analysis/Sadegh/CX138/CX138/260404/T003346/Network/000041/well008/tm_curated.xlsx,/mnt/benshalom-nas/analysis/Sadegh/CX138/CX138/260404/T003346/Network/000041/well008/spike_times.npy,/mnt/benshalom-nas/analysis/Sadegh/CX138/CX138/260404/T003346/Network/000041/well008/tm_unfiltered.xlsx,/mnt/benshalom-nas/analysis/Sadegh/CX138/CX138/260404/T003346/Network/000041/well008/rejection_log.xlsx,/mnt/benshalom-nas/analysis/Sadegh/CX138/CX138/260404/T003346/Network/000041/well008/metrics_curated.xlsx,True,True,True,True,True,True,True
CX138,260404,T003346,000041,well009,/mnt/benshalom-nas/analysis/Sadegh/CX138/CX138/260404/T003346/Network/000041/well009,CX138|260404|T003346|000041|well009,/mnt/benshalom-nas/analysis/Sadegh/CX138/CX138/260404/T003346/Network/000041/well009/qm_unfiltered.xlsx,/mnt/benshalom-nas/analysis/Sadegh/CX138/CX138/260404/T003346/Network/000041/well009/network_results.json,/mnt/benshalom-nas/analysis/Sadegh/CX138/CX138/260404/T003346/Network/000041/well009/tm_curated.xlsx,/mnt/benshalom-nas/analysis/Sadegh/CX138/CX138/260404/T003346/Network/000041/well009/spike_times.npy,/mnt/benshalom-nas/analysis/Sadegh/CX138/CX138/260404/T003346/Network/000041/well009/tm_unfiltered.xlsx,/mnt/benshalom-nas/analysis/Sadegh/CX138/CX138/260404/T003346/Network/000041/well009/rejection_log.xlsx,/mnt/benshalom-nas/analysis/Sadegh/CX138/CX138/260404/T003346/Network/000041/well009/metrics_curated.xlsx,True,True,True,True,True,True,True
CX138,260404,T003346,000041,well010,/mnt/benshalom-nas/analysis/Sadegh/CX138/CX138/260404/T003346/Network/000041/well010,CX138|260404|T003346|000041|well010,/mnt/benshalom-nas/analysis/Sadegh/CX138/CX138/260404/T003346/Network/000041/well010/qm_unfiltered.xlsx,/mnt/benshalom-nas/analysis/Sadegh/CX138/CX138/260404/T003346/Network/000041/well010/network_results.json,/mnt/benshalom-nas/analysis/Sadegh/CX138/CX138/260404/T003346/Network/000041/well010/tm_curated.xlsx,/mnt/benshalom-nas/analysis/Sadegh/CX138/CX138/260404/T003346/Network/000041/well010/spike_times.npy,/mnt/benshalom-nas/analysis/Sadegh/CX138/CX138/260404/T003346/Network/000041/well010/tm_unfiltered.xlsx,/mnt/benshalom-nas/analysis/Sadegh/CX138/CX138/260404/T003346/Network/000041/well010/rejection_log.xlsx,/mnt/benshalom-nas/analysis/Sadegh/CX138/CX138/260404/T003346/Network/000041/well010/metrics_curated.xlsx,True,True,True,True,True,True,True
CX138,260404,T003346,000041,well011,/mnt/benshalom-nas/analysis/Sadegh/CX138/CX138/260404/T003346/Network/000041/well011,CX138|260404|T003346|000041|well011,/mnt/benshalom-nas/analysis/Sadegh/CX138/CX138/260404/T003346/Network/000041/well011/qm_unfiltered.xlsx,/mnt/benshalom-nas/analysis/Sadegh/CX138/CX138/260404/T003346/Network/000041/well011/network_results.json,/mnt/benshalom-nas/analysis/Sadegh/CX138/CX138/260404/T003346/Network/000041/well011/tm_curated.xlsx,/mnt/benshalom-nas/analysis/Sadegh/CX138/CX138/260404/T003346/Network/000041/well011/spike_times.npy,/mnt/benshalom-nas/analysis/Sadegh/CX138/CX138/260404/T003346/Network/000041/well011/tm_unfiltered.xlsx,/mnt/benshalom-nas/analysis/Sadegh/CX138/CX138/260404/T003346/Network/000041/well011/rejection_log.xlsx,/mnt/benshalom-nas/analysis/Sadegh/CX138/CX138/260404/T003346/Network/000041/well011/metrics_curated.xlsx,True,True,True,True,True,True,True
CX138,260404,T003346,000041,well012,/mnt/benshalom-nas/analysis/Sadegh/CX138/CX138/260404/T003346/Network/000041/well012,CX138|260404|T003346|000041|well012,/mnt/benshalom-nas/analysis/Sadegh/CX138/CX138/260404/T003346/Network/000041/well012/qm_unfiltered.xlsx,/mnt/benshalom-nas/analysis/Sadegh/CX138/CX138/260404/T003346/Network/000041/well012/network_results.json,/mnt/benshalom-nas/analysis/Sadegh/CX138/CX138/260404/T003346/Network/000041/well012/tm_curated.xlsx,/mnt/benshalom-nas/analysis/Sadegh/CX138/CX138/260404/T003346/Network/000041/well012/spike_times.npy,/mnt/benshalom-nas/analysis/Sadegh/CX138/CX138/260404/T003346/Network/000041/well012/tm_unfiltered.xlsx,/mnt/benshalom-nas/analysis/Sadegh/CX138/CX138/260404/T003346/Network/000041/well012/rejection_log.xlsx,/mnt/benshalom-nas/analysis/Sadegh/CX138/CX138/260404/T003346/Network/000041/well012/metrics_curated.xlsx,True,True,True,True,True,True,True
CX138,260404,T003346,000041,well013,/mnt/benshalom-nas/analysis/Sadegh/CX138/CX138/260404/T003346/Network/000041/well013,CX138|260404|T003346|000041|well013,/mnt/benshalom-nas/analysis/Sadegh/CX138/CX138/260404/T003346/Network/000041/well013/qm_unfiltered.xlsx,/mnt/benshalom-nas/analysis/Sadegh/CX138/CX138/260404/T003346/Network/000041/well013/network_results.json,/mnt/benshalom-nas/analysis/Sadegh/CX138/CX138/260404/T003346/Network/000041/well013/tm_curated.xlsx,/mnt/benshalom-nas/analysis/Sadegh/CX138/CX138/260404/T003346/Network/000041/well013/spike_times.npy,/mnt/benshalom-nas/analysis/Sadegh/CX138/CX138/260404/T003346/Network/000041/well013/tm_unfiltered.xlsx,/mnt/benshalom-nas/analysis/Sadegh/CX138/CX138/260404/T003346/Network/000041/well013/rejection_log.xlsx,/mnt/benshalom-nas/analysis/Sadegh/CX138/CX138/260404/T003346/Network/000041/well013/metrics_curated.xlsx,True,True,True,True,True,True,True
CX138,260404,T003346,000041,well014,/mnt/benshalom-nas/analysis/Sadegh/CX138/CX138/260404/T003346/Network/000041/well014,CX138|260404|T003346|000041|well014,/mnt/benshalom-nas/analysis/Sadegh/CX138/CX138/260404/T003346/Network/000041/well014/qm_unfiltered.xlsx,/mnt/benshalom-nas/analysis/Sadegh/CX138/CX138/260404/T003346/Network/000041/well014/network_results.json,/mnt/benshalom-nas/analysis/Sadegh/CX138/CX138/260404/T003346/Network/000041/well014/tm_curated.xlsx,/mnt/benshalom-nas/analysis/Sadegh/CX138/CX138/260404/T003346/Network/000041/well014/spike_times.npy,/mnt/benshalom-nas/analysis/Sadegh/CX138/CX138/260404/T003346/Network/000041/well014/tm_unfiltered.xlsx,/mnt/benshalom-nas/analysis/Sadegh/CX138/CX138/260404/T003346/Network/000041/well014/rejection_log.xlsx,/mnt/benshalom-nas/analysis/Sadegh/CX138/CX138/260404/T003346/Network/000041/well014/metrics_curated.xlsx,True,True,True,True,True,True,True
CX138,260404,T003346,000041,well015,/mnt/benshalom-nas/analysis/Sadegh/CX138/CX138/260404/T003346/Network/000041/well015,CX138|260404|T003346|000041|well015,/mnt/benshalom-nas/analysis/Sadegh/CX138/CX138/260404/T003346/Network/000041/well015/qm_unfiltered.xlsx,/mnt/benshalom-nas/analysis/Sadegh/CX138/CX138/260404/T003346/Network/000041/well015/network_results.json,/mnt/benshalom-nas/analysis/Sadegh/CX138/CX138/260404/T003346/Network/000041/well015/tm_curated.xlsx,/mnt/benshalom-nas/analysis/Sadegh/CX138/CX138/260404/T003346/Network/000041/well015/spike_times.npy,/mnt/benshalom-nas/analysis/Sadegh/CX138/CX138/260404/T003346/Network/000041/well015/tm_unfiltered.xlsx,/mnt/benshalom-nas/analysis/Sadegh/CX138/CX138/260404/T003346/Network/000041/well015/rejection_log.xlsx,/mnt/benshalom-nas/analysis/Sadegh/CX138/CX138/260404/T003346/Network/000041/well015/metrics_curated.xlsx,True,True,True,True,True,True,True
CX138,260404,T003346,000041,well016,/mnt/benshalom-nas/analysis/Sadegh/CX138/CX138/260404/T003346/Network/000041/well016,CX138|260404|T003346|000041|well016,/mnt/benshalom-nas/analysis/Sadegh/CX138/CX138/260404/T003346/Network/000041/well016/qm_unfiltered.xlsx,/mnt/benshalom-nas/analysis/Sadegh/CX138/CX138/260404/T003346/Network/000041/well016/network_results.json,/mnt/benshalom-nas/analysis/Sadegh/CX138/CX138/260404/T003346/Network/000041/well016/tm_curated.xlsx,/mnt/benshalom-nas/analysis/Sadegh/CX138/CX138/260404/T003346/Network/000041/well016/spike_times.npy,/mnt/benshalom-nas/analysis/Sadegh/CX138/CX138/260404/T003346/Network/000041/well016/tm_unfiltered.xlsx,/mnt/benshalom-nas/analysis/Sadegh/CX138/CX138/260404/T003346/Network/000041/well016/rejection_log.xlsx,/mnt/benshalom-nas/analysis/Sadegh/CX138/CX138/260404/T003346/Network/000041/well016/metrics_curated.xlsx,True,True,True,True,True,True,True
CX138,260404,T003346,000041,well017,/mnt/benshalom-nas/analysis/Sadegh/CX138/CX138/260404/T003346/Network/000041/well017,CX138|260404|T003346|000041|well017,/mnt/benshalom-nas/analysis/Sadegh/CX138/CX138/260404/T003346/Network/000041/well017/qm_unfiltered.xlsx,/mnt/benshalom-nas/analysis/Sadegh/CX138/CX138/260404/T003346/Network/000041/well017/network_results.json,/mnt/benshalom-nas/analysis/Sadegh/CX138/CX138/260404/T003346/Network/000041/well017/tm_curated.xlsx,/mnt/benshalom-nas/analysis/Sadegh/CX138/CX138/260404/T003346/Network/000041/well017/spike_times.npy,/mnt/benshalom-nas/analysis/Sadegh/CX138/CX138/260404/T003346/Network/000041/well017/tm_unfiltered.xlsx,/mnt/benshalom-nas/analysis/Sadegh/CX138/CX138/260404/T003346/Network/000041/well017/rejection_log.xlsx,/mnt/benshalom-nas/analysis/Sadegh/CX138/CX138/260404/T003346/Network/000041/well017/metrics_curated.xlsx,True,True,True,True,True,True,True
CX138,260404,T003346,000041,well018,/mnt/benshalom-nas/analysis/Sadegh/CX138/CX138/260404/T003346/Network/000041/well018,CX138|260404|T003346|000041|well018,/mnt/benshalom-nas/analysis/Sadegh/CX138/CX138/260404/T003346/Network/000041/well018/qm_unfiltered.xlsx,/mnt/benshalom-nas/analysis/Sadegh/CX138/CX138/260404/T003346/Network/000041/well018/network_results.json,/mnt/benshalom-nas/analysis/Sadegh/CX138/CX138/260404/T003346/Network/000041/well018/tm_curated.xlsx,/mnt/benshalom-nas/analysis/Sadegh/CX138/CX138/260404/T003346/Network/000041/well018/spike_times.npy,/mnt/benshalom-nas/analysis/Sadegh/CX138/CX138/260404/T003346/Network/000041/well018/tm_unfiltered.xlsx,/mnt/benshalom-nas/analysis/Sadegh/CX138/CX138/260404/T003346/Network/000041/well018/rejection_log.xlsx,/mnt/benshalom-nas/analysis/Sadegh/CX138/CX138/260404/T003346/Network/000041/well018/metrics_curated.xlsx,True,True,True,True,True,True,True
CX138,260404,T003346,000041,well019,/mnt/benshalom-nas/analysis/Sadegh/CX138/CX138/260404/T003346/Network/000041/well019,CX138|260404|T003346|000041|well019,/mnt/benshalom-nas/analysis/Sadegh/CX138/CX138/260404/T003346/Network/000041/well019/qm_unfiltered.xlsx,/mnt/benshalom-nas/analysis/Sadegh/CX138/CX138/260404/T003346/Network/000041/well019/network_results.json,/mnt/benshalom-nas/analysis/Sadegh/CX138/CX138/260404/T003346/Network/000041/well019/tm_curated.xlsx,/mnt/benshalom-nas/analysis/Sadegh/CX138/CX138/260404/T003346/Network/000041/well019/spike_times.npy,/mnt/benshalom-nas/analysis/Sadegh/CX138/CX138/260404/T003346/Network/000041/well019/tm_unfiltered.xlsx,/mnt/benshalom-nas/analysis/Sadegh/CX138/CX138/260404/T003346/Network/000041/well019/rejection_log.xlsx,/mnt/benshalom-nas/analysis/Sadegh/CX138/CX138/260404/T003346/Network/000041/well019/metrics_curated.xlsx,True,True,True,True,True,True,True
CX138,260404,T003346,000041,well020,/mnt/benshalom-nas/analysis/Sadegh/CX138/CX138/260404/T003346/Network/000041/well020,CX138|260404|T003346|000041|well020,/mnt/benshalom-nas/analysis/Sadegh/CX138/CX138/260404/T003346/Network/000041/well020/qm_unfiltered.xlsx,/mnt/benshalom-nas/analysis/Sadegh/CX138/CX138/260404/T003346/Network/000041/well020/network_results.json,/mnt/benshalom-nas/analysis/Sadegh/CX138/CX138/260404/T003346/Network/000041/well020/tm_curated.xlsx,/mnt/benshalom-nas/analysis/Sadegh/CX138/CX138/260404/T003346/Network/000041/well020/spike_times.npy,/mnt/benshalom-nas/analysis/Sadegh/CX138/CX138/260404/T003346/Network/000041/well020/tm_unfiltered.xlsx,/mnt/benshalom-nas/analysis/Sadegh/CX138/CX138/260404/T003346/Network/000041/well020/rejection_log.xlsx,/mnt/benshalom-nas/analysis/Sadegh/CX138/CX138/260404/T003346/Network/000041/well020/metrics_curated.xlsx,True,True,True,True,True,True,True
CX138,260404,T003346,000041,well021,/mnt/benshalom-nas/analysis/Sadegh/CX138/CX138/260404/T003346/Network/000041/well021,CX138|260404|T003346|000041|well021,/mnt/benshalom-nas/analysis/Sadegh/CX138/CX138/260404/T003346/Network/000041/well021/qm_unfiltered.xlsx,/mnt/benshalom-nas/analysis/Sadegh/CX138/CX138/260404/T003346/Network/000041/well021/network_results.json,/mnt/benshalom-nas/analysis/Sadegh/CX138/CX138/260404/T003346/Network/000041/well021/tm_curated.xlsx,/mnt/benshalom-nas/analysis/Sadegh/CX138/CX138/260404/T003346/Network/000041/well021/spike_times.npy,/mnt/benshalom-nas/analysis/Sadegh/CX138/CX138/260404/T003346/Network/000041/well021/tm_unfiltered.xlsx,/mnt/benshalom-nas/analysis/Sadegh/CX138/CX138/260404/T003346/Network/000041/well021/rejection_log.xlsx,/mnt/benshalom-nas/analysis/Sadegh/CX138/CX138/260404/T003346/Network/000041/well021/metrics_curated.xlsx,True,True,True,True,True,True,True
CX138,260404,T003346,000041,well022,/mnt/benshalom-nas/analysis/Sadegh/CX138/CX138/260404/T003346/Network/000041/well022,CX138|260404|T003346|000041|well022,/mnt/benshalom-nas/analysis/Sadegh/CX138/CX138/260404/T003346/Network/000041/well022/qm_unfiltered.xlsx,/mnt/benshalom-nas/analysis/Sadegh/CX138/CX138/260404/T003346/Network/000041/well022/network_results.json,/mnt/benshalom-nas/analysis/Sadegh/CX138/CX138/260404/T003346/Network/000041/well022/tm_curated.xlsx,/mnt/benshalom-nas/analysis/Sadegh/CX138/CX138/260404/T003346/Network/000041/well022/spike_times.npy,/mnt/benshalom-nas/analysis/Sadegh/CX138/CX138/260404/T003346/Network/000041/well022/tm_unfiltered.xlsx,/mnt/benshalom-nas/analysis/Sadegh/CX138/CX138/260404/T003346/Network/000041/well022/rejection_log.xlsx,/mnt/benshalom-nas/analysis/Sadegh/CX138/CX138/260404/T003346/Network/000041/well022/metrics_curated.xlsx,True,True,True,True,True,True,True
CX138,260404,T003346,000041,well023,/mnt/benshalom-nas/analysis/Sadegh/CX138/CX138/260404/T003346/Network/000041/well023,CX138|260404|T003346|000041|well023,/mnt/benshalom-nas/analysis/Sadegh/CX138/CX138/260404/T003346/Network/000041/well023/qm_unfiltered.xlsx,/mnt/benshalom-nas/analysis/Sadegh/CX138/CX138/260404/T003346/Network/000041/well023/network_results.json,/mnt/benshalom-nas/analysis/Sadegh/CX138/CX138/260404/T003346/Network/000041/well023/tm_curated.xlsx,/mnt/benshalom-nas/analysis/Sadegh/CX138/CX138/260404/T003346/Network/000041/well023/spike_times.npy,/mnt/benshalom-nas/analysis/Sadegh/CX138/CX138/260404/T003346/Network/000041/well023/tm_unfiltered.xlsx,/mnt/benshalom-nas/analysis/Sadegh/CX138/CX138/260404/T003346/Network/000041/well023/rejection_log.xlsx,/mnt/benshalom-nas/analysis/Sadegh/CX138/CX138/260404/T003346/Network/000041/well023/metrics_curated.xlsx,True,True,True,True,True,True,True
CX138,260404,T003346,000043,well000,/mnt/benshalom-nas/analysis/Sadegh/CX138/CX138/260404/T003346/Network/000043/well000,CX138|260404|T003346|000043|well000,/mnt/benshalom-nas/analysis/Sadegh/CX138/CX138/260404/T003346/Network/000043/well000/qm_unfiltered.xlsx,/mnt/benshalom-nas/analysis/Sadegh/CX138/CX138/260404/T003346/Network/000043/well000/network_results.json,/mnt/benshalom-nas/analysis/Sadegh/CX138/CX138/260404/T003346/Network/000043/well000/tm_curated.xlsx,/mnt/benshalom-nas/analysis/Sadegh/CX138/CX138/260404/T003346/Network/000043/well000/spike_times.npy,/mnt/benshalom-nas/analysis/Sadegh/CX138/CX138/260404/T003346/Network/000043/well000/tm_unfiltered.xlsx,/mnt/benshalom-nas/analysis/Sadegh/CX138/CX138/260404/T003346/Network/000043/well000/rejection_log.xlsx,/mnt/benshalom-nas/analysis/Sadegh/CX138/CX138/260404/T003346/Network/000043/well000/metrics_curated.xlsx,True,True,True,True,True,True,True
CX138,260404,T003346,000043,well001,/mnt/benshalom-nas/analysis/Sadegh/CX138/CX138/260404/T003346/Network/000043/well001,CX138|260404|T003346|000043|well001,/mnt/benshalom-nas/analysis/Sadegh/CX138/CX138/260404/T003346/Network/000043/well001/qm_unfiltered.xlsx,/mnt/benshalom-nas/analysis/Sadegh/CX138/CX138/260404/T003346/Network/000043/well001/network_results.json,/mnt/benshalom-nas/analysis/Sadegh/CX138/CX138/260404/T003346/Network/000043/well001/tm_curated.xlsx,/mnt/benshalom-nas/analysis/Sadegh/CX138/CX138/260404/T003346/Network/000043/well001/spike_times.npy,/mnt/benshalom-nas/analysis/Sadegh/CX138/CX138/260404/T003346/Network/000043/well001/tm_unfiltered.xlsx,/mnt/benshalom-nas/analysis/Sadegh/CX138/CX138/260404/T003346/Network/000043/well001/rejection_log.xlsx,/mnt/benshalom-nas/analysis/Sadegh/CX138/CX138/260404/T003346/Network/000043/well001/metrics_curated.xlsx,True,True,True,True,True,True,True
CX138,260404,T003346,000043,well002,/mnt/benshalom-nas/analysis/Sadegh/CX138/CX138/260404/T003346/Network/000043/well002,CX138|260404|T003346|000043|well002,/mnt/benshalom-nas/analysis/Sadegh/CX138/CX138/260404/T003346/Network/000043/well002/qm_unfiltered.xlsx,/mnt/benshalom-nas/analysis/Sadegh/CX138/CX138/260404/T003346/Network/000043/well002/network_results.json,/mnt/benshalom-nas/analysis/Sadegh/CX138/CX138/260404/T003346/Network/000043/well002/tm_curated.xlsx,/mnt/benshalom-nas/analysis/Sadegh/CX138/CX138/260404/T003346/Network/000043/well002/spike_times.npy,/mnt/benshalom-nas/analysis/Sadegh/CX138/CX138/260404/T003346/Network/000043/well002/tm_unfiltered.xlsx,/mnt/benshalom-nas/analysis/Sadegh/CX138/CX138/260404/T003346/Network/000043/well002/rejection_log.xlsx,/mnt/benshalom-nas/analysis/Sadegh/CX138/CX138/260404/T003346/Network/000043/well002/metrics_curated.xlsx,True,True,True,True,True,True,True
CX138,260404,T003346,000043,well003,/mnt/benshalom-nas/analysis/Sadegh/CX138/CX138/260404/T003346/Network/000043/well003,CX138|260404|T003346|000043|well003,/mnt/benshalom-nas/analysis/Sadegh/CX138/CX138/260404/T003346/Network/000043/well003/qm_unfiltered.xlsx,/mnt/benshalom-nas/analysis/Sadegh/CX138/CX138/260404/T003346/Network/000043/well003/network_results.json,/mnt/benshalom-nas/analysis/Sadegh/CX138/CX138/260404/T003346/Network/000043/well003/tm_curated.xlsx,/mnt/benshalom-nas/analysis/Sadegh/CX138/CX138/260404/T003346/Network/000043/well003/spike_times.npy,/mnt/benshalom-nas/analysis/Sadegh/CX138/CX138/260404/T003346/Network/000043/well003/tm_unfiltered.xlsx,/mnt/benshalom-nas/analysis/Sadegh/CX138/CX138/260404/T003346/Network/000043/well003/rejection_log.xlsx,/mnt/benshalom-nas/analysis/Sadegh/CX138/CX138/260404/T003346/Network/000043/well003/metrics_curated.xlsx,True,True,True,True,True,True,True
CX138,260404,T003346,000043,well004,/mnt/benshalom-nas/analysis/Sadegh/CX138/CX138/260404/T003346/Network/000043/well004,CX138|260404|T003346|000043|well004,/mnt/benshalom-nas/analysis/Sadegh/CX138/CX138/260404/T003346/Network/000043/well004/qm_unfiltered.xlsx,/mnt/benshalom-nas/analysis/Sadegh/CX138/CX138/260404/T003346/Network/000043/well004/network_results.json,/mnt/benshalom-nas/analysis/Sadegh/CX138/CX138/260404/T003346/Network/000043/well004/tm_curated.xlsx,/mnt/benshalom-nas/analysis/Sadegh/CX138/CX138/260404/T003346/Network/000043/well004/spike_times.npy,/mnt/benshalom-nas/analysis/Sadegh/CX138/CX138/260404/T003346/Network/000043/well004/tm_unfiltered.xlsx,/mnt/benshalom-nas/analysis/Sadegh/CX138/CX138/260404/T003346/Network/000043/well004/rejection_log.xlsx,/mnt/benshalom-nas/analysis/Sadegh/CX138/CX138/260404/T003346/Network/000043/well004/metrics_curated.xlsx,True,True,True,True,True,True,True
CX138,260404,T003346,000043,well005,/mnt/benshalom-nas/analysis/Sadegh/CX138/CX138/260404/T003346/Network/000043/well005,CX138|260404|T003346|000043|well005,/mnt/benshalom-nas/analysis/Sadegh/CX138/CX138/260404/T003346/Network/000043/well005/qm_unfiltered.xlsx,/mnt/benshalom-nas/analysis/Sadegh/CX138/CX138/260404/T003346/Network/000043/well005/network_results.json,/mnt/benshalom-nas/analysis/Sadegh/CX138/CX138/260404/T003346/Network/000043/well005/tm_curated.xlsx,/mnt/benshalom-nas/analysis/Sadegh/CX138/CX138/260404/T003346/Network/000043/well005/spike_times.npy,/mnt/benshalom-nas/analysis/Sadegh/CX138/CX138/260404/T003346/Network/000043/well005/tm_unfiltered.xlsx,/mnt/benshalom-nas/analysis/Sadegh/CX138/CX138/260404/T003346/Network/000043/well005/rejection_log.xlsx,/mnt/benshalom-nas/analysis/Sadegh/CX138/CX138/260404/T003346/Network/000043/well005/metrics_curated.xlsx,True,True,True,True,True,True,True
CX138,260404,T003346,000043,well006,/mnt/benshalom-nas/analysis/Sadegh/CX138/CX138/260404/T003346/Network/000043/well006,CX138|260404|T003346|000043|well006,/mnt/benshalom-nas/analysis/Sadegh/CX138/CX138/260404/T003346/Network/000043/well006/qm_unfiltered.xlsx,/mnt/benshalom-nas/analysis/Sadegh/CX138/CX138/260404/T003346/Network/000043/well006/network_results.json,/mnt/benshalom-nas/analysis/Sadegh/CX138/CX138/260404/T003346/Network/000043/well006/tm_curated.xlsx,/mnt/benshalom-nas/analysis/Sadegh/CX138/CX138/260404/T003346/Network/000043/well006/spike_times.npy,/mnt/benshalom-nas/analysis/Sadegh/CX138/CX138/260404/T003346/Network/000043/well006/tm_unfiltered.xlsx,/mnt/benshalom-nas/analysis/Sadegh/CX138/CX138/260404/T003346/Network/000043/well006/rejection_log.xlsx,/mnt/benshalom-nas/analysis/Sadegh/CX138/CX138/260404/T003346/Network/000043/well006/metrics_curated.xlsx,True,True,True,True,True,True,True
CX138,260404,T003346,000043,well007,/mnt/benshalom-nas/analysis/Sadegh/CX138/CX138/260404/T003346/Network/000043/well007,CX138|260404|T003346|000043|well007,/mnt/benshalom-nas/analysis/Sadegh/CX138/CX138/260404/T003346/Network/000043/well007/qm_unfiltered.xlsx,/mnt/benshalom-nas/analysis/Sadegh/CX138/CX138/260404/T003346/Network/000043/well007/network_results.json,/mnt/benshalom-nas/analysis/Sadegh/CX138/CX138/260404/T003346/Network/000043/well007/tm_curated.xlsx,/mnt/benshalom-nas/analysis/Sadegh/CX138/CX138/260404/T003346/Network/000043/well007/spike_times.npy,/mnt/benshalom-nas/analysis/Sadegh/CX138/CX138/260404/T003346/Network/000043/well007/tm_unfiltered.xlsx,/mnt/benshalom-nas/analysis/Sadegh/CX138/CX138/260404/T003346/Network/000043/well007/rejection_log.xlsx,/mnt/benshalom-nas/analysis/Sadegh/CX138/CX138/260404/T003346/Network/000043/well007/metrics_curated.xlsx,True,True,True,True,True,True,True
CX138,260404,T003346,000043,well008,/mnt/benshalom-nas/analysis/Sadegh/CX138/CX138/260404/T003346/Network/000043/well008,CX138|260404|T003346|000043|well008,/mnt/benshalom-nas/analysis/Sadegh/CX138/CX138/260404/T003346/Network/000043/well008/qm_unfiltered.xlsx,/mnt/benshalom-nas/analysis/Sadegh/CX138/CX138/260404/T003346/Network/000043/well008/network_results.json,/mnt/benshalom-nas/analysis/Sadegh/CX138/CX138/260404/T003346/Network/000043/well008/tm_curated.xlsx,/mnt/benshalom-nas/analysis/Sadegh/CX138/CX138/260404/T003346/Network/000043/well008/spike_times.npy,/mnt/benshalom-nas/analysis/Sadegh/CX138/CX138/260404/T003346/Network/000043/well008/tm_unfiltered.xlsx,/mnt/benshalom-nas/analysis/Sadegh/CX138/CX138/260404/T003346/Network/000043/well008/rejection_log.xlsx,/mnt/benshalom-nas/analysis/Sadegh/CX138/CX138/260404/T003346/Network/000043/well008/metrics_curated.xlsx,True,True,True,True,True,True,True
CX138,260404,T003346,000043,well009,/mnt/benshalom-nas/analysis/Sadegh/CX138/CX138/260404/T003346/Network/000043/well009,CX138|260404|T003346|000043|well009,/mnt/benshalom-nas/analysis/Sadegh/CX138/CX138/260404/T003346/Network/000043/well009/qm_unfiltered.xlsx,/mnt/benshalom-nas/analysis/Sadegh/CX138/CX138/260404/T003346/Network/000043/well009/network_results.json,/mnt/benshalom-nas/analysis/Sadegh/CX138/CX138/260404/T003346/Network/000043/well009/tm_curated.xlsx,/mnt/benshalom-nas/analysis/Sadegh/CX138/CX138/260404/T003346/Network/000043/well009/spike_times.npy,/mnt/benshalom-nas/analysis/Sadegh/CX138/CX138/260404/T003346/Network/000043/well009/tm_unfiltered.xlsx,/mnt/benshalom-nas/analysis/Sadegh/CX138/CX138/260404/T003346/Network/000043/well009/rejection_log.xlsx,/mnt/benshalom-nas/analysis/Sadegh/CX138/CX138/260404/T003346/Network/000043/well009/metrics_curated.xlsx,True,True,True,True,True,True,True
CX138,260404,T003346,000043,well010,/mnt/benshalom-nas/analysis/Sadegh/CX138/CX138/260404/T003346/Network/000043/well010,CX138|260404|T003346|000043|well010,/mnt/benshalom-nas/analysis/Sadegh/CX138/CX138/260404/T003346/Network/000043/well010/qm_unfiltered.xlsx,/mnt/benshalom-nas/analysis/Sadegh/CX138/CX138/260404/T003346/Network/000043/well010/network_results.json,/mnt/benshalom-nas/analysis/Sadegh/CX138/CX138/260404/T003346/Network/000043/well010/tm_curated.xlsx,/mnt/benshalom-nas/analysis/Sadegh/CX138/CX138/260404/T003346/Network/000043/well010/spike_times.npy,/mnt/benshalom-nas/analysis/Sadegh/CX138/CX138/260404/T003346/Network/000043/well010/tm_unfiltered.xlsx,/mnt/benshalom-nas/analysis/Sadegh/CX138/CX138/260404/T003346/Network/000043/well010/rejection_log.xlsx,/mnt/benshalom-nas/analysis/Sadegh/CX138/CX138/260404/T003346/Network/000043/well010/metrics_curated.xlsx,True,True,True,True,True,True,True
CX138,260404,T003346,000043,well011,/mnt/benshalom-nas/analysis/Sadegh/CX138/CX138/260404/T003346/Network/000043/well011,CX138|260404|T003346|000043|well011,/mnt/benshalom-nas/analysis/Sadegh/CX138/CX138/260404/T003346/Network/000043/well011/qm_unfiltered.xlsx,/mnt/benshalom-nas/analysis/Sadegh/CX138/CX138/260404/T003346/Network/000043/well011/network_results.json,/mnt/benshalom-nas/analysis/Sadegh/CX138/CX138/260404/T003346/Network/000043/well011/tm_curated.xlsx,/mnt/benshalom-nas/analysis/Sadegh/CX138/CX138/260404/T003346/Network/000043/well011/spike_times.npy,/mnt/benshalom-nas/analysis/Sadegh/CX138/CX138/260404/T003346/Network/000043/well011/tm_unfiltered.xlsx,/mnt/benshalom-nas/analysis/Sadegh/CX138/CX138/260404/T003346/Network/000043/well011/rejection_log.xlsx,/mnt/benshalom-nas/analysis/Sadegh/CX138/CX138/260404/T003346/Network/000043/well011/metrics_curated.xlsx,True,True,True,True,True,True,True
CX138,260404,T003346,000043,well012,/mnt/benshalom-nas/analysis/Sadegh/CX138/CX138/260404/T003346/Network/000043/well012,CX138|260404|T003346|000043|well012,/mnt/benshalom-nas/analysis/Sadegh/CX138/CX138/260404/T003346/Network/000043/well012/qm_unfiltered.xlsx,/mnt/benshalom-nas/analysis/Sadegh/CX138/CX138/260404/T003346/Network/000043/well012/network_results.json,/mnt/benshalom-nas/analysis/Sadegh/CX138/CX138/260404/T003346/Network/000043/well012/tm_curated.xlsx,/mnt/benshalom-nas/analysis/Sadegh/CX138/CX138/260404/T003346/Network/000043/well012/spike_times.npy,/mnt/benshalom-nas/analysis/Sadegh/CX138/CX138/260404/T003346/Network/000043/well012/tm_unfiltered.xlsx,/mnt/benshalom-nas/analysis/Sadegh/CX138/CX138/260404/T003346/Network/000043/well012/rejection_log.xlsx,/mnt/benshalom-nas/analysis/Sadegh/CX138/CX138/260404/T003346/Network/000043/well012/metrics_curated.xlsx,True,True,True,True,True,True,True
CX138,260404,T003346,000043,well013,/mnt/benshalom-nas/analysis/Sadegh/CX138/CX138/260404/T003346/Network/000043/well013,CX138|260404|T003346|000043|well013,/mnt/benshalom-nas/analysis/Sadegh/CX138/CX138/260404/T003346/Network/000043/well013/qm_unfiltered.xlsx,/mnt/benshalom-nas/analysis/Sadegh/CX138/CX138/260404/T003346/Network/000043/well013/network_results.json,/mnt/benshalom-nas/analysis/Sadegh/CX138/CX138/260404/T003346/Network/000043/well013/tm_curated.xlsx,/mnt/benshalom-nas/analysis/Sadegh/CX138/CX138/260404/T003346/Network/000043/well013/spike_times.npy,/mnt/benshalom-nas/analysis/Sadegh/CX138/CX138/260404/T003346/Network/000043/well013/tm_unfiltered.xlsx,/mnt/benshalom-nas/analysis/Sadegh/CX138/CX138/260404/T003346/Network/000043/well013/rejection_log.xlsx,/mnt/benshalom-nas/analysis/Sadegh/CX138/CX138/260404/T003346/Network/000043/well013/metrics_curated.xlsx,True,True,True,True,True,True,True
CX138,260404,T003346,000043,well014,/mnt/benshalom-nas/analysis/Sadegh/CX138/CX138/260404/T003346/Network/000043/well014,CX138|260404|T003346|000043|well014,/mnt/benshalom-nas/analysis/Sadegh/CX138/CX138/260404/T003346/Network/000043/well014/qm_unfiltered.xlsx,/mnt/benshalom-nas/analysis/Sadegh/CX138/CX138/260404/T003346/Network/000043/well014/network_results.json,/mnt/benshalom-nas/analysis/Sadegh/CX138/CX138/260404/T003346/Network/000043/well014/tm_curated.xlsx,/mnt/benshalom-nas/analysis/Sadegh/CX138/CX138/260404/T003346/Network/000043/well014/spike_times.npy,/mnt/benshalom-nas/analysis/Sadegh/CX138/CX138/260404/T003346/Network/000043/well014/tm_unfiltered.xlsx,/mnt/benshalom-nas/analysis/Sadegh/CX138/CX138/260404/T003346/Network/000043/well014/rejection_log.xlsx,/mnt/benshalom-nas/analysis/Sadegh/CX138/CX138/260404/T003346/Network/000043/well014/metrics_curated.xlsx,True,True,True,True,True,True,True
CX138,260404,T003346,000043,well015,/mnt/benshalom-nas/analysis/Sadegh/CX138/CX138/260404/T003346/Network/000043/well015,CX138|260404|T003346|000043|well015,/mnt/benshalom-nas/analysis/Sadegh/CX138/CX138/260404/T003346/Network/000043/well015/qm_unfiltered.xlsx,/mnt/benshalom-nas/analysis/Sadegh/CX138/CX138/260404/T003346/Network/000043/well015/network_results.json,/mnt/benshalom-nas/analysis/Sadegh/CX138/CX138/260404/T003346/Network/000043/well015/tm_curated.xlsx,/mnt/benshalom-nas/analysis/Sadegh/CX138/CX138/260404/T003346/Network/000043/well015/spike_times.npy,/mnt/benshalom-nas/analysis/Sadegh/CX138/CX138/260404/T003346/Network/000043/well015/tm_unfiltered.xlsx,/mnt/benshalom-nas/analysis/Sadegh/CX138/CX138/260404/T003346/Network/000043/well015/rejection_log.xlsx,/mnt/benshalom-nas/analysis/Sadegh/CX138/CX138/260404/T003346/Network/000043/well015/metrics_curated.xlsx,True,True,True,True,True,True,True
CX138,260404,T003346,000043,well016,/mnt/benshalom-nas/analysis/Sadegh/CX138/CX138/260404/T003346/Network/000043/well016,CX138|260404|T003346|000043|well016,/mnt/benshalom-nas/analysis/Sadegh/CX138/CX138/260404/T003346/Network/000043/well016/qm_unfiltered.xlsx,/mnt/benshalom-nas/analysis/Sadegh/CX138/CX138/260404/T003346/Network/000043/well016/network_results.json,/mnt/benshalom-nas/analysis/Sadegh/CX138/CX138/260404/T003346/Network/000043/well016/tm_curated.xlsx,/mnt/benshalom-nas/analysis/Sadegh/CX138/CX138/260404/T003346/Network/000043/well016/spike_times.npy,/mnt/benshalom-nas/analysis/Sadegh/CX138/CX138/260404/T003346/Network/000043/well016/tm_unfiltered.xlsx,/mnt/benshalom-nas/analysis/Sadegh/CX138/CX138/260404/T003346/Network/000043/well016/rejection_log.xlsx,/mnt/benshalom-nas/analysis/Sadegh/CX138/CX138/260404/T003346/Network/000043/well016/metrics_curated.xlsx,True,True,True,True,True,True,True
CX138,260404,T003346,000043,well017,/mnt/benshalom-nas/analysis/Sadegh/CX138/CX138/260404/T003346/Network/000043/well017,CX138|260404|T003346|000043|well017,/mnt/benshalom-nas/analysis/Sadegh/CX138/CX138/260404/T003346/Network/000043/well017/qm_unfiltered.xlsx,/mnt/benshalom-nas/analysis/Sadegh/CX138/CX138/260404/T003346/Network/000043/well017/network_results.json,/mnt/benshalom-nas/analysis/Sadegh/CX138/CX138/260404/T003346/Network/000043/well017/tm_curated.xlsx,/mnt/benshalom-nas/analysis/Sadegh/CX138/CX138/260404/T003346/Network/000043/well017/spike_times.npy,/mnt/benshalom-nas/analysis/Sadegh/CX138/CX138/260404/T003346/Network/000043/well017/tm_unfiltered.xlsx,/mnt/benshalom-nas/analysis/Sadegh/CX138/CX138/260404/T003346/Network/000043/well017/rejection_log.xlsx,/mnt/benshalom-nas/analysis/Sadegh/CX138/CX138/260404/T003346/Network/000043/well017/metrics_curated.xlsx,True,True,True,True,True,True,True
CX138,260404,T003346,000043,well018,/mnt/benshalom-nas/analysis/Sadegh/CX138/CX138/260404/T003346/Network/000043/well018,CX138|260404|T003346|000043|well018,/mnt/benshalom-nas/analysis/Sadegh/CX138/CX138/260404/T003346/Network/000043/well018/qm_unfiltered.xlsx,/mnt/benshalom-nas/analysis/Sadegh/CX138/CX138/260404/T003346/Network/000043/well018/network_results.json,/mnt/benshalom-nas/analysis/Sadegh/CX138/CX138/260404/T003346/Network/000043/well018/tm_curated.xlsx,/mnt/benshalom-nas/analysis/Sadegh/CX138/CX138/260404/T003346/Network/000043/well018/spike_times.npy,/mnt/benshalom-nas/analysis/Sadegh/CX138/CX138/260404/T003346/Network/000043/well018/tm_unfiltered.xlsx,/mnt/benshalom-nas/analysis/Sadegh/CX138/CX138/260404/T003346/Network/000043/well018/rejection_log.xlsx,/mnt/benshalom-nas/analysis/Sadegh/CX138/CX138/260404/T003346/Network/000043/well018/metrics_curated.xlsx,True,True,True,True,True,True,True
CX138,260404,T003346,000043,well019,/mnt/benshalom-nas/analysis/Sadegh/CX138/CX138/260404/T003346/Network/000043/well019,CX138|260404|T003346|000043|well019,/mnt/benshalom-nas/analysis/Sadegh/CX138/CX138/260404/T003346/Network/000043/well019/qm_unfiltered.xlsx,/mnt/benshalom-nas/analysis/Sadegh/CX138/CX138/260404/T003346/Network/000043/well019/network_results.json,/mnt/benshalom-nas/analysis/Sadegh/CX138/CX138/260404/T003346/Network/000043/well019/tm_curated.xlsx,/mnt/benshalom-nas/analysis/Sadegh/CX138/CX138/260404/T003346/Network/000043/well019/spike_times.npy,/mnt/benshalom-nas/analysis/Sadegh/CX138/CX138/260404/T003346/Network/000043/well019/tm_unfiltered.xlsx,/mnt/benshalom-nas/analysis/Sadegh/CX138/CX138/260404/T003346/Network/000043/well019/rejection_log.xlsx,/mnt/benshalom-nas/analysis/Sadegh/CX138/CX138/260404/T003346/Network/000043/well019/metrics_curated.xlsx,True,True,True,True,True,True,True
CX138,260404,T003346,000043,well020,/mnt/benshalom-nas/analysis/Sadegh/CX138/CX138/260404/T003346/Network/000043/well020,CX138|260404|T003346|000043|well020,/mnt/benshalom-nas/analysis/Sadegh/CX138/CX138/260404/T003346/Network/000043/well020/qm_unfiltered.xlsx,/mnt/benshalom-nas/analysis/Sadegh/CX138/CX138/260404/T003346/Network/000043/well020/network_results.json,/mnt/benshalom-nas/analysis/Sadegh/CX138/CX138/260404/T003346/Network/000043/well020/tm_curated.xlsx,/mnt/benshalom-nas/analysis/Sadegh/CX138/CX138/260404/T003346/Network/000043/well020/spike_times.npy,/mnt/benshalom-nas/analysis/Sadegh/CX138/CX138/260404/T003346/Network/000043/well020/tm_unfiltered.xlsx,/mnt/benshalom-nas/analysis/Sadegh/CX138/CX138/260404/T003346/Network/000043/well020/rejection_log.xlsx,/mnt/benshalom-nas/analysis/Sadegh/CX138/CX138/260404/T003346/Network/000043/well020/metrics_curated.xlsx,True,True,True,True,True,True,True
CX138,260404,T003346,000043,well021,/mnt/benshalom-nas/analysis/Sadegh/CX138/CX138/260404/T003346/Network/000043/well021,CX138|260404|T003346|000043|well021,/mnt/benshalom-nas/analysis/Sadegh/CX138/CX138/260404/T003346/Network/000043/well021/qm_unfiltered.xlsx,/mnt/benshalom-nas/analysis/Sadegh/CX138/CX138/260404/T003346/Network/000043/well021/network_results.json,/mnt/benshalom-nas/analysis/Sadegh/CX138/CX138/260404/T003346/Network/000043/well021/tm_curated.xlsx,/mnt/benshalom-nas/analysis/Sadegh/CX138/CX138/260404/T003346/Network/000043/well021/spike_times.npy,/mnt/benshalom-nas/analysis/Sadegh/CX138/CX138/260404/T003346/Network/000043/well021/tm_unfiltered.xlsx,/mnt/benshalom-nas/analysis/Sadegh/CX138/CX138/260404/T003346/Network/000043/well021/rejection_log.xlsx,/mnt/benshalom-nas/analysis/Sadegh/CX138/CX138/260404/T003346/Network/000043/well021/metrics_curated.xlsx,True,True,True,True,True,True,True
CX138,260404,T003346,000043,well022,/mnt/benshalom-nas/analysis/Sadegh/CX138/CX138/260404/T003346/Network/000043/well022,CX138|260404|T003346|000043|well022,/mnt/benshalom-nas/analysis/Sadegh/CX138/CX138/260404/T003346/Network/000043/well022/qm_unfiltered.xlsx,/mnt/benshalom-nas/analysis/Sadegh/CX138/CX138/260404/T003346/Network/000043/well022/network_results.json,/mnt/benshalom-nas/analysis/Sadegh/CX138/CX138/260404/T003346/Network/000043/well022/tm_curated.xlsx,/mnt/benshalom-nas/analysis/Sadegh/CX138/CX138/260404/T003346/Network/000043/well022/spike_times.npy,/mnt/benshalom-nas/analysis/Sadegh/CX138/CX138/260404/T003346/Network/000043/well022/tm_unfiltered.xlsx,/mnt/benshalom-nas/analysis/Sadegh/CX138/CX138/260404/T003346/Network/000043/well022/rejection_log.xlsx,/mnt/benshalom-nas/analysis/Sadegh/CX138/CX138/260404/T003346/Network/000043/well022/metrics_curated.xlsx,True,True,True,True,True,True,True
CX138,260404,T003346,000043,well023,/mnt/benshalom-nas/analysis/Sadegh/CX138/CX138/260404/T003346/Network/000043/well023,CX138|260404|T003346|000043|well023,/mnt/benshalom-nas/analysis/Sadegh/CX138/CX138/260404/T003346/Network/000043/well023/qm_unfiltered.xlsx,/mnt/benshalom-nas/analysis/Sadegh/CX138/CX138/260404/T003346/Network/000043/well023/network_results.json,/mnt/benshalom-nas/analysis/Sadegh/CX138/CX138/260404/T003346/Network/000043/well023/tm_curated.xlsx,/mnt/benshalom-nas/analysis/Sadegh/CX138/CX138/260404/T003346/Network/000043/well023/spike_times.npy,/mnt/benshalom-nas/analysis/Sadegh/CX138/CX138/260404/T003346/Network/000043/well023/tm_unfiltered.xlsx,/mnt/benshalom-nas/analysis/Sadegh/CX138/CX138/260404/T003346/Network/000043/well023/rejection_log.xlsx,/mnt/benshalom-nas/analysis/Sadegh/CX138/CX138/260404/T003346/Network/000043/well023/metrics_curated.xlsx,True,True,True,True,True,True,True
CX138,260404,T003346,000044,well000,/mnt/benshalom-nas/analysis/Sadegh/CX138/CX138/260404/T003346/Network/000044/well000,CX138|260404|T003346|000044|well000,/mnt/benshalom-nas/analysis/Sadegh/CX138/CX138/260404/T003346/Network/000044/well000/qm_unfiltered.xlsx,/mnt/benshalom-nas/analysis/Sadegh/CX138/CX138/260404/T003346/Network/000044/well000/network_results.json,/mnt/benshalom-nas/analysis/Sadegh/CX138/CX138/260404/T003346/Network/000044/well000/tm_curated.xlsx,/mnt/benshalom-nas/analysis/Sadegh/CX138/CX138/260404/T003346/Network/000044/well000/spike_times.npy,/mnt/benshalom-nas/analysis/Sadegh/CX138/CX138/260404/T003346/Network/000044/well000/tm_unfiltered.xlsx,/mnt/benshalom-nas/analysis/Sadegh/CX138/CX138/260404/T003346/Network/000044/well000/rejection_log.xlsx,/mnt/benshalom-nas/analysis/Sadegh/CX138/CX138/260404/T003346/Network/000044/well000/metrics_curated.xlsx,True,True,True,True,True,True,True
CX138,260404,T003346,000044,well001,/mnt/benshalom-nas/analysis/Sadegh/CX138/CX138/260404/T003346/Network/000044/well001,CX138|260404|T003346|000044|well001,/mnt/benshalom-nas/analysis/Sadegh/CX138/CX138/260404/T003346/Network/000044/well001/qm_unfiltered.xlsx,/mnt/benshalom-nas/analysis/Sadegh/CX138/CX138/260404/T003346/Network/000044/well001/network_results.json,/mnt/benshalom-nas/analysis/Sadegh/CX138/CX138/260404/T003346/Network/000044/well001/tm_curated.xlsx,/mnt/benshalom-nas/analysis/Sadegh/CX138/CX138/260404/T003346/Network/000044/well001/spike_times.npy,/mnt/benshalom-nas/analysis/Sadegh/CX138/CX138/260404/T003346/Network/000044/well001/tm_unfiltered.xlsx,/mnt/benshalom-nas/analysis/Sadegh/CX138/CX138/260404/T003346/Network/000044/well001/rejection_log.xlsx,/mnt/benshalom-nas/analysis/Sadegh/CX138/CX138/260404/T003346/Network/000044/well001/metrics_curated.xlsx,True,True,True,True,True,True,True
CX138,260404,T003346,000044,well002,/mnt/benshalom-nas/analysis/Sadegh/CX138/CX138/260404/T003346/Network/000044/well002,CX138|260404|T003346|000044|well002,/mnt/benshalom-nas/analysis/Sadegh/CX138/CX138/260404/T003346/Network/000044/well002/qm_unfiltered.xlsx,/mnt/benshalom-nas/analysis/Sadegh/CX138/CX138/260404/T003346/Network/000044/well002/network_results.json,/mnt/benshalom-nas/analysis/Sadegh/CX138/CX138/260404/T003346/Network/000044/well002/tm_curated.xlsx,/mnt/benshalom-nas/analysis/Sadegh/CX138/CX138/260404/T003346/Network/000044/well002/spike_times.npy,/mnt/benshalom-nas/analysis/Sadegh/CX138/CX138/260404/T003346/Network/000044/well002/tm_unfiltered.xlsx,/mnt/benshalom-nas/analysis/Sadegh/CX138/CX138/260404/T003346/Network/000044/well002/rejection_log.xlsx,/mnt/benshalom-nas/analysis/Sadegh/CX138/CX138/260404/T003346/Network/000044/well002/metrics_curated.xlsx,True,True,True,True,True,True,True
CX138,260404,T003346,000044,well003,/mnt/benshalom-nas/analysis/Sadegh/CX138/CX138/260404/T003346/Network/000044/well003,CX138|260404|T003346|000044|well003,/mnt/benshalom-nas/analysis/Sadegh/CX138/CX138/260404/T003346/Network/000044/well003/qm_unfiltered.xlsx,/mnt/benshalom-nas/analysis/Sadegh/CX138/CX138/260404/T003346/Network/000044/well003/network_results.json,/mnt/benshalom-nas/analysis/Sadegh/CX138/CX138/260404/T003346/Network/000044/well003/tm_curated.xlsx,/mnt/benshalom-nas/analysis/Sadegh/CX138/CX138/260404/T003346/Network/000044/well003/spike_times.npy,/mnt/benshalom-nas/analysis/Sadegh/CX138/CX138/260404/T003346/Network/000044/well003/tm_unfiltered.xlsx,/mnt/benshalom-nas/analysis/Sadegh/CX138/CX138/260404/T003346/Network/000044/well003/rejection_log.xlsx,/mnt/benshalom-nas/analysis/Sadegh/CX138/CX138/260404/T003346/Network/000044/well003/metrics_curated.xlsx,True,True,True,True,True,True,True
CX138,260404,T003346,000044,well004,/mnt/benshalom-nas/analysis/Sadegh/CX138/CX138/260404/T003346/Network/000044/well004,CX138|260404|T003346|000044|well004,/mnt/benshalom-nas/analysis/Sadegh/CX138/CX138/260404/T003346/Network/000044/well004/qm_unfiltered.xlsx,/mnt/benshalom-nas/analysis/Sadegh/CX138/CX138/260404/T003346/Network/000044/well004/network_results.json,/mnt/benshalom-nas/analysis/Sadegh/CX138/CX138/260404/T003346/Network/000044/well004/tm_curated.xlsx,/mnt/benshalom-nas/analysis/Sadegh/CX138/CX138/260404/T003346/Network/000044/well004/spike_times.npy,/mnt/benshalom-nas/analysis/Sadegh/CX138/CX138/260404/T003346/Network/000044/well004/tm_unfiltered.xlsx,/mnt/benshalom-nas/analysis/Sadegh/CX138/CX138/260404/T003346/Network/000044/well004/rejection_log.xlsx,/mnt/benshalom-nas/analysis/Sadegh/CX138/CX138/260404/T003346/Network/000044/well004/metrics_curated.xlsx,True,True,True,True,True,True,True
CX138,260404,T003346,000044,well005,/mnt/benshalom-nas/analysis/Sadegh/CX138/CX138/260404/T003346/Network/000044/well005,CX138|260404|T003346|000044|well005,/mnt/benshalom-nas/analysis/Sadegh/CX138/CX138/260404/T003346/Network/000044/well005/qm_unfiltered.xlsx,/mnt/benshalom-nas/analysis/Sadegh/CX138/CX138/260404/T003346/Network/000044/well005/network_results.json,/mnt/benshalom-nas/analysis/Sadegh/CX138/CX138/260404/T003346/Network/000044/well005/tm_curated.xlsx,/mnt/benshalom-nas/analysis/Sadegh/CX138/CX138/260404/T003346/Network/000044/well005/spike_times.npy,/mnt/benshalom-nas/analysis/Sadegh/CX138/CX138/260404/T003346/Network/000044/well005/tm_unfiltered.xlsx,/mnt/benshalom-nas/analysis/Sadegh/CX138/CX138/260404/T003346/Network/000044/well005/rejection_log.xlsx,/mnt/benshalom-nas/analysis/Sadegh/CX138/CX138/260404/T003346/Network/000044/well005/metrics_curated.xlsx,True,True,True,True,True,True,True
CX138,260404,T003346,000044,well006,/mnt/benshalom-nas/analysis/Sadegh/CX138/CX138/260404/T003346/Network/000044/well006,CX138|260404|T003346|000044|well006,/mnt/benshalom-nas/analysis/Sadegh/CX138/CX138/260404/T003346/Network/000044/well006/qm_unfiltered.xlsx,/mnt/benshalom-nas/analysis/Sadegh/CX138/CX138/260404/T003346/Network/000044/well006/network_results.json,/mnt/benshalom-nas/analysis/Sadegh/CX138/CX138/260404/T003346/Network/000044/well006/tm_curated.xlsx,/mnt/benshalom-nas/analysis/Sadegh/CX138/CX138/260404/T003346/Network/000044/well006/spike_times.npy,/mnt/benshalom-nas/analysis/Sadegh/CX138/CX138/260404/T003346/Network/000044/well006/tm_unfiltered.xlsx,/mnt/benshalom-nas/analysis/Sadegh/CX138/CX138/260404/T003346/Network/000044/well006/rejection_log.xlsx,/mnt/benshalom-nas/analysis/Sadegh/CX138/CX138/260404/T003346/Network/000044/well006/metrics_curated.xlsx,True,True,True,True,True,True,True
CX138,260404,T003346,000044,well007,/mnt/benshalom-nas/analysis/Sadegh/CX138/CX138/260404/T003346/Network/000044/well007,CX138|260404|T003346|000044|well007,/mnt/benshalom-nas/analysis/Sadegh/CX138/CX138/260404/T003346/Network/000044/well007/qm_unfiltered.xlsx,/mnt/benshalom-nas/analysis/Sadegh/CX138/CX138/260404/T003346/Network/000044/well007/network_results.json,/mnt/benshalom-nas/analysis/Sadegh/CX138/CX138/260404/T003346/Network/000044/well007/tm_curated.xlsx,/mnt/benshalom-nas/analysis/Sadegh/CX138/CX138/260404/T003346/Network/000044/well007/spike_times.npy,/mnt/benshalom-nas/analysis/Sadegh/CX138/CX138/260404/T003346/Network/000044/well007/tm_unfiltered.xlsx,/mnt/benshalom-nas/analysis/Sadegh/CX138/CX138/260404/T003346/Network/000044/well007/rejection_log.xlsx,/mnt/benshalom-nas/analysis/Sadegh/CX138/CX138/260404/T003346/Network/000044/well007/metrics_curated.xlsx,True,True,True,True,True,True,True
CX138,260404,T003346,000044,well008,/mnt/benshalom-nas/analysis/Sadegh/CX138/CX138/260404/T003346/Network/000044/well008,CX138|260404|T003346|000044|well008,/mnt/benshalom-nas/analysis/Sadegh/CX138/CX138/260404/T003346/Network/000044/well008/qm_unfiltered.xlsx,/mnt/benshalom-nas/analysis/Sadegh/CX138/CX138/260404/T003346/Network/000044/well008/network_results.json,/mnt/benshalom-nas/analysis/Sadegh/CX138/CX138/260404/T003346/Network/000044/well008/tm_curated.xlsx,/mnt/benshalom-nas/analysis/Sadegh/CX138/CX138/260404/T003346/Network/000044/well008/spike_times.npy,/mnt/benshalom-nas/analysis/Sadegh/CX138/CX138/260404/T003346/Network/000044/well008/tm_unfiltered.xlsx,/mnt/benshalom-nas/analysis/Sadegh/CX138/CX138/260404/T003346/Network/000044/well008/rejection_log.xlsx,/mnt/benshalom-nas/analysis/Sadegh/CX138/CX138/260404/T003346/Network/000044/well008/metrics_curated.xlsx,True,True,True,True,True,True,True
CX138,260404,T003346,000044,well009,/mnt/benshalom-nas/analysis/Sadegh/CX138/CX138/260404/T003346/Network/000044/well009,CX138|260404|T003346|000044|well009,/mnt/benshalom-nas/analysis/Sadegh/CX138/CX138/260404/T003346/Network/000044/well009/qm_unfiltered.xlsx,/mnt/benshalom-nas/analysis/Sadegh/CX138/CX138/260404/T003346/Network/000044/well009/network_results.json,/mnt/benshalom-nas/analysis/Sadegh/CX138/CX138/260404/T003346/Network/000044/well009/tm_curated.xlsx,/mnt/benshalom-nas/analysis/Sadegh/CX138/CX138/260404/T003346/Network/000044/well009/spike_times.npy,/mnt/benshalom-nas/analysis/Sadegh/CX138/CX138/260404/T003346/Network/000044/well009/tm_unfiltered.xlsx,/mnt/benshalom-nas/analysis/Sadegh/CX138/CX138/260404/T003346/Network/000044/well009/rejection_log.xlsx,/mnt/benshalom-nas/analysis/Sadegh/CX138/CX138/260404/T003346/Network/000044/well009/metrics_curated.xlsx,True,True,True,True,True,True,True
CX138,260404,T003346,000044,well010,/mnt/benshalom-nas/analysis/Sadegh/CX138/CX138/260404/T003346/Network/000044/well010,CX138|260404|T003346|000044|well010,/mnt/benshalom-nas/analysis/Sadegh/CX138/CX138/260404/T003346/Network/000044/well010/qm_unfiltered.xlsx,/mnt/benshalom-nas/analysis/Sadegh/CX138/CX138/260404/T003346/Network/000044/well010/network_results.json,/mnt/benshalom-nas/analysis/Sadegh/CX138/CX138/260404/T003346/Network/000044/well010/tm_curated.xlsx,/mnt/benshalom-nas/analysis/Sadegh/CX138/CX138/260404/T003346/Network/000044/well010/spike_times.npy,/mnt/benshalom-nas/analysis/Sadegh/CX138/CX138/260404/T003346/Network/000044/well010/tm_unfiltered.xlsx,/mnt/benshalom-nas/analysis/Sadegh/CX138/CX138/260404/T003346/Network/000044/well010/rejection_log.xlsx,/mnt/benshalom-nas/analysis/Sadegh/CX138/CX138/260404/T003346/Network/000044/well010/metrics_curated.xlsx,True,True,True,True,True,True,True
CX138,260404,T003346,000044,well011,/mnt/benshalom-nas/analysis/Sadegh/CX138/CX138/260404/T003346/Network/000044/well011,CX138|260404|T003346|000044|well011,/mnt/benshalom-nas/analysis/Sadegh/CX138/CX138/260404/T003346/Network/000044/well011/qm_unfiltered.xlsx,/mnt/benshalom-nas/analysis/Sadegh/CX138/CX138/260404/T003346/Network/000044/well011/network_results.json,/mnt/benshalom-nas/analysis/Sadegh/CX138/CX138/260404/T003346/Network/000044/well011/tm_curated.xlsx,/mnt/benshalom-nas/analysis/Sadegh/CX138/CX138/260404/T003346/Network/000044/well011/spike_times.npy,/mnt/benshalom-nas/analysis/Sadegh/CX138/CX138/260404/T003346/Network/000044/well011/tm_unfiltered.xlsx,/mnt/benshalom-nas/analysis/Sadegh/CX138/CX138/260404/T003346/Network/000044/well011/rejection_log.xlsx,/mnt/benshalom-nas/analysis/Sadegh/CX138/CX138/260404/T003346/Network/000044/well011/metrics_curated.xlsx,True,True,True,True,True,True,True
CX138,260404,T003346,000044,well012,/mnt/benshalom-nas/analysis/Sadegh/CX138/CX138/260404/T003346/Network/000044/well012,CX138|260404|T003346|000044|well012,/mnt/benshalom-nas/analysis/Sadegh/CX138/CX138/260404/T003346/Network/000044/well012/qm_unfiltered.xlsx,/mnt/benshalom-nas/analysis/Sadegh/CX138/CX138/260404/T003346/Network/000044/well012/network_results.json,/mnt/benshalom-nas/analysis/Sadegh/CX138/CX138/260404/T003346/Network/000044/well012/tm_curated.xlsx,/mnt/benshalom-nas/analysis/Sadegh/CX138/CX138/260404/T003346/Network/000044/well012/spike_times.npy,/mnt/benshalom-nas/analysis/Sadegh/CX138/CX138/260404/T003346/Network/000044/well012/tm_unfiltered.xlsx,/mnt/benshalom-nas/analysis/Sadegh/CX138/CX138/260404/T003346/Network/000044/well012/rejection_log.xlsx,/mnt/benshalom-nas/analysis/Sadegh/CX138/CX138/260404/T003346/Network/000044/well012/metrics_curated.xlsx,True,True,True,True,True,True,True
CX138,260404,T003346,000044,well013,/mnt/benshalom-nas/analysis/Sadegh/CX138/CX138/260404/T003346/Network/000044/well013,CX138|260404|T003346|000044|well013,/mnt/benshalom-nas/analysis/Sadegh/CX138/CX138/260404/T003346/Network/000044/well013/qm_unfiltered.xlsx,/mnt/benshalom-nas/analysis/Sadegh/CX138/CX138/260404/T003346/Network/000044/well013/network_results.json,/mnt/benshalom-nas/analysis/Sadegh/CX138/CX138/260404/T003346/Network/000044/well013/tm_curated.xlsx,/mnt/benshalom-nas/analysis/Sadegh/CX138/CX138/260404/T003346/Network/000044/well013/spike_times.npy,/mnt/benshalom-nas/analysis/Sadegh/CX138/CX138/260404/T003346/Network/000044/well013/tm_unfiltered.xlsx,/mnt/benshalom-nas/analysis/Sadegh/CX138/CX138/260404/T003346/Network/000044/well013/rejection_log.xlsx,/mnt/benshalom-nas/analysis/Sadegh/CX138/CX138/260404/T003346/Network/000044/well013/metrics_curated.xlsx,True,True,True,True,True,True,True
CX138,260404,T003346,000044,well014,/mnt/benshalom-nas/analysis/Sadegh/CX138/CX138/260404/T003346/Network/000044/well014,CX138|260404|T003346|000044|well014,/mnt/benshalom-nas/analysis/Sadegh/CX138/CX138/260404/T003346/Network/000044/well014/qm_unfiltered.xlsx,/mnt/benshalom-nas/analysis/Sadegh/CX138/CX138/260404/T003346/Network/000044/well014/network_results.json,/mnt/benshalom-nas/analysis/Sadegh/CX138/CX138/260404/T003346/Network/000044/well014/tm_curated.xlsx,/mnt/benshalom-nas/analysis/Sadegh/CX138/CX138/260404/T003346/Network/000044/well014/spike_times.npy,/mnt/benshalom-nas/analysis/Sadegh/CX138/CX138/260404/T003346/Network/000044/well014/tm_unfiltered.xlsx,/mnt/benshalom-nas/analysis/Sadegh/CX138/CX138/260404/T003346/Network/000044/well014/rejection_log.xlsx,/mnt/benshalom-nas/analysis/Sadegh/CX138/CX138/260404/T003346/Network/000044/well014/metrics_curated.xlsx,True,True,True,True,True,True,True
CX138,260404,T003346,000044,well015,/mnt/benshalom-nas/analysis/Sadegh/CX138/CX138/260404/T003346/Network/000044/well015,CX138|260404|T003346|000044|well015,/mnt/benshalom-nas/analysis/Sadegh/CX138/CX138/260404/T003346/Network/000044/well015/qm_unfiltered.xlsx,/mnt/benshalom-nas/analysis/Sadegh/CX138/CX138/260404/T003346/Network/000044/well015/network_results.json,/mnt/benshalom-nas/analysis/Sadegh/CX138/CX138/260404/T003346/Network/000044/well015/tm_curated.xlsx,/mnt/benshalom-nas/analysis/Sadegh/CX138/CX138/260404/T003346/Network/000044/well015/spike_times.npy,/mnt/benshalom-nas/analysis/Sadegh/CX138/CX138/260404/T003346/Network/000044/well015/tm_unfiltered.xlsx,/mnt/benshalom-nas/analysis/Sadegh/CX138/CX138/260404/T003346/Network/000044/well015/rejection_log.xlsx,/mnt/benshalom-nas/analysis/Sadegh/CX138/CX138/260404/T003346/Network/000044/well015/metrics_curated.xlsx,True,True,True,True,True,True,True
CX138,260404,T003346,000044,well016,/mnt/benshalom-nas/analysis/Sadegh/CX138/CX138/260404/T003346/Network/000044/well016,CX138|260404|T003346|000044|well016,/mnt/benshalom-nas/analysis/Sadegh/CX138/CX138/260404/T003346/Network/000044/well016/qm_unfiltered.xlsx,/mnt/benshalom-nas/analysis/Sadegh/CX138/CX138/260404/T003346/Network/000044/well016/network_results.json,/mnt/benshalom-nas/analysis/Sadegh/CX138/CX138/260404/T003346/Network/000044/well016/tm_curated.xlsx,/mnt/benshalom-nas/analysis/Sadegh/CX138/CX138/260404/T003346/Network/000044/well016/spike_times.npy,/mnt/benshalom-nas/analysis/Sadegh/CX138/CX138/260404/T003346/Network/000044/well016/tm_unfiltered.xlsx,/mnt/benshalom-nas/analysis/Sadegh/CX138/CX138/260404/T003346/Network/000044/well016/rejection_log.xlsx,/mnt/benshalom-nas/analysis/Sadegh/CX138/CX138/260404/T003346/Network/000044/well016/metrics_curated.xlsx,True,True,True,True,True,True,True
CX138,260404,T003346,000044,well017,/mnt/benshalom-nas/analysis/Sadegh/CX138/CX138/260404/T003346/Network/000044/well017,CX138|260404|T003346|000044|well017,/mnt/benshalom-nas/analysis/Sadegh/CX138/CX138/260404/T003346/Network/000044/well017/qm_unfiltered.xlsx,/mnt/benshalom-nas/analysis/Sadegh/CX138/CX138/260404/T003346/Network/000044/well017/network_results.json,/mnt/benshalom-nas/analysis/Sadegh/CX138/CX138/260404/T003346/Network/000044/well017/tm_curated.xlsx,/mnt/benshalom-nas/analysis/Sadegh/CX138/CX138/260404/T003346/Network/000044/well017/spike_times.npy,/mnt/benshalom-nas/analysis/Sadegh/CX138/CX138/260404/T003346/Network/000044/well017/tm_unfiltered.xlsx,/mnt/benshalom-nas/analysis/Sadegh/CX138/CX138/260404/T003346/Network/000044/well017/rejection_log.xlsx,/mnt/benshalom-nas/analysis/Sadegh/CX138/CX138/260404/T003346/Network/000044/well017/metrics_curated.xlsx,True,True,True,True,True,True,True
CX138,260404,T003346,000044,well018,/mnt/benshalom-nas/analysis/Sadegh/CX138/CX138/260404/T003346/Network/000044/well018,CX138|260404|T003346|000044|well018,/mnt/benshalom-nas/analysis/Sadegh/CX138/CX138/260404/T003346/Network/000044/well018/qm_unfiltered.xlsx,/mnt/benshalom-nas/analysis/Sadegh/CX138/CX138/260404/T003346/Network/000044/well018/network_results.json,/mnt/benshalom-nas/analysis/Sadegh/CX138/CX138/260404/T003346/Network/000044/well018/tm_curated.xlsx,/mnt/benshalom-nas/analysis/Sadegh/CX138/CX138/260404/T003346/Network/000044/well018/spike_times.npy,/mnt/benshalom-nas/analysis/Sadegh/CX138/CX138/260404/T003346/Network/000044/well018/tm_unfiltered.xlsx,/mnt/benshalom-nas/analysis/Sadegh/CX138/CX138/260404/T003346/Network/000044/well018/rejection_log.xlsx,/mnt/benshalom-nas/analysis/Sadegh/CX138/CX138/260404/T003346/Network/000044/well018/metrics_curated.xlsx,True,True,True,True,True,True,True
CX138,260404,T003346,000044,well019,/mnt/benshalom-nas/analysis/Sadegh/CX138/CX138/260404/T003346/Network/000044/well019,CX138|260404|T003346|000044|well019,/mnt/benshalom-nas/analysis/Sadegh/CX138/CX138/260404/T003346/Network/000044/well019/qm_unfiltered.xlsx,/mnt/benshalom-nas/analysis/Sadegh/CX138/CX138/260404/T003346/Network/000044/well019/network_results.json,/mnt/benshalom-nas/analysis/Sadegh/CX138/CX138/260404/T003346/Network/000044/well019/tm_curated.xlsx,/mnt/benshalom-nas/analysis/Sadegh/CX138/CX138/260404/T003346/Network/000044/well019/spike_times.npy,/mnt/benshalom-nas/analysis/Sadegh/CX138/CX138/260404/T003346/Network/000044/well019/tm_unfiltered.xlsx,/mnt/benshalom-nas/analysis/Sadegh/CX138/CX138/260404/T003346/Network/000044/well019/rejection_log.xlsx,/mnt/benshalom-nas/analysis/Sadegh/CX138/CX138/260404/T003346/Network/000044/well019/metrics_curated.xlsx,True,True,True,True,True,True,True
CX138,260404,T003346,000044,well020,/mnt/benshalom-nas/analysis/Sadegh/CX138/CX138/260404/T003346/Network/000044/well020,CX138|260404|T003346|000044|well020,/mnt/benshalom-nas/analysis/Sadegh/CX138/CX138/260404/T003346/Network/000044/well020/qm_unfiltered.xlsx,/mnt/benshalom-nas/analysis/Sadegh/CX138/CX138/260404/T003346/Network/000044/well020/network_results.json,/mnt/benshalom-nas/analysis/Sadegh/CX138/CX138/260404/T003346/Network/000044/well020/tm_curated.xlsx,/mnt/benshalom-nas/analysis/Sadegh/CX138/CX138/260404/T003346/Network/000044/well020/spike_times.npy,/mnt/benshalom-nas/analysis/Sadegh/CX138/CX138/260404/T003346/Network/000044/well020/tm_unfiltered.xlsx,/mnt/benshalom-nas/analysis/Sadegh/CX138/CX138/260404/T003346/Network/000044/well020/rejection_log.xlsx,/mnt/benshalom-nas/analysis/Sadegh/CX138/CX138/260404/T003346/Network/000044/well020/metrics_curated.xlsx,True,True,True,True,True,True,True
CX138,260404,T003346,000044,well021,/mnt/benshalom-nas/analysis/Sadegh/CX138/CX138/260404/T003346/Network/000044/well021,CX138|260404|T003346|000044|well021,/mnt/benshalom-nas/analysis/Sadegh/CX138/CX138/260404/T003346/Network/000044/well021/qm_unfiltered.xlsx,/mnt/benshalom-nas/analysis/Sadegh/CX138/CX138/260404/T003346/Network/000044/well021/network_results.json,/mnt/benshalom-nas/analysis/Sadegh/CX138/CX138/260404/T003346/Network/000044/well021/tm_curated.xlsx,/mnt/benshalom-nas/analysis/Sadegh/CX138/CX138/260404/T003346/Network/000044/well021/spike_times.npy,/mnt/benshalom-nas/analysis/Sadegh/CX138/CX138/260404/T003346/Network/000044/well021/tm_unfiltered.xlsx,/mnt/benshalom-nas/analysis/Sadegh/CX138/CX138/260404/T003346/Network/000044/well021/rejection_log.xlsx,/mnt/benshalom-nas/analysis/Sadegh/CX138/CX138/260404/T003346/Network/000044/well021/metrics_curated.xlsx,True,True,True,True,True,True,True
CX138,260404,T003346,000044,well022,/mnt/benshalom-nas/analysis/Sadegh/CX138/CX138/260404/T003346/Network/000044/well022,CX138|260404|T003346|000044|well022,/mnt/benshalom-nas/analysis/Sadegh/CX138/CX138/260404/T003346/Network/000044/well022/qm_unfiltered.xlsx,/mnt/benshalom-nas/analysis/Sadegh/CX138/CX138/260404/T003346/Network/000044/well022/network_results.json,/mnt/benshalom-nas/analysis/Sadegh/CX138/CX138/260404/T003346/Network/000044/well022/tm_curated.xlsx,/mnt/benshalom-nas/analysis/Sadegh/CX138/CX138/260404/T003346/Network/000044/well022/spike_times.npy,/mnt/benshalom-nas/analysis/Sadegh/CX138/CX138/260404/T003346/Network/000044/well022/tm_unfiltered.xlsx,/mnt/benshalom-nas/analysis/Sadegh/CX138/CX138/260404/T003346/Network/000044/well022/rejection_log.xlsx,/mnt/benshalom-nas/analysis/Sadegh/CX138/CX138/260404/T003346/Network/000044/well022/metrics_curated.xlsx,True,True,True,True,True,True,True
CX138,260404,T003346,000044,well023,/mnt/benshalom-nas/analysis/Sadegh/CX138/CX138/260404/T003346/Network/000044/well023,CX138|260404|T003346|000044|well023,/mnt/benshalom-nas/analysis/Sadegh/CX138/CX138/260404/T003346/Network/000044/well023/qm_unfiltered.xlsx,/mnt/benshalom-nas/analysis/Sadegh/CX138/CX138/260404/T003346/Network/000044/well023/network_results.json,/mnt/benshalom-nas/analysis/Sadegh/CX138/CX138/260404/T003346/Network/000044/well023/tm_curated.xlsx,/mnt/benshalom-nas/analysis/Sadegh/CX138/CX138/260404/T003346/Network/000044/well023/spike_times.npy,/mnt/benshalom-nas/analysis/Sadegh/CX138/CX138/260404/T003346/Network/000044/well023/tm_unfiltered.xlsx,/mnt/benshalom-nas/analysis/Sadegh/CX138/CX138/260404/T003346/Network/000044/well023/rejection_log.xlsx,/mnt/benshalom-nas/analysis/Sadegh/CX138/CX138/260404/T003346/Network/000044/well023/metrics_curated.xlsx,True,True,True,True,True,True,True
CX138,260405,T003346,000048,well000,/mnt/benshalom-nas/analysis/Sadegh/CX138/CX138/260405/T003346/Network/000048/well000,CX138|260405|T003346|000048|well000,/mnt/benshalom-nas/analysis/Sadegh/CX138/CX138/260405/T003346/Network/000048/well000/qm_unfiltered.xlsx,/mnt/benshalom-nas/analysis/Sadegh/CX138/CX138/260405/T003346/Network/000048/well000/network_results.json,/mnt/benshalom-nas/analysis/Sadegh/CX138/CX138/260405/T003346/Network/000048/well000/tm_curated.xlsx,/mnt/benshalom-nas/analysis/Sadegh/CX138/CX138/260405/T003346/Network/000048/well000/spike_times.npy,/mnt/benshalom-nas/analysis/Sadegh/CX138/CX138/260405/T003346/Network/000048/well000/tm_unfiltered.xlsx,/mnt/benshalom-nas/analysis/Sadegh/CX138/CX138/260405/T003346/Network/000048/well000/rejection_log.xlsx,/mnt/benshalom-nas/analysis/Sadegh/CX138/CX138/260405/T003346/Network/000048/well000/metrics_curated.xlsx,True,True,True,True,True,True,True
CX138,260405,T003346,000048,well001,/mnt/benshalom-nas/analysis/Sadegh/CX138/CX138/260405/T003346/Network/000048/well001,CX138|260405|T003346|000048|well001,/mnt/benshalom-nas/analysis/Sadegh/CX138/CX138/260405/T003346/Network/000048/well001/qm_unfiltered.xlsx,/mnt/benshalom-nas/analysis/Sadegh/CX138/CX138/260405/T003346/Network/000048/well001/network_results.json,/mnt/benshalom-nas/analysis/Sadegh/CX138/CX138/260405/T003346/Network/000048/well001/tm_curated.xlsx,/mnt/benshalom-nas/analysis/Sadegh/CX138/CX138/260405/T003346/Network/000048/well001/spike_times.npy,/mnt/benshalom-nas/analysis/Sadegh/CX138/CX138/260405/T003346/Network/000048/well001/tm_unfiltered.xlsx,/mnt/benshalom-nas/analysis/Sadegh/CX138/CX138/260405/T003346/Network/000048/well001/rejection_log.xlsx,/mnt/benshalom-nas/analysis/Sadegh/CX138/CX138/260405/T003346/Network/000048/well001/metrics_curated.xlsx,True,True,True,True,True,True,True
CX138,260405,T003346,000048,well002,/mnt/benshalom-nas/analysis/Sadegh/CX138/CX138/260405/T003346/Network/000048/well002,CX138|260405|T003346|000048|well002,/mnt/benshalom-nas/analysis/Sadegh/CX138/CX138/260405/T003346/Network/000048/well002/qm_unfiltered.xlsx,/mnt/benshalom-nas/analysis/Sadegh/CX138/CX138/260405/T003346/Network/000048/well002/network_results.json,/mnt/benshalom-nas/analysis/Sadegh/CX138/CX138/260405/T003346/Network/000048/well002/tm_curated.xlsx,/mnt/benshalom-nas/analysis/Sadegh/CX138/CX138/260405/T003346/Network/000048/well002/spike_times.npy,/mnt/benshalom-nas/analysis/Sadegh/CX138/CX138/260405/T003346/Network/000048/well002/tm_unfiltered.xlsx,/mnt/benshalom-nas/analysis/Sadegh/CX138/CX138/260405/T003346/Network/000048/well002/rejection_log.xlsx,/mnt/benshalom-nas/analysis/Sadegh/CX138/CX138/260405/T003346/Network/000048/well002/metrics_curated.xlsx,True,True,True,True,True,True,True
CX138,260405,T003346,000048,well003,/mnt/benshalom-nas/analysis/Sadegh/CX138/CX138/260405/T003346/Network/000048/well003,CX138|260405|T003346|000048|well003,/mnt/benshalom-nas/analysis/Sadegh/CX138/CX138/260405/T003346/Network/000048/well003/qm_unfiltered.xlsx,/mnt/benshalom-nas/analysis/Sadegh/CX138/CX138/260405/T003346/Network/000048/well003/network_results.json,/mnt/benshalom-nas/analysis/Sadegh/CX138/CX138/260405/T003346/Network/000048/well003/tm_curated.xlsx,/mnt/benshalom-nas/analysis/Sadegh/CX138/CX138/260405/T003346/Network/000048/well003/spike_times.npy,/mnt/benshalom-nas/analysis/Sadegh/CX138/CX138/260405/T003346/Network/000048/well003/tm_unfiltered.xlsx,/mnt/benshalom-nas/analysis/Sadegh/CX138/CX138/260405/T003346/Network/000048/well003/rejection_log.xlsx,/mnt/benshalom-nas/analysis/Sadegh/CX138/CX138/260405/T003346/Network/000048/well003/metrics_curated.xlsx,True,True,True,True,True,True,True
CX138,260405,T003346,000048,well004,/mnt/benshalom-nas/analysis/Sadegh/CX138/CX138/260405/T003346/Network/000048/well004,CX138|260405|T003346|000048|well004,/mnt/benshalom-nas/analysis/Sadegh/CX138/CX138/260405/T003346/Network/000048/well004/qm_unfiltered.xlsx,/mnt/benshalom-nas/analysis/Sadegh/CX138/CX138/260405/T003346/Network/000048/well004/network_results.json,/mnt/benshalom-nas/analysis/Sadegh/CX138/CX138/260405/T003346/Network/000048/well004/tm_curated.xlsx,/mnt/benshalom-nas/analysis/Sadegh/CX138/CX138/260405/T003346/Network/000048/well004/spike_times.npy,/mnt/benshalom-nas/analysis/Sadegh/CX138/CX138/260405/T003346/Network/000048/well004/tm_unfiltered.xlsx,/mnt/benshalom-nas/analysis/Sadegh/CX138/CX138/260405/T003346/Network/000048/well004/rejection_log.xlsx,/mnt/benshalom-nas/analysis/Sadegh/CX138/CX138/260405/T003346/Network/000048/well004/metrics_curated.xlsx,True,True,True,True,True,True,True
CX138,260405,T003346,000048,well005,/mnt/benshalom-nas/analysis/Sadegh/CX138/CX138/260405/T003346/Network/000048/well005,CX138|260405|T003346|000048|well005,/mnt/benshalom-nas/analysis/Sadegh/CX138/CX138/260405/T003346/Network/000048/well005/qm_unfiltered.xlsx,/mnt/benshalom-nas/analysis/Sadegh/CX138/CX138/260405/T003346/Network/000048/well005/network_results.json,/mnt/benshalom-nas/analysis/Sadegh/CX138/CX138/260405/T003346/Network/000048/well005/tm_curated.xlsx,/mnt/benshalom-nas/analysis/Sadegh/CX138/CX138/260405/T003346/Network/000048/well005/spike_times.npy,/mnt/benshalom-nas/analysis/Sadegh/CX138/CX138/260405/T003346/Network/000048/well005/tm_unfiltered.xlsx,/mnt/benshalom-nas/analysis/Sadegh/CX138/CX138/260405/T003346/Network/000048/well005/rejection_log.xlsx,/mnt/benshalom-nas/analysis/Sadegh/CX138/CX138/260405/T003346/Network/000048/well005/metrics_curated.xlsx,True,True,True,True,True,True,True
CX138,260405,T003346,000048,well006,/mnt/benshalom-nas/analysis/Sadegh/CX138/CX138/260405/T003346/Network/000048/well006,CX138|260405|T003346|000048|well006,/mnt/benshalom-nas/analysis/Sadegh/CX138/CX138/260405/T003346/Network/000048/well006/qm_unfiltered.xlsx,/mnt/benshalom-nas/analysis/Sadegh/CX138/CX138/260405/T003346/Network/000048/well006/network_results.json,/mnt/benshalom-nas/analysis/Sadegh/CX138/CX138/260405/T003346/Network/000048/well006/tm_curated.xlsx,/mnt/benshalom-nas/analysis/Sadegh/CX138/CX138/260405/T003346/Network/000048/well006/spike_times.npy,/mnt/benshalom-nas/analysis/Sadegh/CX138/CX138/260405/T003346/Network/000048/well006/tm_unfiltered.xlsx,/mnt/benshalom-nas/analysis/Sadegh/CX138/CX138/260405/T003346/Network/000048/well006/rejection_log.xlsx,/mnt/benshalom-nas/analysis/Sadegh/CX138/CX138/260405/T003346/Network/000048/well006/metrics_curated.xlsx,True,True,True,True,True,True,True
CX138,260405,T003346,000048,well007,/mnt/benshalom-nas/analysis/Sadegh/CX138/CX138/260405/T003346/Network/000048/well007,CX138|260405|T003346|000048|well007,/mnt/benshalom-nas/analysis/Sadegh/CX138/CX138/260405/T003346/Network/000048/well007/qm_unfiltered.xlsx,/mnt/benshalom-nas/analysis/Sadegh/CX138/CX138/260405/T003346/Network/000048/well007/network_results.json,/mnt/benshalom-nas/analysis/Sadegh/CX138/CX138/260405/T003346/Network/000048/well007/tm_curated.xlsx,/mnt/benshalom-nas/analysis/Sadegh/CX138/CX138/260405/T003346/Network/000048/well007/spike_times.npy,/mnt/benshalom-nas/analysis/Sadegh/CX138/CX138/260405/T003346/Network/000048/well007/tm_unfiltered.xlsx,/mnt/benshalom-nas/analysis/Sadegh/CX138/CX138/260405/T003346/Network/000048/well007/rejection_log.xlsx,/mnt/benshalom-nas/analysis/Sadegh/CX138/CX138/260405/T003346/Network/000048/well007/metrics_curated.xlsx,True,True,True,True,True,True,True
CX138,260405,T003346,000048,well008,/mnt/benshalom-nas/analysis/Sadegh/CX138/CX138/260405/T003346/Network/000048/well008,CX138|260405|T003346|000048|well008,/mnt/benshalom-nas/analysis/Sadegh/CX138/CX138/260405/T003346/Network/000048/well008/qm_unfiltered.xlsx,/mnt/benshalom-nas/analysis/Sadegh/CX138/CX138/260405/T003346/Network/000048/well008/network_results.json,/mnt/benshalom-nas/analysis/Sadegh/CX138/CX138/260405/T003346/Network/000048/well008/tm_curated.xlsx,/mnt/benshalom-nas/analysis/Sadegh/CX138/CX138/260405/T003346/Network/000048/well008/spike_times.npy,/mnt/benshalom-nas/analysis/Sadegh/CX138/CX138/260405/T003346/Network/000048/well008/tm_unfiltered.xlsx,/mnt/benshalom-nas/analysis/Sadegh/CX138/CX138/260405/T003346/Network/000048/well008/rejection_log.xlsx,/mnt/benshalom-nas/analysis/Sadegh/CX138/CX138/260405/T003346/Network/000048/well008/metrics_curated.xlsx,True,True,True,True,True,True,True
CX138,260405,T003346,000048,well009,/mnt/benshalom-nas/analysis/Sadegh/CX138/CX138/260405/T003346/Network/000048/well009,CX138|260405|T003346|000048|well009,/mnt/benshalom-nas/analysis/Sadegh/CX138/CX138/260405/T003346/Network/000048/well009/qm_unfiltered.xlsx,/mnt/benshalom-nas/analysis/Sadegh/CX138/CX138/260405/T003346/Network/000048/well009/network_results.json,/mnt/benshalom-nas/analysis/Sadegh/CX138/CX138/260405/T003346/Network/000048/well009/tm_curated.xlsx,/mnt/benshalom-nas/analysis/Sadegh/CX138/CX138/260405/T003346/Network/000048/well009/spike_times.npy,/mnt/benshalom-nas/analysis/Sadegh/CX138/CX138/260405/T003346/Network/000048/well009/tm_unfiltered.xlsx,/mnt/benshalom-nas/analysis/Sadegh/CX138/CX138/260405/T003346/Network/000048/well009/rejection_log.xlsx,/mnt/benshalom-nas/analysis/Sadegh/CX138/CX138/260405/T003346/Network/000048/well009/metrics_curated.xlsx,True,True,True,True,True,True,True
CX138,260405,T003346,000048,well010,/mnt/benshalom-nas/analysis/Sadegh/CX138/CX138/260405/T003346/Network/000048/well010,CX138|260405|T003346|000048|well010,/mnt/benshalom-nas/analysis/Sadegh/CX138/CX138/260405/T003346/Network/000048/well010/qm_unfiltered.xlsx,/mnt/benshalom-nas/analysis/Sadegh/CX138/CX138/260405/T003346/Network/000048/well010/network_results.json,/mnt/benshalom-nas/analysis/Sadegh/CX138/CX138/260405/T003346/Network/000048/well010/tm_curated.xlsx,/mnt/benshalom-nas/analysis/Sadegh/CX138/CX138/260405/T003346/Network/000048/well010/spike_times.npy,/mnt/benshalom-nas/analysis/Sadegh/CX138/CX138/260405/T003346/Network/000048/well010/tm_unfiltered.xlsx,/mnt/benshalom-nas/analysis/Sadegh/CX138/CX138/260405/T003346/Network/000048/well010/rejection_log.xlsx,/mnt/benshalom-nas/analysis/Sadegh/CX138/CX138/260405/T003346/Network/000048/well010/metrics_curated.xlsx,True,True,True,True,True,True,True
CX138,260405,T003346,000048,well011,/mnt/benshalom-nas/analysis/Sadegh/CX138/CX138/260405/T003346/Network/000048/well011,CX138|260405|T003346|000048|well011,/mnt/benshalom-nas/analysis/Sadegh/CX138/CX138/260405/T003346/Network/000048/well011/qm_unfiltered.xlsx,/mnt/benshalom-nas/analysis/Sadegh/CX138/CX138/260405/T003346/Network/000048/well011/network_results.json,/mnt/benshalom-nas/analysis/Sadegh/CX138/CX138/260405/T003346/Network/000048/well011/tm_curated.xlsx,/mnt/benshalom-nas/analysis/Sadegh/CX138/CX138/260405/T003346/Network/000048/well011/spike_times.npy,/mnt/benshalom-nas/analysis/Sadegh/CX138/CX138/260405/T003346/Network/000048/well011/tm_unfiltered.xlsx,/mnt/benshalom-nas/analysis/Sadegh/CX138/CX138/260405/T003346/Network/000048/well011/rejection_log.xlsx,/mnt/benshalom-nas/analysis/Sadegh/CX138/CX138/260405/T003346/Network/000048/well011/metrics_curated.xlsx,True,True,True,True,True,True,True
CX138,260405,T003346,000048,well012,/mnt/benshalom-nas/analysis/Sadegh/CX138/CX138/260405/T003346/Network/000048/well012,CX138|260405|T003346|000048|well012,/mnt/benshalom-nas/analysis/Sadegh/CX138/CX138/260405/T003346/Network/000048/well012/qm_unfiltered.xlsx,/mnt/benshalom-nas/analysis/Sadegh/CX138/CX138/260405/T003346/Network/000048/well012/network_results.json,/mnt/benshalom-nas/analysis/Sadegh/CX138/CX138/260405/T003346/Network/000048/well012/tm_curated.xlsx,/mnt/benshalom-nas/analysis/Sadegh/CX138/CX138/260405/T003346/Network/000048/well012/spike_times.npy,/mnt/benshalom-nas/analysis/Sadegh/CX138/CX138/260405/T003346/Network/000048/well012/tm_unfiltered.xlsx,/mnt/benshalom-nas/analysis/Sadegh/CX138/CX138/260405/T003346/Network/000048/well012/rejection_log.xlsx,/mnt/benshalom-nas/analysis/Sadegh/CX138/CX138/260405/T003346/Network/000048/well012/metrics_curated.xlsx,True,True,True,True,True,True,True
CX138,260405,T003346,000048,well013,/mnt/benshalom-nas/analysis/Sadegh/CX138/CX138/260405/T003346/Network/000048/well013,CX138|260405|T003346|000048|well013,/mnt/benshalom-nas/analysis/Sadegh/CX138/CX138/260405/T003346/Network/000048/well013/qm_unfiltered.xlsx,/mnt/benshalom-nas/analysis/Sadegh/CX138/CX138/260405/T003346/Network/000048/well013/network_results.json,/mnt/benshalom-nas/analysis/Sadegh/CX138/CX138/260405/T003346/Network/000048/well013/tm_curated.xlsx,/mnt/benshalom-nas/analysis/Sadegh/CX138/CX138/260405/T003346/Network/000048/well013/spike_times.npy,/mnt/benshalom-nas/analysis/Sadegh/CX138/CX138/260405/T003346/Network/000048/well013/tm_unfiltered.xlsx,/mnt/benshalom-nas/analysis/Sadegh/CX138/CX138/260405/T003346/Network/000048/well013/rejection_log.xlsx,/mnt/benshalom-nas/analysis/Sadegh/CX138/CX138/260405/T003346/Network/000048/well013/metrics_curated.xlsx,True,True,True,True,True,True,True
CX138,260405,T003346,000048,well014,/mnt/benshalom-nas/analysis/Sadegh/CX138/CX138/260405/T003346/Network/000048/well014,CX138|260405|T003346|000048|well014,/mnt/benshalom-nas/analysis/Sadegh/CX138/CX138/260405/T003346/Network/000048/well014/qm_unfiltered.xlsx,/mnt/benshalom-nas/analysis/Sadegh/CX138/CX138/260405/T003346/Network/000048/well014/network_results.json,/mnt/benshalom-nas/analysis/Sadegh/CX138/CX138/260405/T003346/Network/000048/well014/tm_curated.xlsx,/mnt/benshalom-nas/analysis/Sadegh/CX138/CX138/260405/T003346/Network/000048/well014/spike_times.npy,/mnt/benshalom-nas/analysis/Sadegh/CX138/CX138/260405/T003346/Network/000048/well014/tm_unfiltered.xlsx,/mnt/benshalom-nas/analysis/Sadegh/CX138/CX138/260405/T003346/Network/000048/well014/rejection_log.xlsx,/mnt/benshalom-nas/analysis/Sadegh/CX138/CX138/260405/T003346/Network/000048/well014/metrics_curated.xlsx,True,True,True,True,True,True,True
CX138,260405,T003346,000048,well015,/mnt/benshalom-nas/analysis/Sadegh/CX138/CX138/260405/T003346/Network/000048/well015,CX138|260405|T003346|000048|well015,/mnt/benshalom-nas/analysis/Sadegh/CX138/CX138/260405/T003346/Network/000048/well015/qm_unfiltered.xlsx,/mnt/benshalom-nas/analysis/Sadegh/CX138/CX138/260405/T003346/Network/000048/well015/network_results.json,/mnt/benshalom-nas/analysis/Sadegh/CX138/CX138/260405/T003346/Network/000048/well015/tm_curated.xlsx,/mnt/benshalom-nas/analysis/Sadegh/CX138/CX138/260405/T003346/Network/000048/well015/spike_times.npy,/mnt/benshalom-nas/analysis/Sadegh/CX138/CX138/260405/T003346/Network/000048/well015/tm_unfiltered.xlsx,/mnt/benshalom-nas/analysis/Sadegh/CX138/CX138/260405/T003346/Network/000048/well015/rejection_log.xlsx,/mnt/benshalom-nas/analysis/Sadegh/CX138/CX138/260405/T003346/Network/000048/well015/metrics_curated.xlsx,True,True,True,True,True,True,True
CX138,260405,T003346,000048,well016,/mnt/benshalom-nas/analysis/Sadegh/CX138/CX138/260405/T003346/Network/000048/well016,CX138|260405|T003346|000048|well016,/mnt/benshalom-nas/analysis/Sadegh/CX138/CX138/260405/T003346/Network/000048/well016/qm_unfiltered.xlsx,/mnt/benshalom-nas/analysis/Sadegh/CX138/CX138/260405/T003346/Network/000048/well016/network_results.json,/mnt/benshalom-nas/analysis/Sadegh/CX138/CX138/260405/T003346/Network/000048/well016/tm_curated.xlsx,/mnt/benshalom-nas/analysis/Sadegh/CX138/CX138/260405/T003346/Network/000048/well016/spike_times.npy,/mnt/benshalom-nas/analysis/Sadegh/CX138/CX138/260405/T003346/Network/000048/well016/tm_unfiltered.xlsx,/mnt/benshalom-nas/analysis/Sadegh/CX138/CX138/260405/T003346/Network/000048/well016/rejection_log.xlsx,/mnt/benshalom-nas/analysis/Sadegh/CX138/CX138/260405/T003346/Network/000048/well016/metrics_curated.xlsx,True,True,True,True,True,True,True
CX138,260405,T003346,000048,well017,/mnt/benshalom-nas/analysis/Sadegh/CX138/CX138/260405/T003346/Network/000048/well017,CX138|260405|T003346|000048|well017,/mnt/benshalom-nas/analysis/Sadegh/CX138/CX138/260405/T003346/Network/000048/well017/qm_unfiltered.xlsx,/mnt/benshalom-nas/analysis/Sadegh/CX138/CX138/260405/T003346/Network/000048/well017/network_results.json,/mnt/benshalom-nas/analysis/Sadegh/CX138/CX138/260405/T003346/Network/000048/well017/tm_curated.xlsx,/mnt/benshalom-nas/analysis/Sadegh/CX138/CX138/260405/T003346/Network/000048/well017/spike_times.npy,/mnt/benshalom-nas/analysis/Sadegh/CX138/CX138/260405/T003346/Network/000048/well017/tm_unfiltered.xlsx,/mnt/benshalom-nas/analysis/Sadegh/CX138/CX138/260405/T003346/Network/000048/well017/rejection_log.xlsx,/mnt/benshalom-nas/analysis/Sadegh/CX138/CX138/260405/T003346/Network/000048/well017/metrics_curated.xlsx,True,True,True,True,True,True,True
CX138,260405,T003346,000048,well018,/mnt/benshalom-nas/analysis/Sadegh/CX138/CX138/260405/T003346/Network/000048/well018,CX138|260405|T003346|000048|well018,/mnt/benshalom-nas/analysis/Sadegh/CX138/CX138/260405/T003346/Network/000048/well018/qm_unfiltered.xlsx,/mnt/benshalom-nas/analysis/Sadegh/CX138/CX138/260405/T003346/Network/000048/well018/network_results.json,/mnt/benshalom-nas/analysis/Sadegh/CX138/CX138/260405/T003346/Network/000048/well018/tm_curated.xlsx,/mnt/benshalom-nas/analysis/Sadegh/CX138/CX138/260405/T003346/Network/000048/well018/spike_times.npy,/mnt/benshalom-nas/analysis/Sadegh/CX138/CX138/260405/T003346/Network/000048/well018/tm_unfiltered.xlsx,/mnt/benshalom-nas/analysis/Sadegh/CX138/CX138/260405/T003346/Network/000048/well018/rejection_log.xlsx,/mnt/benshalom-nas/analysis/Sadegh/CX138/CX138/260405/T003346/Network/000048/well018/metrics_curated.xlsx,True,True,True,True,True,True,True
CX138,260405,T003346,000048,well019,/mnt/benshalom-nas/analysis/Sadegh/CX138/CX138/260405/T003346/Network/000048/well019,CX138|260405|T003346|000048|well019,/mnt/benshalom-nas/analysis/Sadegh/CX138/CX138/260405/T003346/Network/000048/well019/qm_unfiltered.xlsx,,/mnt/benshalom-nas/analysis/Sadegh/CX138/CX138/260405/T003346/Network/000048/well019/tm_curated.xlsx,,/mnt/benshalom-nas/analysis/Sadegh/CX138/CX138/260405/T003346/Network/000048/well019/tm_unfiltered.xlsx,/mnt/benshalom-nas/analysis/Sadegh/CX138/CX138/260405/T003346/Network/000048/well019/rejection_log.xlsx,/mnt/benshalom-nas/analysis/Sadegh/CX138/CX138/260405/T003346/Network/000048/well019/metrics_curated.xlsx,False,True,True,True,True,False,True
CX138,260405,T003346,000048,well020,/mnt/benshalom-nas/analysis/Sadegh/CX138/CX138/260405/T003346/Network/000048/well020,CX138|260405|T003346|000048|well020,/mnt/benshalom-nas/analysis/Sadegh/CX138/CX138/260405/T003346/Network/000048/well020/qm_unfiltered.xlsx,,/mnt/benshalom-nas/analysis/Sadegh/CX138/CX138/260405/T003346/Network/000048/well020/tm_curated.xlsx,,/mnt/benshalom-nas/analysis/Sadegh/CX138/CX138/260405/T003346/Network/000048/well020/tm_unfiltered.xlsx,/mnt/benshalom-nas/analysis/Sadegh/CX138/CX138/260405/T003346/Network/000048/well020/rejection_log.xlsx,/mnt/benshalom-nas/analysis/Sadegh/CX138/CX138/260405/T003346/Network/000048/well020/metrics_curated.xlsx,False,True,True,True,True,False,True
CX138,260405,T003346,000048,well021,/mnt/benshalom-nas/analysis/Sadegh/CX138/CX138/260405/T003346/Network/000048/well021,CX138|260405|T003346|000048|well021,/mnt/benshalom-nas/analysis/Sadegh/CX138/CX138/260405/T003346/Network/000048/well021/qm_unfiltered.xlsx,/mnt/benshalom-nas/analysis/Sadegh/CX138/CX138/260405/T003346/Network/000048/well021/network_results.json,/mnt/benshalom-nas/analysis/Sadegh/CX138/CX138/260405/T003346/Network/000048/well021/tm_curated.xlsx,/mnt/benshalom-nas/analysis/Sadegh/CX138/CX138/260405/T003346/Network/000048/well021/spike_times.npy,/mnt/benshalom-nas/analysis/Sadegh/CX138/CX138/260405/T003346/Network/000048/well021/tm_unfiltered.xlsx,/mnt/benshalom-nas/analysis/Sadegh/CX138/CX138/260405/T003346/Network/000048/well021/rejection_log.xlsx,/mnt/benshalom-nas/analysis/Sadegh/CX138/CX138/260405/T003346/Network/000048/well021/metrics_curated.xlsx,True,True,True,True,True,True,True
CX138,260405,T003346,000048,well022,/mnt/benshalom-nas/analysis/Sadegh/CX138/CX138/260405/T003346/Network/000048/well022,CX138|260405|T003346|000048|well022,/mnt/benshalom-nas/analysis/Sadegh/CX138/CX138/260405/T003346/Network/000048/well022/qm_unfiltered.xlsx,/mnt/benshalom-nas/analysis/Sadegh/CX138/CX138/260405/T003346/Network/000048/well022/network_results.json,/mnt/benshalom-nas/analysis/Sadegh/CX138/CX138/260405/T003346/Network/000048/well022/tm_curated.xlsx,/mnt/benshalom-nas/analysis/Sadegh/CX138/CX138/260405/T003346/Network/000048/well022/spike_times.npy,/mnt/benshalom-nas/analysis/Sadegh/CX138/CX138/260405/T003346/Network/000048/well022/tm_unfiltered.xlsx,/mnt/benshalom-nas/analysis/Sadegh/CX138/CX138/260405/T003346/Network/000048/well022/rejection_log.xlsx,/mnt/benshalom-nas/analysis/Sadegh/CX138/CX138/260405/T003346/Network/000048/well022/metrics_curated.xlsx,True,True,True,True,True,True,True
CX138,260405,T003346,000048,well023,/mnt/benshalom-nas/analysis/Sadegh/CX138/CX138/260405/T003346/Network/000048/well023,CX138|260405|T003346|000048|well023,/mnt/benshalom-nas/analysis/Sadegh/CX138/CX138/260405/T003346/Network/000048/well023/qm_unfiltered.xlsx,/mnt/benshalom-nas/analysis/Sadegh/CX138/CX138/260405/T003346/Network/000048/well023/network_results.json,/mnt/benshalom-nas/analysis/Sadegh/CX138/CX138/260405/T003346/Network/000048/well023/tm_curated.xlsx,/mnt/benshalom-nas/analysis/Sadegh/CX138/CX138/260405/T003346/Network/000048/well023/spike_times.npy,/mnt/benshalom-nas/analysis/Sadegh/CX138/CX138/260405/T003346/Network/000048/well023/tm_unfiltered.xlsx,/mnt/benshalom-nas/analysis/Sadegh/CX138/CX138/260405/T003346/Network/000048/well023/rejection_log.xlsx,/mnt/benshalom-nas/analysis/Sadegh/CX138/CX138/260405/T003346/Network/000048/well023/metrics_curated.xlsx,True,True,True,True,True,True,True
