project,date,chip_id,run_id,well_id,well_dir,well_key,metrics_unfiltered,network_json,tm_curated,spike_times,tm_unfiltered,rejection_log,metrics_curated,has_network_json,has_metrics_curated,has_metrics_unfiltered,has_tm_curated,has_tm_unfiltered,has_spike_times,has_rejection_log,n_units_network_json,is_manual_outlier,manual_outlier_reason,group,plate_index_0based,plate_row,plate_col,plate_well,group_from_plate_col,recording_date,recording_date_str,DIV,days_since_treatment,treatment_phase,time_bin_index,time_bin_start_day,time_bin_end_day,time_bin_center_day,time_bin_label
CX138,260319,T003346,000004,well000,/mnt/benshalom-nas/analysis/Sadegh/CX138/CX138/260319/T003346/Network/000004/well000,CX138|260319|T003346|000004|well000,/mnt/benshalom-nas/analysis/Sadegh/CX138/CX138/260319/T003346/Network/000004/well000/qm_unfiltered.xlsx,/mnt/benshalom-nas/analysis/Sadegh/CX138/CX138/260319/T003346/Network/000004/well000/network_results.json,/mnt/benshalom-nas/analysis/Sadegh/CX138/CX138/260319/T003346/Network/000004/well000/tm_curated.xlsx,/mnt/benshalom-nas/analysis/Sadegh/CX138/CX138/260319/T003346/Network/000004/well000/spike_times.npy,/mnt/benshalom-nas/analysis/Sadegh/CX138/CX138/260319/T003346/Network/000004/well000/tm_unfiltered.xlsx,/mnt/benshalom-nas/analysis/Sadegh/CX138/CX138/260319/T003346/Network/000004/well000/rejection_log.xlsx,/mnt/benshalom-nas/analysis/Sadegh/CX138/CX138/260319/T003346/Network/000004/well000/metrics_curated.xlsx,True,True,True,True,True,True,True,77.0,False,,NPH,0,1,1,A1,NPH,2026-03-19,2026-03-19,6,-6,pre_treatment,-2,-6,-4,-5.0,D-6 to D-4
CX138,260319,T003346,000004,well001,/mnt/benshalom-nas/analysis/Sadegh/CX138/CX138/260319/T003346/Network/000004/well001,CX138|260319|T003346|000004|well001,/mnt/benshalom-nas/analysis/Sadegh/CX138/CX138/260319/T003346/Network/000004/well001/qm_unfiltered.xlsx,/mnt/benshalom-nas/analysis/Sadegh/CX138/CX138/260319/T003346/Network/000004/well001/network_results.json,/mnt/benshalom-nas/analysis/Sadegh/CX138/CX138/260319/T003346/Network/000004/well001/tm_curated.xlsx,/mnt/benshalom-nas/analysis/Sadegh/CX138/CX138/260319/T003346/Network/000004/well001/spike_times.npy,/mnt/benshalom-nas/analysis/Sadegh/CX138/CX138/260319/T003346/Network/000004/well001/tm_unfiltered.xlsx,/mnt/benshalom-nas/analysis/Sadegh/CX138/CX138/260319/T003346/Network/000004/well001/rejection_log.xlsx,/mnt/benshalom-nas/analysis/Sadegh/CX138/CX138/260319/T003346/Network/000004/well001/metrics_curated.xlsx,True,True,True,True,True,True,True,154.0,False,,IVH-E,1,1,2,A2,IVH-E,2026-03-19,2026-03-19,6,-6,pre_treatment,-2,-6,-4,-5.0,D-6 to D-4
CX138,260319,T003346,000004,well002,/mnt/benshalom-nas/analysis/Sadegh/CX138/CX138/260319/T003346/Network/000004/well002,CX138|260319|T003346|000004|well002,/mnt/benshalom-nas/analysis/Sadegh/CX138/CX138/260319/T003346/Network/000004/well002/qm_unfiltered.xlsx,/mnt/benshalom-nas/analysis/Sadegh/CX138/CX138/260319/T003346/Network/000004/well002/network_results.json,/mnt/benshalom-nas/analysis/Sadegh/CX138/CX138/260319/T003346/Network/000004/well002/tm_curated.xlsx,/mnt/benshalom-nas/analysis/Sadegh/CX138/CX138/260319/T003346/Network/000004/well002/spike_times.npy,/mnt/benshalom-nas/analysis/Sadegh/CX138/CX138/260319/T003346/Network/000004/well002/tm_unfiltered.xlsx,/mnt/benshalom-nas/analysis/Sadegh/CX138/CX138/260319/T003346/Network/000004/well002/rejection_log.xlsx,/mnt/benshalom-nas/analysis/Sadegh/CX138/CX138/260319/T003346/Network/000004/well002/metrics_curated.xlsx,True,True,True,True,True,True,True,126.0,False,,IVH-L,2,1,3,A3,IVH-L,2026-03-19,2026-03-19,6,-6,pre_treatment,-2,-6,-4,-5.0,D-6 to D-4
CX138,260319,T003346,000004,well003,/mnt/benshalom-nas/analysis/Sadegh/CX138/CX138/260319/T003346/Network/000004/well003,CX138|260319|T003346|000004|well003,/mnt/benshalom-nas/analysis/Sadegh/CX138/CX138/260319/T003346/Network/000004/well003/qm_unfiltered.xlsx,/mnt/benshalom-nas/analysis/Sadegh/CX138/CX138/260319/T003346/Network/000004/well003/network_results.json,/mnt/benshalom-nas/analysis/Sadegh/CX138/CX138/260319/T003346/Network/000004/well003/tm_curated.xlsx,/mnt/benshalom-nas/analysis/Sadegh/CX138/CX138/260319/T003346/Network/000004/well003/spike_times.npy,/mnt/benshalom-nas/analysis/Sadegh/CX138/CX138/260319/T003346/Network/000004/well003/tm_unfiltered.xlsx,/mnt/benshalom-nas/analysis/Sadegh/CX138/CX138/260319/T003346/Network/000004/well003/rejection_log.xlsx,/mnt/benshalom-nas/analysis/Sadegh/CX138/CX138/260319/T003346/Network/000004/well003/metrics_curated.xlsx,True,True,True,True,True,True,True,135.0,False,,CT,3,1,4,A4,CT,2026-03-19,2026-03-19,6,-6,pre_treatment,-2,-6,-4,-5.0,D-6 to D-4
CX138,260319,T003346,000004,well004,/mnt/benshalom-nas/analysis/Sadegh/CX138/CX138/260319/T003346/Network/000004/well004,CX138|260319|T003346|000004|well004,/mnt/benshalom-nas/analysis/Sadegh/CX138/CX138/260319/T003346/Network/000004/well004/qm_unfiltered.xlsx,/mnt/benshalom-nas/analysis/Sadegh/CX138/CX138/260319/T003346/Network/000004/well004/network_results.json,/mnt/benshalom-nas/analysis/Sadegh/CX138/CX138/260319/T003346/Network/000004/well004/tm_curated.xlsx,/mnt/benshalom-nas/analysis/Sadegh/CX138/CX138/260319/T003346/Network/000004/well004/spike_times.npy,/mnt/benshalom-nas/analysis/Sadegh/CX138/CX138/260319/T003346/Network/000004/well004/tm_unfiltered.xlsx,/mnt/benshalom-nas/analysis/Sadegh/CX138/CX138/260319/T003346/Network/000004/well004/rejection_log.xlsx,/mnt/benshalom-nas/analysis/Sadegh/CX138/CX138/260319/T003346/Network/000004/well004/metrics_curated.xlsx,True,True,True,True,True,True,True,106.0,False,,20uM,4,1,5,A5,20uM,2026-03-19,2026-03-19,6,-6,pre_treatment,-2,-6,-4,-5.0,D-6 to D-4
CX138,260319,T003346,000004,well005,/mnt/benshalom-nas/analysis/Sadegh/CX138/CX138/260319/T003346/Network/000004/well005,CX138|260319|T003346|000004|well005,/mnt/benshalom-nas/analysis/Sadegh/CX138/CX138/260319/T003346/Network/000004/well005/qm_unfiltered.xlsx,/mnt/benshalom-nas/analysis/Sadegh/CX138/CX138/260319/T003346/Network/000004/well005/network_results.json,/mnt/benshalom-nas/analysis/Sadegh/CX138/CX138/260319/T003346/Network/000004/well005/tm_curated.xlsx,/mnt/benshalom-nas/analysis/Sadegh/CX138/CX138/260319/T003346/Network/000004/well005/spike_times.npy,/mnt/benshalom-nas/analysis/Sadegh/CX138/CX138/260319/T003346/Network/000004/well005/tm_unfiltered.xlsx,/mnt/benshalom-nas/analysis/Sadegh/CX138/CX138/260319/T003346/Network/000004/well005/rejection_log.xlsx,/mnt/benshalom-nas/analysis/Sadegh/CX138/CX138/260319/T003346/Network/000004/well005/metrics_curated.xlsx,True,True,True,True,True,True,True,94.0,False,,10uM,5,1,6,A6,10uM,2026-03-19,2026-03-19,6,-6,pre_treatment,-2,-6,-4,-5.0,D-6 to D-4
CX138,260319,T003346,000004,well006,/mnt/benshalom-nas/analysis/Sadegh/CX138/CX138/260319/T003346/Network/000004/well006,CX138|260319|T003346|000004|well006,/mnt/benshalom-nas/analysis/Sadegh/CX138/CX138/260319/T003346/Network/000004/well006/qm_unfiltered.xlsx,/mnt/benshalom-nas/analysis/Sadegh/CX138/CX138/260319/T003346/Network/000004/well006/network_results.json,/mnt/benshalom-nas/analysis/Sadegh/CX138/CX138/260319/T003346/Network/000004/well006/tm_curated.xlsx,/mnt/benshalom-nas/analysis/Sadegh/CX138/CX138/260319/T003346/Network/000004/well006/spike_times.npy,/mnt/benshalom-nas/analysis/Sadegh/CX138/CX138/260319/T003346/Network/000004/well006/tm_unfiltered.xlsx,/mnt/benshalom-nas/analysis/Sadegh/CX138/CX138/260319/T003346/Network/000004/well006/rejection_log.xlsx,/mnt/benshalom-nas/analysis/Sadegh/CX138/CX138/260319/T003346/Network/000004/well006/metrics_curated.xlsx,True,True,True,True,True,True,True,94.0,False,,NPH,6,2,1,B1,NPH,2026-03-19,2026-03-19,6,-6,pre_treatment,-2,-6,-4,-5.0,D-6 to D-4
CX138,260319,T003346,000004,well007,/mnt/benshalom-nas/analysis/Sadegh/CX138/CX138/260319/T003346/Network/000004/well007,CX138|260319|T003346|000004|well007,/mnt/benshalom-nas/analysis/Sadegh/CX138/CX138/260319/T003346/Network/000004/well007/qm_unfiltered.xlsx,/mnt/benshalom-nas/analysis/Sadegh/CX138/CX138/260319/T003346/Network/000004/well007/network_results.json,/mnt/benshalom-nas/analysis/Sadegh/CX138/CX138/260319/T003346/Network/000004/well007/tm_curated.xlsx,/mnt/benshalom-nas/analysis/Sadegh/CX138/CX138/260319/T003346/Network/000004/well007/spike_times.npy,/mnt/benshalom-nas/analysis/Sadegh/CX138/CX138/260319/T003346/Network/000004/well007/tm_unfiltered.xlsx,/mnt/benshalom-nas/analysis/Sadegh/CX138/CX138/260319/T003346/Network/000004/well007/rejection_log.xlsx,/mnt/benshalom-nas/analysis/Sadegh/CX138/CX138/260319/T003346/Network/000004/well007/metrics_curated.xlsx,True,True,True,True,True,True,True,69.0,False,,IVH-E,7,2,2,B2,IVH-E,2026-03-19,2026-03-19,6,-6,pre_treatment,-2,-6,-4,-5.0,D-6 to D-4
CX138,260319,T003346,000004,well008,/mnt/benshalom-nas/analysis/Sadegh/CX138/CX138/260319/T003346/Network/000004/well008,CX138|260319|T003346|000004|well008,/mnt/benshalom-nas/analysis/Sadegh/CX138/CX138/260319/T003346/Network/000004/well008/qm_unfiltered.xlsx,/mnt/benshalom-nas/analysis/Sadegh/CX138/CX138/260319/T003346/Network/000004/well008/network_results.json,/mnt/benshalom-nas/analysis/Sadegh/CX138/CX138/260319/T003346/Network/000004/well008/tm_curated.xlsx,/mnt/benshalom-nas/analysis/Sadegh/CX138/CX138/260319/T003346/Network/000004/well008/spike_times.npy,/mnt/benshalom-nas/analysis/Sadegh/CX138/CX138/260319/T003346/Network/000004/well008/tm_unfiltered.xlsx,/mnt/benshalom-nas/analysis/Sadegh/CX138/CX138/260319/T003346/Network/000004/well008/rejection_log.xlsx,/mnt/benshalom-nas/analysis/Sadegh/CX138/CX138/260319/T003346/Network/000004/well008/metrics_curated.xlsx,True,True,True,True,True,True,True,68.0,False,,IVH-L,8,2,3,B3,IVH-L,2026-03-19,2026-03-19,6,-6,pre_treatment,-2,-6,-4,-5.0,D-6 to D-4
CX138,260319,T003346,000004,well009,/mnt/benshalom-nas/analysis/Sadegh/CX138/CX138/260319/T003346/Network/000004/well009,CX138|260319|T003346|000004|well009,/mnt/benshalom-nas/analysis/Sadegh/CX138/CX138/260319/T003346/Network/000004/well009/qm_unfiltered.xlsx,/mnt/benshalom-nas/analysis/Sadegh/CX138/CX138/260319/T003346/Network/000004/well009/network_results.json,/mnt/benshalom-nas/analysis/Sadegh/CX138/CX138/260319/T003346/Network/000004/well009/tm_curated.xlsx,/mnt/benshalom-nas/analysis/Sadegh/CX138/CX138/260319/T003346/Network/000004/well009/spike_times.npy,/mnt/benshalom-nas/analysis/Sadegh/CX138/CX138/260319/T003346/Network/000004/well009/tm_unfiltered.xlsx,/mnt/benshalom-nas/analysis/Sadegh/CX138/CX138/260319/T003346/Network/000004/well009/rejection_log.xlsx,/mnt/benshalom-nas/analysis/Sadegh/CX138/CX138/260319/T003346/Network/000004/well009/metrics_curated.xlsx,True,True,True,True,True,True,True,87.0,False,,CT,9,2,4,B4,CT,2026-03-19,2026-03-19,6,-6,pre_treatment,-2,-6,-4,-5.0,D-6 to D-4
CX138,260319,T003346,000004,well010,/mnt/benshalom-nas/analysis/Sadegh/CX138/CX138/260319/T003346/Network/000004/well010,CX138|260319|T003346|000004|well010,/mnt/benshalom-nas/analysis/Sadegh/CX138/CX138/260319/T003346/Network/000004/well010/qm_unfiltered.xlsx,/mnt/benshalom-nas/analysis/Sadegh/CX138/CX138/260319/T003346/Network/000004/well010/network_results.json,/mnt/benshalom-nas/analysis/Sadegh/CX138/CX138/260319/T003346/Network/000004/well010/tm_curated.xlsx,/mnt/benshalom-nas/analysis/Sadegh/CX138/CX138/260319/T003346/Network/000004/well010/spike_times.npy,/mnt/benshalom-nas/analysis/Sadegh/CX138/CX138/260319/T003346/Network/000004/well010/tm_unfiltered.xlsx,/mnt/benshalom-nas/analysis/Sadegh/CX138/CX138/260319/T003346/Network/000004/well010/rejection_log.xlsx,/mnt/benshalom-nas/analysis/Sadegh/CX138/CX138/260319/T003346/Network/000004/well010/metrics_curated.xlsx,True,True,True,True,True,True,True,44.0,False,,20uM,10,2,5,B5,20uM,2026-03-19,2026-03-19,6,-6,pre_treatment,-2,-6,-4,-5.0,D-6 to D-4
CX138,260319,T003346,000004,well011,/mnt/benshalom-nas/analysis/Sadegh/CX138/CX138/260319/T003346/Network/000004/well011,CX138|260319|T003346|000004|well011,/mnt/benshalom-nas/analysis/Sadegh/CX138/CX138/260319/T003346/Network/000004/well011/qm_unfiltered.xlsx,/mnt/benshalom-nas/analysis/Sadegh/CX138/CX138/260319/T003346/Network/000004/well011/network_results.json,/mnt/benshalom-nas/analysis/Sadegh/CX138/CX138/260319/T003346/Network/000004/well011/tm_curated.xlsx,/mnt/benshalom-nas/analysis/Sadegh/CX138/CX138/260319/T003346/Network/000004/well011/spike_times.npy,/mnt/benshalom-nas/analysis/Sadegh/CX138/CX138/260319/T003346/Network/000004/well011/tm_unfiltered.xlsx,/mnt/benshalom-nas/analysis/Sadegh/CX138/CX138/260319/T003346/Network/000004/well011/rejection_log.xlsx,/mnt/benshalom-nas/analysis/Sadegh/CX138/CX138/260319/T003346/Network/000004/well011/metrics_curated.xlsx,True,True,True,True,True,True,True,80.0,False,,10uM,11,2,6,B6,10uM,2026-03-19,2026-03-19,6,-6,pre_treatment,-2,-6,-4,-5.0,D-6 to D-4
CX138,260319,T003346,000004,well012,/mnt/benshalom-nas/analysis/Sadegh/CX138/CX138/260319/T003346/Network/000004/well012,CX138|260319|T003346|000004|well012,/mnt/benshalom-nas/analysis/Sadegh/CX138/CX138/260319/T003346/Network/000004/well012/qm_unfiltered.xlsx,/mnt/benshalom-nas/analysis/Sadegh/CX138/CX138/260319/T003346/Network/000004/well012/network_results.json,/mnt/benshalom-nas/analysis/Sadegh/CX138/CX138/260319/T003346/Network/000004/well012/tm_curated.xlsx,/mnt/benshalom-nas/analysis/Sadegh/CX138/CX138/260319/T003346/Network/000004/well012/spike_times.npy,/mnt/benshalom-nas/analysis/Sadegh/CX138/CX138/260319/T003346/Network/000004/well012/tm_unfiltered.xlsx,/mnt/benshalom-nas/analysis/Sadegh/CX138/CX138/260319/T003346/Network/000004/well012/rejection_log.xlsx,/mnt/benshalom-nas/analysis/Sadegh/CX138/CX138/260319/T003346/Network/000004/well012/metrics_curated.xlsx,True,True,True,True,True,True,True,81.0,False,,NPH,12,3,1,C1,NPH,2026-03-19,2026-03-19,6,-6,pre_treatment,-2,-6,-4,-5.0,D-6 to D-4
CX138,260319,T003346,000004,well013,/mnt/benshalom-nas/analysis/Sadegh/CX138/CX138/260319/T003346/Network/000004/well013,CX138|260319|T003346|000004|well013,/mnt/benshalom-nas/analysis/Sadegh/CX138/CX138/260319/T003346/Network/000004/well013/qm_unfiltered.xlsx,/mnt/benshalom-nas/analysis/Sadegh/CX138/CX138/260319/T003346/Network/000004/well013/network_results.json,/mnt/benshalom-nas/analysis/Sadegh/CX138/CX138/260319/T003346/Network/000004/well013/tm_curated.xlsx,/mnt/benshalom-nas/analysis/Sadegh/CX138/CX138/260319/T003346/Network/000004/well013/spike_times.npy,/mnt/benshalom-nas/analysis/Sadegh/CX138/CX138/260319/T003346/Network/000004/well013/tm_unfiltered.xlsx,/mnt/benshalom-nas/analysis/Sadegh/CX138/CX138/260319/T003346/Network/000004/well013/rejection_log.xlsx,/mnt/benshalom-nas/analysis/Sadegh/CX138/CX138/260319/T003346/Network/000004/well013/metrics_curated.xlsx,True,True,True,True,True,True,True,14.0,False,,IVH-E,13,3,2,C2,IVH-E,2026-03-19,2026-03-19,6,-6,pre_treatment,-2,-6,-4,-5.0,D-6 to D-4
CX138,260319,T003346,000004,well014,/mnt/benshalom-nas/analysis/Sadegh/CX138/CX138/260319/T003346/Network/000004/well014,CX138|260319|T003346|000004|well014,/mnt/benshalom-nas/analysis/Sadegh/CX138/CX138/260319/T003346/Network/000004/well014/qm_unfiltered.xlsx,/mnt/benshalom-nas/analysis/Sadegh/CX138/CX138/260319/T003346/Network/000004/well014/network_results.json,/mnt/benshalom-nas/analysis/Sadegh/CX138/CX138/260319/T003346/Network/000004/well014/tm_curated.xlsx,/mnt/benshalom-nas/analysis/Sadegh/CX138/CX138/260319/T003346/Network/000004/well014/spike_times.npy,/mnt/benshalom-nas/analysis/Sadegh/CX138/CX138/260319/T003346/Network/000004/well014/tm_unfiltered.xlsx,/mnt/benshalom-nas/analysis/Sadegh/CX138/CX138/260319/T003346/Network/000004/well014/rejection_log.xlsx,/mnt/benshalom-nas/analysis/Sadegh/CX138/CX138/260319/T003346/Network/000004/well014/metrics_curated.xlsx,True,True,True,True,True,True,True,54.0,False,,IVH-L,14,3,3,C3,IVH-L,2026-03-19,2026-03-19,6,-6,pre_treatment,-2,-6,-4,-5.0,D-6 to D-4
CX138,260319,T003346,000004,well015,/mnt/benshalom-nas/analysis/Sadegh/CX138/CX138/260319/T003346/Network/000004/well015,CX138|260319|T003346|000004|well015,/mnt/benshalom-nas/analysis/Sadegh/CX138/CX138/260319/T003346/Network/000004/well015/qm_unfiltered.xlsx,/mnt/benshalom-nas/analysis/Sadegh/CX138/CX138/260319/T003346/Network/000004/well015/network_results.json,/mnt/benshalom-nas/analysis/Sadegh/CX138/CX138/260319/T003346/Network/000004/well015/tm_curated.xlsx,/mnt/benshalom-nas/analysis/Sadegh/CX138/CX138/260319/T003346/Network/000004/well015/spike_times.npy,/mnt/benshalom-nas/analysis/Sadegh/CX138/CX138/260319/T003346/Network/000004/well015/tm_unfiltered.xlsx,/mnt/benshalom-nas/analysis/Sadegh/CX138/CX138/260319/T003346/Network/000004/well015/rejection_log.xlsx,/mnt/benshalom-nas/analysis/Sadegh/CX138/CX138/260319/T003346/Network/000004/well015/metrics_curated.xlsx,True,True,True,True,True,True,True,63.0,False,,CT,15,3,4,C4,CT,2026-03-19,2026-03-19,6,-6,pre_treatment,-2,-6,-4,-5.0,D-6 to D-4
CX138,260319,T003346,000004,well016,/mnt/benshalom-nas/analysis/Sadegh/CX138/CX138/260319/T003346/Network/000004/well016,CX138|260319|T003346|000004|well016,/mnt/benshalom-nas/analysis/Sadegh/CX138/CX138/260319/T003346/Network/000004/well016/qm_unfiltered.xlsx,/mnt/benshalom-nas/analysis/Sadegh/CX138/CX138/260319/T003346/Network/000004/well016/network_results.json,/mnt/benshalom-nas/analysis/Sadegh/CX138/CX138/260319/T003346/Network/000004/well016/tm_curated.xlsx,/mnt/benshalom-nas/analysis/Sadegh/CX138/CX138/260319/T003346/Network/000004/well016/spike_times.npy,/mnt/benshalom-nas/analysis/Sadegh/CX138/CX138/260319/T003346/Network/000004/well016/tm_unfiltered.xlsx,/mnt/benshalom-nas/analysis/Sadegh/CX138/CX138/260319/T003346/Network/000004/well016/rejection_log.xlsx,/mnt/benshalom-nas/analysis/Sadegh/CX138/CX138/260319/T003346/Network/000004/well016/metrics_curated.xlsx,True,True,True,True,True,True,True,47.0,False,,20uM,16,3,5,C5,20uM,2026-03-19,2026-03-19,6,-6,pre_treatment,-2,-6,-4,-5.0,D-6 to D-4
CX138,260319,T003346,000004,well017,/mnt/benshalom-nas/analysis/Sadegh/CX138/CX138/260319/T003346/Network/000004/well017,CX138|260319|T003346|000004|well017,/mnt/benshalom-nas/analysis/Sadegh/CX138/CX138/260319/T003346/Network/000004/well017/qm_unfiltered.xlsx,/mnt/benshalom-nas/analysis/Sadegh/CX138/CX138/260319/T003346/Network/000004/well017/network_results.json,/mnt/benshalom-nas/analysis/Sadegh/CX138/CX138/260319/T003346/Network/000004/well017/tm_curated.xlsx,/mnt/benshalom-nas/analysis/Sadegh/CX138/CX138/260319/T003346/Network/000004/well017/spike_times.npy,/mnt/benshalom-nas/analysis/Sadegh/CX138/CX138/260319/T003346/Network/000004/well017/tm_unfiltered.xlsx,/mnt/benshalom-nas/analysis/Sadegh/CX138/CX138/260319/T003346/Network/000004/well017/rejection_log.xlsx,/mnt/benshalom-nas/analysis/Sadegh/CX138/CX138/260319/T003346/Network/000004/well017/metrics_curated.xlsx,True,True,True,True,True,True,True,81.0,False,,10uM,17,3,6,C6,10uM,2026-03-19,2026-03-19,6,-6,pre_treatment,-2,-6,-4,-5.0,D-6 to D-4
CX138,260319,T003346,000004,well018,/mnt/benshalom-nas/analysis/Sadegh/CX138/CX138/260319/T003346/Network/000004/well018,CX138|260319|T003346|000004|well018,/mnt/benshalom-nas/analysis/Sadegh/CX138/CX138/260319/T003346/Network/000004/well018/qm_unfiltered.xlsx,/mnt/benshalom-nas/analysis/Sadegh/CX138/CX138/260319/T003346/Network/000004/well018/network_results.json,/mnt/benshalom-nas/analysis/Sadegh/CX138/CX138/260319/T003346/Network/000004/well018/tm_curated.xlsx,/mnt/benshalom-nas/analysis/Sadegh/CX138/CX138/260319/T003346/Network/000004/well018/spike_times.npy,/mnt/benshalom-nas/analysis/Sadegh/CX138/CX138/260319/T003346/Network/000004/well018/tm_unfiltered.xlsx,/mnt/benshalom-nas/analysis/Sadegh/CX138/CX138/260319/T003346/Network/000004/well018/rejection_log.xlsx,/mnt/benshalom-nas/analysis/Sadegh/CX138/CX138/260319/T003346/Network/000004/well018/metrics_curated.xlsx,True,True,True,True,True,True,True,62.0,False,,NPH,18,4,1,D1,NPH,2026-03-19,2026-03-19,6,-6,pre_treatment,-2,-6,-4,-5.0,D-6 to D-4
CX138,260319,T003346,000004,well019,/mnt/benshalom-nas/analysis/Sadegh/CX138/CX138/260319/T003346/Network/000004/well019,CX138|260319|T003346|000004|well019,/mnt/benshalom-nas/analysis/Sadegh/CX138/CX138/260319/T003346/Network/000004/well019/qm_unfiltered.xlsx,/mnt/benshalom-nas/analysis/Sadegh/CX138/CX138/260319/T003346/Network/000004/well019/network_results.json,/mnt/benshalom-nas/analysis/Sadegh/CX138/CX138/260319/T003346/Network/000004/well019/tm_curated.xlsx,/mnt/benshalom-nas/analysis/Sadegh/CX138/CX138/260319/T003346/Network/000004/well019/spike_times.npy,/mnt/benshalom-nas/analysis/Sadegh/CX138/CX138/260319/T003346/Network/000004/well019/tm_unfiltered.xlsx,/mnt/benshalom-nas/analysis/Sadegh/CX138/CX138/260319/T003346/Network/000004/well019/rejection_log.xlsx,/mnt/benshalom-nas/analysis/Sadegh/CX138/CX138/260319/T003346/Network/000004/well019/metrics_curated.xlsx,True,True,True,True,True,True,True,90.0,False,,IVH-E,19,4,2,D2,IVH-E,2026-03-19,2026-03-19,6,-6,pre_treatment,-2,-6,-4,-5.0,D-6 to D-4
CX138,260319,T003346,000004,well020,/mnt/benshalom-nas/analysis/Sadegh/CX138/CX138/260319/T003346/Network/000004/well020,CX138|260319|T003346|000004|well020,/mnt/benshalom-nas/analysis/Sadegh/CX138/CX138/260319/T003346/Network/000004/well020/qm_unfiltered.xlsx,/mnt/benshalom-nas/analysis/Sadegh/CX138/CX138/260319/T003346/Network/000004/well020/network_results.json,/mnt/benshalom-nas/analysis/Sadegh/CX138/CX138/260319/T003346/Network/000004/well020/tm_curated.xlsx,/mnt/benshalom-nas/analysis/Sadegh/CX138/CX138/260319/T003346/Network/000004/well020/spike_times.npy,/mnt/benshalom-nas/analysis/Sadegh/CX138/CX138/260319/T003346/Network/000004/well020/tm_unfiltered.xlsx,/mnt/benshalom-nas/analysis/Sadegh/CX138/CX138/260319/T003346/Network/000004/well020/rejection_log.xlsx,/mnt/benshalom-nas/analysis/Sadegh/CX138/CX138/260319/T003346/Network/000004/well020/metrics_curated.xlsx,True,True,True,True,True,True,True,110.0,False,,IVH-L,20,4,3,D3,IVH-L,2026-03-19,2026-03-19,6,-6,pre_treatment,-2,-6,-4,-5.0,D-6 to D-4
CX138,260319,T003346,000004,well021,/mnt/benshalom-nas/analysis/Sadegh/CX138/CX138/260319/T003346/Network/000004/well021,CX138|260319|T003346|000004|well021,/mnt/benshalom-nas/analysis/Sadegh/CX138/CX138/260319/T003346/Network/000004/well021/qm_unfiltered.xlsx,/mnt/benshalom-nas/analysis/Sadegh/CX138/CX138/260319/T003346/Network/000004/well021/network_results.json,/mnt/benshalom-nas/analysis/Sadegh/CX138/CX138/260319/T003346/Network/000004/well021/tm_curated.xlsx,/mnt/benshalom-nas/analysis/Sadegh/CX138/CX138/260319/T003346/Network/000004/well021/spike_times.npy,/mnt/benshalom-nas/analysis/Sadegh/CX138/CX138/260319/T003346/Network/000004/well021/tm_unfiltered.xlsx,/mnt/benshalom-nas/analysis/Sadegh/CX138/CX138/260319/T003346/Network/000004/well021/rejection_log.xlsx,/mnt/benshalom-nas/analysis/Sadegh/CX138/CX138/260319/T003346/Network/000004/well021/metrics_curated.xlsx,True,True,True,True,True,True,True,59.0,False,,CT,21,4,4,D4,CT,2026-03-19,2026-03-19,6,-6,pre_treatment,-2,-6,-4,-5.0,D-6 to D-4
CX138,260319,T003346,000004,well023,/mnt/benshalom-nas/analysis/Sadegh/CX138/CX138/260319/T003346/Network/000004/well023,CX138|260319|T003346|000004|well023,/mnt/benshalom-nas/analysis/Sadegh/CX138/CX138/260319/T003346/Network/000004/well023/qm_unfiltered.xlsx,/mnt/benshalom-nas/analysis/Sadegh/CX138/CX138/260319/T003346/Network/000004/well023/network_results.json,/mnt/benshalom-nas/analysis/Sadegh/CX138/CX138/260319/T003346/Network/000004/well023/tm_curated.xlsx,/mnt/benshalom-nas/analysis/Sadegh/CX138/CX138/260319/T003346/Network/000004/well023/spike_times.npy,/mnt/benshalom-nas/analysis/Sadegh/CX138/CX138/260319/T003346/Network/000004/well023/tm_unfiltered.xlsx,/mnt/benshalom-nas/analysis/Sadegh/CX138/CX138/260319/T003346/Network/000004/well023/rejection_log.xlsx,/mnt/benshalom-nas/analysis/Sadegh/CX138/CX138/260319/T003346/Network/000004/well023/metrics_curated.xlsx,True,True,True,True,True,True,True,115.0,False,,10uM,23,4,6,D6,10uM,2026-03-19,2026-03-19,6,-6,pre_treatment,-2,-6,-4,-5.0,D-6 to D-4
CX138,260319,T003346,000005,well000,/mnt/benshalom-nas/analysis/Sadegh/CX138/CX138/260319/T003346/Network/000005/well000,CX138|260319|T003346|000005|well000,/mnt/benshalom-nas/analysis/Sadegh/CX138/CX138/260319/T003346/Network/000005/well000/qm_unfiltered.xlsx,/mnt/benshalom-nas/analysis/Sadegh/CX138/CX138/260319/T003346/Network/000005/well000/network_results.json,/mnt/benshalom-nas/analysis/Sadegh/CX138/CX138/260319/T003346/Network/000005/well000/tm_curated.xlsx,/mnt/benshalom-nas/analysis/Sadegh/CX138/CX138/260319/T003346/Network/000005/well000/spike_times.npy,/mnt/benshalom-nas/analysis/Sadegh/CX138/CX138/260319/T003346/Network/000005/well000/tm_unfiltered.xlsx,/mnt/benshalom-nas/analysis/Sadegh/CX138/CX138/260319/T003346/Network/000005/well000/rejection_log.xlsx,/mnt/benshalom-nas/analysis/Sadegh/CX138/CX138/260319/T003346/Network/000005/well000/metrics_curated.xlsx,True,True,True,True,True,True,True,52.0,False,,NPH,0,1,1,A1,NPH,2026-03-19,2026-03-19,6,-6,pre_treatment,-2,-6,-4,-5.0,D-6 to D-4
CX138,260319,T003346,000005,well001,/mnt/benshalom-nas/analysis/Sadegh/CX138/CX138/260319/T003346/Network/000005/well001,CX138|260319|T003346|000005|well001,/mnt/benshalom-nas/analysis/Sadegh/CX138/CX138/260319/T003346/Network/000005/well001/qm_unfiltered.xlsx,/mnt/benshalom-nas/analysis/Sadegh/CX138/CX138/260319/T003346/Network/000005/well001/network_results.json,/mnt/benshalom-nas/analysis/Sadegh/CX138/CX138/260319/T003346/Network/000005/well001/tm_curated.xlsx,/mnt/benshalom-nas/analysis/Sadegh/CX138/CX138/260319/T003346/Network/000005/well001/spike_times.npy,/mnt/benshalom-nas/analysis/Sadegh/CX138/CX138/260319/T003346/Network/000005/well001/tm_unfiltered.xlsx,/mnt/benshalom-nas/analysis/Sadegh/CX138/CX138/260319/T003346/Network/000005/well001/rejection_log.xlsx,/mnt/benshalom-nas/analysis/Sadegh/CX138/CX138/260319/T003346/Network/000005/well001/metrics_curated.xlsx,True,True,True,True,True,True,True,75.0,False,,IVH-E,1,1,2,A2,IVH-E,2026-03-19,2026-03-19,6,-6,pre_treatment,-2,-6,-4,-5.0,D-6 to D-4
CX138,260319,T003346,000005,well002,/mnt/benshalom-nas/analysis/Sadegh/CX138/CX138/260319/T003346/Network/000005/well002,CX138|260319|T003346|000005|well002,/mnt/benshalom-nas/analysis/Sadegh/CX138/CX138/260319/T003346/Network/000005/well002/qm_unfiltered.xlsx,/mnt/benshalom-nas/analysis/Sadegh/CX138/CX138/260319/T003346/Network/000005/well002/network_results.json,/mnt/benshalom-nas/analysis/Sadegh/CX138/CX138/260319/T003346/Network/000005/well002/tm_curated.xlsx,/mnt/benshalom-nas/analysis/Sadegh/CX138/CX138/260319/T003346/Network/000005/well002/spike_times.npy,/mnt/benshalom-nas/analysis/Sadegh/CX138/CX138/260319/T003346/Network/000005/well002/tm_unfiltered.xlsx,/mnt/benshalom-nas/analysis/Sadegh/CX138/CX138/260319/T003346/Network/000005/well002/rejection_log.xlsx,/mnt/benshalom-nas/analysis/Sadegh/CX138/CX138/260319/T003346/Network/000005/well002/metrics_curated.xlsx,True,True,True,True,True,True,True,80.0,False,,IVH-L,2,1,3,A3,IVH-L,2026-03-19,2026-03-19,6,-6,pre_treatment,-2,-6,-4,-5.0,D-6 to D-4
CX138,260319,T003346,000005,well003,/mnt/benshalom-nas/analysis/Sadegh/CX138/CX138/260319/T003346/Network/000005/well003,CX138|260319|T003346|000005|well003,/mnt/benshalom-nas/analysis/Sadegh/CX138/CX138/260319/T003346/Network/000005/well003/qm_unfiltered.xlsx,/mnt/benshalom-nas/analysis/Sadegh/CX138/CX138/260319/T003346/Network/000005/well003/network_results.json,/mnt/benshalom-nas/analysis/Sadegh/CX138/CX138/260319/T003346/Network/000005/well003/tm_curated.xlsx,/mnt/benshalom-nas/analysis/Sadegh/CX138/CX138/260319/T003346/Network/000005/well003/spike_times.npy,/mnt/benshalom-nas/analysis/Sadegh/CX138/CX138/260319/T003346/Network/000005/well003/tm_unfiltered.xlsx,/mnt/benshalom-nas/analysis/Sadegh/CX138/CX138/260319/T003346/Network/000005/well003/rejection_log.xlsx,/mnt/benshalom-nas/analysis/Sadegh/CX138/CX138/260319/T003346/Network/000005/well003/metrics_curated.xlsx,True,True,True,True,True,True,True,91.0,False,,CT,3,1,4,A4,CT,2026-03-19,2026-03-19,6,-6,pre_treatment,-2,-6,-4,-5.0,D-6 to D-4
CX138,260319,T003346,000005,well004,/mnt/benshalom-nas/analysis/Sadegh/CX138/CX138/260319/T003346/Network/000005/well004,CX138|260319|T003346|000005|well004,/mnt/benshalom-nas/analysis/Sadegh/CX138/CX138/260319/T003346/Network/000005/well004/qm_unfiltered.xlsx,/mnt/benshalom-nas/analysis/Sadegh/CX138/CX138/260319/T003346/Network/000005/well004/network_results.json,/mnt/benshalom-nas/analysis/Sadegh/CX138/CX138/260319/T003346/Network/000005/well004/tm_curated.xlsx,/mnt/benshalom-nas/analysis/Sadegh/CX138/CX138/260319/T003346/Network/000005/well004/spike_times.npy,/mnt/benshalom-nas/analysis/Sadegh/CX138/CX138/260319/T003346/Network/000005/well004/tm_unfiltered.xlsx,/mnt/benshalom-nas/analysis/Sadegh/CX138/CX138/260319/T003346/Network/000005/well004/rejection_log.xlsx,/mnt/benshalom-nas/analysis/Sadegh/CX138/CX138/260319/T003346/Network/000005/well004/metrics_curated.xlsx,True,True,True,True,True,True,True,91.0,False,,20uM,4,1,5,A5,20uM,2026-03-19,2026-03-19,6,-6,pre_treatment,-2,-6,-4,-5.0,D-6 to D-4
CX138,260319,T003346,000005,well005,/mnt/benshalom-nas/analysis/Sadegh/CX138/CX138/260319/T003346/Network/000005/well005,CX138|260319|T003346|000005|well005,/mnt/benshalom-nas/analysis/Sadegh/CX138/CX138/260319/T003346/Network/000005/well005/qm_unfiltered.xlsx,/mnt/benshalom-nas/analysis/Sadegh/CX138/CX138/260319/T003346/Network/000005/well005/network_results.json,/mnt/benshalom-nas/analysis/Sadegh/CX138/CX138/260319/T003346/Network/000005/well005/tm_curated.xlsx,/mnt/benshalom-nas/analysis/Sadegh/CX138/CX138/260319/T003346/Network/000005/well005/spike_times.npy,/mnt/benshalom-nas/analysis/Sadegh/CX138/CX138/260319/T003346/Network/000005/well005/tm_unfiltered.xlsx,/mnt/benshalom-nas/analysis/Sadegh/CX138/CX138/260319/T003346/Network/000005/well005/rejection_log.xlsx,/mnt/benshalom-nas/analysis/Sadegh/CX138/CX138/260319/T003346/Network/000005/well005/metrics_curated.xlsx,True,True,True,True,True,True,True,71.0,False,,10uM,5,1,6,A6,10uM,2026-03-19,2026-03-19,6,-6,pre_treatment,-2,-6,-4,-5.0,D-6 to D-4
CX138,260319,T003346,000005,well006,/mnt/benshalom-nas/analysis/Sadegh/CX138/CX138/260319/T003346/Network/000005/well006,CX138|260319|T003346|000005|well006,/mnt/benshalom-nas/analysis/Sadegh/CX138/CX138/260319/T003346/Network/000005/well006/qm_unfiltered.xlsx,/mnt/benshalom-nas/analysis/Sadegh/CX138/CX138/260319/T003346/Network/000005/well006/network_results.json,/mnt/benshalom-nas/analysis/Sadegh/CX138/CX138/260319/T003346/Network/000005/well006/tm_curated.xlsx,/mnt/benshalom-nas/analysis/Sadegh/CX138/CX138/260319/T003346/Network/000005/well006/spike_times.npy,/mnt/benshalom-nas/analysis/Sadegh/CX138/CX138/260319/T003346/Network/000005/well006/tm_unfiltered.xlsx,/mnt/benshalom-nas/analysis/Sadegh/CX138/CX138/260319/T003346/Network/000005/well006/rejection_log.xlsx,/mnt/benshalom-nas/analysis/Sadegh/CX138/CX138/260319/T003346/Network/000005/well006/metrics_curated.xlsx,True,True,True,True,True,True,True,49.0,False,,NPH,6,2,1,B1,NPH,2026-03-19,2026-03-19,6,-6,pre_treatment,-2,-6,-4,-5.0,D-6 to D-4
CX138,260319,T003346,000005,well007,/mnt/benshalom-nas/analysis/Sadegh/CX138/CX138/260319/T003346/Network/000005/well007,CX138|260319|T003346|000005|well007,/mnt/benshalom-nas/analysis/Sadegh/CX138/CX138/260319/T003346/Network/000005/well007/qm_unfiltered.xlsx,/mnt/benshalom-nas/analysis/Sadegh/CX138/CX138/260319/T003346/Network/000005/well007/network_results.json,/mnt/benshalom-nas/analysis/Sadegh/CX138/CX138/260319/T003346/Network/000005/well007/tm_curated.xlsx,/mnt/benshalom-nas/analysis/Sadegh/CX138/CX138/260319/T003346/Network/000005/well007/spike_times.npy,/mnt/benshalom-nas/analysis/Sadegh/CX138/CX138/260319/T003346/Network/000005/well007/tm_unfiltered.xlsx,/mnt/benshalom-nas/analysis/Sadegh/CX138/CX138/260319/T003346/Network/000005/well007/rejection_log.xlsx,/mnt/benshalom-nas/analysis/Sadegh/CX138/CX138/260319/T003346/Network/000005/well007/metrics_curated.xlsx,True,True,True,True,True,True,True,62.0,False,,IVH-E,7,2,2,B2,IVH-E,2026-03-19,2026-03-19,6,-6,pre_treatment,-2,-6,-4,-5.0,D-6 to D-4
CX138,260319,T003346,000005,well008,/mnt/benshalom-nas/analysis/Sadegh/CX138/CX138/260319/T003346/Network/000005/well008,CX138|260319|T003346|000005|well008,/mnt/benshalom-nas/analysis/Sadegh/CX138/CX138/260319/T003346/Network/000005/well008/qm_unfiltered.xlsx,/mnt/benshalom-nas/analysis/Sadegh/CX138/CX138/260319/T003346/Network/000005/well008/network_results.json,/mnt/benshalom-nas/analysis/Sadegh/CX138/CX138/260319/T003346/Network/000005/well008/tm_curated.xlsx,/mnt/benshalom-nas/analysis/Sadegh/CX138/CX138/260319/T003346/Network/000005/well008/spike_times.npy,/mnt/benshalom-nas/analysis/Sadegh/CX138/CX138/260319/T003346/Network/000005/well008/tm_unfiltered.xlsx,/mnt/benshalom-nas/analysis/Sadegh/CX138/CX138/260319/T003346/Network/000005/well008/rejection_log.xlsx,/mnt/benshalom-nas/analysis/Sadegh/CX138/CX138/260319/T003346/Network/000005/well008/metrics_curated.xlsx,True,True,True,True,True,True,True,55.0,False,,IVH-L,8,2,3,B3,IVH-L,2026-03-19,2026-03-19,6,-6,pre_treatment,-2,-6,-4,-5.0,D-6 to D-4
CX138,260319,T003346,000005,well009,/mnt/benshalom-nas/analysis/Sadegh/CX138/CX138/260319/T003346/Network/000005/well009,CX138|260319|T003346|000005|well009,/mnt/benshalom-nas/analysis/Sadegh/CX138/CX138/260319/T003346/Network/000005/well009/qm_unfiltered.xlsx,/mnt/benshalom-nas/analysis/Sadegh/CX138/CX138/260319/T003346/Network/000005/well009/network_results.json,/mnt/benshalom-nas/analysis/Sadegh/CX138/CX138/260319/T003346/Network/000005/well009/tm_curated.xlsx,/mnt/benshalom-nas/analysis/Sadegh/CX138/CX138/260319/T003346/Network/000005/well009/spike_times.npy,/mnt/benshalom-nas/analysis/Sadegh/CX138/CX138/260319/T003346/Network/000005/well009/tm_unfiltered.xlsx,/mnt/benshalom-nas/analysis/Sadegh/CX138/CX138/260319/T003346/Network/000005/well009/rejection_log.xlsx,/mnt/benshalom-nas/analysis/Sadegh/CX138/CX138/260319/T003346/Network/000005/well009/metrics_curated.xlsx,True,True,True,True,True,True,True,73.0,False,,CT,9,2,4,B4,CT,2026-03-19,2026-03-19,6,-6,pre_treatment,-2,-6,-4,-5.0,D-6 to D-4
CX138,260319,T003346,000005,well010,/mnt/benshalom-nas/analysis/Sadegh/CX138/CX138/260319/T003346/Network/000005/well010,CX138|260319|T003346|000005|well010,/mnt/benshalom-nas/analysis/Sadegh/CX138/CX138/260319/T003346/Network/000005/well010/qm_unfiltered.xlsx,/mnt/benshalom-nas/analysis/Sadegh/CX138/CX138/260319/T003346/Network/000005/well010/network_results.json,/mnt/benshalom-nas/analysis/Sadegh/CX138/CX138/260319/T003346/Network/000005/well010/tm_curated.xlsx,/mnt/benshalom-nas/analysis/Sadegh/CX138/CX138/260319/T003346/Network/000005/well010/spike_times.npy,/mnt/benshalom-nas/analysis/Sadegh/CX138/CX138/260319/T003346/Network/000005/well010/tm_unfiltered.xlsx,/mnt/benshalom-nas/analysis/Sadegh/CX138/CX138/260319/T003346/Network/000005/well010/rejection_log.xlsx,/mnt/benshalom-nas/analysis/Sadegh/CX138/CX138/260319/T003346/Network/000005/well010/metrics_curated.xlsx,True,True,True,True,True,True,True,27.0,False,,20uM,10,2,5,B5,20uM,2026-03-19,2026-03-19,6,-6,pre_treatment,-2,-6,-4,-5.0,D-6 to D-4
CX138,260319,T003346,000005,well011,/mnt/benshalom-nas/analysis/Sadegh/CX138/CX138/260319/T003346/Network/000005/well011,CX138|260319|T003346|000005|well011,/mnt/benshalom-nas/analysis/Sadegh/CX138/CX138/260319/T003346/Network/000005/well011/qm_unfiltered.xlsx,/mnt/benshalom-nas/analysis/Sadegh/CX138/CX138/260319/T003346/Network/000005/well011/network_results.json,/mnt/benshalom-nas/analysis/Sadegh/CX138/CX138/260319/T003346/Network/000005/well011/tm_curated.xlsx,/mnt/benshalom-nas/analysis/Sadegh/CX138/CX138/260319/T003346/Network/000005/well011/spike_times.npy,/mnt/benshalom-nas/analysis/Sadegh/CX138/CX138/260319/T003346/Network/000005/well011/tm_unfiltered.xlsx,/mnt/benshalom-nas/analysis/Sadegh/CX138/CX138/260319/T003346/Network/000005/well011/rejection_log.xlsx,/mnt/benshalom-nas/analysis/Sadegh/CX138/CX138/260319/T003346/Network/000005/well011/metrics_curated.xlsx,True,True,True,True,True,True,True,61.0,False,,10uM,11,2,6,B6,10uM,2026-03-19,2026-03-19,6,-6,pre_treatment,-2,-6,-4,-5.0,D-6 to D-4
CX138,260319,T003346,000005,well012,/mnt/benshalom-nas/analysis/Sadegh/CX138/CX138/260319/T003346/Network/000005/well012,CX138|260319|T003346|000005|well012,/mnt/benshalom-nas/analysis/Sadegh/CX138/CX138/260319/T003346/Network/000005/well012/qm_unfiltered.xlsx,/mnt/benshalom-nas/analysis/Sadegh/CX138/CX138/260319/T003346/Network/000005/well012/network_results.json,/mnt/benshalom-nas/analysis/Sadegh/CX138/CX138/260319/T003346/Network/000005/well012/tm_curated.xlsx,/mnt/benshalom-nas/analysis/Sadegh/CX138/CX138/260319/T003346/Network/000005/well012/spike_times.npy,/mnt/benshalom-nas/analysis/Sadegh/CX138/CX138/260319/T003346/Network/000005/well012/tm_unfiltered.xlsx,/mnt/benshalom-nas/analysis/Sadegh/CX138/CX138/260319/T003346/Network/000005/well012/rejection_log.xlsx,/mnt/benshalom-nas/analysis/Sadegh/CX138/CX138/260319/T003346/Network/000005/well012/metrics_curated.xlsx,True,True,True,True,True,True,True,55.0,False,,NPH,12,3,1,C1,NPH,2026-03-19,2026-03-19,6,-6,pre_treatment,-2,-6,-4,-5.0,D-6 to D-4
CX138,260319,T003346,000005,well013,/mnt/benshalom-nas/analysis/Sadegh/CX138/CX138/260319/T003346/Network/000005/well013,CX138|260319|T003346|000005|well013,/mnt/benshalom-nas/analysis/Sadegh/CX138/CX138/260319/T003346/Network/000005/well013/qm_unfiltered.xlsx,/mnt/benshalom-nas/analysis/Sadegh/CX138/CX138/260319/T003346/Network/000005/well013/network_results.json,/mnt/benshalom-nas/analysis/Sadegh/CX138/CX138/260319/T003346/Network/000005/well013/tm_curated.xlsx,/mnt/benshalom-nas/analysis/Sadegh/CX138/CX138/260319/T003346/Network/000005/well013/spike_times.npy,/mnt/benshalom-nas/analysis/Sadegh/CX138/CX138/260319/T003346/Network/000005/well013/tm_unfiltered.xlsx,/mnt/benshalom-nas/analysis/Sadegh/CX138/CX138/260319/T003346/Network/000005/well013/rejection_log.xlsx,/mnt/benshalom-nas/analysis/Sadegh/CX138/CX138/260319/T003346/Network/000005/well013/metrics_curated.xlsx,True,True,True,True,True,True,True,18.0,False,,IVH-E,13,3,2,C2,IVH-E,2026-03-19,2026-03-19,6,-6,pre_treatment,-2,-6,-4,-5.0,D-6 to D-4
CX138,260319,T003346,000005,well014,/mnt/benshalom-nas/analysis/Sadegh/CX138/CX138/260319/T003346/Network/000005/well014,CX138|260319|T003346|000005|well014,/mnt/benshalom-nas/analysis/Sadegh/CX138/CX138/260319/T003346/Network/000005/well014/qm_unfiltered.xlsx,/mnt/benshalom-nas/analysis/Sadegh/CX138/CX138/260319/T003346/Network/000005/well014/network_results.json,/mnt/benshalom-nas/analysis/Sadegh/CX138/CX138/260319/T003346/Network/000005/well014/tm_curated.xlsx,/mnt/benshalom-nas/analysis/Sadegh/CX138/CX138/260319/T003346/Network/000005/well014/spike_times.npy,/mnt/benshalom-nas/analysis/Sadegh/CX138/CX138/260319/T003346/Network/000005/well014/tm_unfiltered.xlsx,/mnt/benshalom-nas/analysis/Sadegh/CX138/CX138/260319/T003346/Network/000005/well014/rejection_log.xlsx,/mnt/benshalom-nas/analysis/Sadegh/CX138/CX138/260319/T003346/Network/000005/well014/metrics_curated.xlsx,True,True,True,True,True,True,True,38.0,False,,IVH-L,14,3,3,C3,IVH-L,2026-03-19,2026-03-19,6,-6,pre_treatment,-2,-6,-4,-5.0,D-6 to D-4
CX138,260319,T003346,000005,well015,/mnt/benshalom-nas/analysis/Sadegh/CX138/CX138/260319/T003346/Network/000005/well015,CX138|260319|T003346|000005|well015,/mnt/benshalom-nas/analysis/Sadegh/CX138/CX138/260319/T003346/Network/000005/well015/qm_unfiltered.xlsx,/mnt/benshalom-nas/analysis/Sadegh/CX138/CX138/260319/T003346/Network/000005/well015/network_results.json,/mnt/benshalom-nas/analysis/Sadegh/CX138/CX138/260319/T003346/Network/000005/well015/tm_curated.xlsx,/mnt/benshalom-nas/analysis/Sadegh/CX138/CX138/260319/T003346/Network/000005/well015/spike_times.npy,/mnt/benshalom-nas/analysis/Sadegh/CX138/CX138/260319/T003346/Network/000005/well015/tm_unfiltered.xlsx,/mnt/benshalom-nas/analysis/Sadegh/CX138/CX138/260319/T003346/Network/000005/well015/rejection_log.xlsx,/mnt/benshalom-nas/analysis/Sadegh/CX138/CX138/260319/T003346/Network/000005/well015/metrics_curated.xlsx,True,True,True,True,True,True,True,65.0,False,,CT,15,3,4,C4,CT,2026-03-19,2026-03-19,6,-6,pre_treatment,-2,-6,-4,-5.0,D-6 to D-4
CX138,260319,T003346,000005,well016,/mnt/benshalom-nas/analysis/Sadegh/CX138/CX138/260319/T003346/Network/000005/well016,CX138|260319|T003346|000005|well016,/mnt/benshalom-nas/analysis/Sadegh/CX138/CX138/260319/T003346/Network/000005/well016/qm_unfiltered.xlsx,/mnt/benshalom-nas/analysis/Sadegh/CX138/CX138/260319/T003346/Network/000005/well016/network_results.json,/mnt/benshalom-nas/analysis/Sadegh/CX138/CX138/260319/T003346/Network/000005/well016/tm_curated.xlsx,/mnt/benshalom-nas/analysis/Sadegh/CX138/CX138/260319/T003346/Network/000005/well016/spike_times.npy,/mnt/benshalom-nas/analysis/Sadegh/CX138/CX138/260319/T003346/Network/000005/well016/tm_unfiltered.xlsx,/mnt/benshalom-nas/analysis/Sadegh/CX138/CX138/260319/T003346/Network/000005/well016/rejection_log.xlsx,/mnt/benshalom-nas/analysis/Sadegh/CX138/CX138/260319/T003346/Network/000005/well016/metrics_curated.xlsx,True,True,True,True,True,True,True,46.0,False,,20uM,16,3,5,C5,20uM,2026-03-19,2026-03-19,6,-6,pre_treatment,-2,-6,-4,-5.0,D-6 to D-4
CX138,260319,T003346,000005,well017,/mnt/benshalom-nas/analysis/Sadegh/CX138/CX138/260319/T003346/Network/000005/well017,CX138|260319|T003346|000005|well017,/mnt/benshalom-nas/analysis/Sadegh/CX138/CX138/260319/T003346/Network/000005/well017/qm_unfiltered.xlsx,/mnt/benshalom-nas/analysis/Sadegh/CX138/CX138/260319/T003346/Network/000005/well017/network_results.json,/mnt/benshalom-nas/analysis/Sadegh/CX138/CX138/260319/T003346/Network/000005/well017/tm_curated.xlsx,/mnt/benshalom-nas/analysis/Sadegh/CX138/CX138/260319/T003346/Network/000005/well017/spike_times.npy,/mnt/benshalom-nas/analysis/Sadegh/CX138/CX138/260319/T003346/Network/000005/well017/tm_unfiltered.xlsx,/mnt/benshalom-nas/analysis/Sadegh/CX138/CX138/260319/T003346/Network/000005/well017/rejection_log.xlsx,/mnt/benshalom-nas/analysis/Sadegh/CX138/CX138/260319/T003346/Network/000005/well017/metrics_curated.xlsx,True,True,True,True,True,True,True,67.0,False,,10uM,17,3,6,C6,10uM,2026-03-19,2026-03-19,6,-6,pre_treatment,-2,-6,-4,-5.0,D-6 to D-4
CX138,260319,T003346,000005,well018,/mnt/benshalom-nas/analysis/Sadegh/CX138/CX138/260319/T003346/Network/000005/well018,CX138|260319|T003346|000005|well018,/mnt/benshalom-nas/analysis/Sadegh/CX138/CX138/260319/T003346/Network/000005/well018/qm_unfiltered.xlsx,/mnt/benshalom-nas/analysis/Sadegh/CX138/CX138/260319/T003346/Network/000005/well018/network_results.json,/mnt/benshalom-nas/analysis/Sadegh/CX138/CX138/260319/T003346/Network/000005/well018/tm_curated.xlsx,/mnt/benshalom-nas/analysis/Sadegh/CX138/CX138/260319/T003346/Network/000005/well018/spike_times.npy,/mnt/benshalom-nas/analysis/Sadegh/CX138/CX138/260319/T003346/Network/000005/well018/tm_unfiltered.xlsx,/mnt/benshalom-nas/analysis/Sadegh/CX138/CX138/260319/T003346/Network/000005/well018/rejection_log.xlsx,/mnt/benshalom-nas/analysis/Sadegh/CX138/CX138/260319/T003346/Network/000005/well018/metrics_curated.xlsx,True,True,True,True,True,True,True,54.0,False,,NPH,18,4,1,D1,NPH,2026-03-19,2026-03-19,6,-6,pre_treatment,-2,-6,-4,-5.0,D-6 to D-4
CX138,260319,T003346,000005,well019,/mnt/benshalom-nas/analysis/Sadegh/CX138/CX138/260319/T003346/Network/000005/well019,CX138|260319|T003346|000005|well019,/mnt/benshalom-nas/analysis/Sadegh/CX138/CX138/260319/T003346/Network/000005/well019/qm_unfiltered.xlsx,/mnt/benshalom-nas/analysis/Sadegh/CX138/CX138/260319/T003346/Network/000005/well019/network_results.json,/mnt/benshalom-nas/analysis/Sadegh/CX138/CX138/260319/T003346/Network/000005/well019/tm_curated.xlsx,/mnt/benshalom-nas/analysis/Sadegh/CX138/CX138/260319/T003346/Network/000005/well019/spike_times.npy,/mnt/benshalom-nas/analysis/Sadegh/CX138/CX138/260319/T003346/Network/000005/well019/tm_unfiltered.xlsx,/mnt/benshalom-nas/analysis/Sadegh/CX138/CX138/260319/T003346/Network/000005/well019/rejection_log.xlsx,/mnt/benshalom-nas/analysis/Sadegh/CX138/CX138/260319/T003346/Network/000005/well019/metrics_curated.xlsx,True,True,True,True,True,True,True,70.0,False,,IVH-E,19,4,2,D2,IVH-E,2026-03-19,2026-03-19,6,-6,pre_treatment,-2,-6,-4,-5.0,D-6 to D-4
CX138,260319,T003346,000005,well020,/mnt/benshalom-nas/analysis/Sadegh/CX138/CX138/260319/T003346/Network/000005/well020,CX138|260319|T003346|000005|well020,/mnt/benshalom-nas/analysis/Sadegh/CX138/CX138/260319/T003346/Network/000005/well020/qm_unfiltered.xlsx,/mnt/benshalom-nas/analysis/Sadegh/CX138/CX138/260319/T003346/Network/000005/well020/network_results.json,/mnt/benshalom-nas/analysis/Sadegh/CX138/CX138/260319/T003346/Network/000005/well020/tm_curated.xlsx,/mnt/benshalom-nas/analysis/Sadegh/CX138/CX138/260319/T003346/Network/000005/well020/spike_times.npy,/mnt/benshalom-nas/analysis/Sadegh/CX138/CX138/260319/T003346/Network/000005/well020/tm_unfiltered.xlsx,/mnt/benshalom-nas/analysis/Sadegh/CX138/CX138/260319/T003346/Network/000005/well020/rejection_log.xlsx,/mnt/benshalom-nas/analysis/Sadegh/CX138/CX138/260319/T003346/Network/000005/well020/metrics_curated.xlsx,True,True,True,True,True,True,True,71.0,False,,IVH-L,20,4,3,D3,IVH-L,2026-03-19,2026-03-19,6,-6,pre_treatment,-2,-6,-4,-5.0,D-6 to D-4
CX138,260319,T003346,000005,well021,/mnt/benshalom-nas/analysis/Sadegh/CX138/CX138/260319/T003346/Network/000005/well021,CX138|260319|T003346|000005|well021,/mnt/benshalom-nas/analysis/Sadegh/CX138/CX138/260319/T003346/Network/000005/well021/qm_unfiltered.xlsx,/mnt/benshalom-nas/analysis/Sadegh/CX138/CX138/260319/T003346/Network/000005/well021/network_results.json,/mnt/benshalom-nas/analysis/Sadegh/CX138/CX138/260319/T003346/Network/000005/well021/tm_curated.xlsx,/mnt/benshalom-nas/analysis/Sadegh/CX138/CX138/260319/T003346/Network/000005/well021/spike_times.npy,/mnt/benshalom-nas/analysis/Sadegh/CX138/CX138/260319/T003346/Network/000005/well021/tm_unfiltered.xlsx,/mnt/benshalom-nas/analysis/Sadegh/CX138/CX138/260319/T003346/Network/000005/well021/rejection_log.xlsx,/mnt/benshalom-nas/analysis/Sadegh/CX138/CX138/260319/T003346/Network/000005/well021/metrics_curated.xlsx,True,True,True,True,True,True,True,48.0,False,,CT,21,4,4,D4,CT,2026-03-19,2026-03-19,6,-6,pre_treatment,-2,-6,-4,-5.0,D-6 to D-4
CX138,260319,T003346,000005,well023,/mnt/benshalom-nas/analysis/Sadegh/CX138/CX138/260319/T003346/Network/000005/well023,CX138|260319|T003346|000005|well023,/mnt/benshalom-nas/analysis/Sadegh/CX138/CX138/260319/T003346/Network/000005/well023/qm_unfiltered.xlsx,/mnt/benshalom-nas/analysis/Sadegh/CX138/CX138/260319/T003346/Network/000005/well023/network_results.json,/mnt/benshalom-nas/analysis/Sadegh/CX138/CX138/260319/T003346/Network/000005/well023/tm_curated.xlsx,/mnt/benshalom-nas/analysis/Sadegh/CX138/CX138/260319/T003346/Network/000005/well023/spike_times.npy,/mnt/benshalom-nas/analysis/Sadegh/CX138/CX138/260319/T003346/Network/000005/well023/tm_unfiltered.xlsx,/mnt/benshalom-nas/analysis/Sadegh/CX138/CX138/260319/T003346/Network/000005/well023/rejection_log.xlsx,/mnt/benshalom-nas/analysis/Sadegh/CX138/CX138/260319/T003346/Network/000005/well023/metrics_curated.xlsx,True,True,True,True,True,True,True,81.0,False,,10uM,23,4,6,D6,10uM,2026-03-19,2026-03-19,6,-6,pre_treatment,-2,-6,-4,-5.0,D-6 to D-4
CX138,260321,T003346,000007,well000,/mnt/benshalom-nas/analysis/Sadegh/CX138/CX138/260321/T003346/Network/000007/well000,CX138|260321|T003346|000007|well000,/mnt/benshalom-nas/analysis/Sadegh/CX138/CX138/260321/T003346/Network/000007/well000/qm_unfiltered.xlsx,/mnt/benshalom-nas/analysis/Sadegh/CX138/CX138/260321/T003346/Network/000007/well000/network_results.json,/mnt/benshalom-nas/analysis/Sadegh/CX138/CX138/260321/T003346/Network/000007/well000/tm_curated.xlsx,/mnt/benshalom-nas/analysis/Sadegh/CX138/CX138/260321/T003346/Network/000007/well000/spike_times.npy,/mnt/benshalom-nas/analysis/Sadegh/CX138/CX138/260321/T003346/Network/000007/well000/tm_unfiltered.xlsx,/mnt/benshalom-nas/analysis/Sadegh/CX138/CX138/260321/T003346/Network/000007/well000/rejection_log.xlsx,/mnt/benshalom-nas/analysis/Sadegh/CX138/CX138/260321/T003346/Network/000007/well000/metrics_curated.xlsx,True,True,True,True,True,True,True,90.0,False,,NPH,0,1,1,A1,NPH,2026-03-21,2026-03-21,8,-4,pre_treatment,-2,-6,-4,-5.0,D-6 to D-4
CX138,260321,T003346,000007,well001,/mnt/benshalom-nas/analysis/Sadegh/CX138/CX138/260321/T003346/Network/000007/well001,CX138|260321|T003346|000007|well001,/mnt/benshalom-nas/analysis/Sadegh/CX138/CX138/260321/T003346/Network/000007/well001/qm_unfiltered.xlsx,/mnt/benshalom-nas/analysis/Sadegh/CX138/CX138/260321/T003346/Network/000007/well001/network_results.json,/mnt/benshalom-nas/analysis/Sadegh/CX138/CX138/260321/T003346/Network/000007/well001/tm_curated.xlsx,/mnt/benshalom-nas/analysis/Sadegh/CX138/CX138/260321/T003346/Network/000007/well001/spike_times.npy,/mnt/benshalom-nas/analysis/Sadegh/CX138/CX138/260321/T003346/Network/000007/well001/tm_unfiltered.xlsx,/mnt/benshalom-nas/analysis/Sadegh/CX138/CX138/260321/T003346/Network/000007/well001/rejection_log.xlsx,/mnt/benshalom-nas/analysis/Sadegh/CX138/CX138/260321/T003346/Network/000007/well001/metrics_curated.xlsx,True,True,True,True,True,True,True,128.0,False,,IVH-E,1,1,2,A2,IVH-E,2026-03-21,2026-03-21,8,-4,pre_treatment,-2,-6,-4,-5.0,D-6 to D-4
CX138,260321,T003346,000007,well002,/mnt/benshalom-nas/analysis/Sadegh/CX138/CX138/260321/T003346/Network/000007/well002,CX138|260321|T003346|000007|well002,/mnt/benshalom-nas/analysis/Sadegh/CX138/CX138/260321/T003346/Network/000007/well002/qm_unfiltered.xlsx,/mnt/benshalom-nas/analysis/Sadegh/CX138/CX138/260321/T003346/Network/000007/well002/network_results.json,/mnt/benshalom-nas/analysis/Sadegh/CX138/CX138/260321/T003346/Network/000007/well002/tm_curated.xlsx,/mnt/benshalom-nas/analysis/Sadegh/CX138/CX138/260321/T003346/Network/000007/well002/spike_times.npy,/mnt/benshalom-nas/analysis/Sadegh/CX138/CX138/260321/T003346/Network/000007/well002/tm_unfiltered.xlsx,/mnt/benshalom-nas/analysis/Sadegh/CX138/CX138/260321/T003346/Network/000007/well002/rejection_log.xlsx,/mnt/benshalom-nas/analysis/Sadegh/CX138/CX138/260321/T003346/Network/000007/well002/metrics_curated.xlsx,True,True,True,True,True,True,True,76.0,False,,IVH-L,2,1,3,A3,IVH-L,2026-03-21,2026-03-21,8,-4,pre_treatment,-2,-6,-4,-5.0,D-6 to D-4
CX138,260321,T003346,000007,well003,/mnt/benshalom-nas/analysis/Sadegh/CX138/CX138/260321/T003346/Network/000007/well003,CX138|260321|T003346|000007|well003,/mnt/benshalom-nas/analysis/Sadegh/CX138/CX138/260321/T003346/Network/000007/well003/qm_unfiltered.xlsx,/mnt/benshalom-nas/analysis/Sadegh/CX138/CX138/260321/T003346/Network/000007/well003/network_results.json,/mnt/benshalom-nas/analysis/Sadegh/CX138/CX138/260321/T003346/Network/000007/well003/tm_curated.xlsx,/mnt/benshalom-nas/analysis/Sadegh/CX138/CX138/260321/T003346/Network/000007/well003/spike_times.npy,/mnt/benshalom-nas/analysis/Sadegh/CX138/CX138/260321/T003346/Network/000007/well003/tm_unfiltered.xlsx,/mnt/benshalom-nas/analysis/Sadegh/CX138/CX138/260321/T003346/Network/000007/well003/rejection_log.xlsx,/mnt/benshalom-nas/analysis/Sadegh/CX138/CX138/260321/T003346/Network/000007/well003/metrics_curated.xlsx,True,True,True,True,True,True,True,99.0,False,,CT,3,1,4,A4,CT,2026-03-21,2026-03-21,8,-4,pre_treatment,-2,-6,-4,-5.0,D-6 to D-4
CX138,260321,T003346,000007,well004,/mnt/benshalom-nas/analysis/Sadegh/CX138/CX138/260321/T003346/Network/000007/well004,CX138|260321|T003346|000007|well004,/mnt/benshalom-nas/analysis/Sadegh/CX138/CX138/260321/T003346/Network/000007/well004/qm_unfiltered.xlsx,/mnt/benshalom-nas/analysis/Sadegh/CX138/CX138/260321/T003346/Network/000007/well004/network_results.json,/mnt/benshalom-nas/analysis/Sadegh/CX138/CX138/260321/T003346/Network/000007/well004/tm_curated.xlsx,/mnt/benshalom-nas/analysis/Sadegh/CX138/CX138/260321/T003346/Network/000007/well004/spike_times.npy,/mnt/benshalom-nas/analysis/Sadegh/CX138/CX138/260321/T003346/Network/000007/well004/tm_unfiltered.xlsx,/mnt/benshalom-nas/analysis/Sadegh/CX138/CX138/260321/T003346/Network/000007/well004/rejection_log.xlsx,/mnt/benshalom-nas/analysis/Sadegh/CX138/CX138/260321/T003346/Network/000007/well004/metrics_curated.xlsx,True,True,True,True,True,True,True,126.0,False,,20uM,4,1,5,A5,20uM,2026-03-21,2026-03-21,8,-4,pre_treatment,-2,-6,-4,-5.0,D-6 to D-4
CX138,260321,T003346,000007,well005,/mnt/benshalom-nas/analysis/Sadegh/CX138/CX138/260321/T003346/Network/000007/well005,CX138|260321|T003346|000007|well005,/mnt/benshalom-nas/analysis/Sadegh/CX138/CX138/260321/T003346/Network/000007/well005/qm_unfiltered.xlsx,/mnt/benshalom-nas/analysis/Sadegh/CX138/CX138/260321/T003346/Network/000007/well005/network_results.json,/mnt/benshalom-nas/analysis/Sadegh/CX138/CX138/260321/T003346/Network/000007/well005/tm_curated.xlsx,/mnt/benshalom-nas/analysis/Sadegh/CX138/CX138/260321/T003346/Network/000007/well005/spike_times.npy,/mnt/benshalom-nas/analysis/Sadegh/CX138/CX138/260321/T003346/Network/000007/well005/tm_unfiltered.xlsx,/mnt/benshalom-nas/analysis/Sadegh/CX138/CX138/260321/T003346/Network/000007/well005/rejection_log.xlsx,/mnt/benshalom-nas/analysis/Sadegh/CX138/CX138/260321/T003346/Network/000007/well005/metrics_curated.xlsx,True,True,True,True,True,True,True,140.0,False,,10uM,5,1,6,A6,10uM,2026-03-21,2026-03-21,8,-4,pre_treatment,-2,-6,-4,-5.0,D-6 to D-4
CX138,260321,T003346,000007,well006,/mnt/benshalom-nas/analysis/Sadegh/CX138/CX138/260321/T003346/Network/000007/well006,CX138|260321|T003346|000007|well006,/mnt/benshalom-nas/analysis/Sadegh/CX138/CX138/260321/T003346/Network/000007/well006/qm_unfiltered.xlsx,/mnt/benshalom-nas/analysis/Sadegh/CX138/CX138/260321/T003346/Network/000007/well006/network_results.json,/mnt/benshalom-nas/analysis/Sadegh/CX138/CX138/260321/T003346/Network/000007/well006/tm_curated.xlsx,/mnt/benshalom-nas/analysis/Sadegh/CX138/CX138/260321/T003346/Network/000007/well006/spike_times.npy,/mnt/benshalom-nas/analysis/Sadegh/CX138/CX138/260321/T003346/Network/000007/well006/tm_unfiltered.xlsx,/mnt/benshalom-nas/analysis/Sadegh/CX138/CX138/260321/T003346/Network/000007/well006/rejection_log.xlsx,/mnt/benshalom-nas/analysis/Sadegh/CX138/CX138/260321/T003346/Network/000007/well006/metrics_curated.xlsx,True,True,True,True,True,True,True,58.0,False,,NPH,6,2,1,B1,NPH,2026-03-21,2026-03-21,8,-4,pre_treatment,-2,-6,-4,-5.0,D-6 to D-4
CX138,260321,T003346,000007,well007,/mnt/benshalom-nas/analysis/Sadegh/CX138/CX138/260321/T003346/Network/000007/well007,CX138|260321|T003346|000007|well007,/mnt/benshalom-nas/analysis/Sadegh/CX138/CX138/260321/T003346/Network/000007/well007/qm_unfiltered.xlsx,/mnt/benshalom-nas/analysis/Sadegh/CX138/CX138/260321/T003346/Network/000007/well007/network_results.json,/mnt/benshalom-nas/analysis/Sadegh/CX138/CX138/260321/T003346/Network/000007/well007/tm_curated.xlsx,/mnt/benshalom-nas/analysis/Sadegh/CX138/CX138/260321/T003346/Network/000007/well007/spike_times.npy,/mnt/benshalom-nas/analysis/Sadegh/CX138/CX138/260321/T003346/Network/000007/well007/tm_unfiltered.xlsx,/mnt/benshalom-nas/analysis/Sadegh/CX138/CX138/260321/T003346/Network/000007/well007/rejection_log.xlsx,/mnt/benshalom-nas/analysis/Sadegh/CX138/CX138/260321/T003346/Network/000007/well007/metrics_curated.xlsx,True,True,True,True,True,True,True,132.0,False,,IVH-E,7,2,2,B2,IVH-E,2026-03-21,2026-03-21,8,-4,pre_treatment,-2,-6,-4,-5.0,D-6 to D-4
CX138,260321,T003346,000007,well008,/mnt/benshalom-nas/analysis/Sadegh/CX138/CX138/260321/T003346/Network/000007/well008,CX138|260321|T003346|000007|well008,/mnt/benshalom-nas/analysis/Sadegh/CX138/CX138/260321/T003346/Network/000007/well008/qm_unfiltered.xlsx,/mnt/benshalom-nas/analysis/Sadegh/CX138/CX138/260321/T003346/Network/000007/well008/network_results.json,/mnt/benshalom-nas/analysis/Sadegh/CX138/CX138/260321/T003346/Network/000007/well008/tm_curated.xlsx,/mnt/benshalom-nas/analysis/Sadegh/CX138/CX138/260321/T003346/Network/000007/well008/spike_times.npy,/mnt/benshalom-nas/analysis/Sadegh/CX138/CX138/260321/T003346/Network/000007/well008/tm_unfiltered.xlsx,/mnt/benshalom-nas/analysis/Sadegh/CX138/CX138/260321/T003346/Network/000007/well008/rejection_log.xlsx,/mnt/benshalom-nas/analysis/Sadegh/CX138/CX138/260321/T003346/Network/000007/well008/metrics_curated.xlsx,True,True,True,True,True,True,True,171.0,False,,IVH-L,8,2,3,B3,IVH-L,2026-03-21,2026-03-21,8,-4,pre_treatment,-2,-6,-4,-5.0,D-6 to D-4
CX138,260321,T003346,000007,well009,/mnt/benshalom-nas/analysis/Sadegh/CX138/CX138/260321/T003346/Network/000007/well009,CX138|260321|T003346|000007|well009,/mnt/benshalom-nas/analysis/Sadegh/CX138/CX138/260321/T003346/Network/000007/well009/qm_unfiltered.xlsx,/mnt/benshalom-nas/analysis/Sadegh/CX138/CX138/260321/T003346/Network/000007/well009/network_results.json,/mnt/benshalom-nas/analysis/Sadegh/CX138/CX138/260321/T003346/Network/000007/well009/tm_curated.xlsx,/mnt/benshalom-nas/analysis/Sadegh/CX138/CX138/260321/T003346/Network/000007/well009/spike_times.npy,/mnt/benshalom-nas/analysis/Sadegh/CX138/CX138/260321/T003346/Network/000007/well009/tm_unfiltered.xlsx,/mnt/benshalom-nas/analysis/Sadegh/CX138/CX138/260321/T003346/Network/000007/well009/rejection_log.xlsx,/mnt/benshalom-nas/analysis/Sadegh/CX138/CX138/260321/T003346/Network/000007/well009/metrics_curated.xlsx,True,True,True,True,True,True,True,111.0,False,,CT,9,2,4,B4,CT,2026-03-21,2026-03-21,8,-4,pre_treatment,-2,-6,-4,-5.0,D-6 to D-4
CX138,260321,T003346,000007,well010,/mnt/benshalom-nas/analysis/Sadegh/CX138/CX138/260321/T003346/Network/000007/well010,CX138|260321|T003346|000007|well010,/mnt/benshalom-nas/analysis/Sadegh/CX138/CX138/260321/T003346/Network/000007/well010/qm_unfiltered.xlsx,/mnt/benshalom-nas/analysis/Sadegh/CX138/CX138/260321/T003346/Network/000007/well010/network_results.json,/mnt/benshalom-nas/analysis/Sadegh/CX138/CX138/260321/T003346/Network/000007/well010/tm_curated.xlsx,/mnt/benshalom-nas/analysis/Sadegh/CX138/CX138/260321/T003346/Network/000007/well010/spike_times.npy,/mnt/benshalom-nas/analysis/Sadegh/CX138/CX138/260321/T003346/Network/000007/well010/tm_unfiltered.xlsx,/mnt/benshalom-nas/analysis/Sadegh/CX138/CX138/260321/T003346/Network/000007/well010/rejection_log.xlsx,/mnt/benshalom-nas/analysis/Sadegh/CX138/CX138/260321/T003346/Network/000007/well010/metrics_curated.xlsx,True,True,True,True,True,True,True,106.0,False,,20uM,10,2,5,B5,20uM,2026-03-21,2026-03-21,8,-4,pre_treatment,-2,-6,-4,-5.0,D-6 to D-4
CX138,260321,T003346,000007,well011,/mnt/benshalom-nas/analysis/Sadegh/CX138/CX138/260321/T003346/Network/000007/well011,CX138|260321|T003346|000007|well011,/mnt/benshalom-nas/analysis/Sadegh/CX138/CX138/260321/T003346/Network/000007/well011/qm_unfiltered.xlsx,/mnt/benshalom-nas/analysis/Sadegh/CX138/CX138/260321/T003346/Network/000007/well011/network_results.json,/mnt/benshalom-nas/analysis/Sadegh/CX138/CX138/260321/T003346/Network/000007/well011/tm_curated.xlsx,/mnt/benshalom-nas/analysis/Sadegh/CX138/CX138/260321/T003346/Network/000007/well011/spike_times.npy,/mnt/benshalom-nas/analysis/Sadegh/CX138/CX138/260321/T003346/Network/000007/well011/tm_unfiltered.xlsx,/mnt/benshalom-nas/analysis/Sadegh/CX138/CX138/260321/T003346/Network/000007/well011/rejection_log.xlsx,/mnt/benshalom-nas/analysis/Sadegh/CX138/CX138/260321/T003346/Network/000007/well011/metrics_curated.xlsx,True,True,True,True,True,True,True,147.0,False,,10uM,11,2,6,B6,10uM,2026-03-21,2026-03-21,8,-4,pre_treatment,-2,-6,-4,-5.0,D-6 to D-4
CX138,260321,T003346,000007,well012,/mnt/benshalom-nas/analysis/Sadegh/CX138/CX138/260321/T003346/Network/000007/well012,CX138|260321|T003346|000007|well012,/mnt/benshalom-nas/analysis/Sadegh/CX138/CX138/260321/T003346/Network/000007/well012/qm_unfiltered.xlsx,/mnt/benshalom-nas/analysis/Sadegh/CX138/CX138/260321/T003346/Network/000007/well012/network_results.json,/mnt/benshalom-nas/analysis/Sadegh/CX138/CX138/260321/T003346/Network/000007/well012/tm_curated.xlsx,/mnt/benshalom-nas/analysis/Sadegh/CX138/CX138/260321/T003346/Network/000007/well012/spike_times.npy,/mnt/benshalom-nas/analysis/Sadegh/CX138/CX138/260321/T003346/Network/000007/well012/tm_unfiltered.xlsx,/mnt/benshalom-nas/analysis/Sadegh/CX138/CX138/260321/T003346/Network/000007/well012/rejection_log.xlsx,/mnt/benshalom-nas/analysis/Sadegh/CX138/CX138/260321/T003346/Network/000007/well012/metrics_curated.xlsx,True,True,True,True,True,True,True,87.0,False,,NPH,12,3,1,C1,NPH,2026-03-21,2026-03-21,8,-4,pre_treatment,-2,-6,-4,-5.0,D-6 to D-4
CX138,260321,T003346,000007,well013,/mnt/benshalom-nas/analysis/Sadegh/CX138/CX138/260321/T003346/Network/000007/well013,CX138|260321|T003346|000007|well013,/mnt/benshalom-nas/analysis/Sadegh/CX138/CX138/260321/T003346/Network/000007/well013/qm_unfiltered.xlsx,/mnt/benshalom-nas/analysis/Sadegh/CX138/CX138/260321/T003346/Network/000007/well013/network_results.json,/mnt/benshalom-nas/analysis/Sadegh/CX138/CX138/260321/T003346/Network/000007/well013/tm_curated.xlsx,/mnt/benshalom-nas/analysis/Sadegh/CX138/CX138/260321/T003346/Network/000007/well013/spike_times.npy,/mnt/benshalom-nas/analysis/Sadegh/CX138/CX138/260321/T003346/Network/000007/well013/tm_unfiltered.xlsx,/mnt/benshalom-nas/analysis/Sadegh/CX138/CX138/260321/T003346/Network/000007/well013/rejection_log.xlsx,/mnt/benshalom-nas/analysis/Sadegh/CX138/CX138/260321/T003346/Network/000007/well013/metrics_curated.xlsx,True,True,True,True,True,True,True,88.0,False,,IVH-E,13,3,2,C2,IVH-E,2026-03-21,2026-03-21,8,-4,pre_treatment,-2,-6,-4,-5.0,D-6 to D-4
CX138,260321,T003346,000007,well014,/mnt/benshalom-nas/analysis/Sadegh/CX138/CX138/260321/T003346/Network/000007/well014,CX138|260321|T003346|000007|well014,/mnt/benshalom-nas/analysis/Sadegh/CX138/CX138/260321/T003346/Network/000007/well014/qm_unfiltered.xlsx,/mnt/benshalom-nas/analysis/Sadegh/CX138/CX138/260321/T003346/Network/000007/well014/network_results.json,/mnt/benshalom-nas/analysis/Sadegh/CX138/CX138/260321/T003346/Network/000007/well014/tm_curated.xlsx,/mnt/benshalom-nas/analysis/Sadegh/CX138/CX138/260321/T003346/Network/000007/well014/spike_times.npy,/mnt/benshalom-nas/analysis/Sadegh/CX138/CX138/260321/T003346/Network/000007/well014/tm_unfiltered.xlsx,/mnt/benshalom-nas/analysis/Sadegh/CX138/CX138/260321/T003346/Network/000007/well014/rejection_log.xlsx,/mnt/benshalom-nas/analysis/Sadegh/CX138/CX138/260321/T003346/Network/000007/well014/metrics_curated.xlsx,True,True,True,True,True,True,True,117.0,False,,IVH-L,14,3,3,C3,IVH-L,2026-03-21,2026-03-21,8,-4,pre_treatment,-2,-6,-4,-5.0,D-6 to D-4
CX138,260321,T003346,000007,well015,/mnt/benshalom-nas/analysis/Sadegh/CX138/CX138/260321/T003346/Network/000007/well015,CX138|260321|T003346|000007|well015,/mnt/benshalom-nas/analysis/Sadegh/CX138/CX138/260321/T003346/Network/000007/well015/qm_unfiltered.xlsx,/mnt/benshalom-nas/analysis/Sadegh/CX138/CX138/260321/T003346/Network/000007/well015/network_results.json,/mnt/benshalom-nas/analysis/Sadegh/CX138/CX138/260321/T003346/Network/000007/well015/tm_curated.xlsx,/mnt/benshalom-nas/analysis/Sadegh/CX138/CX138/260321/T003346/Network/000007/well015/spike_times.npy,/mnt/benshalom-nas/analysis/Sadegh/CX138/CX138/260321/T003346/Network/000007/well015/tm_unfiltered.xlsx,/mnt/benshalom-nas/analysis/Sadegh/CX138/CX138/260321/T003346/Network/000007/well015/rejection_log.xlsx,/mnt/benshalom-nas/analysis/Sadegh/CX138/CX138/260321/T003346/Network/000007/well015/metrics_curated.xlsx,True,True,True,True,True,True,True,144.0,False,,CT,15,3,4,C4,CT,2026-03-21,2026-03-21,8,-4,pre_treatment,-2,-6,-4,-5.0,D-6 to D-4
CX138,260321,T003346,000007,well016,/mnt/benshalom-nas/analysis/Sadegh/CX138/CX138/260321/T003346/Network/000007/well016,CX138|260321|T003346|000007|well016,/mnt/benshalom-nas/analysis/Sadegh/CX138/CX138/260321/T003346/Network/000007/well016/qm_unfiltered.xlsx,/mnt/benshalom-nas/analysis/Sadegh/CX138/CX138/260321/T003346/Network/000007/well016/network_results.json,/mnt/benshalom-nas/analysis/Sadegh/CX138/CX138/260321/T003346/Network/000007/well016/tm_curated.xlsx,/mnt/benshalom-nas/analysis/Sadegh/CX138/CX138/260321/T003346/Network/000007/well016/spike_times.npy,/mnt/benshalom-nas/analysis/Sadegh/CX138/CX138/260321/T003346/Network/000007/well016/tm_unfiltered.xlsx,/mnt/benshalom-nas/analysis/Sadegh/CX138/CX138/260321/T003346/Network/000007/well016/rejection_log.xlsx,/mnt/benshalom-nas/analysis/Sadegh/CX138/CX138/260321/T003346/Network/000007/well016/metrics_curated.xlsx,True,True,True,True,True,True,True,127.0,False,,20uM,16,3,5,C5,20uM,2026-03-21,2026-03-21,8,-4,pre_treatment,-2,-6,-4,-5.0,D-6 to D-4
CX138,260321,T003346,000007,well017,/mnt/benshalom-nas/analysis/Sadegh/CX138/CX138/260321/T003346/Network/000007/well017,CX138|260321|T003346|000007|well017,/mnt/benshalom-nas/analysis/Sadegh/CX138/CX138/260321/T003346/Network/000007/well017/qm_unfiltered.xlsx,/mnt/benshalom-nas/analysis/Sadegh/CX138/CX138/260321/T003346/Network/000007/well017/network_results.json,/mnt/benshalom-nas/analysis/Sadegh/CX138/CX138/260321/T003346/Network/000007/well017/tm_curated.xlsx,/mnt/benshalom-nas/analysis/Sadegh/CX138/CX138/260321/T003346/Network/000007/well017/spike_times.npy,/mnt/benshalom-nas/analysis/Sadegh/CX138/CX138/260321/T003346/Network/000007/well017/tm_unfiltered.xlsx,/mnt/benshalom-nas/analysis/Sadegh/CX138/CX138/260321/T003346/Network/000007/well017/rejection_log.xlsx,/mnt/benshalom-nas/analysis/Sadegh/CX138/CX138/260321/T003346/Network/000007/well017/metrics_curated.xlsx,True,True,True,True,True,True,True,140.0,False,,10uM,17,3,6,C6,10uM,2026-03-21,2026-03-21,8,-4,pre_treatment,-2,-6,-4,-5.0,D-6 to D-4
CX138,260321,T003346,000007,well018,/mnt/benshalom-nas/analysis/Sadegh/CX138/CX138/260321/T003346/Network/000007/well018,CX138|260321|T003346|000007|well018,/mnt/benshalom-nas/analysis/Sadegh/CX138/CX138/260321/T003346/Network/000007/well018/qm_unfiltered.xlsx,/mnt/benshalom-nas/analysis/Sadegh/CX138/CX138/260321/T003346/Network/000007/well018/network_results.json,/mnt/benshalom-nas/analysis/Sadegh/CX138/CX138/260321/T003346/Network/000007/well018/tm_curated.xlsx,/mnt/benshalom-nas/analysis/Sadegh/CX138/CX138/260321/T003346/Network/000007/well018/spike_times.npy,/mnt/benshalom-nas/analysis/Sadegh/CX138/CX138/260321/T003346/Network/000007/well018/tm_unfiltered.xlsx,/mnt/benshalom-nas/analysis/Sadegh/CX138/CX138/260321/T003346/Network/000007/well018/rejection_log.xlsx,/mnt/benshalom-nas/analysis/Sadegh/CX138/CX138/260321/T003346/Network/000007/well018/metrics_curated.xlsx,True,True,True,True,True,True,True,109.0,False,,NPH,18,4,1,D1,NPH,2026-03-21,2026-03-21,8,-4,pre_treatment,-2,-6,-4,-5.0,D-6 to D-4
CX138,260321,T003346,000007,well019,/mnt/benshalom-nas/analysis/Sadegh/CX138/CX138/260321/T003346/Network/000007/well019,CX138|260321|T003346|000007|well019,/mnt/benshalom-nas/analysis/Sadegh/CX138/CX138/260321/T003346/Network/000007/well019/qm_unfiltered.xlsx,/mnt/benshalom-nas/analysis/Sadegh/CX138/CX138/260321/T003346/Network/000007/well019/network_results.json,/mnt/benshalom-nas/analysis/Sadegh/CX138/CX138/260321/T003346/Network/000007/well019/tm_curated.xlsx,/mnt/benshalom-nas/analysis/Sadegh/CX138/CX138/260321/T003346/Network/000007/well019/spike_times.npy,/mnt/benshalom-nas/analysis/Sadegh/CX138/CX138/260321/T003346/Network/000007/well019/tm_unfiltered.xlsx,/mnt/benshalom-nas/analysis/Sadegh/CX138/CX138/260321/T003346/Network/000007/well019/rejection_log.xlsx,/mnt/benshalom-nas/analysis/Sadegh/CX138/CX138/260321/T003346/Network/000007/well019/metrics_curated.xlsx,True,True,True,True,True,True,True,88.0,False,,IVH-E,19,4,2,D2,IVH-E,2026-03-21,2026-03-21,8,-4,pre_treatment,-2,-6,-4,-5.0,D-6 to D-4
CX138,260321,T003346,000007,well020,/mnt/benshalom-nas/analysis/Sadegh/CX138/CX138/260321/T003346/Network/000007/well020,CX138|260321|T003346|000007|well020,/mnt/benshalom-nas/analysis/Sadegh/CX138/CX138/260321/T003346/Network/000007/well020/qm_unfiltered.xlsx,/mnt/benshalom-nas/analysis/Sadegh/CX138/CX138/260321/T003346/Network/000007/well020/network_results.json,/mnt/benshalom-nas/analysis/Sadegh/CX138/CX138/260321/T003346/Network/000007/well020/tm_curated.xlsx,/mnt/benshalom-nas/analysis/Sadegh/CX138/CX138/260321/T003346/Network/000007/well020/spike_times.npy,/mnt/benshalom-nas/analysis/Sadegh/CX138/CX138/260321/T003346/Network/000007/well020/tm_unfiltered.xlsx,/mnt/benshalom-nas/analysis/Sadegh/CX138/CX138/260321/T003346/Network/000007/well020/rejection_log.xlsx,/mnt/benshalom-nas/analysis/Sadegh/CX138/CX138/260321/T003346/Network/000007/well020/metrics_curated.xlsx,True,True,True,True,True,True,True,108.0,False,,IVH-L,20,4,3,D3,IVH-L,2026-03-21,2026-03-21,8,-4,pre_treatment,-2,-6,-4,-5.0,D-6 to D-4
CX138,260321,T003346,000007,well021,/mnt/benshalom-nas/analysis/Sadegh/CX138/CX138/260321/T003346/Network/000007/well021,CX138|260321|T003346|000007|well021,/mnt/benshalom-nas/analysis/Sadegh/CX138/CX138/260321/T003346/Network/000007/well021/qm_unfiltered.xlsx,/mnt/benshalom-nas/analysis/Sadegh/CX138/CX138/260321/T003346/Network/000007/well021/network_results.json,/mnt/benshalom-nas/analysis/Sadegh/CX138/CX138/260321/T003346/Network/000007/well021/tm_curated.xlsx,/mnt/benshalom-nas/analysis/Sadegh/CX138/CX138/260321/T003346/Network/000007/well021/spike_times.npy,/mnt/benshalom-nas/analysis/Sadegh/CX138/CX138/260321/T003346/Network/000007/well021/tm_unfiltered.xlsx,/mnt/benshalom-nas/analysis/Sadegh/CX138/CX138/260321/T003346/Network/000007/well021/rejection_log.xlsx,/mnt/benshalom-nas/analysis/Sadegh/CX138/CX138/260321/T003346/Network/000007/well021/metrics_curated.xlsx,True,True,True,True,True,True,True,135.0,False,,CT,21,4,4,D4,CT,2026-03-21,2026-03-21,8,-4,pre_treatment,-2,-6,-4,-5.0,D-6 to D-4
CX138,260321,T003346,000007,well023,/mnt/benshalom-nas/analysis/Sadegh/CX138/CX138/260321/T003346/Network/000007/well023,CX138|260321|T003346|000007|well023,/mnt/benshalom-nas/analysis/Sadegh/CX138/CX138/260321/T003346/Network/000007/well023/qm_unfiltered.xlsx,/mnt/benshalom-nas/analysis/Sadegh/CX138/CX138/260321/T003346/Network/000007/well023/network_results.json,/mnt/benshalom-nas/analysis/Sadegh/CX138/CX138/260321/T003346/Network/000007/well023/tm_curated.xlsx,/mnt/benshalom-nas/analysis/Sadegh/CX138/CX138/260321/T003346/Network/000007/well023/spike_times.npy,/mnt/benshalom-nas/analysis/Sadegh/CX138/CX138/260321/T003346/Network/000007/well023/tm_unfiltered.xlsx,/mnt/benshalom-nas/analysis/Sadegh/CX138/CX138/260321/T003346/Network/000007/well023/rejection_log.xlsx,/mnt/benshalom-nas/analysis/Sadegh/CX138/CX138/260321/T003346/Network/000007/well023/metrics_curated.xlsx,True,True,True,True,True,True,True,83.0,False,,10uM,23,4,6,D6,10uM,2026-03-21,2026-03-21,8,-4,pre_treatment,-2,-6,-4,-5.0,D-6 to D-4
CX138,260323,T003346,000009,well000,/mnt/benshalom-nas/analysis/Sadegh/CX138/CX138/260323/T003346/Network/000009/well000,CX138|260323|T003346|000009|well000,/mnt/benshalom-nas/analysis/Sadegh/CX138/CX138/260323/T003346/Network/000009/well000/qm_unfiltered.xlsx,/mnt/benshalom-nas/analysis/Sadegh/CX138/CX138/260323/T003346/Network/000009/well000/network_results.json,/mnt/benshalom-nas/analysis/Sadegh/CX138/CX138/260323/T003346/Network/000009/well000/tm_curated.xlsx,/mnt/benshalom-nas/analysis/Sadegh/CX138/CX138/260323/T003346/Network/000009/well000/spike_times.npy,/mnt/benshalom-nas/analysis/Sadegh/CX138/CX138/260323/T003346/Network/000009/well000/tm_unfiltered.xlsx,/mnt/benshalom-nas/analysis/Sadegh/CX138/CX138/260323/T003346/Network/000009/well000/rejection_log.xlsx,/mnt/benshalom-nas/analysis/Sadegh/CX138/CX138/260323/T003346/Network/000009/well000/metrics_curated.xlsx,True,True,True,True,True,True,True,84.0,False,,NPH,0,1,1,A1,NPH,2026-03-23,2026-03-23,10,-2,pre_treatment,-1,-3,-1,-2.0,D-3 to D-1
CX138,260323,T003346,000009,well001,/mnt/benshalom-nas/analysis/Sadegh/CX138/CX138/260323/T003346/Network/000009/well001,CX138|260323|T003346|000009|well001,/mnt/benshalom-nas/analysis/Sadegh/CX138/CX138/260323/T003346/Network/000009/well001/qm_unfiltered.xlsx,/mnt/benshalom-nas/analysis/Sadegh/CX138/CX138/260323/T003346/Network/000009/well001/network_results.json,/mnt/benshalom-nas/analysis/Sadegh/CX138/CX138/260323/T003346/Network/000009/well001/tm_curated.xlsx,/mnt/benshalom-nas/analysis/Sadegh/CX138/CX138/260323/T003346/Network/000009/well001/spike_times.npy,/mnt/benshalom-nas/analysis/Sadegh/CX138/CX138/260323/T003346/Network/000009/well001/tm_unfiltered.xlsx,/mnt/benshalom-nas/analysis/Sadegh/CX138/CX138/260323/T003346/Network/000009/well001/rejection_log.xlsx,/mnt/benshalom-nas/analysis/Sadegh/CX138/CX138/260323/T003346/Network/000009/well001/metrics_curated.xlsx,True,True,True,True,True,True,True,120.0,False,,IVH-E,1,1,2,A2,IVH-E,2026-03-23,2026-03-23,10,-2,pre_treatment,-1,-3,-1,-2.0,D-3 to D-1
CX138,260323,T003346,000009,well002,/mnt/benshalom-nas/analysis/Sadegh/CX138/CX138/260323/T003346/Network/000009/well002,CX138|260323|T003346|000009|well002,/mnt/benshalom-nas/analysis/Sadegh/CX138/CX138/260323/T003346/Network/000009/well002/qm_unfiltered.xlsx,/mnt/benshalom-nas/analysis/Sadegh/CX138/CX138/260323/T003346/Network/000009/well002/network_results.json,/mnt/benshalom-nas/analysis/Sadegh/CX138/CX138/260323/T003346/Network/000009/well002/tm_curated.xlsx,/mnt/benshalom-nas/analysis/Sadegh/CX138/CX138/260323/T003346/Network/000009/well002/spike_times.npy,/mnt/benshalom-nas/analysis/Sadegh/CX138/CX138/260323/T003346/Network/000009/well002/tm_unfiltered.xlsx,/mnt/benshalom-nas/analysis/Sadegh/CX138/CX138/260323/T003346/Network/000009/well002/rejection_log.xlsx,/mnt/benshalom-nas/analysis/Sadegh/CX138/CX138/260323/T003346/Network/000009/well002/metrics_curated.xlsx,True,True,True,True,True,True,True,82.0,False,,IVH-L,2,1,3,A3,IVH-L,2026-03-23,2026-03-23,10,-2,pre_treatment,-1,-3,-1,-2.0,D-3 to D-1
CX138,260323,T003346,000009,well003,/mnt/benshalom-nas/analysis/Sadegh/CX138/CX138/260323/T003346/Network/000009/well003,CX138|260323|T003346|000009|well003,/mnt/benshalom-nas/analysis/Sadegh/CX138/CX138/260323/T003346/Network/000009/well003/qm_unfiltered.xlsx,/mnt/benshalom-nas/analysis/Sadegh/CX138/CX138/260323/T003346/Network/000009/well003/network_results.json,/mnt/benshalom-nas/analysis/Sadegh/CX138/CX138/260323/T003346/Network/000009/well003/tm_curated.xlsx,/mnt/benshalom-nas/analysis/Sadegh/CX138/CX138/260323/T003346/Network/000009/well003/spike_times.npy,/mnt/benshalom-nas/analysis/Sadegh/CX138/CX138/260323/T003346/Network/000009/well003/tm_unfiltered.xlsx,/mnt/benshalom-nas/analysis/Sadegh/CX138/CX138/260323/T003346/Network/000009/well003/rejection_log.xlsx,/mnt/benshalom-nas/analysis/Sadegh/CX138/CX138/260323/T003346/Network/000009/well003/metrics_curated.xlsx,True,True,True,True,True,True,True,75.0,False,,CT,3,1,4,A4,CT,2026-03-23,2026-03-23,10,-2,pre_treatment,-1,-3,-1,-2.0,D-3 to D-1
CX138,260323,T003346,000009,well004,/mnt/benshalom-nas/analysis/Sadegh/CX138/CX138/260323/T003346/Network/000009/well004,CX138|260323|T003346|000009|well004,/mnt/benshalom-nas/analysis/Sadegh/CX138/CX138/260323/T003346/Network/000009/well004/qm_unfiltered.xlsx,/mnt/benshalom-nas/analysis/Sadegh/CX138/CX138/260323/T003346/Network/000009/well004/network_results.json,/mnt/benshalom-nas/analysis/Sadegh/CX138/CX138/260323/T003346/Network/000009/well004/tm_curated.xlsx,/mnt/benshalom-nas/analysis/Sadegh/CX138/CX138/260323/T003346/Network/000009/well004/spike_times.npy,/mnt/benshalom-nas/analysis/Sadegh/CX138/CX138/260323/T003346/Network/000009/well004/tm_unfiltered.xlsx,/mnt/benshalom-nas/analysis/Sadegh/CX138/CX138/260323/T003346/Network/000009/well004/rejection_log.xlsx,/mnt/benshalom-nas/analysis/Sadegh/CX138/CX138/260323/T003346/Network/000009/well004/metrics_curated.xlsx,True,True,True,True,True,True,True,92.0,False,,20uM,4,1,5,A5,20uM,2026-03-23,2026-03-23,10,-2,pre_treatment,-1,-3,-1,-2.0,D-3 to D-1
CX138,260323,T003346,000009,well005,/mnt/benshalom-nas/analysis/Sadegh/CX138/CX138/260323/T003346/Network/000009/well005,CX138|260323|T003346|000009|well005,/mnt/benshalom-nas/analysis/Sadegh/CX138/CX138/260323/T003346/Network/000009/well005/qm_unfiltered.xlsx,/mnt/benshalom-nas/analysis/Sadegh/CX138/CX138/260323/T003346/Network/000009/well005/network_results.json,/mnt/benshalom-nas/analysis/Sadegh/CX138/CX138/260323/T003346/Network/000009/well005/tm_curated.xlsx,/mnt/benshalom-nas/analysis/Sadegh/CX138/CX138/260323/T003346/Network/000009/well005/spike_times.npy,/mnt/benshalom-nas/analysis/Sadegh/CX138/CX138/260323/T003346/Network/000009/well005/tm_unfiltered.xlsx,/mnt/benshalom-nas/analysis/Sadegh/CX138/CX138/260323/T003346/Network/000009/well005/rejection_log.xlsx,/mnt/benshalom-nas/analysis/Sadegh/CX138/CX138/260323/T003346/Network/000009/well005/metrics_curated.xlsx,True,True,True,True,True,True,True,97.0,False,,10uM,5,1,6,A6,10uM,2026-03-23,2026-03-23,10,-2,pre_treatment,-1,-3,-1,-2.0,D-3 to D-1
CX138,260323,T003346,000009,well006,/mnt/benshalom-nas/analysis/Sadegh/CX138/CX138/260323/T003346/Network/000009/well006,CX138|260323|T003346|000009|well006,/mnt/benshalom-nas/analysis/Sadegh/CX138/CX138/260323/T003346/Network/000009/well006/qm_unfiltered.xlsx,/mnt/benshalom-nas/analysis/Sadegh/CX138/CX138/260323/T003346/Network/000009/well006/network_results.json,/mnt/benshalom-nas/analysis/Sadegh/CX138/CX138/260323/T003346/Network/000009/well006/tm_curated.xlsx,/mnt/benshalom-nas/analysis/Sadegh/CX138/CX138/260323/T003346/Network/000009/well006/spike_times.npy,/mnt/benshalom-nas/analysis/Sadegh/CX138/CX138/260323/T003346/Network/000009/well006/tm_unfiltered.xlsx,/mnt/benshalom-nas/analysis/Sadegh/CX138/CX138/260323/T003346/Network/000009/well006/rejection_log.xlsx,/mnt/benshalom-nas/analysis/Sadegh/CX138/CX138/260323/T003346/Network/000009/well006/metrics_curated.xlsx,True,True,True,True,True,True,True,64.0,False,,NPH,6,2,1,B1,NPH,2026-03-23,2026-03-23,10,-2,pre_treatment,-1,-3,-1,-2.0,D-3 to D-1
CX138,260323,T003346,000009,well007,/mnt/benshalom-nas/analysis/Sadegh/CX138/CX138/260323/T003346/Network/000009/well007,CX138|260323|T003346|000009|well007,/mnt/benshalom-nas/analysis/Sadegh/CX138/CX138/260323/T003346/Network/000009/well007/qm_unfiltered.xlsx,/mnt/benshalom-nas/analysis/Sadegh/CX138/CX138/260323/T003346/Network/000009/well007/network_results.json,/mnt/benshalom-nas/analysis/Sadegh/CX138/CX138/260323/T003346/Network/000009/well007/tm_curated.xlsx,/mnt/benshalom-nas/analysis/Sadegh/CX138/CX138/260323/T003346/Network/000009/well007/spike_times.npy,/mnt/benshalom-nas/analysis/Sadegh/CX138/CX138/260323/T003346/Network/000009/well007/tm_unfiltered.xlsx,/mnt/benshalom-nas/analysis/Sadegh/CX138/CX138/260323/T003346/Network/000009/well007/rejection_log.xlsx,/mnt/benshalom-nas/analysis/Sadegh/CX138/CX138/260323/T003346/Network/000009/well007/metrics_curated.xlsx,True,True,True,True,True,True,True,139.0,False,,IVH-E,7,2,2,B2,IVH-E,2026-03-23,2026-03-23,10,-2,pre_treatment,-1,-3,-1,-2.0,D-3 to D-1
CX138,260323,T003346,000009,well008,/mnt/benshalom-nas/analysis/Sadegh/CX138/CX138/260323/T003346/Network/000009/well008,CX138|260323|T003346|000009|well008,/mnt/benshalom-nas/analysis/Sadegh/CX138/CX138/260323/T003346/Network/000009/well008/qm_unfiltered.xlsx,/mnt/benshalom-nas/analysis/Sadegh/CX138/CX138/260323/T003346/Network/000009/well008/network_results.json,/mnt/benshalom-nas/analysis/Sadegh/CX138/CX138/260323/T003346/Network/000009/well008/tm_curated.xlsx,/mnt/benshalom-nas/analysis/Sadegh/CX138/CX138/260323/T003346/Network/000009/well008/spike_times.npy,/mnt/benshalom-nas/analysis/Sadegh/CX138/CX138/260323/T003346/Network/000009/well008/tm_unfiltered.xlsx,/mnt/benshalom-nas/analysis/Sadegh/CX138/CX138/260323/T003346/Network/000009/well008/rejection_log.xlsx,/mnt/benshalom-nas/analysis/Sadegh/CX138/CX138/260323/T003346/Network/000009/well008/metrics_curated.xlsx,True,True,True,True,True,True,True,186.0,False,,IVH-L,8,2,3,B3,IVH-L,2026-03-23,2026-03-23,10,-2,pre_treatment,-1,-3,-1,-2.0,D-3 to D-1
CX138,260323,T003346,000009,well009,/mnt/benshalom-nas/analysis/Sadegh/CX138/CX138/260323/T003346/Network/000009/well009,CX138|260323|T003346|000009|well009,/mnt/benshalom-nas/analysis/Sadegh/CX138/CX138/260323/T003346/Network/000009/well009/qm_unfiltered.xlsx,/mnt/benshalom-nas/analysis/Sadegh/CX138/CX138/260323/T003346/Network/000009/well009/network_results.json,/mnt/benshalom-nas/analysis/Sadegh/CX138/CX138/260323/T003346/Network/000009/well009/tm_curated.xlsx,/mnt/benshalom-nas/analysis/Sadegh/CX138/CX138/260323/T003346/Network/000009/well009/spike_times.npy,/mnt/benshalom-nas/analysis/Sadegh/CX138/CX138/260323/T003346/Network/000009/well009/tm_unfiltered.xlsx,/mnt/benshalom-nas/analysis/Sadegh/CX138/CX138/260323/T003346/Network/000009/well009/rejection_log.xlsx,/mnt/benshalom-nas/analysis/Sadegh/CX138/CX138/260323/T003346/Network/000009/well009/metrics_curated.xlsx,True,True,True,True,True,True,True,81.0,False,,CT,9,2,4,B4,CT,2026-03-23,2026-03-23,10,-2,pre_treatment,-1,-3,-1,-2.0,D-3 to D-1
CX138,260323,T003346,000009,well010,/mnt/benshalom-nas/analysis/Sadegh/CX138/CX138/260323/T003346/Network/000009/well010,CX138|260323|T003346|000009|well010,/mnt/benshalom-nas/analysis/Sadegh/CX138/CX138/260323/T003346/Network/000009/well010/qm_unfiltered.xlsx,/mnt/benshalom-nas/analysis/Sadegh/CX138/CX138/260323/T003346/Network/000009/well010/network_results.json,/mnt/benshalom-nas/analysis/Sadegh/CX138/CX138/260323/T003346/Network/000009/well010/tm_curated.xlsx,/mnt/benshalom-nas/analysis/Sadegh/CX138/CX138/260323/T003346/Network/000009/well010/spike_times.npy,/mnt/benshalom-nas/analysis/Sadegh/CX138/CX138/260323/T003346/Network/000009/well010/tm_unfiltered.xlsx,/mnt/benshalom-nas/analysis/Sadegh/CX138/CX138/260323/T003346/Network/000009/well010/rejection_log.xlsx,/mnt/benshalom-nas/analysis/Sadegh/CX138/CX138/260323/T003346/Network/000009/well010/metrics_curated.xlsx,True,True,True,True,True,True,True,110.0,False,,20uM,10,2,5,B5,20uM,2026-03-23,2026-03-23,10,-2,pre_treatment,-1,-3,-1,-2.0,D-3 to D-1
CX138,260323,T003346,000009,well011,/mnt/benshalom-nas/analysis/Sadegh/CX138/CX138/260323/T003346/Network/000009/well011,CX138|260323|T003346|000009|well011,/mnt/benshalom-nas/analysis/Sadegh/CX138/CX138/260323/T003346/Network/000009/well011/qm_unfiltered.xlsx,/mnt/benshalom-nas/analysis/Sadegh/CX138/CX138/260323/T003346/Network/000009/well011/network_results.json,/mnt/benshalom-nas/analysis/Sadegh/CX138/CX138/260323/T003346/Network/000009/well011/tm_curated.xlsx,/mnt/benshalom-nas/analysis/Sadegh/CX138/CX138/260323/T003346/Network/000009/well011/spike_times.npy,/mnt/benshalom-nas/analysis/Sadegh/CX138/CX138/260323/T003346/Network/000009/well011/tm_unfiltered.xlsx,/mnt/benshalom-nas/analysis/Sadegh/CX138/CX138/260323/T003346/Network/000009/well011/rejection_log.xlsx,/mnt/benshalom-nas/analysis/Sadegh/CX138/CX138/260323/T003346/Network/000009/well011/metrics_curated.xlsx,True,True,True,True,True,True,True,141.0,False,,10uM,11,2,6,B6,10uM,2026-03-23,2026-03-23,10,-2,pre_treatment,-1,-3,-1,-2.0,D-3 to D-1
CX138,260323,T003346,000009,well012,/mnt/benshalom-nas/analysis/Sadegh/CX138/CX138/260323/T003346/Network/000009/well012,CX138|260323|T003346|000009|well012,/mnt/benshalom-nas/analysis/Sadegh/CX138/CX138/260323/T003346/Network/000009/well012/qm_unfiltered.xlsx,/mnt/benshalom-nas/analysis/Sadegh/CX138/CX138/260323/T003346/Network/000009/well012/network_results.json,/mnt/benshalom-nas/analysis/Sadegh/CX138/CX138/260323/T003346/Network/000009/well012/tm_curated.xlsx,/mnt/benshalom-nas/analysis/Sadegh/CX138/CX138/260323/T003346/Network/000009/well012/spike_times.npy,/mnt/benshalom-nas/analysis/Sadegh/CX138/CX138/260323/T003346/Network/000009/well012/tm_unfiltered.xlsx,/mnt/benshalom-nas/analysis/Sadegh/CX138/CX138/260323/T003346/Network/000009/well012/rejection_log.xlsx,/mnt/benshalom-nas/analysis/Sadegh/CX138/CX138/260323/T003346/Network/000009/well012/metrics_curated.xlsx,True,True,True,True,True,True,True,85.0,False,,NPH,12,3,1,C1,NPH,2026-03-23,2026-03-23,10,-2,pre_treatment,-1,-3,-1,-2.0,D-3 to D-1
CX138,260323,T003346,000009,well013,/mnt/benshalom-nas/analysis/Sadegh/CX138/CX138/260323/T003346/Network/000009/well013,CX138|260323|T003346|000009|well013,/mnt/benshalom-nas/analysis/Sadegh/CX138/CX138/260323/T003346/Network/000009/well013/qm_unfiltered.xlsx,/mnt/benshalom-nas/analysis/Sadegh/CX138/CX138/260323/T003346/Network/000009/well013/network_results.json,/mnt/benshalom-nas/analysis/Sadegh/CX138/CX138/260323/T003346/Network/000009/well013/tm_curated.xlsx,/mnt/benshalom-nas/analysis/Sadegh/CX138/CX138/260323/T003346/Network/000009/well013/spike_times.npy,/mnt/benshalom-nas/analysis/Sadegh/CX138/CX138/260323/T003346/Network/000009/well013/tm_unfiltered.xlsx,/mnt/benshalom-nas/analysis/Sadegh/CX138/CX138/260323/T003346/Network/000009/well013/rejection_log.xlsx,/mnt/benshalom-nas/analysis/Sadegh/CX138/CX138/260323/T003346/Network/000009/well013/metrics_curated.xlsx,True,True,True,True,True,True,True,112.0,False,,IVH-E,13,3,2,C2,IVH-E,2026-03-23,2026-03-23,10,-2,pre_treatment,-1,-3,-1,-2.0,D-3 to D-1
CX138,260323,T003346,000009,well014,/mnt/benshalom-nas/analysis/Sadegh/CX138/CX138/260323/T003346/Network/000009/well014,CX138|260323|T003346|000009|well014,/mnt/benshalom-nas/analysis/Sadegh/CX138/CX138/260323/T003346/Network/000009/well014/qm_unfiltered.xlsx,/mnt/benshalom-nas/analysis/Sadegh/CX138/CX138/260323/T003346/Network/000009/well014/network_results.json,/mnt/benshalom-nas/analysis/Sadegh/CX138/CX138/260323/T003346/Network/000009/well014/tm_curated.xlsx,/mnt/benshalom-nas/analysis/Sadegh/CX138/CX138/260323/T003346/Network/000009/well014/spike_times.npy,/mnt/benshalom-nas/analysis/Sadegh/CX138/CX138/260323/T003346/Network/000009/well014/tm_unfiltered.xlsx,/mnt/benshalom-nas/analysis/Sadegh/CX138/CX138/260323/T003346/Network/000009/well014/rejection_log.xlsx,/mnt/benshalom-nas/analysis/Sadegh/CX138/CX138/260323/T003346/Network/000009/well014/metrics_curated.xlsx,True,True,True,True,True,True,True,84.0,False,,IVH-L,14,3,3,C3,IVH-L,2026-03-23,2026-03-23,10,-2,pre_treatment,-1,-3,-1,-2.0,D-3 to D-1
CX138,260323,T003346,000009,well015,/mnt/benshalom-nas/analysis/Sadegh/CX138/CX138/260323/T003346/Network/000009/well015,CX138|260323|T003346|000009|well015,/mnt/benshalom-nas/analysis/Sadegh/CX138/CX138/260323/T003346/Network/000009/well015/qm_unfiltered.xlsx,/mnt/benshalom-nas/analysis/Sadegh/CX138/CX138/260323/T003346/Network/000009/well015/network_results.json,/mnt/benshalom-nas/analysis/Sadegh/CX138/CX138/260323/T003346/Network/000009/well015/tm_curated.xlsx,/mnt/benshalom-nas/analysis/Sadegh/CX138/CX138/260323/T003346/Network/000009/well015/spike_times.npy,/mnt/benshalom-nas/analysis/Sadegh/CX138/CX138/260323/T003346/Network/000009/well015/tm_unfiltered.xlsx,/mnt/benshalom-nas/analysis/Sadegh/CX138/CX138/260323/T003346/Network/000009/well015/rejection_log.xlsx,/mnt/benshalom-nas/analysis/Sadegh/CX138/CX138/260323/T003346/Network/000009/well015/metrics_curated.xlsx,True,True,True,True,True,True,True,161.0,False,,CT,15,3,4,C4,CT,2026-03-23,2026-03-23,10,-2,pre_treatment,-1,-3,-1,-2.0,D-3 to D-1
CX138,260323,T003346,000009,well016,/mnt/benshalom-nas/analysis/Sadegh/CX138/CX138/260323/T003346/Network/000009/well016,CX138|260323|T003346|000009|well016,/mnt/benshalom-nas/analysis/Sadegh/CX138/CX138/260323/T003346/Network/000009/well016/qm_unfiltered.xlsx,/mnt/benshalom-nas/analysis/Sadegh/CX138/CX138/260323/T003346/Network/000009/well016/network_results.json,/mnt/benshalom-nas/analysis/Sadegh/CX138/CX138/260323/T003346/Network/000009/well016/tm_curated.xlsx,/mnt/benshalom-nas/analysis/Sadegh/CX138/CX138/260323/T003346/Network/000009/well016/spike_times.npy,/mnt/benshalom-nas/analysis/Sadegh/CX138/CX138/260323/T003346/Network/000009/well016/tm_unfiltered.xlsx,/mnt/benshalom-nas/analysis/Sadegh/CX138/CX138/260323/T003346/Network/000009/well016/rejection_log.xlsx,/mnt/benshalom-nas/analysis/Sadegh/CX138/CX138/260323/T003346/Network/000009/well016/metrics_curated.xlsx,True,True,True,True,True,True,True,194.0,False,,20uM,16,3,5,C5,20uM,2026-03-23,2026-03-23,10,-2,pre_treatment,-1,-3,-1,-2.0,D-3 to D-1
CX138,260323,T003346,000009,well017,/mnt/benshalom-nas/analysis/Sadegh/CX138/CX138/260323/T003346/Network/000009/well017,CX138|260323|T003346|000009|well017,/mnt/benshalom-nas/analysis/Sadegh/CX138/CX138/260323/T003346/Network/000009/well017/qm_unfiltered.xlsx,/mnt/benshalom-nas/analysis/Sadegh/CX138/CX138/260323/T003346/Network/000009/well017/network_results.json,/mnt/benshalom-nas/analysis/Sadegh/CX138/CX138/260323/T003346/Network/000009/well017/tm_curated.xlsx,/mnt/benshalom-nas/analysis/Sadegh/CX138/CX138/260323/T003346/Network/000009/well017/spike_times.npy,/mnt/benshalom-nas/analysis/Sadegh/CX138/CX138/260323/T003346/Network/000009/well017/tm_unfiltered.xlsx,/mnt/benshalom-nas/analysis/Sadegh/CX138/CX138/260323/T003346/Network/000009/well017/rejection_log.xlsx,/mnt/benshalom-nas/analysis/Sadegh/CX138/CX138/260323/T003346/Network/000009/well017/metrics_curated.xlsx,True,True,True,True,True,True,True,118.0,False,,10uM,17,3,6,C6,10uM,2026-03-23,2026-03-23,10,-2,pre_treatment,-1,-3,-1,-2.0,D-3 to D-1
CX138,260323,T003346,000009,well018,/mnt/benshalom-nas/analysis/Sadegh/CX138/CX138/260323/T003346/Network/000009/well018,CX138|260323|T003346|000009|well018,/mnt/benshalom-nas/analysis/Sadegh/CX138/CX138/260323/T003346/Network/000009/well018/qm_unfiltered.xlsx,/mnt/benshalom-nas/analysis/Sadegh/CX138/CX138/260323/T003346/Network/000009/well018/network_results.json,/mnt/benshalom-nas/analysis/Sadegh/CX138/CX138/260323/T003346/Network/000009/well018/tm_curated.xlsx,/mnt/benshalom-nas/analysis/Sadegh/CX138/CX138/260323/T003346/Network/000009/well018/spike_times.npy,/mnt/benshalom-nas/analysis/Sadegh/CX138/CX138/260323/T003346/Network/000009/well018/tm_unfiltered.xlsx,/mnt/benshalom-nas/analysis/Sadegh/CX138/CX138/260323/T003346/Network/000009/well018/rejection_log.xlsx,/mnt/benshalom-nas/analysis/Sadegh/CX138/CX138/260323/T003346/Network/000009/well018/metrics_curated.xlsx,True,True,True,True,True,True,True,91.0,False,,NPH,18,4,1,D1,NPH,2026-03-23,2026-03-23,10,-2,pre_treatment,-1,-3,-1,-2.0,D-3 to D-1
CX138,260323,T003346,000009,well019,/mnt/benshalom-nas/analysis/Sadegh/CX138/CX138/260323/T003346/Network/000009/well019,CX138|260323|T003346|000009|well019,/mnt/benshalom-nas/analysis/Sadegh/CX138/CX138/260323/T003346/Network/000009/well019/qm_unfiltered.xlsx,/mnt/benshalom-nas/analysis/Sadegh/CX138/CX138/260323/T003346/Network/000009/well019/network_results.json,/mnt/benshalom-nas/analysis/Sadegh/CX138/CX138/260323/T003346/Network/000009/well019/tm_curated.xlsx,/mnt/benshalom-nas/analysis/Sadegh/CX138/CX138/260323/T003346/Network/000009/well019/spike_times.npy,/mnt/benshalom-nas/analysis/Sadegh/CX138/CX138/260323/T003346/Network/000009/well019/tm_unfiltered.xlsx,/mnt/benshalom-nas/analysis/Sadegh/CX138/CX138/260323/T003346/Network/000009/well019/rejection_log.xlsx,/mnt/benshalom-nas/analysis/Sadegh/CX138/CX138/260323/T003346/Network/000009/well019/metrics_curated.xlsx,True,True,True,True,True,True,True,88.0,False,,IVH-E,19,4,2,D2,IVH-E,2026-03-23,2026-03-23,10,-2,pre_treatment,-1,-3,-1,-2.0,D-3 to D-1
CX138,260323,T003346,000009,well020,/mnt/benshalom-nas/analysis/Sadegh/CX138/CX138/260323/T003346/Network/000009/well020,CX138|260323|T003346|000009|well020,/mnt/benshalom-nas/analysis/Sadegh/CX138/CX138/260323/T003346/Network/000009/well020/qm_unfiltered.xlsx,/mnt/benshalom-nas/analysis/Sadegh/CX138/CX138/260323/T003346/Network/000009/well020/network_results.json,/mnt/benshalom-nas/analysis/Sadegh/CX138/CX138/260323/T003346/Network/000009/well020/tm_curated.xlsx,/mnt/benshalom-nas/analysis/Sadegh/CX138/CX138/260323/T003346/Network/000009/well020/spike_times.npy,/mnt/benshalom-nas/analysis/Sadegh/CX138/CX138/260323/T003346/Network/000009/well020/tm_unfiltered.xlsx,/mnt/benshalom-nas/analysis/Sadegh/CX138/CX138/260323/T003346/Network/000009/well020/rejection_log.xlsx,/mnt/benshalom-nas/analysis/Sadegh/CX138/CX138/260323/T003346/Network/000009/well020/metrics_curated.xlsx,True,True,True,True,True,True,True,80.0,False,,IVH-L,20,4,3,D3,IVH-L,2026-03-23,2026-03-23,10,-2,pre_treatment,-1,-3,-1,-2.0,D-3 to D-1
CX138,260323,T003346,000009,well021,/mnt/benshalom-nas/analysis/Sadegh/CX138/CX138/260323/T003346/Network/000009/well021,CX138|260323|T003346|000009|well021,/mnt/benshalom-nas/analysis/Sadegh/CX138/CX138/260323/T003346/Network/000009/well021/qm_unfiltered.xlsx,/mnt/benshalom-nas/analysis/Sadegh/CX138/CX138/260323/T003346/Network/000009/well021/network_results.json,/mnt/benshalom-nas/analysis/Sadegh/CX138/CX138/260323/T003346/Network/000009/well021/tm_curated.xlsx,/mnt/benshalom-nas/analysis/Sadegh/CX138/CX138/260323/T003346/Network/000009/well021/spike_times.npy,/mnt/benshalom-nas/analysis/Sadegh/CX138/CX138/260323/T003346/Network/000009/well021/tm_unfiltered.xlsx,/mnt/benshalom-nas/analysis/Sadegh/CX138/CX138/260323/T003346/Network/000009/well021/rejection_log.xlsx,/mnt/benshalom-nas/analysis/Sadegh/CX138/CX138/260323/T003346/Network/000009/well021/metrics_curated.xlsx,True,True,True,True,True,True,True,109.0,False,,CT,21,4,4,D4,CT,2026-03-23,2026-03-23,10,-2,pre_treatment,-1,-3,-1,-2.0,D-3 to D-1
CX138,260323,T003346,000009,well023,/mnt/benshalom-nas/analysis/Sadegh/CX138/CX138/260323/T003346/Network/000009/well023,CX138|260323|T003346|000009|well023,/mnt/benshalom-nas/analysis/Sadegh/CX138/CX138/260323/T003346/Network/000009/well023/qm_unfiltered.xlsx,/mnt/benshalom-nas/analysis/Sadegh/CX138/CX138/260323/T003346/Network/000009/well023/network_results.json,/mnt/benshalom-nas/analysis/Sadegh/CX138/CX138/260323/T003346/Network/000009/well023/tm_curated.xlsx,/mnt/benshalom-nas/analysis/Sadegh/CX138/CX138/260323/T003346/Network/000009/well023/spike_times.npy,/mnt/benshalom-nas/analysis/Sadegh/CX138/CX138/260323/T003346/Network/000009/well023/tm_unfiltered.xlsx,/mnt/benshalom-nas/analysis/Sadegh/CX138/CX138/260323/T003346/Network/000009/well023/rejection_log.xlsx,/mnt/benshalom-nas/analysis/Sadegh/CX138/CX138/260323/T003346/Network/000009/well023/metrics_curated.xlsx,True,True,True,True,True,True,True,90.0,False,,10uM,23,4,6,D6,10uM,2026-03-23,2026-03-23,10,-2,pre_treatment,-1,-3,-1,-2.0,D-3 to D-1
CX138,260325,T003346,000012,well000,/mnt/benshalom-nas/analysis/Sadegh/CX138/CX138/260325/T003346/Network/000012/well000,CX138|260325|T003346|000012|well000,/mnt/benshalom-nas/analysis/Sadegh/CX138/CX138/260325/T003346/Network/000012/well000/qm_unfiltered.xlsx,/mnt/benshalom-nas/analysis/Sadegh/CX138/CX138/260325/T003346/Network/000012/well000/network_results.json,/mnt/benshalom-nas/analysis/Sadegh/CX138/CX138/260325/T003346/Network/000012/well000/tm_curated.xlsx,/mnt/benshalom-nas/analysis/Sadegh/CX138/CX138/260325/T003346/Network/000012/well000/spike_times.npy,/mnt/benshalom-nas/analysis/Sadegh/CX138/CX138/260325/T003346/Network/000012/well000/tm_unfiltered.xlsx,/mnt/benshalom-nas/analysis/Sadegh/CX138/CX138/260325/T003346/Network/000012/well000/rejection_log.xlsx,/mnt/benshalom-nas/analysis/Sadegh/CX138/CX138/260325/T003346/Network/000012/well000/metrics_curated.xlsx,True,True,True,True,True,True,True,92.0,False,,NPH,0,1,1,A1,NPH,2026-03-25,2026-03-25,12,0,pre_treatment,0,0,2,1.0,D+0 to D+2
CX138,260325,T003346,000012,well001,/mnt/benshalom-nas/analysis/Sadegh/CX138/CX138/260325/T003346/Network/000012/well001,CX138|260325|T003346|000012|well001,/mnt/benshalom-nas/analysis/Sadegh/CX138/CX138/260325/T003346/Network/000012/well001/qm_unfiltered.xlsx,/mnt/benshalom-nas/analysis/Sadegh/CX138/CX138/260325/T003346/Network/000012/well001/network_results.json,/mnt/benshalom-nas/analysis/Sadegh/CX138/CX138/260325/T003346/Network/000012/well001/tm_curated.xlsx,/mnt/benshalom-nas/analysis/Sadegh/CX138/CX138/260325/T003346/Network/000012/well001/spike_times.npy,/mnt/benshalom-nas/analysis/Sadegh/CX138/CX138/260325/T003346/Network/000012/well001/tm_unfiltered.xlsx,/mnt/benshalom-nas/analysis/Sadegh/CX138/CX138/260325/T003346/Network/000012/well001/rejection_log.xlsx,/mnt/benshalom-nas/analysis/Sadegh/CX138/CX138/260325/T003346/Network/000012/well001/metrics_curated.xlsx,True,True,True,True,True,True,True,128.0,False,,IVH-E,1,1,2,A2,IVH-E,2026-03-25,2026-03-25,12,0,pre_treatment,0,0,2,1.0,D+0 to D+2
CX138,260325,T003346,000012,well002,/mnt/benshalom-nas/analysis/Sadegh/CX138/CX138/260325/T003346/Network/000012/well002,CX138|260325|T003346|000012|well002,/mnt/benshalom-nas/analysis/Sadegh/CX138/CX138/260325/T003346/Network/000012/well002/qm_unfiltered.xlsx,/mnt/benshalom-nas/analysis/Sadegh/CX138/CX138/260325/T003346/Network/000012/well002/network_results.json,/mnt/benshalom-nas/analysis/Sadegh/CX138/CX138/260325/T003346/Network/000012/well002/tm_curated.xlsx,/mnt/benshalom-nas/analysis/Sadegh/CX138/CX138/260325/T003346/Network/000012/well002/spike_times.npy,/mnt/benshalom-nas/analysis/Sadegh/CX138/CX138/260325/T003346/Network/000012/well002/tm_unfiltered.xlsx,/mnt/benshalom-nas/analysis/Sadegh/CX138/CX138/260325/T003346/Network/000012/well002/rejection_log.xlsx,/mnt/benshalom-nas/analysis/Sadegh/CX138/CX138/260325/T003346/Network/000012/well002/metrics_curated.xlsx,True,True,True,True,True,True,True,123.0,False,,IVH-L,2,1,3,A3,IVH-L,2026-03-25,2026-03-25,12,0,pre_treatment,0,0,2,1.0,D+0 to D+2
CX138,260325,T003346,000012,well003,/mnt/benshalom-nas/analysis/Sadegh/CX138/CX138/260325/T003346/Network/000012/well003,CX138|260325|T003346|000012|well003,/mnt/benshalom-nas/analysis/Sadegh/CX138/CX138/260325/T003346/Network/000012/well003/qm_unfiltered.xlsx,/mnt/benshalom-nas/analysis/Sadegh/CX138/CX138/260325/T003346/Network/000012/well003/network_results.json,/mnt/benshalom-nas/analysis/Sadegh/CX138/CX138/260325/T003346/Network/000012/well003/tm_curated.xlsx,/mnt/benshalom-nas/analysis/Sadegh/CX138/CX138/260325/T003346/Network/000012/well003/spike_times.npy,/mnt/benshalom-nas/analysis/Sadegh/CX138/CX138/260325/T003346/Network/000012/well003/tm_unfiltered.xlsx,/mnt/benshalom-nas/analysis/Sadegh/CX138/CX138/260325/T003346/Network/000012/well003/rejection_log.xlsx,/mnt/benshalom-nas/analysis/Sadegh/CX138/CX138/260325/T003346/Network/000012/well003/metrics_curated.xlsx,True,True,True,True,True,True,True,116.0,False,,CT,3,1,4,A4,CT,2026-03-25,2026-03-25,12,0,pre_treatment,0,0,2,1.0,D+0 to D+2
CX138,260325,T003346,000012,well004,/mnt/benshalom-nas/analysis/Sadegh/CX138/CX138/260325/T003346/Network/000012/well004,CX138|260325|T003346|000012|well004,/mnt/benshalom-nas/analysis/Sadegh/CX138/CX138/260325/T003346/Network/000012/well004/qm_unfiltered.xlsx,/mnt/benshalom-nas/analysis/Sadegh/CX138/CX138/260325/T003346/Network/000012/well004/network_results.json,/mnt/benshalom-nas/analysis/Sadegh/CX138/CX138/260325/T003346/Network/000012/well004/tm_curated.xlsx,/mnt/benshalom-nas/analysis/Sadegh/CX138/CX138/260325/T003346/Network/000012/well004/spike_times.npy,/mnt/benshalom-nas/analysis/Sadegh/CX138/CX138/260325/T003346/Network/000012/well004/tm_unfiltered.xlsx,/mnt/benshalom-nas/analysis/Sadegh/CX138/CX138/260325/T003346/Network/000012/well004/rejection_log.xlsx,/mnt/benshalom-nas/analysis/Sadegh/CX138/CX138/260325/T003346/Network/000012/well004/metrics_curated.xlsx,True,True,True,True,True,True,True,117.0,False,,20uM,4,1,5,A5,20uM,2026-03-25,2026-03-25,12,0,pre_treatment,0,0,2,1.0,D+0 to D+2
CX138,260325,T003346,000012,well005,/mnt/benshalom-nas/analysis/Sadegh/CX138/CX138/260325/T003346/Network/000012/well005,CX138|260325|T003346|000012|well005,/mnt/benshalom-nas/analysis/Sadegh/CX138/CX138/260325/T003346/Network/000012/well005/qm_unfiltered.xlsx,/mnt/benshalom-nas/analysis/Sadegh/CX138/CX138/260325/T003346/Network/000012/well005/network_results.json,/mnt/benshalom-nas/analysis/Sadegh/CX138/CX138/260325/T003346/Network/000012/well005/tm_curated.xlsx,/mnt/benshalom-nas/analysis/Sadegh/CX138/CX138/260325/T003346/Network/000012/well005/spike_times.npy,/mnt/benshalom-nas/analysis/Sadegh/CX138/CX138/260325/T003346/Network/000012/well005/tm_unfiltered.xlsx,/mnt/benshalom-nas/analysis/Sadegh/CX138/CX138/260325/T003346/Network/000012/well005/rejection_log.xlsx,/mnt/benshalom-nas/analysis/Sadegh/CX138/CX138/260325/T003346/Network/000012/well005/metrics_curated.xlsx,True,True,True,True,True,True,True,112.0,False,,10uM,5,1,6,A6,10uM,2026-03-25,2026-03-25,12,0,pre_treatment,0,0,2,1.0,D+0 to D+2
CX138,260325,T003346,000012,well006,/mnt/benshalom-nas/analysis/Sadegh/CX138/CX138/260325/T003346/Network/000012/well006,CX138|260325|T003346|000012|well006,/mnt/benshalom-nas/analysis/Sadegh/CX138/CX138/260325/T003346/Network/000012/well006/qm_unfiltered.xlsx,/mnt/benshalom-nas/analysis/Sadegh/CX138/CX138/260325/T003346/Network/000012/well006/network_results.json,/mnt/benshalom-nas/analysis/Sadegh/CX138/CX138/260325/T003346/Network/000012/well006/tm_curated.xlsx,/mnt/benshalom-nas/analysis/Sadegh/CX138/CX138/260325/T003346/Network/000012/well006/spike_times.npy,/mnt/benshalom-nas/analysis/Sadegh/CX138/CX138/260325/T003346/Network/000012/well006/tm_unfiltered.xlsx,/mnt/benshalom-nas/analysis/Sadegh/CX138/CX138/260325/T003346/Network/000012/well006/rejection_log.xlsx,/mnt/benshalom-nas/analysis/Sadegh/CX138/CX138/260325/T003346/Network/000012/well006/metrics_curated.xlsx,True,True,True,True,True,True,True,59.0,False,,NPH,6,2,1,B1,NPH,2026-03-25,2026-03-25,12,0,pre_treatment,0,0,2,1.0,D+0 to D+2
CX138,260325,T003346,000012,well007,/mnt/benshalom-nas/analysis/Sadegh/CX138/CX138/260325/T003346/Network/000012/well007,CX138|260325|T003346|000012|well007,/mnt/benshalom-nas/analysis/Sadegh/CX138/CX138/260325/T003346/Network/000012/well007/qm_unfiltered.xlsx,/mnt/benshalom-nas/analysis/Sadegh/CX138/CX138/260325/T003346/Network/000012/well007/network_results.json,/mnt/benshalom-nas/analysis/Sadegh/CX138/CX138/260325/T003346/Network/000012/well007/tm_curated.xlsx,/mnt/benshalom-nas/analysis/Sadegh/CX138/CX138/260325/T003346/Network/000012/well007/spike_times.npy,/mnt/benshalom-nas/analysis/Sadegh/CX138/CX138/260325/T003346/Network/000012/well007/tm_unfiltered.xlsx,/mnt/benshalom-nas/analysis/Sadegh/CX138/CX138/260325/T003346/Network/000012/well007/rejection_log.xlsx,/mnt/benshalom-nas/analysis/Sadegh/CX138/CX138/260325/T003346/Network/000012/well007/metrics_curated.xlsx,True,True,True,True,True,True,True,173.0,False,,IVH-E,7,2,2,B2,IVH-E,2026-03-25,2026-03-25,12,0,pre_treatment,0,0,2,1.0,D+0 to D+2
CX138,260325,T003346,000012,well008,/mnt/benshalom-nas/analysis/Sadegh/CX138/CX138/260325/T003346/Network/000012/well008,CX138|260325|T003346|000012|well008,/mnt/benshalom-nas/analysis/Sadegh/CX138/CX138/260325/T003346/Network/000012/well008/qm_unfiltered.xlsx,/mnt/benshalom-nas/analysis/Sadegh/CX138/CX138/260325/T003346/Network/000012/well008/network_results.json,/mnt/benshalom-nas/analysis/Sadegh/CX138/CX138/260325/T003346/Network/000012/well008/tm_curated.xlsx,/mnt/benshalom-nas/analysis/Sadegh/CX138/CX138/260325/T003346/Network/000012/well008/spike_times.npy,/mnt/benshalom-nas/analysis/Sadegh/CX138/CX138/260325/T003346/Network/000012/well008/tm_unfiltered.xlsx,/mnt/benshalom-nas/analysis/Sadegh/CX138/CX138/260325/T003346/Network/000012/well008/rejection_log.xlsx,/mnt/benshalom-nas/analysis/Sadegh/CX138/CX138/260325/T003346/Network/000012/well008/metrics_curated.xlsx,True,True,True,True,True,True,True,151.0,False,,IVH-L,8,2,3,B3,IVH-L,2026-03-25,2026-03-25,12,0,pre_treatment,0,0,2,1.0,D+0 to D+2
CX138,260325,T003346,000012,well009,/mnt/benshalom-nas/analysis/Sadegh/CX138/CX138/260325/T003346/Network/000012/well009,CX138|260325|T003346|000012|well009,/mnt/benshalom-nas/analysis/Sadegh/CX138/CX138/260325/T003346/Network/000012/well009/qm_unfiltered.xlsx,/mnt/benshalom-nas/analysis/Sadegh/CX138/CX138/260325/T003346/Network/000012/well009/network_results.json,/mnt/benshalom-nas/analysis/Sadegh/CX138/CX138/260325/T003346/Network/000012/well009/tm_curated.xlsx,/mnt/benshalom-nas/analysis/Sadegh/CX138/CX138/260325/T003346/Network/000012/well009/spike_times.npy,/mnt/benshalom-nas/analysis/Sadegh/CX138/CX138/260325/T003346/Network/000012/well009/tm_unfiltered.xlsx,/mnt/benshalom-nas/analysis/Sadegh/CX138/CX138/260325/T003346/Network/000012/well009/rejection_log.xlsx,/mnt/benshalom-nas/analysis/Sadegh/CX138/CX138/260325/T003346/Network/000012/well009/metrics_curated.xlsx,True,True,True,True,True,True,True,112.0,False,,CT,9,2,4,B4,CT,2026-03-25,2026-03-25,12,0,pre_treatment,0,0,2,1.0,D+0 to D+2
CX138,260325,T003346,000012,well010,/mnt/benshalom-nas/analysis/Sadegh/CX138/CX138/260325/T003346/Network/000012/well010,CX138|260325|T003346|000012|well010,/mnt/benshalom-nas/analysis/Sadegh/CX138/CX138/260325/T003346/Network/000012/well010/qm_unfiltered.xlsx,/mnt/benshalom-nas/analysis/Sadegh/CX138/CX138/260325/T003346/Network/000012/well010/network_results.json,/mnt/benshalom-nas/analysis/Sadegh/CX138/CX138/260325/T003346/Network/000012/well010/tm_curated.xlsx,/mnt/benshalom-nas/analysis/Sadegh/CX138/CX138/260325/T003346/Network/000012/well010/spike_times.npy,/mnt/benshalom-nas/analysis/Sadegh/CX138/CX138/260325/T003346/Network/000012/well010/tm_unfiltered.xlsx,/mnt/benshalom-nas/analysis/Sadegh/CX138/CX138/260325/T003346/Network/000012/well010/rejection_log.xlsx,/mnt/benshalom-nas/analysis/Sadegh/CX138/CX138/260325/T003346/Network/000012/well010/metrics_curated.xlsx,True,True,True,True,True,True,True,172.0,False,,20uM,10,2,5,B5,20uM,2026-03-25,2026-03-25,12,0,pre_treatment,0,0,2,1.0,D+0 to D+2
CX138,260325,T003346,000012,well011,/mnt/benshalom-nas/analysis/Sadegh/CX138/CX138/260325/T003346/Network/000012/well011,CX138|260325|T003346|000012|well011,/mnt/benshalom-nas/analysis/Sadegh/CX138/CX138/260325/T003346/Network/000012/well011/qm_unfiltered.xlsx,/mnt/benshalom-nas/analysis/Sadegh/CX138/CX138/260325/T003346/Network/000012/well011/network_results.json,/mnt/benshalom-nas/analysis/Sadegh/CX138/CX138/260325/T003346/Network/000012/well011/tm_curated.xlsx,/mnt/benshalom-nas/analysis/Sadegh/CX138/CX138/260325/T003346/Network/000012/well011/spike_times.npy,/mnt/benshalom-nas/analysis/Sadegh/CX138/CX138/260325/T003346/Network/000012/well011/tm_unfiltered.xlsx,/mnt/benshalom-nas/analysis/Sadegh/CX138/CX138/260325/T003346/Network/000012/well011/rejection_log.xlsx,/mnt/benshalom-nas/analysis/Sadegh/CX138/CX138/260325/T003346/Network/000012/well011/metrics_curated.xlsx,True,True,True,True,True,True,True,153.0,False,,10uM,11,2,6,B6,10uM,2026-03-25,2026-03-25,12,0,pre_treatment,0,0,2,1.0,D+0 to D+2
CX138,260325,T003346,000012,well012,/mnt/benshalom-nas/analysis/Sadegh/CX138/CX138/260325/T003346/Network/000012/well012,CX138|260325|T003346|000012|well012,/mnt/benshalom-nas/analysis/Sadegh/CX138/CX138/260325/T003346/Network/000012/well012/qm_unfiltered.xlsx,/mnt/benshalom-nas/analysis/Sadegh/CX138/CX138/260325/T003346/Network/000012/well012/network_results.json,/mnt/benshalom-nas/analysis/Sadegh/CX138/CX138/260325/T003346/Network/000012/well012/tm_curated.xlsx,/mnt/benshalom-nas/analysis/Sadegh/CX138/CX138/260325/T003346/Network/000012/well012/spike_times.npy,/mnt/benshalom-nas/analysis/Sadegh/CX138/CX138/260325/T003346/Network/000012/well012/tm_unfiltered.xlsx,/mnt/benshalom-nas/analysis/Sadegh/CX138/CX138/260325/T003346/Network/000012/well012/rejection_log.xlsx,/mnt/benshalom-nas/analysis/Sadegh/CX138/CX138/260325/T003346/Network/000012/well012/metrics_curated.xlsx,True,True,True,True,True,True,True,78.0,False,,NPH,12,3,1,C1,NPH,2026-03-25,2026-03-25,12,0,pre_treatment,0,0,2,1.0,D+0 to D+2
CX138,260325,T003346,000012,well013,/mnt/benshalom-nas/analysis/Sadegh/CX138/CX138/260325/T003346/Network/000012/well013,CX138|260325|T003346|000012|well013,/mnt/benshalom-nas/analysis/Sadegh/CX138/CX138/260325/T003346/Network/000012/well013/qm_unfiltered.xlsx,/mnt/benshalom-nas/analysis/Sadegh/CX138/CX138/260325/T003346/Network/000012/well013/network_results.json,/mnt/benshalom-nas/analysis/Sadegh/CX138/CX138/260325/T003346/Network/000012/well013/tm_curated.xlsx,/mnt/benshalom-nas/analysis/Sadegh/CX138/CX138/260325/T003346/Network/000012/well013/spike_times.npy,/mnt/benshalom-nas/analysis/Sadegh/CX138/CX138/260325/T003346/Network/000012/well013/tm_unfiltered.xlsx,/mnt/benshalom-nas/analysis/Sadegh/CX138/CX138/260325/T003346/Network/000012/well013/rejection_log.xlsx,/mnt/benshalom-nas/analysis/Sadegh/CX138/CX138/260325/T003346/Network/000012/well013/metrics_curated.xlsx,True,True,True,True,True,True,True,189.0,False,,IVH-E,13,3,2,C2,IVH-E,2026-03-25,2026-03-25,12,0,pre_treatment,0,0,2,1.0,D+0 to D+2
CX138,260325,T003346,000012,well014,/mnt/benshalom-nas/analysis/Sadegh/CX138/CX138/260325/T003346/Network/000012/well014,CX138|260325|T003346|000012|well014,/mnt/benshalom-nas/analysis/Sadegh/CX138/CX138/260325/T003346/Network/000012/well014/qm_unfiltered.xlsx,/mnt/benshalom-nas/analysis/Sadegh/CX138/CX138/260325/T003346/Network/000012/well014/network_results.json,/mnt/benshalom-nas/analysis/Sadegh/CX138/CX138/260325/T003346/Network/000012/well014/tm_curated.xlsx,/mnt/benshalom-nas/analysis/Sadegh/CX138/CX138/260325/T003346/Network/000012/well014/spike_times.npy,/mnt/benshalom-nas/analysis/Sadegh/CX138/CX138/260325/T003346/Network/000012/well014/tm_unfiltered.xlsx,/mnt/benshalom-nas/analysis/Sadegh/CX138/CX138/260325/T003346/Network/000012/well014/rejection_log.xlsx,/mnt/benshalom-nas/analysis/Sadegh/CX138/CX138/260325/T003346/Network/000012/well014/metrics_curated.xlsx,True,True,True,True,True,True,True,119.0,False,,IVH-L,14,3,3,C3,IVH-L,2026-03-25,2026-03-25,12,0,pre_treatment,0,0,2,1.0,D+0 to D+2
CX138,260325,T003346,000012,well015,/mnt/benshalom-nas/analysis/Sadegh/CX138/CX138/260325/T003346/Network/000012/well015,CX138|260325|T003346|000012|well015,/mnt/benshalom-nas/analysis/Sadegh/CX138/CX138/260325/T003346/Network/000012/well015/qm_unfiltered.xlsx,/mnt/benshalom-nas/analysis/Sadegh/CX138/CX138/260325/T003346/Network/000012/well015/network_results.json,/mnt/benshalom-nas/analysis/Sadegh/CX138/CX138/260325/T003346/Network/000012/well015/tm_curated.xlsx,/mnt/benshalom-nas/analysis/Sadegh/CX138/CX138/260325/T003346/Network/000012/well015/spike_times.npy,/mnt/benshalom-nas/analysis/Sadegh/CX138/CX138/260325/T003346/Network/000012/well015/tm_unfiltered.xlsx,/mnt/benshalom-nas/analysis/Sadegh/CX138/CX138/260325/T003346/Network/000012/well015/rejection_log.xlsx,/mnt/benshalom-nas/analysis/Sadegh/CX138/CX138/260325/T003346/Network/000012/well015/metrics_curated.xlsx,True,True,True,True,True,True,True,155.0,False,,CT,15,3,4,C4,CT,2026-03-25,2026-03-25,12,0,pre_treatment,0,0,2,1.0,D+0 to D+2
CX138,260325,T003346,000012,well016,/mnt/benshalom-nas/analysis/Sadegh/CX138/CX138/260325/T003346/Network/000012/well016,CX138|260325|T003346|000012|well016,/mnt/benshalom-nas/analysis/Sadegh/CX138/CX138/260325/T003346/Network/000012/well016/qm_unfiltered.xlsx,/mnt/benshalom-nas/analysis/Sadegh/CX138/CX138/260325/T003346/Network/000012/well016/network_results.json,/mnt/benshalom-nas/analysis/Sadegh/CX138/CX138/260325/T003346/Network/000012/well016/tm_curated.xlsx,/mnt/benshalom-nas/analysis/Sadegh/CX138/CX138/260325/T003346/Network/000012/well016/spike_times.npy,/mnt/benshalom-nas/analysis/Sadegh/CX138/CX138/260325/T003346/Network/000012/well016/tm_unfiltered.xlsx,/mnt/benshalom-nas/analysis/Sadegh/CX138/CX138/260325/T003346/Network/000012/well016/rejection_log.xlsx,/mnt/benshalom-nas/analysis/Sadegh/CX138/CX138/260325/T003346/Network/000012/well016/metrics_curated.xlsx,True,True,True,True,True,True,True,201.0,False,,20uM,16,3,5,C5,20uM,2026-03-25,2026-03-25,12,0,pre_treatment,0,0,2,1.0,D+0 to D+2
CX138,260325,T003346,000012,well017,/mnt/benshalom-nas/analysis/Sadegh/CX138/CX138/260325/T003346/Network/000012/well017,CX138|260325|T003346|000012|well017,/mnt/benshalom-nas/analysis/Sadegh/CX138/CX138/260325/T003346/Network/000012/well017/qm_unfiltered.xlsx,/mnt/benshalom-nas/analysis/Sadegh/CX138/CX138/260325/T003346/Network/000012/well017/network_results.json,/mnt/benshalom-nas/analysis/Sadegh/CX138/CX138/260325/T003346/Network/000012/well017/tm_curated.xlsx,/mnt/benshalom-nas/analysis/Sadegh/CX138/CX138/260325/T003346/Network/000012/well017/spike_times.npy,/mnt/benshalom-nas/analysis/Sadegh/CX138/CX138/260325/T003346/Network/000012/well017/tm_unfiltered.xlsx,/mnt/benshalom-nas/analysis/Sadegh/CX138/CX138/260325/T003346/Network/000012/well017/rejection_log.xlsx,/mnt/benshalom-nas/analysis/Sadegh/CX138/CX138/260325/T003346/Network/000012/well017/metrics_curated.xlsx,True,True,True,True,True,True,True,132.0,False,,10uM,17,3,6,C6,10uM,2026-03-25,2026-03-25,12,0,pre_treatment,0,0,2,1.0,D+0 to D+2
CX138,260325,T003346,000012,well018,/mnt/benshalom-nas/analysis/Sadegh/CX138/CX138/260325/T003346/Network/000012/well018,CX138|260325|T003346|000012|well018,/mnt/benshalom-nas/analysis/Sadegh/CX138/CX138/260325/T003346/Network/000012/well018/qm_unfiltered.xlsx,/mnt/benshalom-nas/analysis/Sadegh/CX138/CX138/260325/T003346/Network/000012/well018/network_results.json,/mnt/benshalom-nas/analysis/Sadegh/CX138/CX138/260325/T003346/Network/000012/well018/tm_curated.xlsx,/mnt/benshalom-nas/analysis/Sadegh/CX138/CX138/260325/T003346/Network/000012/well018/spike_times.npy,/mnt/benshalom-nas/analysis/Sadegh/CX138/CX138/260325/T003346/Network/000012/well018/tm_unfiltered.xlsx,/mnt/benshalom-nas/analysis/Sadegh/CX138/CX138/260325/T003346/Network/000012/well018/rejection_log.xlsx,/mnt/benshalom-nas/analysis/Sadegh/CX138/CX138/260325/T003346/Network/000012/well018/metrics_curated.xlsx,True,True,True,True,True,True,True,140.0,False,,NPH,18,4,1,D1,NPH,2026-03-25,2026-03-25,12,0,pre_treatment,0,0,2,1.0,D+0 to D+2
CX138,260325,T003346,000012,well019,/mnt/benshalom-nas/analysis/Sadegh/CX138/CX138/260325/T003346/Network/000012/well019,CX138|260325|T003346|000012|well019,/mnt/benshalom-nas/analysis/Sadegh/CX138/CX138/260325/T003346/Network/000012/well019/qm_unfiltered.xlsx,/mnt/benshalom-nas/analysis/Sadegh/CX138/CX138/260325/T003346/Network/000012/well019/network_results.json,/mnt/benshalom-nas/analysis/Sadegh/CX138/CX138/260325/T003346/Network/000012/well019/tm_curated.xlsx,/mnt/benshalom-nas/analysis/Sadegh/CX138/CX138/260325/T003346/Network/000012/well019/spike_times.npy,/mnt/benshalom-nas/analysis/Sadegh/CX138/CX138/260325/T003346/Network/000012/well019/tm_unfiltered.xlsx,/mnt/benshalom-nas/analysis/Sadegh/CX138/CX138/260325/T003346/Network/000012/well019/rejection_log.xlsx,/mnt/benshalom-nas/analysis/Sadegh/CX138/CX138/260325/T003346/Network/000012/well019/metrics_curated.xlsx,True,True,True,True,True,True,True,96.0,False,,IVH-E,19,4,2,D2,IVH-E,2026-03-25,2026-03-25,12,0,pre_treatment,0,0,2,1.0,D+0 to D+2
CX138,260325,T003346,000012,well020,/mnt/benshalom-nas/analysis/Sadegh/CX138/CX138/260325/T003346/Network/000012/well020,CX138|260325|T003346|000012|well020,/mnt/benshalom-nas/analysis/Sadegh/CX138/CX138/260325/T003346/Network/000012/well020/qm_unfiltered.xlsx,/mnt/benshalom-nas/analysis/Sadegh/CX138/CX138/260325/T003346/Network/000012/well020/network_results.json,/mnt/benshalom-nas/analysis/Sadegh/CX138/CX138/260325/T003346/Network/000012/well020/tm_curated.xlsx,/mnt/benshalom-nas/analysis/Sadegh/CX138/CX138/260325/T003346/Network/000012/well020/spike_times.npy,/mnt/benshalom-nas/analysis/Sadegh/CX138/CX138/260325/T003346/Network/000012/well020/tm_unfiltered.xlsx,/mnt/benshalom-nas/analysis/Sadegh/CX138/CX138/260325/T003346/Network/000012/well020/rejection_log.xlsx,/mnt/benshalom-nas/analysis/Sadegh/CX138/CX138/260325/T003346/Network/000012/well020/metrics_curated.xlsx,True,True,True,True,True,True,True,72.0,False,,IVH-L,20,4,3,D3,IVH-L,2026-03-25,2026-03-25,12,0,pre_treatment,0,0,2,1.0,D+0 to D+2
CX138,260325,T003346,000012,well021,/mnt/benshalom-nas/analysis/Sadegh/CX138/CX138/260325/T003346/Network/000012/well021,CX138|260325|T003346|000012|well021,/mnt/benshalom-nas/analysis/Sadegh/CX138/CX138/260325/T003346/Network/000012/well021/qm_unfiltered.xlsx,/mnt/benshalom-nas/analysis/Sadegh/CX138/CX138/260325/T003346/Network/000012/well021/network_results.json,/mnt/benshalom-nas/analysis/Sadegh/CX138/CX138/260325/T003346/Network/000012/well021/tm_curated.xlsx,/mnt/benshalom-nas/analysis/Sadegh/CX138/CX138/260325/T003346/Network/000012/well021/spike_times.npy,/mnt/benshalom-nas/analysis/Sadegh/CX138/CX138/260325/T003346/Network/000012/well021/tm_unfiltered.xlsx,/mnt/benshalom-nas/analysis/Sadegh/CX138/CX138/260325/T003346/Network/000012/well021/rejection_log.xlsx,/mnt/benshalom-nas/analysis/Sadegh/CX138/CX138/260325/T003346/Network/000012/well021/metrics_curated.xlsx,True,True,True,True,True,True,True,156.0,False,,CT,21,4,4,D4,CT,2026-03-25,2026-03-25,12,0,pre_treatment,0,0,2,1.0,D+0 to D+2
CX138,260325,T003346,000012,well023,/mnt/benshalom-nas/analysis/Sadegh/CX138/CX138/260325/T003346/Network/000012/well023,CX138|260325|T003346|000012|well023,/mnt/benshalom-nas/analysis/Sadegh/CX138/CX138/260325/T003346/Network/000012/well023/qm_unfiltered.xlsx,/mnt/benshalom-nas/analysis/Sadegh/CX138/CX138/260325/T003346/Network/000012/well023/network_results.json,/mnt/benshalom-nas/analysis/Sadegh/CX138/CX138/260325/T003346/Network/000012/well023/tm_curated.xlsx,/mnt/benshalom-nas/analysis/Sadegh/CX138/CX138/260325/T003346/Network/000012/well023/spike_times.npy,/mnt/benshalom-nas/analysis/Sadegh/CX138/CX138/260325/T003346/Network/000012/well023/tm_unfiltered.xlsx,/mnt/benshalom-nas/analysis/Sadegh/CX138/CX138/260325/T003346/Network/000012/well023/rejection_log.xlsx,/mnt/benshalom-nas/analysis/Sadegh/CX138/CX138/260325/T003346/Network/000012/well023/metrics_curated.xlsx,True,True,True,True,True,True,True,107.0,False,,10uM,23,4,6,D6,10uM,2026-03-25,2026-03-25,12,0,pre_treatment,0,0,2,1.0,D+0 to D+2
CX138,260325,T003346,000014,well000,/mnt/benshalom-nas/analysis/Sadegh/CX138/CX138/260325/T003346/Network/000014/well000,CX138|260325|T003346|000014|well000,/mnt/benshalom-nas/analysis/Sadegh/CX138/CX138/260325/T003346/Network/000014/well000/qm_unfiltered.xlsx,/mnt/benshalom-nas/analysis/Sadegh/CX138/CX138/260325/T003346/Network/000014/well000/network_results.json,/mnt/benshalom-nas/analysis/Sadegh/CX138/CX138/260325/T003346/Network/000014/well000/tm_curated.xlsx,/mnt/benshalom-nas/analysis/Sadegh/CX138/CX138/260325/T003346/Network/000014/well000/spike_times.npy,/mnt/benshalom-nas/analysis/Sadegh/CX138/CX138/260325/T003346/Network/000014/well000/tm_unfiltered.xlsx,/mnt/benshalom-nas/analysis/Sadegh/CX138/CX138/260325/T003346/Network/000014/well000/rejection_log.xlsx,/mnt/benshalom-nas/analysis/Sadegh/CX138/CX138/260325/T003346/Network/000014/well000/metrics_curated.xlsx,True,True,True,True,True,True,True,52.0,False,,NPH,0,1,1,A1,NPH,2026-03-25,2026-03-25,12,0,pre_treatment,0,0,2,1.0,D+0 to D+2
CX138,260325,T003346,000014,well001,/mnt/benshalom-nas/analysis/Sadegh/CX138/CX138/260325/T003346/Network/000014/well001,CX138|260325|T003346|000014|well001,/mnt/benshalom-nas/analysis/Sadegh/CX138/CX138/260325/T003346/Network/000014/well001/qm_unfiltered.xlsx,/mnt/benshalom-nas/analysis/Sadegh/CX138/CX138/260325/T003346/Network/000014/well001/network_results.json,/mnt/benshalom-nas/analysis/Sadegh/CX138/CX138/260325/T003346/Network/000014/well001/tm_curated.xlsx,/mnt/benshalom-nas/analysis/Sadegh/CX138/CX138/260325/T003346/Network/000014/well001/spike_times.npy,/mnt/benshalom-nas/analysis/Sadegh/CX138/CX138/260325/T003346/Network/000014/well001/tm_unfiltered.xlsx,/mnt/benshalom-nas/analysis/Sadegh/CX138/CX138/260325/T003346/Network/000014/well001/rejection_log.xlsx,/mnt/benshalom-nas/analysis/Sadegh/CX138/CX138/260325/T003346/Network/000014/well001/metrics_curated.xlsx,True,True,True,True,True,True,True,86.0,False,,IVH-E,1,1,2,A2,IVH-E,2026-03-25,2026-03-25,12,0,pre_treatment,0,0,2,1.0,D+0 to D+2
CX138,260325,T003346,000014,well002,/mnt/benshalom-nas/analysis/Sadegh/CX138/CX138/260325/T003346/Network/000014/well002,CX138|260325|T003346|000014|well002,/mnt/benshalom-nas/analysis/Sadegh/CX138/CX138/260325/T003346/Network/000014/well002/qm_unfiltered.xlsx,/mnt/benshalom-nas/analysis/Sadegh/CX138/CX138/260325/T003346/Network/000014/well002/network_results.json,/mnt/benshalom-nas/analysis/Sadegh/CX138/CX138/260325/T003346/Network/000014/well002/tm_curated.xlsx,/mnt/benshalom-nas/analysis/Sadegh/CX138/CX138/260325/T003346/Network/000014/well002/spike_times.npy,/mnt/benshalom-nas/analysis/Sadegh/CX138/CX138/260325/T003346/Network/000014/well002/tm_unfiltered.xlsx,/mnt/benshalom-nas/analysis/Sadegh/CX138/CX138/260325/T003346/Network/000014/well002/rejection_log.xlsx,/mnt/benshalom-nas/analysis/Sadegh/CX138/CX138/260325/T003346/Network/000014/well002/metrics_curated.xlsx,True,True,True,True,True,True,True,52.0,False,,IVH-L,2,1,3,A3,IVH-L,2026-03-25,2026-03-25,12,0,pre_treatment,0,0,2,1.0,D+0 to D+2
CX138,260325,T003346,000014,well003,/mnt/benshalom-nas/analysis/Sadegh/CX138/CX138/260325/T003346/Network/000014/well003,CX138|260325|T003346|000014|well003,/mnt/benshalom-nas/analysis/Sadegh/CX138/CX138/260325/T003346/Network/000014/well003/qm_unfiltered.xlsx,/mnt/benshalom-nas/analysis/Sadegh/CX138/CX138/260325/T003346/Network/000014/well003/network_results.json,/mnt/benshalom-nas/analysis/Sadegh/CX138/CX138/260325/T003346/Network/000014/well003/tm_curated.xlsx,/mnt/benshalom-nas/analysis/Sadegh/CX138/CX138/260325/T003346/Network/000014/well003/spike_times.npy,/mnt/benshalom-nas/analysis/Sadegh/CX138/CX138/260325/T003346/Network/000014/well003/tm_unfiltered.xlsx,/mnt/benshalom-nas/analysis/Sadegh/CX138/CX138/260325/T003346/Network/000014/well003/rejection_log.xlsx,/mnt/benshalom-nas/analysis/Sadegh/CX138/CX138/260325/T003346/Network/000014/well003/metrics_curated.xlsx,True,True,True,True,True,True,True,40.0,False,,CT,3,1,4,A4,CT,2026-03-25,2026-03-25,12,0,pre_treatment,0,0,2,1.0,D+0 to D+2
CX138,260325,T003346,000014,well004,/mnt/benshalom-nas/analysis/Sadegh/CX138/CX138/260325/T003346/Network/000014/well004,CX138|260325|T003346|000014|well004,/mnt/benshalom-nas/analysis/Sadegh/CX138/CX138/260325/T003346/Network/000014/well004/qm_unfiltered.xlsx,/mnt/benshalom-nas/analysis/Sadegh/CX138/CX138/260325/T003346/Network/000014/well004/network_results.json,/mnt/benshalom-nas/analysis/Sadegh/CX138/CX138/260325/T003346/Network/000014/well004/tm_curated.xlsx,/mnt/benshalom-nas/analysis/Sadegh/CX138/CX138/260325/T003346/Network/000014/well004/spike_times.npy,/mnt/benshalom-nas/analysis/Sadegh/CX138/CX138/260325/T003346/Network/000014/well004/tm_unfiltered.xlsx,/mnt/benshalom-nas/analysis/Sadegh/CX138/CX138/260325/T003346/Network/000014/well004/rejection_log.xlsx,/mnt/benshalom-nas/analysis/Sadegh/CX138/CX138/260325/T003346/Network/000014/well004/metrics_curated.xlsx,True,True,True,True,True,True,True,59.0,False,,20uM,4,1,5,A5,20uM,2026-03-25,2026-03-25,12,0,pre_treatment,0,0,2,1.0,D+0 to D+2
CX138,260325,T003346,000014,well005,/mnt/benshalom-nas/analysis/Sadegh/CX138/CX138/260325/T003346/Network/000014/well005,CX138|260325|T003346|000014|well005,/mnt/benshalom-nas/analysis/Sadegh/CX138/CX138/260325/T003346/Network/000014/well005/qm_unfiltered.xlsx,/mnt/benshalom-nas/analysis/Sadegh/CX138/CX138/260325/T003346/Network/000014/well005/network_results.json,/mnt/benshalom-nas/analysis/Sadegh/CX138/CX138/260325/T003346/Network/000014/well005/tm_curated.xlsx,/mnt/benshalom-nas/analysis/Sadegh/CX138/CX138/260325/T003346/Network/000014/well005/spike_times.npy,/mnt/benshalom-nas/analysis/Sadegh/CX138/CX138/260325/T003346/Network/000014/well005/tm_unfiltered.xlsx,/mnt/benshalom-nas/analysis/Sadegh/CX138/CX138/260325/T003346/Network/000014/well005/rejection_log.xlsx,/mnt/benshalom-nas/analysis/Sadegh/CX138/CX138/260325/T003346/Network/000014/well005/metrics_curated.xlsx,True,True,True,True,True,True,True,81.0,False,,10uM,5,1,6,A6,10uM,2026-03-25,2026-03-25,12,0,pre_treatment,0,0,2,1.0,D+0 to D+2
CX138,260325,T003346,000014,well006,/mnt/benshalom-nas/analysis/Sadegh/CX138/CX138/260325/T003346/Network/000014/well006,CX138|260325|T003346|000014|well006,/mnt/benshalom-nas/analysis/Sadegh/CX138/CX138/260325/T003346/Network/000014/well006/qm_unfiltered.xlsx,/mnt/benshalom-nas/analysis/Sadegh/CX138/CX138/260325/T003346/Network/000014/well006/network_results.json,/mnt/benshalom-nas/analysis/Sadegh/CX138/CX138/260325/T003346/Network/000014/well006/tm_curated.xlsx,/mnt/benshalom-nas/analysis/Sadegh/CX138/CX138/260325/T003346/Network/000014/well006/spike_times.npy,/mnt/benshalom-nas/analysis/Sadegh/CX138/CX138/260325/T003346/Network/000014/well006/tm_unfiltered.xlsx,/mnt/benshalom-nas/analysis/Sadegh/CX138/CX138/260325/T003346/Network/000014/well006/rejection_log.xlsx,/mnt/benshalom-nas/analysis/Sadegh/CX138/CX138/260325/T003346/Network/000014/well006/metrics_curated.xlsx,True,True,True,True,True,True,True,44.0,False,,NPH,6,2,1,B1,NPH,2026-03-25,2026-03-25,12,0,pre_treatment,0,0,2,1.0,D+0 to D+2
CX138,260325,T003346,000014,well007,/mnt/benshalom-nas/analysis/Sadegh/CX138/CX138/260325/T003346/Network/000014/well007,CX138|260325|T003346|000014|well007,/mnt/benshalom-nas/analysis/Sadegh/CX138/CX138/260325/T003346/Network/000014/well007/qm_unfiltered.xlsx,/mnt/benshalom-nas/analysis/Sadegh/CX138/CX138/260325/T003346/Network/000014/well007/network_results.json,/mnt/benshalom-nas/analysis/Sadegh/CX138/CX138/260325/T003346/Network/000014/well007/tm_curated.xlsx,/mnt/benshalom-nas/analysis/Sadegh/CX138/CX138/260325/T003346/Network/000014/well007/spike_times.npy,/mnt/benshalom-nas/analysis/Sadegh/CX138/CX138/260325/T003346/Network/000014/well007/tm_unfiltered.xlsx,/mnt/benshalom-nas/analysis/Sadegh/CX138/CX138/260325/T003346/Network/000014/well007/rejection_log.xlsx,/mnt/benshalom-nas/analysis/Sadegh/CX138/CX138/260325/T003346/Network/000014/well007/metrics_curated.xlsx,True,True,True,True,True,True,True,121.0,False,,IVH-E,7,2,2,B2,IVH-E,2026-03-25,2026-03-25,12,0,pre_treatment,0,0,2,1.0,D+0 to D+2
CX138,260325,T003346,000014,well008,/mnt/benshalom-nas/analysis/Sadegh/CX138/CX138/260325/T003346/Network/000014/well008,CX138|260325|T003346|000014|well008,/mnt/benshalom-nas/analysis/Sadegh/CX138/CX138/260325/T003346/Network/000014/well008/qm_unfiltered.xlsx,/mnt/benshalom-nas/analysis/Sadegh/CX138/CX138/260325/T003346/Network/000014/well008/network_results.json,/mnt/benshalom-nas/analysis/Sadegh/CX138/CX138/260325/T003346/Network/000014/well008/tm_curated.xlsx,/mnt/benshalom-nas/analysis/Sadegh/CX138/CX138/260325/T003346/Network/000014/well008/spike_times.npy,/mnt/benshalom-nas/analysis/Sadegh/CX138/CX138/260325/T003346/Network/000014/well008/tm_unfiltered.xlsx,/mnt/benshalom-nas/analysis/Sadegh/CX138/CX138/260325/T003346/Network/000014/well008/rejection_log.xlsx,/mnt/benshalom-nas/analysis/Sadegh/CX138/CX138/260325/T003346/Network/000014/well008/metrics_curated.xlsx,True,True,True,True,True,True,True,143.0,False,,IVH-L,8,2,3,B3,IVH-L,2026-03-25,2026-03-25,12,0,pre_treatment,0,0,2,1.0,D+0 to D+2
CX138,260325,T003346,000014,well009,/mnt/benshalom-nas/analysis/Sadegh/CX138/CX138/260325/T003346/Network/000014/well009,CX138|260325|T003346|000014|well009,/mnt/benshalom-nas/analysis/Sadegh/CX138/CX138/260325/T003346/Network/000014/well009/qm_unfiltered.xlsx,/mnt/benshalom-nas/analysis/Sadegh/CX138/CX138/260325/T003346/Network/000014/well009/network_results.json,/mnt/benshalom-nas/analysis/Sadegh/CX138/CX138/260325/T003346/Network/000014/well009/tm_curated.xlsx,/mnt/benshalom-nas/analysis/Sadegh/CX138/CX138/260325/T003346/Network/000014/well009/spike_times.npy,/mnt/benshalom-nas/analysis/Sadegh/CX138/CX138/260325/T003346/Network/000014/well009/tm_unfiltered.xlsx,/mnt/benshalom-nas/analysis/Sadegh/CX138/CX138/260325/T003346/Network/000014/well009/rejection_log.xlsx,/mnt/benshalom-nas/analysis/Sadegh/CX138/CX138/260325/T003346/Network/000014/well009/metrics_curated.xlsx,True,True,True,True,True,True,True,81.0,False,,CT,9,2,4,B4,CT,2026-03-25,2026-03-25,12,0,pre_treatment,0,0,2,1.0,D+0 to D+2
CX138,260325,T003346,000014,well010,/mnt/benshalom-nas/analysis/Sadegh/CX138/CX138/260325/T003346/Network/000014/well010,CX138|260325|T003346|000014|well010,/mnt/benshalom-nas/analysis/Sadegh/CX138/CX138/260325/T003346/Network/000014/well010/qm_unfiltered.xlsx,/mnt/benshalom-nas/analysis/Sadegh/CX138/CX138/260325/T003346/Network/000014/well010/network_results.json,/mnt/benshalom-nas/analysis/Sadegh/CX138/CX138/260325/T003346/Network/000014/well010/tm_curated.xlsx,/mnt/benshalom-nas/analysis/Sadegh/CX138/CX138/260325/T003346/Network/000014/well010/spike_times.npy,/mnt/benshalom-nas/analysis/Sadegh/CX138/CX138/260325/T003346/Network/000014/well010/tm_unfiltered.xlsx,/mnt/benshalom-nas/analysis/Sadegh/CX138/CX138/260325/T003346/Network/000014/well010/rejection_log.xlsx,/mnt/benshalom-nas/analysis/Sadegh/CX138/CX138/260325/T003346/Network/000014/well010/metrics_curated.xlsx,True,True,True,True,True,True,True,135.0,False,,20uM,10,2,5,B5,20uM,2026-03-25,2026-03-25,12,0,pre_treatment,0,0,2,1.0,D+0 to D+2
CX138,260325,T003346,000014,well011,/mnt/benshalom-nas/analysis/Sadegh/CX138/CX138/260325/T003346/Network/000014/well011,CX138|260325|T003346|000014|well011,/mnt/benshalom-nas/analysis/Sadegh/CX138/CX138/260325/T003346/Network/000014/well011/qm_unfiltered.xlsx,/mnt/benshalom-nas/analysis/Sadegh/CX138/CX138/260325/T003346/Network/000014/well011/network_results.json,/mnt/benshalom-nas/analysis/Sadegh/CX138/CX138/260325/T003346/Network/000014/well011/tm_curated.xlsx,/mnt/benshalom-nas/analysis/Sadegh/CX138/CX138/260325/T003346/Network/000014/well011/spike_times.npy,/mnt/benshalom-nas/analysis/Sadegh/CX138/CX138/260325/T003346/Network/000014/well011/tm_unfiltered.xlsx,/mnt/benshalom-nas/analysis/Sadegh/CX138/CX138/260325/T003346/Network/000014/well011/rejection_log.xlsx,/mnt/benshalom-nas/analysis/Sadegh/CX138/CX138/260325/T003346/Network/000014/well011/metrics_curated.xlsx,True,True,True,True,True,True,True,122.0,False,,10uM,11,2,6,B6,10uM,2026-03-25,2026-03-25,12,0,pre_treatment,0,0,2,1.0,D+0 to D+2
CX138,260325,T003346,000014,well012,/mnt/benshalom-nas/analysis/Sadegh/CX138/CX138/260325/T003346/Network/000014/well012,CX138|260325|T003346|000014|well012,/mnt/benshalom-nas/analysis/Sadegh/CX138/CX138/260325/T003346/Network/000014/well012/qm_unfiltered.xlsx,/mnt/benshalom-nas/analysis/Sadegh/CX138/CX138/260325/T003346/Network/000014/well012/network_results.json,/mnt/benshalom-nas/analysis/Sadegh/CX138/CX138/260325/T003346/Network/000014/well012/tm_curated.xlsx,/mnt/benshalom-nas/analysis/Sadegh/CX138/CX138/260325/T003346/Network/000014/well012/spike_times.npy,/mnt/benshalom-nas/analysis/Sadegh/CX138/CX138/260325/T003346/Network/000014/well012/tm_unfiltered.xlsx,/mnt/benshalom-nas/analysis/Sadegh/CX138/CX138/260325/T003346/Network/000014/well012/rejection_log.xlsx,/mnt/benshalom-nas/analysis/Sadegh/CX138/CX138/260325/T003346/Network/000014/well012/metrics_curated.xlsx,True,True,True,True,True,True,True,42.0,False,,NPH,12,3,1,C1,NPH,2026-03-25,2026-03-25,12,0,pre_treatment,0,0,2,1.0,D+0 to D+2
CX138,260325,T003346,000014,well013,/mnt/benshalom-nas/analysis/Sadegh/CX138/CX138/260325/T003346/Network/000014/well013,CX138|260325|T003346|000014|well013,/mnt/benshalom-nas/analysis/Sadegh/CX138/CX138/260325/T003346/Network/000014/well013/qm_unfiltered.xlsx,/mnt/benshalom-nas/analysis/Sadegh/CX138/CX138/260325/T003346/Network/000014/well013/network_results.json,/mnt/benshalom-nas/analysis/Sadegh/CX138/CX138/260325/T003346/Network/000014/well013/tm_curated.xlsx,/mnt/benshalom-nas/analysis/Sadegh/CX138/CX138/260325/T003346/Network/000014/well013/spike_times.npy,/mnt/benshalom-nas/analysis/Sadegh/CX138/CX138/260325/T003346/Network/000014/well013/tm_unfiltered.xlsx,/mnt/benshalom-nas/analysis/Sadegh/CX138/CX138/260325/T003346/Network/000014/well013/rejection_log.xlsx,/mnt/benshalom-nas/analysis/Sadegh/CX138/CX138/260325/T003346/Network/000014/well013/metrics_curated.xlsx,True,True,True,True,True,True,True,144.0,False,,IVH-E,13,3,2,C2,IVH-E,2026-03-25,2026-03-25,12,0,pre_treatment,0,0,2,1.0,D+0 to D+2
CX138,260325,T003346,000014,well014,/mnt/benshalom-nas/analysis/Sadegh/CX138/CX138/260325/T003346/Network/000014/well014,CX138|260325|T003346|000014|well014,/mnt/benshalom-nas/analysis/Sadegh/CX138/CX138/260325/T003346/Network/000014/well014/qm_unfiltered.xlsx,/mnt/benshalom-nas/analysis/Sadegh/CX138/CX138/260325/T003346/Network/000014/well014/network_results.json,/mnt/benshalom-nas/analysis/Sadegh/CX138/CX138/260325/T003346/Network/000014/well014/tm_curated.xlsx,/mnt/benshalom-nas/analysis/Sadegh/CX138/CX138/260325/T003346/Network/000014/well014/spike_times.npy,/mnt/benshalom-nas/analysis/Sadegh/CX138/CX138/260325/T003346/Network/000014/well014/tm_unfiltered.xlsx,/mnt/benshalom-nas/analysis/Sadegh/CX138/CX138/260325/T003346/Network/000014/well014/rejection_log.xlsx,/mnt/benshalom-nas/analysis/Sadegh/CX138/CX138/260325/T003346/Network/000014/well014/metrics_curated.xlsx,True,True,True,True,True,True,True,74.0,False,,IVH-L,14,3,3,C3,IVH-L,2026-03-25,2026-03-25,12,0,pre_treatment,0,0,2,1.0,D+0 to D+2
CX138,260325,T003346,000014,well015,/mnt/benshalom-nas/analysis/Sadegh/CX138/CX138/260325/T003346/Network/000014/well015,CX138|260325|T003346|000014|well015,/mnt/benshalom-nas/analysis/Sadegh/CX138/CX138/260325/T003346/Network/000014/well015/qm_unfiltered.xlsx,/mnt/benshalom-nas/analysis/Sadegh/CX138/CX138/260325/T003346/Network/000014/well015/network_results.json,/mnt/benshalom-nas/analysis/Sadegh/CX138/CX138/260325/T003346/Network/000014/well015/tm_curated.xlsx,/mnt/benshalom-nas/analysis/Sadegh/CX138/CX138/260325/T003346/Network/000014/well015/spike_times.npy,/mnt/benshalom-nas/analysis/Sadegh/CX138/CX138/260325/T003346/Network/000014/well015/tm_unfiltered.xlsx,/mnt/benshalom-nas/analysis/Sadegh/CX138/CX138/260325/T003346/Network/000014/well015/rejection_log.xlsx,/mnt/benshalom-nas/analysis/Sadegh/CX138/CX138/260325/T003346/Network/000014/well015/metrics_curated.xlsx,True,True,True,True,True,True,True,125.0,False,,CT,15,3,4,C4,CT,2026-03-25,2026-03-25,12,0,pre_treatment,0,0,2,1.0,D+0 to D+2
CX138,260325,T003346,000014,well016,/mnt/benshalom-nas/analysis/Sadegh/CX138/CX138/260325/T003346/Network/000014/well016,CX138|260325|T003346|000014|well016,/mnt/benshalom-nas/analysis/Sadegh/CX138/CX138/260325/T003346/Network/000014/well016/qm_unfiltered.xlsx,/mnt/benshalom-nas/analysis/Sadegh/CX138/CX138/260325/T003346/Network/000014/well016/network_results.json,/mnt/benshalom-nas/analysis/Sadegh/CX138/CX138/260325/T003346/Network/000014/well016/tm_curated.xlsx,/mnt/benshalom-nas/analysis/Sadegh/CX138/CX138/260325/T003346/Network/000014/well016/spike_times.npy,/mnt/benshalom-nas/analysis/Sadegh/CX138/CX138/260325/T003346/Network/000014/well016/tm_unfiltered.xlsx,/mnt/benshalom-nas/analysis/Sadegh/CX138/CX138/260325/T003346/Network/000014/well016/rejection_log.xlsx,/mnt/benshalom-nas/analysis/Sadegh/CX138/CX138/260325/T003346/Network/000014/well016/metrics_curated.xlsx,True,True,True,True,True,True,True,166.0,False,,20uM,16,3,5,C5,20uM,2026-03-25,2026-03-25,12,0,pre_treatment,0,0,2,1.0,D+0 to D+2
CX138,260325,T003346,000014,well017,/mnt/benshalom-nas/analysis/Sadegh/CX138/CX138/260325/T003346/Network/000014/well017,CX138|260325|T003346|000014|well017,/mnt/benshalom-nas/analysis/Sadegh/CX138/CX138/260325/T003346/Network/000014/well017/qm_unfiltered.xlsx,/mnt/benshalom-nas/analysis/Sadegh/CX138/CX138/260325/T003346/Network/000014/well017/network_results.json,/mnt/benshalom-nas/analysis/Sadegh/CX138/CX138/260325/T003346/Network/000014/well017/tm_curated.xlsx,/mnt/benshalom-nas/analysis/Sadegh/CX138/CX138/260325/T003346/Network/000014/well017/spike_times.npy,/mnt/benshalom-nas/analysis/Sadegh/CX138/CX138/260325/T003346/Network/000014/well017/tm_unfiltered.xlsx,/mnt/benshalom-nas/analysis/Sadegh/CX138/CX138/260325/T003346/Network/000014/well017/rejection_log.xlsx,/mnt/benshalom-nas/analysis/Sadegh/CX138/CX138/260325/T003346/Network/000014/well017/metrics_curated.xlsx,True,True,True,True,True,True,True,106.0,False,,10uM,17,3,6,C6,10uM,2026-03-25,2026-03-25,12,0,pre_treatment,0,0,2,1.0,D+0 to D+2
CX138,260325,T003346,000014,well018,/mnt/benshalom-nas/analysis/Sadegh/CX138/CX138/260325/T003346/Network/000014/well018,CX138|260325|T003346|000014|well018,/mnt/benshalom-nas/analysis/Sadegh/CX138/CX138/260325/T003346/Network/000014/well018/qm_unfiltered.xlsx,/mnt/benshalom-nas/analysis/Sadegh/CX138/CX138/260325/T003346/Network/000014/well018/network_results.json,/mnt/benshalom-nas/analysis/Sadegh/CX138/CX138/260325/T003346/Network/000014/well018/tm_curated.xlsx,/mnt/benshalom-nas/analysis/Sadegh/CX138/CX138/260325/T003346/Network/000014/well018/spike_times.npy,/mnt/benshalom-nas/analysis/Sadegh/CX138/CX138/260325/T003346/Network/000014/well018/tm_unfiltered.xlsx,/mnt/benshalom-nas/analysis/Sadegh/CX138/CX138/260325/T003346/Network/000014/well018/rejection_log.xlsx,/mnt/benshalom-nas/analysis/Sadegh/CX138/CX138/260325/T003346/Network/000014/well018/metrics_curated.xlsx,True,True,True,True,True,True,True,83.0,False,,NPH,18,4,1,D1,NPH,2026-03-25,2026-03-25,12,0,pre_treatment,0,0,2,1.0,D+0 to D+2
CX138,260325,T003346,000014,well019,/mnt/benshalom-nas/analysis/Sadegh/CX138/CX138/260325/T003346/Network/000014/well019,CX138|260325|T003346|000014|well019,/mnt/benshalom-nas/analysis/Sadegh/CX138/CX138/260325/T003346/Network/000014/well019/qm_unfiltered.xlsx,/mnt/benshalom-nas/analysis/Sadegh/CX138/CX138/260325/T003346/Network/000014/well019/network_results.json,/mnt/benshalom-nas/analysis/Sadegh/CX138/CX138/260325/T003346/Network/000014/well019/tm_curated.xlsx,/mnt/benshalom-nas/analysis/Sadegh/CX138/CX138/260325/T003346/Network/000014/well019/spike_times.npy,/mnt/benshalom-nas/analysis/Sadegh/CX138/CX138/260325/T003346/Network/000014/well019/tm_unfiltered.xlsx,/mnt/benshalom-nas/analysis/Sadegh/CX138/CX138/260325/T003346/Network/000014/well019/rejection_log.xlsx,/mnt/benshalom-nas/analysis/Sadegh/CX138/CX138/260325/T003346/Network/000014/well019/metrics_curated.xlsx,True,True,True,True,True,True,True,43.0,False,,IVH-E,19,4,2,D2,IVH-E,2026-03-25,2026-03-25,12,0,pre_treatment,0,0,2,1.0,D+0 to D+2
CX138,260325,T003346,000014,well020,/mnt/benshalom-nas/analysis/Sadegh/CX138/CX138/260325/T003346/Network/000014/well020,CX138|260325|T003346|000014|well020,/mnt/benshalom-nas/analysis/Sadegh/CX138/CX138/260325/T003346/Network/000014/well020/qm_unfiltered.xlsx,/mnt/benshalom-nas/analysis/Sadegh/CX138/CX138/260325/T003346/Network/000014/well020/network_results.json,/mnt/benshalom-nas/analysis/Sadegh/CX138/CX138/260325/T003346/Network/000014/well020/tm_curated.xlsx,/mnt/benshalom-nas/analysis/Sadegh/CX138/CX138/260325/T003346/Network/000014/well020/spike_times.npy,/mnt/benshalom-nas/analysis/Sadegh/CX138/CX138/260325/T003346/Network/000014/well020/tm_unfiltered.xlsx,/mnt/benshalom-nas/analysis/Sadegh/CX138/CX138/260325/T003346/Network/000014/well020/rejection_log.xlsx,/mnt/benshalom-nas/analysis/Sadegh/CX138/CX138/260325/T003346/Network/000014/well020/metrics_curated.xlsx,True,True,True,True,True,True,True,36.0,False,,IVH-L,20,4,3,D3,IVH-L,2026-03-25,2026-03-25,12,0,pre_treatment,0,0,2,1.0,D+0 to D+2
CX138,260325,T003346,000014,well021,/mnt/benshalom-nas/analysis/Sadegh/CX138/CX138/260325/T003346/Network/000014/well021,CX138|260325|T003346|000014|well021,/mnt/benshalom-nas/analysis/Sadegh/CX138/CX138/260325/T003346/Network/000014/well021/qm_unfiltered.xlsx,/mnt/benshalom-nas/analysis/Sadegh/CX138/CX138/260325/T003346/Network/000014/well021/network_results.json,/mnt/benshalom-nas/analysis/Sadegh/CX138/CX138/260325/T003346/Network/000014/well021/tm_curated.xlsx,/mnt/benshalom-nas/analysis/Sadegh/CX138/CX138/260325/T003346/Network/000014/well021/spike_times.npy,/mnt/benshalom-nas/analysis/Sadegh/CX138/CX138/260325/T003346/Network/000014/well021/tm_unfiltered.xlsx,/mnt/benshalom-nas/analysis/Sadegh/CX138/CX138/260325/T003346/Network/000014/well021/rejection_log.xlsx,/mnt/benshalom-nas/analysis/Sadegh/CX138/CX138/260325/T003346/Network/000014/well021/metrics_curated.xlsx,True,True,True,True,True,True,True,97.0,False,,CT,21,4,4,D4,CT,2026-03-25,2026-03-25,12,0,pre_treatment,0,0,2,1.0,D+0 to D+2
CX138,260325,T003346,000014,well023,/mnt/benshalom-nas/analysis/Sadegh/CX138/CX138/260325/T003346/Network/000014/well023,CX138|260325|T003346|000014|well023,/mnt/benshalom-nas/analysis/Sadegh/CX138/CX138/260325/T003346/Network/000014/well023/qm_unfiltered.xlsx,/mnt/benshalom-nas/analysis/Sadegh/CX138/CX138/260325/T003346/Network/000014/well023/network_results.json,/mnt/benshalom-nas/analysis/Sadegh/CX138/CX138/260325/T003346/Network/000014/well023/tm_curated.xlsx,/mnt/benshalom-nas/analysis/Sadegh/CX138/CX138/260325/T003346/Network/000014/well023/spike_times.npy,/mnt/benshalom-nas/analysis/Sadegh/CX138/CX138/260325/T003346/Network/000014/well023/tm_unfiltered.xlsx,/mnt/benshalom-nas/analysis/Sadegh/CX138/CX138/260325/T003346/Network/000014/well023/rejection_log.xlsx,/mnt/benshalom-nas/analysis/Sadegh/CX138/CX138/260325/T003346/Network/000014/well023/metrics_curated.xlsx,True,True,True,True,True,True,True,58.0,False,,10uM,23,4,6,D6,10uM,2026-03-25,2026-03-25,12,0,pre_treatment,0,0,2,1.0,D+0 to D+2
CX138,260326,T003346,000016,well000,/mnt/benshalom-nas/analysis/Sadegh/CX138/CX138/260326/T003346/Network/000016/well000,CX138|260326|T003346|000016|well000,/mnt/benshalom-nas/analysis/Sadegh/CX138/CX138/260326/T003346/Network/000016/well000/qm_unfiltered.xlsx,/mnt/benshalom-nas/analysis/Sadegh/CX138/CX138/260326/T003346/Network/000016/well000/network_results.json,/mnt/benshalom-nas/analysis/Sadegh/CX138/CX138/260326/T003346/Network/000016/well000/tm_curated.xlsx,/mnt/benshalom-nas/analysis/Sadegh/CX138/CX138/260326/T003346/Network/000016/well000/spike_times.npy,/mnt/benshalom-nas/analysis/Sadegh/CX138/CX138/260326/T003346/Network/000016/well000/tm_unfiltered.xlsx,/mnt/benshalom-nas/analysis/Sadegh/CX138/CX138/260326/T003346/Network/000016/well000/rejection_log.xlsx,/mnt/benshalom-nas/analysis/Sadegh/CX138/CX138/260326/T003346/Network/000016/well000/metrics_curated.xlsx,True,True,True,True,True,True,True,71.0,False,,NPH,0,1,1,A1,NPH,2026-03-26,2026-03-26,13,1,post_treatment,0,0,2,1.0,D+0 to D+2
CX138,260326,T003346,000016,well001,/mnt/benshalom-nas/analysis/Sadegh/CX138/CX138/260326/T003346/Network/000016/well001,CX138|260326|T003346|000016|well001,/mnt/benshalom-nas/analysis/Sadegh/CX138/CX138/260326/T003346/Network/000016/well001/qm_unfiltered.xlsx,/mnt/benshalom-nas/analysis/Sadegh/CX138/CX138/260326/T003346/Network/000016/well001/network_results.json,/mnt/benshalom-nas/analysis/Sadegh/CX138/CX138/260326/T003346/Network/000016/well001/tm_curated.xlsx,/mnt/benshalom-nas/analysis/Sadegh/CX138/CX138/260326/T003346/Network/000016/well001/spike_times.npy,/mnt/benshalom-nas/analysis/Sadegh/CX138/CX138/260326/T003346/Network/000016/well001/tm_unfiltered.xlsx,/mnt/benshalom-nas/analysis/Sadegh/CX138/CX138/260326/T003346/Network/000016/well001/rejection_log.xlsx,/mnt/benshalom-nas/analysis/Sadegh/CX138/CX138/260326/T003346/Network/000016/well001/metrics_curated.xlsx,True,True,True,True,True,True,True,107.0,False,,IVH-E,1,1,2,A2,IVH-E,2026-03-26,2026-03-26,13,1,post_treatment,0,0,2,1.0,D+0 to D+2
CX138,260326,T003346,000016,well002,/mnt/benshalom-nas/analysis/Sadegh/CX138/CX138/260326/T003346/Network/000016/well002,CX138|260326|T003346|000016|well002,/mnt/benshalom-nas/analysis/Sadegh/CX138/CX138/260326/T003346/Network/000016/well002/qm_unfiltered.xlsx,/mnt/benshalom-nas/analysis/Sadegh/CX138/CX138/260326/T003346/Network/000016/well002/network_results.json,/mnt/benshalom-nas/analysis/Sadegh/CX138/CX138/260326/T003346/Network/000016/well002/tm_curated.xlsx,/mnt/benshalom-nas/analysis/Sadegh/CX138/CX138/260326/T003346/Network/000016/well002/spike_times.npy,/mnt/benshalom-nas/analysis/Sadegh/CX138/CX138/260326/T003346/Network/000016/well002/tm_unfiltered.xlsx,/mnt/benshalom-nas/analysis/Sadegh/CX138/CX138/260326/T003346/Network/000016/well002/rejection_log.xlsx,/mnt/benshalom-nas/analysis/Sadegh/CX138/CX138/260326/T003346/Network/000016/well002/metrics_curated.xlsx,True,True,True,True,True,True,True,99.0,False,,IVH-L,2,1,3,A3,IVH-L,2026-03-26,2026-03-26,13,1,post_treatment,0,0,2,1.0,D+0 to D+2
CX138,260326,T003346,000016,well003,/mnt/benshalom-nas/analysis/Sadegh/CX138/CX138/260326/T003346/Network/000016/well003,CX138|260326|T003346|000016|well003,/mnt/benshalom-nas/analysis/Sadegh/CX138/CX138/260326/T003346/Network/000016/well003/qm_unfiltered.xlsx,/mnt/benshalom-nas/analysis/Sadegh/CX138/CX138/260326/T003346/Network/000016/well003/network_results.json,/mnt/benshalom-nas/analysis/Sadegh/CX138/CX138/260326/T003346/Network/000016/well003/tm_curated.xlsx,/mnt/benshalom-nas/analysis/Sadegh/CX138/CX138/260326/T003346/Network/000016/well003/spike_times.npy,/mnt/benshalom-nas/analysis/Sadegh/CX138/CX138/260326/T003346/Network/000016/well003/tm_unfiltered.xlsx,/mnt/benshalom-nas/analysis/Sadegh/CX138/CX138/260326/T003346/Network/000016/well003/rejection_log.xlsx,/mnt/benshalom-nas/analysis/Sadegh/CX138/CX138/260326/T003346/Network/000016/well003/metrics_curated.xlsx,True,True,True,True,True,True,True,65.0,False,,CT,3,1,4,A4,CT,2026-03-26,2026-03-26,13,1,post_treatment,0,0,2,1.0,D+0 to D+2
CX138,260326,T003346,000016,well004,/mnt/benshalom-nas/analysis/Sadegh/CX138/CX138/260326/T003346/Network/000016/well004,CX138|260326|T003346|000016|well004,/mnt/benshalom-nas/analysis/Sadegh/CX138/CX138/260326/T003346/Network/000016/well004/qm_unfiltered.xlsx,/mnt/benshalom-nas/analysis/Sadegh/CX138/CX138/260326/T003346/Network/000016/well004/network_results.json,/mnt/benshalom-nas/analysis/Sadegh/CX138/CX138/260326/T003346/Network/000016/well004/tm_curated.xlsx,/mnt/benshalom-nas/analysis/Sadegh/CX138/CX138/260326/T003346/Network/000016/well004/spike_times.npy,/mnt/benshalom-nas/analysis/Sadegh/CX138/CX138/260326/T003346/Network/000016/well004/tm_unfiltered.xlsx,/mnt/benshalom-nas/analysis/Sadegh/CX138/CX138/260326/T003346/Network/000016/well004/rejection_log.xlsx,/mnt/benshalom-nas/analysis/Sadegh/CX138/CX138/260326/T003346/Network/000016/well004/metrics_curated.xlsx,True,True,True,True,True,True,True,90.0,False,,20uM,4,1,5,A5,20uM,2026-03-26,2026-03-26,13,1,post_treatment,0,0,2,1.0,D+0 to D+2
CX138,260326,T003346,000016,well005,/mnt/benshalom-nas/analysis/Sadegh/CX138/CX138/260326/T003346/Network/000016/well005,CX138|260326|T003346|000016|well005,/mnt/benshalom-nas/analysis/Sadegh/CX138/CX138/260326/T003346/Network/000016/well005/qm_unfiltered.xlsx,/mnt/benshalom-nas/analysis/Sadegh/CX138/CX138/260326/T003346/Network/000016/well005/network_results.json,/mnt/benshalom-nas/analysis/Sadegh/CX138/CX138/260326/T003346/Network/000016/well005/tm_curated.xlsx,/mnt/benshalom-nas/analysis/Sadegh/CX138/CX138/260326/T003346/Network/000016/well005/spike_times.npy,/mnt/benshalom-nas/analysis/Sadegh/CX138/CX138/260326/T003346/Network/000016/well005/tm_unfiltered.xlsx,/mnt/benshalom-nas/analysis/Sadegh/CX138/CX138/260326/T003346/Network/000016/well005/rejection_log.xlsx,/mnt/benshalom-nas/analysis/Sadegh/CX138/CX138/260326/T003346/Network/000016/well005/metrics_curated.xlsx,True,True,True,True,True,True,True,124.0,False,,10uM,5,1,6,A6,10uM,2026-03-26,2026-03-26,13,1,post_treatment,0,0,2,1.0,D+0 to D+2
CX138,260326,T003346,000016,well006,/mnt/benshalom-nas/analysis/Sadegh/CX138/CX138/260326/T003346/Network/000016/well006,CX138|260326|T003346|000016|well006,/mnt/benshalom-nas/analysis/Sadegh/CX138/CX138/260326/T003346/Network/000016/well006/qm_unfiltered.xlsx,/mnt/benshalom-nas/analysis/Sadegh/CX138/CX138/260326/T003346/Network/000016/well006/network_results.json,/mnt/benshalom-nas/analysis/Sadegh/CX138/CX138/260326/T003346/Network/000016/well006/tm_curated.xlsx,/mnt/benshalom-nas/analysis/Sadegh/CX138/CX138/260326/T003346/Network/000016/well006/spike_times.npy,/mnt/benshalom-nas/analysis/Sadegh/CX138/CX138/260326/T003346/Network/000016/well006/tm_unfiltered.xlsx,/mnt/benshalom-nas/analysis/Sadegh/CX138/CX138/260326/T003346/Network/000016/well006/rejection_log.xlsx,/mnt/benshalom-nas/analysis/Sadegh/CX138/CX138/260326/T003346/Network/000016/well006/metrics_curated.xlsx,True,True,True,True,True,True,True,62.0,False,,NPH,6,2,1,B1,NPH,2026-03-26,2026-03-26,13,1,post_treatment,0,0,2,1.0,D+0 to D+2
CX138,260326,T003346,000016,well007,/mnt/benshalom-nas/analysis/Sadegh/CX138/CX138/260326/T003346/Network/000016/well007,CX138|260326|T003346|000016|well007,/mnt/benshalom-nas/analysis/Sadegh/CX138/CX138/260326/T003346/Network/000016/well007/qm_unfiltered.xlsx,/mnt/benshalom-nas/analysis/Sadegh/CX138/CX138/260326/T003346/Network/000016/well007/network_results.json,/mnt/benshalom-nas/analysis/Sadegh/CX138/CX138/260326/T003346/Network/000016/well007/tm_curated.xlsx,/mnt/benshalom-nas/analysis/Sadegh/CX138/CX138/260326/T003346/Network/000016/well007/spike_times.npy,/mnt/benshalom-nas/analysis/Sadegh/CX138/CX138/260326/T003346/Network/000016/well007/tm_unfiltered.xlsx,/mnt/benshalom-nas/analysis/Sadegh/CX138/CX138/260326/T003346/Network/000016/well007/rejection_log.xlsx,/mnt/benshalom-nas/analysis/Sadegh/CX138/CX138/260326/T003346/Network/000016/well007/metrics_curated.xlsx,True,True,True,True,True,True,True,150.0,False,,IVH-E,7,2,2,B2,IVH-E,2026-03-26,2026-03-26,13,1,post_treatment,0,0,2,1.0,D+0 to D+2
CX138,260326,T003346,000016,well008,/mnt/benshalom-nas/analysis/Sadegh/CX138/CX138/260326/T003346/Network/000016/well008,CX138|260326|T003346|000016|well008,/mnt/benshalom-nas/analysis/Sadegh/CX138/CX138/260326/T003346/Network/000016/well008/qm_unfiltered.xlsx,/mnt/benshalom-nas/analysis/Sadegh/CX138/CX138/260326/T003346/Network/000016/well008/network_results.json,/mnt/benshalom-nas/analysis/Sadegh/CX138/CX138/260326/T003346/Network/000016/well008/tm_curated.xlsx,/mnt/benshalom-nas/analysis/Sadegh/CX138/CX138/260326/T003346/Network/000016/well008/spike_times.npy,/mnt/benshalom-nas/analysis/Sadegh/CX138/CX138/260326/T003346/Network/000016/well008/tm_unfiltered.xlsx,/mnt/benshalom-nas/analysis/Sadegh/CX138/CX138/260326/T003346/Network/000016/well008/rejection_log.xlsx,/mnt/benshalom-nas/analysis/Sadegh/CX138/CX138/260326/T003346/Network/000016/well008/metrics_curated.xlsx,True,True,True,True,True,True,True,159.0,False,,IVH-L,8,2,3,B3,IVH-L,2026-03-26,2026-03-26,13,1,post_treatment,0,0,2,1.0,D+0 to D+2
CX138,260326,T003346,000016,well009,/mnt/benshalom-nas/analysis/Sadegh/CX138/CX138/260326/T003346/Network/000016/well009,CX138|260326|T003346|000016|well009,/mnt/benshalom-nas/analysis/Sadegh/CX138/CX138/260326/T003346/Network/000016/well009/qm_unfiltered.xlsx,/mnt/benshalom-nas/analysis/Sadegh/CX138/CX138/260326/T003346/Network/000016/well009/network_results.json,/mnt/benshalom-nas/analysis/Sadegh/CX138/CX138/260326/T003346/Network/000016/well009/tm_curated.xlsx,/mnt/benshalom-nas/analysis/Sadegh/CX138/CX138/260326/T003346/Network/000016/well009/spike_times.npy,/mnt/benshalom-nas/analysis/Sadegh/CX138/CX138/260326/T003346/Network/000016/well009/tm_unfiltered.xlsx,/mnt/benshalom-nas/analysis/Sadegh/CX138/CX138/260326/T003346/Network/000016/well009/rejection_log.xlsx,/mnt/benshalom-nas/analysis/Sadegh/CX138/CX138/260326/T003346/Network/000016/well009/metrics_curated.xlsx,True,True,True,True,True,True,True,98.0,False,,CT,9,2,4,B4,CT,2026-03-26,2026-03-26,13,1,post_treatment,0,0,2,1.0,D+0 to D+2
CX138,260326,T003346,000016,well010,/mnt/benshalom-nas/analysis/Sadegh/CX138/CX138/260326/T003346/Network/000016/well010,CX138|260326|T003346|000016|well010,/mnt/benshalom-nas/analysis/Sadegh/CX138/CX138/260326/T003346/Network/000016/well010/qm_unfiltered.xlsx,/mnt/benshalom-nas/analysis/Sadegh/CX138/CX138/260326/T003346/Network/000016/well010/network_results.json,/mnt/benshalom-nas/analysis/Sadegh/CX138/CX138/260326/T003346/Network/000016/well010/tm_curated.xlsx,/mnt/benshalom-nas/analysis/Sadegh/CX138/CX138/260326/T003346/Network/000016/well010/spike_times.npy,/mnt/benshalom-nas/analysis/Sadegh/CX138/CX138/260326/T003346/Network/000016/well010/tm_unfiltered.xlsx,/mnt/benshalom-nas/analysis/Sadegh/CX138/CX138/260326/T003346/Network/000016/well010/rejection_log.xlsx,/mnt/benshalom-nas/analysis/Sadegh/CX138/CX138/260326/T003346/Network/000016/well010/metrics_curated.xlsx,True,True,True,True,True,True,True,147.0,False,,20uM,10,2,5,B5,20uM,2026-03-26,2026-03-26,13,1,post_treatment,0,0,2,1.0,D+0 to D+2
CX138,260326,T003346,000016,well011,/mnt/benshalom-nas/analysis/Sadegh/CX138/CX138/260326/T003346/Network/000016/well011,CX138|260326|T003346|000016|well011,/mnt/benshalom-nas/analysis/Sadegh/CX138/CX138/260326/T003346/Network/000016/well011/qm_unfiltered.xlsx,/mnt/benshalom-nas/analysis/Sadegh/CX138/CX138/260326/T003346/Network/000016/well011/network_results.json,/mnt/benshalom-nas/analysis/Sadegh/CX138/CX138/260326/T003346/Network/000016/well011/tm_curated.xlsx,/mnt/benshalom-nas/analysis/Sadegh/CX138/CX138/260326/T003346/Network/000016/well011/spike_times.npy,/mnt/benshalom-nas/analysis/Sadegh/CX138/CX138/260326/T003346/Network/000016/well011/tm_unfiltered.xlsx,/mnt/benshalom-nas/analysis/Sadegh/CX138/CX138/260326/T003346/Network/000016/well011/rejection_log.xlsx,/mnt/benshalom-nas/analysis/Sadegh/CX138/CX138/260326/T003346/Network/000016/well011/metrics_curated.xlsx,True,True,True,True,True,True,True,137.0,False,,10uM,11,2,6,B6,10uM,2026-03-26,2026-03-26,13,1,post_treatment,0,0,2,1.0,D+0 to D+2
CX138,260326,T003346,000016,well012,/mnt/benshalom-nas/analysis/Sadegh/CX138/CX138/260326/T003346/Network/000016/well012,CX138|260326|T003346|000016|well012,/mnt/benshalom-nas/analysis/Sadegh/CX138/CX138/260326/T003346/Network/000016/well012/qm_unfiltered.xlsx,/mnt/benshalom-nas/analysis/Sadegh/CX138/CX138/260326/T003346/Network/000016/well012/network_results.json,/mnt/benshalom-nas/analysis/Sadegh/CX138/CX138/260326/T003346/Network/000016/well012/tm_curated.xlsx,/mnt/benshalom-nas/analysis/Sadegh/CX138/CX138/260326/T003346/Network/000016/well012/spike_times.npy,/mnt/benshalom-nas/analysis/Sadegh/CX138/CX138/260326/T003346/Network/000016/well012/tm_unfiltered.xlsx,/mnt/benshalom-nas/analysis/Sadegh/CX138/CX138/260326/T003346/Network/000016/well012/rejection_log.xlsx,/mnt/benshalom-nas/analysis/Sadegh/CX138/CX138/260326/T003346/Network/000016/well012/metrics_curated.xlsx,True,True,True,True,True,True,True,75.0,False,,NPH,12,3,1,C1,NPH,2026-03-26,2026-03-26,13,1,post_treatment,0,0,2,1.0,D+0 to D+2
CX138,260326,T003346,000016,well013,/mnt/benshalom-nas/analysis/Sadegh/CX138/CX138/260326/T003346/Network/000016/well013,CX138|260326|T003346|000016|well013,/mnt/benshalom-nas/analysis/Sadegh/CX138/CX138/260326/T003346/Network/000016/well013/qm_unfiltered.xlsx,/mnt/benshalom-nas/analysis/Sadegh/CX138/CX138/260326/T003346/Network/000016/well013/network_results.json,/mnt/benshalom-nas/analysis/Sadegh/CX138/CX138/260326/T003346/Network/000016/well013/tm_curated.xlsx,/mnt/benshalom-nas/analysis/Sadegh/CX138/CX138/260326/T003346/Network/000016/well013/spike_times.npy,/mnt/benshalom-nas/analysis/Sadegh/CX138/CX138/260326/T003346/Network/000016/well013/tm_unfiltered.xlsx,/mnt/benshalom-nas/analysis/Sadegh/CX138/CX138/260326/T003346/Network/000016/well013/rejection_log.xlsx,/mnt/benshalom-nas/analysis/Sadegh/CX138/CX138/260326/T003346/Network/000016/well013/metrics_curated.xlsx,True,True,True,True,True,True,True,148.0,False,,IVH-E,13,3,2,C2,IVH-E,2026-03-26,2026-03-26,13,1,post_treatment,0,0,2,1.0,D+0 to D+2
CX138,260326,T003346,000016,well014,/mnt/benshalom-nas/analysis/Sadegh/CX138/CX138/260326/T003346/Network/000016/well014,CX138|260326|T003346|000016|well014,/mnt/benshalom-nas/analysis/Sadegh/CX138/CX138/260326/T003346/Network/000016/well014/qm_unfiltered.xlsx,/mnt/benshalom-nas/analysis/Sadegh/CX138/CX138/260326/T003346/Network/000016/well014/network_results.json,/mnt/benshalom-nas/analysis/Sadegh/CX138/CX138/260326/T003346/Network/000016/well014/tm_curated.xlsx,/mnt/benshalom-nas/analysis/Sadegh/CX138/CX138/260326/T003346/Network/000016/well014/spike_times.npy,/mnt/benshalom-nas/analysis/Sadegh/CX138/CX138/260326/T003346/Network/000016/well014/tm_unfiltered.xlsx,/mnt/benshalom-nas/analysis/Sadegh/CX138/CX138/260326/T003346/Network/000016/well014/rejection_log.xlsx,/mnt/benshalom-nas/analysis/Sadegh/CX138/CX138/260326/T003346/Network/000016/well014/metrics_curated.xlsx,True,True,True,True,True,True,True,120.0,False,,IVH-L,14,3,3,C3,IVH-L,2026-03-26,2026-03-26,13,1,post_treatment,0,0,2,1.0,D+0 to D+2
CX138,260326,T003346,000016,well015,/mnt/benshalom-nas/analysis/Sadegh/CX138/CX138/260326/T003346/Network/000016/well015,CX138|260326|T003346|000016|well015,/mnt/benshalom-nas/analysis/Sadegh/CX138/CX138/260326/T003346/Network/000016/well015/qm_unfiltered.xlsx,/mnt/benshalom-nas/analysis/Sadegh/CX138/CX138/260326/T003346/Network/000016/well015/network_results.json,/mnt/benshalom-nas/analysis/Sadegh/CX138/CX138/260326/T003346/Network/000016/well015/tm_curated.xlsx,/mnt/benshalom-nas/analysis/Sadegh/CX138/CX138/260326/T003346/Network/000016/well015/spike_times.npy,/mnt/benshalom-nas/analysis/Sadegh/CX138/CX138/260326/T003346/Network/000016/well015/tm_unfiltered.xlsx,/mnt/benshalom-nas/analysis/Sadegh/CX138/CX138/260326/T003346/Network/000016/well015/rejection_log.xlsx,/mnt/benshalom-nas/analysis/Sadegh/CX138/CX138/260326/T003346/Network/000016/well015/metrics_curated.xlsx,True,True,True,True,True,True,True,142.0,False,,CT,15,3,4,C4,CT,2026-03-26,2026-03-26,13,1,post_treatment,0,0,2,1.0,D+0 to D+2
CX138,260326,T003346,000016,well016,/mnt/benshalom-nas/analysis/Sadegh/CX138/CX138/260326/T003346/Network/000016/well016,CX138|260326|T003346|000016|well016,/mnt/benshalom-nas/analysis/Sadegh/CX138/CX138/260326/T003346/Network/000016/well016/qm_unfiltered.xlsx,/mnt/benshalom-nas/analysis/Sadegh/CX138/CX138/260326/T003346/Network/000016/well016/network_results.json,/mnt/benshalom-nas/analysis/Sadegh/CX138/CX138/260326/T003346/Network/000016/well016/tm_curated.xlsx,/mnt/benshalom-nas/analysis/Sadegh/CX138/CX138/260326/T003346/Network/000016/well016/spike_times.npy,/mnt/benshalom-nas/analysis/Sadegh/CX138/CX138/260326/T003346/Network/000016/well016/tm_unfiltered.xlsx,/mnt/benshalom-nas/analysis/Sadegh/CX138/CX138/260326/T003346/Network/000016/well016/rejection_log.xlsx,/mnt/benshalom-nas/analysis/Sadegh/CX138/CX138/260326/T003346/Network/000016/well016/metrics_curated.xlsx,True,True,True,True,True,True,True,155.0,False,,20uM,16,3,5,C5,20uM,2026-03-26,2026-03-26,13,1,post_treatment,0,0,2,1.0,D+0 to D+2
CX138,260326,T003346,000016,well017,/mnt/benshalom-nas/analysis/Sadegh/CX138/CX138/260326/T003346/Network/000016/well017,CX138|260326|T003346|000016|well017,/mnt/benshalom-nas/analysis/Sadegh/CX138/CX138/260326/T003346/Network/000016/well017/qm_unfiltered.xlsx,/mnt/benshalom-nas/analysis/Sadegh/CX138/CX138/260326/T003346/Network/000016/well017/network_results.json,/mnt/benshalom-nas/analysis/Sadegh/CX138/CX138/260326/T003346/Network/000016/well017/tm_curated.xlsx,/mnt/benshalom-nas/analysis/Sadegh/CX138/CX138/260326/T003346/Network/000016/well017/spike_times.npy,/mnt/benshalom-nas/analysis/Sadegh/CX138/CX138/260326/T003346/Network/000016/well017/tm_unfiltered.xlsx,/mnt/benshalom-nas/analysis/Sadegh/CX138/CX138/260326/T003346/Network/000016/well017/rejection_log.xlsx,/mnt/benshalom-nas/analysis/Sadegh/CX138/CX138/260326/T003346/Network/000016/well017/metrics_curated.xlsx,True,True,True,True,True,True,True,126.0,False,,10uM,17,3,6,C6,10uM,2026-03-26,2026-03-26,13,1,post_treatment,0,0,2,1.0,D+0 to D+2
CX138,260326,T003346,000016,well018,/mnt/benshalom-nas/analysis/Sadegh/CX138/CX138/260326/T003346/Network/000016/well018,CX138|260326|T003346|000016|well018,/mnt/benshalom-nas/analysis/Sadegh/CX138/CX138/260326/T003346/Network/000016/well018/qm_unfiltered.xlsx,/mnt/benshalom-nas/analysis/Sadegh/CX138/CX138/260326/T003346/Network/000016/well018/network_results.json,/mnt/benshalom-nas/analysis/Sadegh/CX138/CX138/260326/T003346/Network/000016/well018/tm_curated.xlsx,/mnt/benshalom-nas/analysis/Sadegh/CX138/CX138/260326/T003346/Network/000016/well018/spike_times.npy,/mnt/benshalom-nas/analysis/Sadegh/CX138/CX138/260326/T003346/Network/000016/well018/tm_unfiltered.xlsx,/mnt/benshalom-nas/analysis/Sadegh/CX138/CX138/260326/T003346/Network/000016/well018/rejection_log.xlsx,/mnt/benshalom-nas/analysis/Sadegh/CX138/CX138/260326/T003346/Network/000016/well018/metrics_curated.xlsx,True,True,True,True,True,True,True,98.0,False,,NPH,18,4,1,D1,NPH,2026-03-26,2026-03-26,13,1,post_treatment,0,0,2,1.0,D+0 to D+2
CX138,260326,T003346,000016,well019,/mnt/benshalom-nas/analysis/Sadegh/CX138/CX138/260326/T003346/Network/000016/well019,CX138|260326|T003346|000016|well019,/mnt/benshalom-nas/analysis/Sadegh/CX138/CX138/260326/T003346/Network/000016/well019/qm_unfiltered.xlsx,/mnt/benshalom-nas/analysis/Sadegh/CX138/CX138/260326/T003346/Network/000016/well019/network_results.json,/mnt/benshalom-nas/analysis/Sadegh/CX138/CX138/260326/T003346/Network/000016/well019/tm_curated.xlsx,/mnt/benshalom-nas/analysis/Sadegh/CX138/CX138/260326/T003346/Network/000016/well019/spike_times.npy,/mnt/benshalom-nas/analysis/Sadegh/CX138/CX138/260326/T003346/Network/000016/well019/tm_unfiltered.xlsx,/mnt/benshalom-nas/analysis/Sadegh/CX138/CX138/260326/T003346/Network/000016/well019/rejection_log.xlsx,/mnt/benshalom-nas/analysis/Sadegh/CX138/CX138/260326/T003346/Network/000016/well019/metrics_curated.xlsx,True,True,True,True,True,True,True,93.0,False,,IVH-E,19,4,2,D2,IVH-E,2026-03-26,2026-03-26,13,1,post_treatment,0,0,2,1.0,D+0 to D+2
CX138,260326,T003346,000016,well020,/mnt/benshalom-nas/analysis/Sadegh/CX138/CX138/260326/T003346/Network/000016/well020,CX138|260326|T003346|000016|well020,/mnt/benshalom-nas/analysis/Sadegh/CX138/CX138/260326/T003346/Network/000016/well020/qm_unfiltered.xlsx,/mnt/benshalom-nas/analysis/Sadegh/CX138/CX138/260326/T003346/Network/000016/well020/network_results.json,/mnt/benshalom-nas/analysis/Sadegh/CX138/CX138/260326/T003346/Network/000016/well020/tm_curated.xlsx,/mnt/benshalom-nas/analysis/Sadegh/CX138/CX138/260326/T003346/Network/000016/well020/spike_times.npy,/mnt/benshalom-nas/analysis/Sadegh/CX138/CX138/260326/T003346/Network/000016/well020/tm_unfiltered.xlsx,/mnt/benshalom-nas/analysis/Sadegh/CX138/CX138/260326/T003346/Network/000016/well020/rejection_log.xlsx,/mnt/benshalom-nas/analysis/Sadegh/CX138/CX138/260326/T003346/Network/000016/well020/metrics_curated.xlsx,True,True,True,True,True,True,True,70.0,False,,IVH-L,20,4,3,D3,IVH-L,2026-03-26,2026-03-26,13,1,post_treatment,0,0,2,1.0,D+0 to D+2
CX138,260326,T003346,000016,well021,/mnt/benshalom-nas/analysis/Sadegh/CX138/CX138/260326/T003346/Network/000016/well021,CX138|260326|T003346|000016|well021,/mnt/benshalom-nas/analysis/Sadegh/CX138/CX138/260326/T003346/Network/000016/well021/qm_unfiltered.xlsx,/mnt/benshalom-nas/analysis/Sadegh/CX138/CX138/260326/T003346/Network/000016/well021/network_results.json,/mnt/benshalom-nas/analysis/Sadegh/CX138/CX138/260326/T003346/Network/000016/well021/tm_curated.xlsx,/mnt/benshalom-nas/analysis/Sadegh/CX138/CX138/260326/T003346/Network/000016/well021/spike_times.npy,/mnt/benshalom-nas/analysis/Sadegh/CX138/CX138/260326/T003346/Network/000016/well021/tm_unfiltered.xlsx,/mnt/benshalom-nas/analysis/Sadegh/CX138/CX138/260326/T003346/Network/000016/well021/rejection_log.xlsx,/mnt/benshalom-nas/analysis/Sadegh/CX138/CX138/260326/T003346/Network/000016/well021/metrics_curated.xlsx,True,True,True,True,True,True,True,146.0,False,,CT,21,4,4,D4,CT,2026-03-26,2026-03-26,13,1,post_treatment,0,0,2,1.0,D+0 to D+2
CX138,260326,T003346,000016,well023,/mnt/benshalom-nas/analysis/Sadegh/CX138/CX138/260326/T003346/Network/000016/well023,CX138|260326|T003346|000016|well023,/mnt/benshalom-nas/analysis/Sadegh/CX138/CX138/260326/T003346/Network/000016/well023/qm_unfiltered.xlsx,/mnt/benshalom-nas/analysis/Sadegh/CX138/CX138/260326/T003346/Network/000016/well023/network_results.json,/mnt/benshalom-nas/analysis/Sadegh/CX138/CX138/260326/T003346/Network/000016/well023/tm_curated.xlsx,/mnt/benshalom-nas/analysis/Sadegh/CX138/CX138/260326/T003346/Network/000016/well023/spike_times.npy,/mnt/benshalom-nas/analysis/Sadegh/CX138/CX138/260326/T003346/Network/000016/well023/tm_unfiltered.xlsx,/mnt/benshalom-nas/analysis/Sadegh/CX138/CX138/260326/T003346/Network/000016/well023/rejection_log.xlsx,/mnt/benshalom-nas/analysis/Sadegh/CX138/CX138/260326/T003346/Network/000016/well023/metrics_curated.xlsx,True,True,True,True,True,True,True,99.0,False,,10uM,23,4,6,D6,10uM,2026-03-26,2026-03-26,13,1,post_treatment,0,0,2,1.0,D+0 to D+2
CX138,260327,T003346,000019,well000,/mnt/benshalom-nas/analysis/Sadegh/CX138/CX138/260327/T003346/Network/000019/well000,CX138|260327|T003346|000019|well000,/mnt/benshalom-nas/analysis/Sadegh/CX138/CX138/260327/T003346/Network/000019/well000/qm_unfiltered.xlsx,/mnt/benshalom-nas/analysis/Sadegh/CX138/CX138/260327/T003346/Network/000019/well000/network_results.json,/mnt/benshalom-nas/analysis/Sadegh/CX138/CX138/260327/T003346/Network/000019/well000/tm_curated.xlsx,/mnt/benshalom-nas/analysis/Sadegh/CX138/CX138/260327/T003346/Network/000019/well000/spike_times.npy,/mnt/benshalom-nas/analysis/Sadegh/CX138/CX138/260327/T003346/Network/000019/well000/tm_unfiltered.xlsx,/mnt/benshalom-nas/analysis/Sadegh/CX138/CX138/260327/T003346/Network/000019/well000/rejection_log.xlsx,/mnt/benshalom-nas/analysis/Sadegh/CX138/CX138/260327/T003346/Network/000019/well000/metrics_curated.xlsx,True,True,True,True,True,True,True,73.0,False,,NPH,0,1,1,A1,NPH,2026-03-27,2026-03-27,14,2,post_treatment,0,0,2,1.0,D+0 to D+2
CX138,260327,T003346,000019,well001,/mnt/benshalom-nas/analysis/Sadegh/CX138/CX138/260327/T003346/Network/000019/well001,CX138|260327|T003346|000019|well001,/mnt/benshalom-nas/analysis/Sadegh/CX138/CX138/260327/T003346/Network/000019/well001/qm_unfiltered.xlsx,/mnt/benshalom-nas/analysis/Sadegh/CX138/CX138/260327/T003346/Network/000019/well001/network_results.json,/mnt/benshalom-nas/analysis/Sadegh/CX138/CX138/260327/T003346/Network/000019/well001/tm_curated.xlsx,/mnt/benshalom-nas/analysis/Sadegh/CX138/CX138/260327/T003346/Network/000019/well001/spike_times.npy,/mnt/benshalom-nas/analysis/Sadegh/CX138/CX138/260327/T003346/Network/000019/well001/tm_unfiltered.xlsx,/mnt/benshalom-nas/analysis/Sadegh/CX138/CX138/260327/T003346/Network/000019/well001/rejection_log.xlsx,/mnt/benshalom-nas/analysis/Sadegh/CX138/CX138/260327/T003346/Network/000019/well001/metrics_curated.xlsx,True,True,True,True,True,True,True,78.0,False,,IVH-E,1,1,2,A2,IVH-E,2026-03-27,2026-03-27,14,2,post_treatment,0,0,2,1.0,D+0 to D+2
CX138,260327,T003346,000019,well002,/mnt/benshalom-nas/analysis/Sadegh/CX138/CX138/260327/T003346/Network/000019/well002,CX138|260327|T003346|000019|well002,/mnt/benshalom-nas/analysis/Sadegh/CX138/CX138/260327/T003346/Network/000019/well002/qm_unfiltered.xlsx,/mnt/benshalom-nas/analysis/Sadegh/CX138/CX138/260327/T003346/Network/000019/well002/network_results.json,/mnt/benshalom-nas/analysis/Sadegh/CX138/CX138/260327/T003346/Network/000019/well002/tm_curated.xlsx,/mnt/benshalom-nas/analysis/Sadegh/CX138/CX138/260327/T003346/Network/000019/well002/spike_times.npy,/mnt/benshalom-nas/analysis/Sadegh/CX138/CX138/260327/T003346/Network/000019/well002/tm_unfiltered.xlsx,/mnt/benshalom-nas/analysis/Sadegh/CX138/CX138/260327/T003346/Network/000019/well002/rejection_log.xlsx,/mnt/benshalom-nas/analysis/Sadegh/CX138/CX138/260327/T003346/Network/000019/well002/metrics_curated.xlsx,True,True,True,True,True,True,True,86.0,False,,IVH-L,2,1,3,A3,IVH-L,2026-03-27,2026-03-27,14,2,post_treatment,0,0,2,1.0,D+0 to D+2
CX138,260327,T003346,000019,well003,/mnt/benshalom-nas/analysis/Sadegh/CX138/CX138/260327/T003346/Network/000019/well003,CX138|260327|T003346|000019|well003,/mnt/benshalom-nas/analysis/Sadegh/CX138/CX138/260327/T003346/Network/000019/well003/qm_unfiltered.xlsx,/mnt/benshalom-nas/analysis/Sadegh/CX138/CX138/260327/T003346/Network/000019/well003/network_results.json,/mnt/benshalom-nas/analysis/Sadegh/CX138/CX138/260327/T003346/Network/000019/well003/tm_curated.xlsx,/mnt/benshalom-nas/analysis/Sadegh/CX138/CX138/260327/T003346/Network/000019/well003/spike_times.npy,/mnt/benshalom-nas/analysis/Sadegh/CX138/CX138/260327/T003346/Network/000019/well003/tm_unfiltered.xlsx,/mnt/benshalom-nas/analysis/Sadegh/CX138/CX138/260327/T003346/Network/000019/well003/rejection_log.xlsx,/mnt/benshalom-nas/analysis/Sadegh/CX138/CX138/260327/T003346/Network/000019/well003/metrics_curated.xlsx,True,True,True,True,True,True,True,93.0,False,,CT,3,1,4,A4,CT,2026-03-27,2026-03-27,14,2,post_treatment,0,0,2,1.0,D+0 to D+2
CX138,260327,T003346,000019,well004,/mnt/benshalom-nas/analysis/Sadegh/CX138/CX138/260327/T003346/Network/000019/well004,CX138|260327|T003346|000019|well004,/mnt/benshalom-nas/analysis/Sadegh/CX138/CX138/260327/T003346/Network/000019/well004/qm_unfiltered.xlsx,/mnt/benshalom-nas/analysis/Sadegh/CX138/CX138/260327/T003346/Network/000019/well004/network_results.json,/mnt/benshalom-nas/analysis/Sadegh/CX138/CX138/260327/T003346/Network/000019/well004/tm_curated.xlsx,/mnt/benshalom-nas/analysis/Sadegh/CX138/CX138/260327/T003346/Network/000019/well004/spike_times.npy,/mnt/benshalom-nas/analysis/Sadegh/CX138/CX138/260327/T003346/Network/000019/well004/tm_unfiltered.xlsx,/mnt/benshalom-nas/analysis/Sadegh/CX138/CX138/260327/T003346/Network/000019/well004/rejection_log.xlsx,/mnt/benshalom-nas/analysis/Sadegh/CX138/CX138/260327/T003346/Network/000019/well004/metrics_curated.xlsx,True,True,True,True,True,True,True,100.0,False,,20uM,4,1,5,A5,20uM,2026-03-27,2026-03-27,14,2,post_treatment,0,0,2,1.0,D+0 to D+2
CX138,260327,T003346,000019,well005,/mnt/benshalom-nas/analysis/Sadegh/CX138/CX138/260327/T003346/Network/000019/well005,CX138|260327|T003346|000019|well005,/mnt/benshalom-nas/analysis/Sadegh/CX138/CX138/260327/T003346/Network/000019/well005/qm_unfiltered.xlsx,/mnt/benshalom-nas/analysis/Sadegh/CX138/CX138/260327/T003346/Network/000019/well005/network_results.json,/mnt/benshalom-nas/analysis/Sadegh/CX138/CX138/260327/T003346/Network/000019/well005/tm_curated.xlsx,/mnt/benshalom-nas/analysis/Sadegh/CX138/CX138/260327/T003346/Network/000019/well005/spike_times.npy,/mnt/benshalom-nas/analysis/Sadegh/CX138/CX138/260327/T003346/Network/000019/well005/tm_unfiltered.xlsx,/mnt/benshalom-nas/analysis/Sadegh/CX138/CX138/260327/T003346/Network/000019/well005/rejection_log.xlsx,/mnt/benshalom-nas/analysis/Sadegh/CX138/CX138/260327/T003346/Network/000019/well005/metrics_curated.xlsx,True,True,True,True,True,True,True,126.0,False,,10uM,5,1,6,A6,10uM,2026-03-27,2026-03-27,14,2,post_treatment,0,0,2,1.0,D+0 to D+2
CX138,260327,T003346,000019,well006,/mnt/benshalom-nas/analysis/Sadegh/CX138/CX138/260327/T003346/Network/000019/well006,CX138|260327|T003346|000019|well006,/mnt/benshalom-nas/analysis/Sadegh/CX138/CX138/260327/T003346/Network/000019/well006/qm_unfiltered.xlsx,/mnt/benshalom-nas/analysis/Sadegh/CX138/CX138/260327/T003346/Network/000019/well006/network_results.json,/mnt/benshalom-nas/analysis/Sadegh/CX138/CX138/260327/T003346/Network/000019/well006/tm_curated.xlsx,/mnt/benshalom-nas/analysis/Sadegh/CX138/CX138/260327/T003346/Network/000019/well006/spike_times.npy,/mnt/benshalom-nas/analysis/Sadegh/CX138/CX138/260327/T003346/Network/000019/well006/tm_unfiltered.xlsx,/mnt/benshalom-nas/analysis/Sadegh/CX138/CX138/260327/T003346/Network/000019/well006/rejection_log.xlsx,/mnt/benshalom-nas/analysis/Sadegh/CX138/CX138/260327/T003346/Network/000019/well006/metrics_curated.xlsx,True,True,True,True,True,True,True,79.0,False,,NPH,6,2,1,B1,NPH,2026-03-27,2026-03-27,14,2,post_treatment,0,0,2,1.0,D+0 to D+2
CX138,260327,T003346,000019,well007,/mnt/benshalom-nas/analysis/Sadegh/CX138/CX138/260327/T003346/Network/000019/well007,CX138|260327|T003346|000019|well007,/mnt/benshalom-nas/analysis/Sadegh/CX138/CX138/260327/T003346/Network/000019/well007/qm_unfiltered.xlsx,/mnt/benshalom-nas/analysis/Sadegh/CX138/CX138/260327/T003346/Network/000019/well007/network_results.json,/mnt/benshalom-nas/analysis/Sadegh/CX138/CX138/260327/T003346/Network/000019/well007/tm_curated.xlsx,/mnt/benshalom-nas/analysis/Sadegh/CX138/CX138/260327/T003346/Network/000019/well007/spike_times.npy,/mnt/benshalom-nas/analysis/Sadegh/CX138/CX138/260327/T003346/Network/000019/well007/tm_unfiltered.xlsx,/mnt/benshalom-nas/analysis/Sadegh/CX138/CX138/260327/T003346/Network/000019/well007/rejection_log.xlsx,/mnt/benshalom-nas/analysis/Sadegh/CX138/CX138/260327/T003346/Network/000019/well007/metrics_curated.xlsx,True,True,True,True,True,True,True,126.0,False,,IVH-E,7,2,2,B2,IVH-E,2026-03-27,2026-03-27,14,2,post_treatment,0,0,2,1.0,D+0 to D+2
CX138,260327,T003346,000019,well008,/mnt/benshalom-nas/analysis/Sadegh/CX138/CX138/260327/T003346/Network/000019/well008,CX138|260327|T003346|000019|well008,/mnt/benshalom-nas/analysis/Sadegh/CX138/CX138/260327/T003346/Network/000019/well008/qm_unfiltered.xlsx,/mnt/benshalom-nas/analysis/Sadegh/CX138/CX138/260327/T003346/Network/000019/well008/network_results.json,/mnt/benshalom-nas/analysis/Sadegh/CX138/CX138/260327/T003346/Network/000019/well008/tm_curated.xlsx,/mnt/benshalom-nas/analysis/Sadegh/CX138/CX138/260327/T003346/Network/000019/well008/spike_times.npy,/mnt/benshalom-nas/analysis/Sadegh/CX138/CX138/260327/T003346/Network/000019/well008/tm_unfiltered.xlsx,/mnt/benshalom-nas/analysis/Sadegh/CX138/CX138/260327/T003346/Network/000019/well008/rejection_log.xlsx,/mnt/benshalom-nas/analysis/Sadegh/CX138/CX138/260327/T003346/Network/000019/well008/metrics_curated.xlsx,True,True,True,True,True,True,True,139.0,False,,IVH-L,8,2,3,B3,IVH-L,2026-03-27,2026-03-27,14,2,post_treatment,0,0,2,1.0,D+0 to D+2
CX138,260327,T003346,000019,well009,/mnt/benshalom-nas/analysis/Sadegh/CX138/CX138/260327/T003346/Network/000019/well009,CX138|260327|T003346|000019|well009,/mnt/benshalom-nas/analysis/Sadegh/CX138/CX138/260327/T003346/Network/000019/well009/qm_unfiltered.xlsx,/mnt/benshalom-nas/analysis/Sadegh/CX138/CX138/260327/T003346/Network/000019/well009/network_results.json,/mnt/benshalom-nas/analysis/Sadegh/CX138/CX138/260327/T003346/Network/000019/well009/tm_curated.xlsx,/mnt/benshalom-nas/analysis/Sadegh/CX138/CX138/260327/T003346/Network/000019/well009/spike_times.npy,/mnt/benshalom-nas/analysis/Sadegh/CX138/CX138/260327/T003346/Network/000019/well009/tm_unfiltered.xlsx,/mnt/benshalom-nas/analysis/Sadegh/CX138/CX138/260327/T003346/Network/000019/well009/rejection_log.xlsx,/mnt/benshalom-nas/analysis/Sadegh/CX138/CX138/260327/T003346/Network/000019/well009/metrics_curated.xlsx,True,True,True,True,True,True,True,103.0,False,,CT,9,2,4,B4,CT,2026-03-27,2026-03-27,14,2,post_treatment,0,0,2,1.0,D+0 to D+2
CX138,260327,T003346,000019,well010,/mnt/benshalom-nas/analysis/Sadegh/CX138/CX138/260327/T003346/Network/000019/well010,CX138|260327|T003346|000019|well010,/mnt/benshalom-nas/analysis/Sadegh/CX138/CX138/260327/T003346/Network/000019/well010/qm_unfiltered.xlsx,/mnt/benshalom-nas/analysis/Sadegh/CX138/CX138/260327/T003346/Network/000019/well010/network_results.json,/mnt/benshalom-nas/analysis/Sadegh/CX138/CX138/260327/T003346/Network/000019/well010/tm_curated.xlsx,/mnt/benshalom-nas/analysis/Sadegh/CX138/CX138/260327/T003346/Network/000019/well010/spike_times.npy,/mnt/benshalom-nas/analysis/Sadegh/CX138/CX138/260327/T003346/Network/000019/well010/tm_unfiltered.xlsx,/mnt/benshalom-nas/analysis/Sadegh/CX138/CX138/260327/T003346/Network/000019/well010/rejection_log.xlsx,/mnt/benshalom-nas/analysis/Sadegh/CX138/CX138/260327/T003346/Network/000019/well010/metrics_curated.xlsx,True,True,True,True,True,True,True,181.0,False,,20uM,10,2,5,B5,20uM,2026-03-27,2026-03-27,14,2,post_treatment,0,0,2,1.0,D+0 to D+2
CX138,260327,T003346,000019,well011,/mnt/benshalom-nas/analysis/Sadegh/CX138/CX138/260327/T003346/Network/000019/well011,CX138|260327|T003346|000019|well011,/mnt/benshalom-nas/analysis/Sadegh/CX138/CX138/260327/T003346/Network/000019/well011/qm_unfiltered.xlsx,/mnt/benshalom-nas/analysis/Sadegh/CX138/CX138/260327/T003346/Network/000019/well011/network_results.json,/mnt/benshalom-nas/analysis/Sadegh/CX138/CX138/260327/T003346/Network/000019/well011/tm_curated.xlsx,/mnt/benshalom-nas/analysis/Sadegh/CX138/CX138/260327/T003346/Network/000019/well011/spike_times.npy,/mnt/benshalom-nas/analysis/Sadegh/CX138/CX138/260327/T003346/Network/000019/well011/tm_unfiltered.xlsx,/mnt/benshalom-nas/analysis/Sadegh/CX138/CX138/260327/T003346/Network/000019/well011/rejection_log.xlsx,/mnt/benshalom-nas/analysis/Sadegh/CX138/CX138/260327/T003346/Network/000019/well011/metrics_curated.xlsx,True,True,True,True,True,True,True,162.0,False,,10uM,11,2,6,B6,10uM,2026-03-27,2026-03-27,14,2,post_treatment,0,0,2,1.0,D+0 to D+2
CX138,260327,T003346,000019,well012,/mnt/benshalom-nas/analysis/Sadegh/CX138/CX138/260327/T003346/Network/000019/well012,CX138|260327|T003346|000019|well012,/mnt/benshalom-nas/analysis/Sadegh/CX138/CX138/260327/T003346/Network/000019/well012/qm_unfiltered.xlsx,/mnt/benshalom-nas/analysis/Sadegh/CX138/CX138/260327/T003346/Network/000019/well012/network_results.json,/mnt/benshalom-nas/analysis/Sadegh/CX138/CX138/260327/T003346/Network/000019/well012/tm_curated.xlsx,/mnt/benshalom-nas/analysis/Sadegh/CX138/CX138/260327/T003346/Network/000019/well012/spike_times.npy,/mnt/benshalom-nas/analysis/Sadegh/CX138/CX138/260327/T003346/Network/000019/well012/tm_unfiltered.xlsx,/mnt/benshalom-nas/analysis/Sadegh/CX138/CX138/260327/T003346/Network/000019/well012/rejection_log.xlsx,/mnt/benshalom-nas/analysis/Sadegh/CX138/CX138/260327/T003346/Network/000019/well012/metrics_curated.xlsx,True,True,True,True,True,True,True,83.0,False,,NPH,12,3,1,C1,NPH,2026-03-27,2026-03-27,14,2,post_treatment,0,0,2,1.0,D+0 to D+2
CX138,260327,T003346,000019,well013,/mnt/benshalom-nas/analysis/Sadegh/CX138/CX138/260327/T003346/Network/000019/well013,CX138|260327|T003346|000019|well013,/mnt/benshalom-nas/analysis/Sadegh/CX138/CX138/260327/T003346/Network/000019/well013/qm_unfiltered.xlsx,/mnt/benshalom-nas/analysis/Sadegh/CX138/CX138/260327/T003346/Network/000019/well013/network_results.json,/mnt/benshalom-nas/analysis/Sadegh/CX138/CX138/260327/T003346/Network/000019/well013/tm_curated.xlsx,/mnt/benshalom-nas/analysis/Sadegh/CX138/CX138/260327/T003346/Network/000019/well013/spike_times.npy,/mnt/benshalom-nas/analysis/Sadegh/CX138/CX138/260327/T003346/Network/000019/well013/tm_unfiltered.xlsx,/mnt/benshalom-nas/analysis/Sadegh/CX138/CX138/260327/T003346/Network/000019/well013/rejection_log.xlsx,/mnt/benshalom-nas/analysis/Sadegh/CX138/CX138/260327/T003346/Network/000019/well013/metrics_curated.xlsx,True,True,True,True,True,True,True,165.0,False,,IVH-E,13,3,2,C2,IVH-E,2026-03-27,2026-03-27,14,2,post_treatment,0,0,2,1.0,D+0 to D+2
CX138,260327,T003346,000019,well014,/mnt/benshalom-nas/analysis/Sadegh/CX138/CX138/260327/T003346/Network/000019/well014,CX138|260327|T003346|000019|well014,/mnt/benshalom-nas/analysis/Sadegh/CX138/CX138/260327/T003346/Network/000019/well014/qm_unfiltered.xlsx,/mnt/benshalom-nas/analysis/Sadegh/CX138/CX138/260327/T003346/Network/000019/well014/network_results.json,/mnt/benshalom-nas/analysis/Sadegh/CX138/CX138/260327/T003346/Network/000019/well014/tm_curated.xlsx,/mnt/benshalom-nas/analysis/Sadegh/CX138/CX138/260327/T003346/Network/000019/well014/spike_times.npy,/mnt/benshalom-nas/analysis/Sadegh/CX138/CX138/260327/T003346/Network/000019/well014/tm_unfiltered.xlsx,/mnt/benshalom-nas/analysis/Sadegh/CX138/CX138/260327/T003346/Network/000019/well014/rejection_log.xlsx,/mnt/benshalom-nas/analysis/Sadegh/CX138/CX138/260327/T003346/Network/000019/well014/metrics_curated.xlsx,True,True,True,True,True,True,True,109.0,False,,IVH-L,14,3,3,C3,IVH-L,2026-03-27,2026-03-27,14,2,post_treatment,0,0,2,1.0,D+0 to D+2
CX138,260327,T003346,000019,well015,/mnt/benshalom-nas/analysis/Sadegh/CX138/CX138/260327/T003346/Network/000019/well015,CX138|260327|T003346|000019|well015,/mnt/benshalom-nas/analysis/Sadegh/CX138/CX138/260327/T003346/Network/000019/well015/qm_unfiltered.xlsx,/mnt/benshalom-nas/analysis/Sadegh/CX138/CX138/260327/T003346/Network/000019/well015/network_results.json,/mnt/benshalom-nas/analysis/Sadegh/CX138/CX138/260327/T003346/Network/000019/well015/tm_curated.xlsx,/mnt/benshalom-nas/analysis/Sadegh/CX138/CX138/260327/T003346/Network/000019/well015/spike_times.npy,/mnt/benshalom-nas/analysis/Sadegh/CX138/CX138/260327/T003346/Network/000019/well015/tm_unfiltered.xlsx,/mnt/benshalom-nas/analysis/Sadegh/CX138/CX138/260327/T003346/Network/000019/well015/rejection_log.xlsx,/mnt/benshalom-nas/analysis/Sadegh/CX138/CX138/260327/T003346/Network/000019/well015/metrics_curated.xlsx,True,True,True,True,True,True,True,185.0,False,,CT,15,3,4,C4,CT,2026-03-27,2026-03-27,14,2,post_treatment,0,0,2,1.0,D+0 to D+2
CX138,260327,T003346,000019,well016,/mnt/benshalom-nas/analysis/Sadegh/CX138/CX138/260327/T003346/Network/000019/well016,CX138|260327|T003346|000019|well016,/mnt/benshalom-nas/analysis/Sadegh/CX138/CX138/260327/T003346/Network/000019/well016/qm_unfiltered.xlsx,/mnt/benshalom-nas/analysis/Sadegh/CX138/CX138/260327/T003346/Network/000019/well016/network_results.json,/mnt/benshalom-nas/analysis/Sadegh/CX138/CX138/260327/T003346/Network/000019/well016/tm_curated.xlsx,/mnt/benshalom-nas/analysis/Sadegh/CX138/CX138/260327/T003346/Network/000019/well016/spike_times.npy,/mnt/benshalom-nas/analysis/Sadegh/CX138/CX138/260327/T003346/Network/000019/well016/tm_unfiltered.xlsx,/mnt/benshalom-nas/analysis/Sadegh/CX138/CX138/260327/T003346/Network/000019/well016/rejection_log.xlsx,/mnt/benshalom-nas/analysis/Sadegh/CX138/CX138/260327/T003346/Network/000019/well016/metrics_curated.xlsx,True,True,True,True,True,True,True,185.0,False,,20uM,16,3,5,C5,20uM,2026-03-27,2026-03-27,14,2,post_treatment,0,0,2,1.0,D+0 to D+2
CX138,260327,T003346,000019,well017,/mnt/benshalom-nas/analysis/Sadegh/CX138/CX138/260327/T003346/Network/000019/well017,CX138|260327|T003346|000019|well017,/mnt/benshalom-nas/analysis/Sadegh/CX138/CX138/260327/T003346/Network/000019/well017/qm_unfiltered.xlsx,/mnt/benshalom-nas/analysis/Sadegh/CX138/CX138/260327/T003346/Network/000019/well017/network_results.json,/mnt/benshalom-nas/analysis/Sadegh/CX138/CX138/260327/T003346/Network/000019/well017/tm_curated.xlsx,/mnt/benshalom-nas/analysis/Sadegh/CX138/CX138/260327/T003346/Network/000019/well017/spike_times.npy,/mnt/benshalom-nas/analysis/Sadegh/CX138/CX138/260327/T003346/Network/000019/well017/tm_unfiltered.xlsx,/mnt/benshalom-nas/analysis/Sadegh/CX138/CX138/260327/T003346/Network/000019/well017/rejection_log.xlsx,/mnt/benshalom-nas/analysis/Sadegh/CX138/CX138/260327/T003346/Network/000019/well017/metrics_curated.xlsx,True,True,True,True,True,True,True,135.0,False,,10uM,17,3,6,C6,10uM,2026-03-27,2026-03-27,14,2,post_treatment,0,0,2,1.0,D+0 to D+2
CX138,260327,T003346,000019,well018,/mnt/benshalom-nas/analysis/Sadegh/CX138/CX138/260327/T003346/Network/000019/well018,CX138|260327|T003346|000019|well018,/mnt/benshalom-nas/analysis/Sadegh/CX138/CX138/260327/T003346/Network/000019/well018/qm_unfiltered.xlsx,/mnt/benshalom-nas/analysis/Sadegh/CX138/CX138/260327/T003346/Network/000019/well018/network_results.json,/mnt/benshalom-nas/analysis/Sadegh/CX138/CX138/260327/T003346/Network/000019/well018/tm_curated.xlsx,/mnt/benshalom-nas/analysis/Sadegh/CX138/CX138/260327/T003346/Network/000019/well018/spike_times.npy,/mnt/benshalom-nas/analysis/Sadegh/CX138/CX138/260327/T003346/Network/000019/well018/tm_unfiltered.xlsx,/mnt/benshalom-nas/analysis/Sadegh/CX138/CX138/260327/T003346/Network/000019/well018/rejection_log.xlsx,/mnt/benshalom-nas/analysis/Sadegh/CX138/CX138/260327/T003346/Network/000019/well018/metrics_curated.xlsx,True,True,True,True,True,True,True,71.0,False,,NPH,18,4,1,D1,NPH,2026-03-27,2026-03-27,14,2,post_treatment,0,0,2,1.0,D+0 to D+2
CX138,260327,T003346,000019,well019,/mnt/benshalom-nas/analysis/Sadegh/CX138/CX138/260327/T003346/Network/000019/well019,CX138|260327|T003346|000019|well019,/mnt/benshalom-nas/analysis/Sadegh/CX138/CX138/260327/T003346/Network/000019/well019/qm_unfiltered.xlsx,/mnt/benshalom-nas/analysis/Sadegh/CX138/CX138/260327/T003346/Network/000019/well019/network_results.json,/mnt/benshalom-nas/analysis/Sadegh/CX138/CX138/260327/T003346/Network/000019/well019/tm_curated.xlsx,/mnt/benshalom-nas/analysis/Sadegh/CX138/CX138/260327/T003346/Network/000019/well019/spike_times.npy,/mnt/benshalom-nas/analysis/Sadegh/CX138/CX138/260327/T003346/Network/000019/well019/tm_unfiltered.xlsx,/mnt/benshalom-nas/analysis/Sadegh/CX138/CX138/260327/T003346/Network/000019/well019/rejection_log.xlsx,/mnt/benshalom-nas/analysis/Sadegh/CX138/CX138/260327/T003346/Network/000019/well019/metrics_curated.xlsx,True,True,True,True,True,True,True,84.0,False,,IVH-E,19,4,2,D2,IVH-E,2026-03-27,2026-03-27,14,2,post_treatment,0,0,2,1.0,D+0 to D+2
CX138,260327,T003346,000019,well020,/mnt/benshalom-nas/analysis/Sadegh/CX138/CX138/260327/T003346/Network/000019/well020,CX138|260327|T003346|000019|well020,/mnt/benshalom-nas/analysis/Sadegh/CX138/CX138/260327/T003346/Network/000019/well020/qm_unfiltered.xlsx,/mnt/benshalom-nas/analysis/Sadegh/CX138/CX138/260327/T003346/Network/000019/well020/network_results.json,/mnt/benshalom-nas/analysis/Sadegh/CX138/CX138/260327/T003346/Network/000019/well020/tm_curated.xlsx,/mnt/benshalom-nas/analysis/Sadegh/CX138/CX138/260327/T003346/Network/000019/well020/spike_times.npy,/mnt/benshalom-nas/analysis/Sadegh/CX138/CX138/260327/T003346/Network/000019/well020/tm_unfiltered.xlsx,/mnt/benshalom-nas/analysis/Sadegh/CX138/CX138/260327/T003346/Network/000019/well020/rejection_log.xlsx,/mnt/benshalom-nas/analysis/Sadegh/CX138/CX138/260327/T003346/Network/000019/well020/metrics_curated.xlsx,True,True,True,True,True,True,True,65.0,False,,IVH-L,20,4,3,D3,IVH-L,2026-03-27,2026-03-27,14,2,post_treatment,0,0,2,1.0,D+0 to D+2
CX138,260327,T003346,000019,well021,/mnt/benshalom-nas/analysis/Sadegh/CX138/CX138/260327/T003346/Network/000019/well021,CX138|260327|T003346|000019|well021,/mnt/benshalom-nas/analysis/Sadegh/CX138/CX138/260327/T003346/Network/000019/well021/qm_unfiltered.xlsx,/mnt/benshalom-nas/analysis/Sadegh/CX138/CX138/260327/T003346/Network/000019/well021/network_results.json,/mnt/benshalom-nas/analysis/Sadegh/CX138/CX138/260327/T003346/Network/000019/well021/tm_curated.xlsx,/mnt/benshalom-nas/analysis/Sadegh/CX138/CX138/260327/T003346/Network/000019/well021/spike_times.npy,/mnt/benshalom-nas/analysis/Sadegh/CX138/CX138/260327/T003346/Network/000019/well021/tm_unfiltered.xlsx,/mnt/benshalom-nas/analysis/Sadegh/CX138/CX138/260327/T003346/Network/000019/well021/rejection_log.xlsx,/mnt/benshalom-nas/analysis/Sadegh/CX138/CX138/260327/T003346/Network/000019/well021/metrics_curated.xlsx,True,True,True,True,True,True,True,123.0,False,,CT,21,4,4,D4,CT,2026-03-27,2026-03-27,14,2,post_treatment,0,0,2,1.0,D+0 to D+2
CX138,260327,T003346,000019,well023,/mnt/benshalom-nas/analysis/Sadegh/CX138/CX138/260327/T003346/Network/000019/well023,CX138|260327|T003346|000019|well023,/mnt/benshalom-nas/analysis/Sadegh/CX138/CX138/260327/T003346/Network/000019/well023/qm_unfiltered.xlsx,/mnt/benshalom-nas/analysis/Sadegh/CX138/CX138/260327/T003346/Network/000019/well023/network_results.json,/mnt/benshalom-nas/analysis/Sadegh/CX138/CX138/260327/T003346/Network/000019/well023/tm_curated.xlsx,/mnt/benshalom-nas/analysis/Sadegh/CX138/CX138/260327/T003346/Network/000019/well023/spike_times.npy,/mnt/benshalom-nas/analysis/Sadegh/CX138/CX138/260327/T003346/Network/000019/well023/tm_unfiltered.xlsx,/mnt/benshalom-nas/analysis/Sadegh/CX138/CX138/260327/T003346/Network/000019/well023/rejection_log.xlsx,/mnt/benshalom-nas/analysis/Sadegh/CX138/CX138/260327/T003346/Network/000019/well023/metrics_curated.xlsx,True,True,True,True,True,True,True,89.0,False,,10uM,23,4,6,D6,10uM,2026-03-27,2026-03-27,14,2,post_treatment,0,0,2,1.0,D+0 to D+2
CX138,260328,T003346,000027,well000,/mnt/benshalom-nas/analysis/Sadegh/CX138/CX138/260328/T003346/Network/000027/well000,CX138|260328|T003346|000027|well000,/mnt/benshalom-nas/analysis/Sadegh/CX138/CX138/260328/T003346/Network/000027/well000/qm_unfiltered.xlsx,/mnt/benshalom-nas/analysis/Sadegh/CX138/CX138/260328/T003346/Network/000027/well000/network_results.json,/mnt/benshalom-nas/analysis/Sadegh/CX138/CX138/260328/T003346/Network/000027/well000/tm_curated.xlsx,/mnt/benshalom-nas/analysis/Sadegh/CX138/CX138/260328/T003346/Network/000027/well000/spike_times.npy,/mnt/benshalom-nas/analysis/Sadegh/CX138/CX138/260328/T003346/Network/000027/well000/tm_unfiltered.xlsx,/mnt/benshalom-nas/analysis/Sadegh/CX138/CX138/260328/T003346/Network/000027/well000/rejection_log.xlsx,/mnt/benshalom-nas/analysis/Sadegh/CX138/CX138/260328/T003346/Network/000027/well000/metrics_curated.xlsx,True,True,True,True,True,True,True,60.0,False,,NPH,0,1,1,A1,NPH,2026-03-28,2026-03-28,15,3,post_treatment,1,3,5,4.0,D+3 to D+5
CX138,260328,T003346,000027,well001,/mnt/benshalom-nas/analysis/Sadegh/CX138/CX138/260328/T003346/Network/000027/well001,CX138|260328|T003346|000027|well001,/mnt/benshalom-nas/analysis/Sadegh/CX138/CX138/260328/T003346/Network/000027/well001/qm_unfiltered.xlsx,/mnt/benshalom-nas/analysis/Sadegh/CX138/CX138/260328/T003346/Network/000027/well001/network_results.json,/mnt/benshalom-nas/analysis/Sadegh/CX138/CX138/260328/T003346/Network/000027/well001/tm_curated.xlsx,/mnt/benshalom-nas/analysis/Sadegh/CX138/CX138/260328/T003346/Network/000027/well001/spike_times.npy,/mnt/benshalom-nas/analysis/Sadegh/CX138/CX138/260328/T003346/Network/000027/well001/tm_unfiltered.xlsx,/mnt/benshalom-nas/analysis/Sadegh/CX138/CX138/260328/T003346/Network/000027/well001/rejection_log.xlsx,/mnt/benshalom-nas/analysis/Sadegh/CX138/CX138/260328/T003346/Network/000027/well001/metrics_curated.xlsx,True,True,True,True,True,True,True,100.0,False,,IVH-E,1,1,2,A2,IVH-E,2026-03-28,2026-03-28,15,3,post_treatment,1,3,5,4.0,D+3 to D+5
CX138,260328,T003346,000027,well002,/mnt/benshalom-nas/analysis/Sadegh/CX138/CX138/260328/T003346/Network/000027/well002,CX138|260328|T003346|000027|well002,/mnt/benshalom-nas/analysis/Sadegh/CX138/CX138/260328/T003346/Network/000027/well002/qm_unfiltered.xlsx,/mnt/benshalom-nas/analysis/Sadegh/CX138/CX138/260328/T003346/Network/000027/well002/network_results.json,/mnt/benshalom-nas/analysis/Sadegh/CX138/CX138/260328/T003346/Network/000027/well002/tm_curated.xlsx,/mnt/benshalom-nas/analysis/Sadegh/CX138/CX138/260328/T003346/Network/000027/well002/spike_times.npy,/mnt/benshalom-nas/analysis/Sadegh/CX138/CX138/260328/T003346/Network/000027/well002/tm_unfiltered.xlsx,/mnt/benshalom-nas/analysis/Sadegh/CX138/CX138/260328/T003346/Network/000027/well002/rejection_log.xlsx,/mnt/benshalom-nas/analysis/Sadegh/CX138/CX138/260328/T003346/Network/000027/well002/metrics_curated.xlsx,True,True,True,True,True,True,True,122.0,False,,IVH-L,2,1,3,A3,IVH-L,2026-03-28,2026-03-28,15,3,post_treatment,1,3,5,4.0,D+3 to D+5
CX138,260328,T003346,000027,well003,/mnt/benshalom-nas/analysis/Sadegh/CX138/CX138/260328/T003346/Network/000027/well003,CX138|260328|T003346|000027|well003,/mnt/benshalom-nas/analysis/Sadegh/CX138/CX138/260328/T003346/Network/000027/well003/qm_unfiltered.xlsx,/mnt/benshalom-nas/analysis/Sadegh/CX138/CX138/260328/T003346/Network/000027/well003/network_results.json,/mnt/benshalom-nas/analysis/Sadegh/CX138/CX138/260328/T003346/Network/000027/well003/tm_curated.xlsx,/mnt/benshalom-nas/analysis/Sadegh/CX138/CX138/260328/T003346/Network/000027/well003/spike_times.npy,/mnt/benshalom-nas/analysis/Sadegh/CX138/CX138/260328/T003346/Network/000027/well003/tm_unfiltered.xlsx,/mnt/benshalom-nas/analysis/Sadegh/CX138/CX138/260328/T003346/Network/000027/well003/rejection_log.xlsx,/mnt/benshalom-nas/analysis/Sadegh/CX138/CX138/260328/T003346/Network/000027/well003/metrics_curated.xlsx,True,True,True,True,True,True,True,89.0,False,,CT,3,1,4,A4,CT,2026-03-28,2026-03-28,15,3,post_treatment,1,3,5,4.0,D+3 to D+5
CX138,260328,T003346,000027,well004,/mnt/benshalom-nas/analysis/Sadegh/CX138/CX138/260328/T003346/Network/000027/well004,CX138|260328|T003346|000027|well004,/mnt/benshalom-nas/analysis/Sadegh/CX138/CX138/260328/T003346/Network/000027/well004/qm_unfiltered.xlsx,/mnt/benshalom-nas/analysis/Sadegh/CX138/CX138/260328/T003346/Network/000027/well004/network_results.json,/mnt/benshalom-nas/analysis/Sadegh/CX138/CX138/260328/T003346/Network/000027/well004/tm_curated.xlsx,/mnt/benshalom-nas/analysis/Sadegh/CX138/CX138/260328/T003346/Network/000027/well004/spike_times.npy,/mnt/benshalom-nas/analysis/Sadegh/CX138/CX138/260328/T003346/Network/000027/well004/tm_unfiltered.xlsx,/mnt/benshalom-nas/analysis/Sadegh/CX138/CX138/260328/T003346/Network/000027/well004/rejection_log.xlsx,/mnt/benshalom-nas/analysis/Sadegh/CX138/CX138/260328/T003346/Network/000027/well004/metrics_curated.xlsx,True,True,True,True,True,True,True,147.0,False,,20uM,4,1,5,A5,20uM,2026-03-28,2026-03-28,15,3,post_treatment,1,3,5,4.0,D+3 to D+5
CX138,260328,T003346,000027,well005,/mnt/benshalom-nas/analysis/Sadegh/CX138/CX138/260328/T003346/Network/000027/well005,CX138|260328|T003346|000027|well005,/mnt/benshalom-nas/analysis/Sadegh/CX138/CX138/260328/T003346/Network/000027/well005/qm_unfiltered.xlsx,/mnt/benshalom-nas/analysis/Sadegh/CX138/CX138/260328/T003346/Network/000027/well005/network_results.json,/mnt/benshalom-nas/analysis/Sadegh/CX138/CX138/260328/T003346/Network/000027/well005/tm_curated.xlsx,/mnt/benshalom-nas/analysis/Sadegh/CX138/CX138/260328/T003346/Network/000027/well005/spike_times.npy,/mnt/benshalom-nas/analysis/Sadegh/CX138/CX138/260328/T003346/Network/000027/well005/tm_unfiltered.xlsx,/mnt/benshalom-nas/analysis/Sadegh/CX138/CX138/260328/T003346/Network/000027/well005/rejection_log.xlsx,/mnt/benshalom-nas/analysis/Sadegh/CX138/CX138/260328/T003346/Network/000027/well005/metrics_curated.xlsx,True,True,True,True,True,True,True,126.0,False,,10uM,5,1,6,A6,10uM,2026-03-28,2026-03-28,15,3,post_treatment,1,3,5,4.0,D+3 to D+5
CX138,260328,T003346,000027,well006,/mnt/benshalom-nas/analysis/Sadegh/CX138/CX138/260328/T003346/Network/000027/well006,CX138|260328|T003346|000027|well006,/mnt/benshalom-nas/analysis/Sadegh/CX138/CX138/260328/T003346/Network/000027/well006/qm_unfiltered.xlsx,/mnt/benshalom-nas/analysis/Sadegh/CX138/CX138/260328/T003346/Network/000027/well006/network_results.json,/mnt/benshalom-nas/analysis/Sadegh/CX138/CX138/260328/T003346/Network/000027/well006/tm_curated.xlsx,/mnt/benshalom-nas/analysis/Sadegh/CX138/CX138/260328/T003346/Network/000027/well006/spike_times.npy,/mnt/benshalom-nas/analysis/Sadegh/CX138/CX138/260328/T003346/Network/000027/well006/tm_unfiltered.xlsx,/mnt/benshalom-nas/analysis/Sadegh/CX138/CX138/260328/T003346/Network/000027/well006/rejection_log.xlsx,/mnt/benshalom-nas/analysis/Sadegh/CX138/CX138/260328/T003346/Network/000027/well006/metrics_curated.xlsx,True,True,True,True,True,True,True,71.0,False,,NPH,6,2,1,B1,NPH,2026-03-28,2026-03-28,15,3,post_treatment,1,3,5,4.0,D+3 to D+5
CX138,260328,T003346,000027,well007,/mnt/benshalom-nas/analysis/Sadegh/CX138/CX138/260328/T003346/Network/000027/well007,CX138|260328|T003346|000027|well007,/mnt/benshalom-nas/analysis/Sadegh/CX138/CX138/260328/T003346/Network/000027/well007/qm_unfiltered.xlsx,/mnt/benshalom-nas/analysis/Sadegh/CX138/CX138/260328/T003346/Network/000027/well007/network_results.json,/mnt/benshalom-nas/analysis/Sadegh/CX138/CX138/260328/T003346/Network/000027/well007/tm_curated.xlsx,/mnt/benshalom-nas/analysis/Sadegh/CX138/CX138/260328/T003346/Network/000027/well007/spike_times.npy,/mnt/benshalom-nas/analysis/Sadegh/CX138/CX138/260328/T003346/Network/000027/well007/tm_unfiltered.xlsx,/mnt/benshalom-nas/analysis/Sadegh/CX138/CX138/260328/T003346/Network/000027/well007/rejection_log.xlsx,/mnt/benshalom-nas/analysis/Sadegh/CX138/CX138/260328/T003346/Network/000027/well007/metrics_curated.xlsx,True,True,True,True,True,True,True,136.0,False,,IVH-E,7,2,2,B2,IVH-E,2026-03-28,2026-03-28,15,3,post_treatment,1,3,5,4.0,D+3 to D+5
CX138,260328,T003346,000027,well008,/mnt/benshalom-nas/analysis/Sadegh/CX138/CX138/260328/T003346/Network/000027/well008,CX138|260328|T003346|000027|well008,/mnt/benshalom-nas/analysis/Sadegh/CX138/CX138/260328/T003346/Network/000027/well008/qm_unfiltered.xlsx,/mnt/benshalom-nas/analysis/Sadegh/CX138/CX138/260328/T003346/Network/000027/well008/network_results.json,/mnt/benshalom-nas/analysis/Sadegh/CX138/CX138/260328/T003346/Network/000027/well008/tm_curated.xlsx,/mnt/benshalom-nas/analysis/Sadegh/CX138/CX138/260328/T003346/Network/000027/well008/spike_times.npy,/mnt/benshalom-nas/analysis/Sadegh/CX138/CX138/260328/T003346/Network/000027/well008/tm_unfiltered.xlsx,/mnt/benshalom-nas/analysis/Sadegh/CX138/CX138/260328/T003346/Network/000027/well008/rejection_log.xlsx,/mnt/benshalom-nas/analysis/Sadegh/CX138/CX138/260328/T003346/Network/000027/well008/metrics_curated.xlsx,True,True,True,True,True,True,True,168.0,False,,IVH-L,8,2,3,B3,IVH-L,2026-03-28,2026-03-28,15,3,post_treatment,1,3,5,4.0,D+3 to D+5
CX138,260328,T003346,000027,well009,/mnt/benshalom-nas/analysis/Sadegh/CX138/CX138/260328/T003346/Network/000027/well009,CX138|260328|T003346|000027|well009,/mnt/benshalom-nas/analysis/Sadegh/CX138/CX138/260328/T003346/Network/000027/well009/qm_unfiltered.xlsx,/mnt/benshalom-nas/analysis/Sadegh/CX138/CX138/260328/T003346/Network/000027/well009/network_results.json,/mnt/benshalom-nas/analysis/Sadegh/CX138/CX138/260328/T003346/Network/000027/well009/tm_curated.xlsx,/mnt/benshalom-nas/analysis/Sadegh/CX138/CX138/260328/T003346/Network/000027/well009/spike_times.npy,/mnt/benshalom-nas/analysis/Sadegh/CX138/CX138/260328/T003346/Network/000027/well009/tm_unfiltered.xlsx,/mnt/benshalom-nas/analysis/Sadegh/CX138/CX138/260328/T003346/Network/000027/well009/rejection_log.xlsx,/mnt/benshalom-nas/analysis/Sadegh/CX138/CX138/260328/T003346/Network/000027/well009/metrics_curated.xlsx,True,True,True,True,True,True,True,86.0,False,,CT,9,2,4,B4,CT,2026-03-28,2026-03-28,15,3,post_treatment,1,3,5,4.0,D+3 to D+5
CX138,260328,T003346,000027,well010,/mnt/benshalom-nas/analysis/Sadegh/CX138/CX138/260328/T003346/Network/000027/well010,CX138|260328|T003346|000027|well010,/mnt/benshalom-nas/analysis/Sadegh/CX138/CX138/260328/T003346/Network/000027/well010/qm_unfiltered.xlsx,/mnt/benshalom-nas/analysis/Sadegh/CX138/CX138/260328/T003346/Network/000027/well010/network_results.json,/mnt/benshalom-nas/analysis/Sadegh/CX138/CX138/260328/T003346/Network/000027/well010/tm_curated.xlsx,/mnt/benshalom-nas/analysis/Sadegh/CX138/CX138/260328/T003346/Network/000027/well010/spike_times.npy,/mnt/benshalom-nas/analysis/Sadegh/CX138/CX138/260328/T003346/Network/000027/well010/tm_unfiltered.xlsx,/mnt/benshalom-nas/analysis/Sadegh/CX138/CX138/260328/T003346/Network/000027/well010/rejection_log.xlsx,/mnt/benshalom-nas/analysis/Sadegh/CX138/CX138/260328/T003346/Network/000027/well010/metrics_curated.xlsx,True,True,True,True,True,True,True,170.0,False,,20uM,10,2,5,B5,20uM,2026-03-28,2026-03-28,15,3,post_treatment,1,3,5,4.0,D+3 to D+5
CX138,260328,T003346,000027,well011,/mnt/benshalom-nas/analysis/Sadegh/CX138/CX138/260328/T003346/Network/000027/well011,CX138|260328|T003346|000027|well011,/mnt/benshalom-nas/analysis/Sadegh/CX138/CX138/260328/T003346/Network/000027/well011/qm_unfiltered.xlsx,/mnt/benshalom-nas/analysis/Sadegh/CX138/CX138/260328/T003346/Network/000027/well011/network_results.json,/mnt/benshalom-nas/analysis/Sadegh/CX138/CX138/260328/T003346/Network/000027/well011/tm_curated.xlsx,/mnt/benshalom-nas/analysis/Sadegh/CX138/CX138/260328/T003346/Network/000027/well011/spike_times.npy,/mnt/benshalom-nas/analysis/Sadegh/CX138/CX138/260328/T003346/Network/000027/well011/tm_unfiltered.xlsx,/mnt/benshalom-nas/analysis/Sadegh/CX138/CX138/260328/T003346/Network/000027/well011/rejection_log.xlsx,/mnt/benshalom-nas/analysis/Sadegh/CX138/CX138/260328/T003346/Network/000027/well011/metrics_curated.xlsx,True,True,True,True,True,True,True,148.0,False,,10uM,11,2,6,B6,10uM,2026-03-28,2026-03-28,15,3,post_treatment,1,3,5,4.0,D+3 to D+5
CX138,260328,T003346,000027,well012,/mnt/benshalom-nas/analysis/Sadegh/CX138/CX138/260328/T003346/Network/000027/well012,CX138|260328|T003346|000027|well012,/mnt/benshalom-nas/analysis/Sadegh/CX138/CX138/260328/T003346/Network/000027/well012/qm_unfiltered.xlsx,/mnt/benshalom-nas/analysis/Sadegh/CX138/CX138/260328/T003346/Network/000027/well012/network_results.json,/mnt/benshalom-nas/analysis/Sadegh/CX138/CX138/260328/T003346/Network/000027/well012/tm_curated.xlsx,/mnt/benshalom-nas/analysis/Sadegh/CX138/CX138/260328/T003346/Network/000027/well012/spike_times.npy,/mnt/benshalom-nas/analysis/Sadegh/CX138/CX138/260328/T003346/Network/000027/well012/tm_unfiltered.xlsx,/mnt/benshalom-nas/analysis/Sadegh/CX138/CX138/260328/T003346/Network/000027/well012/rejection_log.xlsx,/mnt/benshalom-nas/analysis/Sadegh/CX138/CX138/260328/T003346/Network/000027/well012/metrics_curated.xlsx,True,True,True,True,True,True,True,62.0,False,,NPH,12,3,1,C1,NPH,2026-03-28,2026-03-28,15,3,post_treatment,1,3,5,4.0,D+3 to D+5
CX138,260328,T003346,000027,well013,/mnt/benshalom-nas/analysis/Sadegh/CX138/CX138/260328/T003346/Network/000027/well013,CX138|260328|T003346|000027|well013,/mnt/benshalom-nas/analysis/Sadegh/CX138/CX138/260328/T003346/Network/000027/well013/qm_unfiltered.xlsx,/mnt/benshalom-nas/analysis/Sadegh/CX138/CX138/260328/T003346/Network/000027/well013/network_results.json,/mnt/benshalom-nas/analysis/Sadegh/CX138/CX138/260328/T003346/Network/000027/well013/tm_curated.xlsx,/mnt/benshalom-nas/analysis/Sadegh/CX138/CX138/260328/T003346/Network/000027/well013/spike_times.npy,/mnt/benshalom-nas/analysis/Sadegh/CX138/CX138/260328/T003346/Network/000027/well013/tm_unfiltered.xlsx,/mnt/benshalom-nas/analysis/Sadegh/CX138/CX138/260328/T003346/Network/000027/well013/rejection_log.xlsx,/mnt/benshalom-nas/analysis/Sadegh/CX138/CX138/260328/T003346/Network/000027/well013/metrics_curated.xlsx,True,True,True,True,True,True,True,203.0,False,,IVH-E,13,3,2,C2,IVH-E,2026-03-28,2026-03-28,15,3,post_treatment,1,3,5,4.0,D+3 to D+5
CX138,260328,T003346,000027,well014,/mnt/benshalom-nas/analysis/Sadegh/CX138/CX138/260328/T003346/Network/000027/well014,CX138|260328|T003346|000027|well014,/mnt/benshalom-nas/analysis/Sadegh/CX138/CX138/260328/T003346/Network/000027/well014/qm_unfiltered.xlsx,/mnt/benshalom-nas/analysis/Sadegh/CX138/CX138/260328/T003346/Network/000027/well014/network_results.json,/mnt/benshalom-nas/analysis/Sadegh/CX138/CX138/260328/T003346/Network/000027/well014/tm_curated.xlsx,/mnt/benshalom-nas/analysis/Sadegh/CX138/CX138/260328/T003346/Network/000027/well014/spike_times.npy,/mnt/benshalom-nas/analysis/Sadegh/CX138/CX138/260328/T003346/Network/000027/well014/tm_unfiltered.xlsx,/mnt/benshalom-nas/analysis/Sadegh/CX138/CX138/260328/T003346/Network/000027/well014/rejection_log.xlsx,/mnt/benshalom-nas/analysis/Sadegh/CX138/CX138/260328/T003346/Network/000027/well014/metrics_curated.xlsx,True,True,True,True,True,True,True,166.0,False,,IVH-L,14,3,3,C3,IVH-L,2026-03-28,2026-03-28,15,3,post_treatment,1,3,5,4.0,D+3 to D+5
CX138,260328,T003346,000027,well015,/mnt/benshalom-nas/analysis/Sadegh/CX138/CX138/260328/T003346/Network/000027/well015,CX138|260328|T003346|000027|well015,/mnt/benshalom-nas/analysis/Sadegh/CX138/CX138/260328/T003346/Network/000027/well015/qm_unfiltered.xlsx,/mnt/benshalom-nas/analysis/Sadegh/CX138/CX138/260328/T003346/Network/000027/well015/network_results.json,/mnt/benshalom-nas/analysis/Sadegh/CX138/CX138/260328/T003346/Network/000027/well015/tm_curated.xlsx,/mnt/benshalom-nas/analysis/Sadegh/CX138/CX138/260328/T003346/Network/000027/well015/spike_times.npy,/mnt/benshalom-nas/analysis/Sadegh/CX138/CX138/260328/T003346/Network/000027/well015/tm_unfiltered.xlsx,/mnt/benshalom-nas/analysis/Sadegh/CX138/CX138/260328/T003346/Network/000027/well015/rejection_log.xlsx,/mnt/benshalom-nas/analysis/Sadegh/CX138/CX138/260328/T003346/Network/000027/well015/metrics_curated.xlsx,True,True,True,True,True,True,True,150.0,False,,CT,15,3,4,C4,CT,2026-03-28,2026-03-28,15,3,post_treatment,1,3,5,4.0,D+3 to D+5
CX138,260328,T003346,000027,well016,/mnt/benshalom-nas/analysis/Sadegh/CX138/CX138/260328/T003346/Network/000027/well016,CX138|260328|T003346|000027|well016,/mnt/benshalom-nas/analysis/Sadegh/CX138/CX138/260328/T003346/Network/000027/well016/qm_unfiltered.xlsx,/mnt/benshalom-nas/analysis/Sadegh/CX138/CX138/260328/T003346/Network/000027/well016/network_results.json,/mnt/benshalom-nas/analysis/Sadegh/CX138/CX138/260328/T003346/Network/000027/well016/tm_curated.xlsx,/mnt/benshalom-nas/analysis/Sadegh/CX138/CX138/260328/T003346/Network/000027/well016/spike_times.npy,/mnt/benshalom-nas/analysis/Sadegh/CX138/CX138/260328/T003346/Network/000027/well016/tm_unfiltered.xlsx,/mnt/benshalom-nas/analysis/Sadegh/CX138/CX138/260328/T003346/Network/000027/well016/rejection_log.xlsx,/mnt/benshalom-nas/analysis/Sadegh/CX138/CX138/260328/T003346/Network/000027/well016/metrics_curated.xlsx,True,True,True,True,True,True,True,200.0,False,,20uM,16,3,5,C5,20uM,2026-03-28,2026-03-28,15,3,post_treatment,1,3,5,4.0,D+3 to D+5
CX138,260328,T003346,000027,well017,/mnt/benshalom-nas/analysis/Sadegh/CX138/CX138/260328/T003346/Network/000027/well017,CX138|260328|T003346|000027|well017,/mnt/benshalom-nas/analysis/Sadegh/CX138/CX138/260328/T003346/Network/000027/well017/qm_unfiltered.xlsx,/mnt/benshalom-nas/analysis/Sadegh/CX138/CX138/260328/T003346/Network/000027/well017/network_results.json,/mnt/benshalom-nas/analysis/Sadegh/CX138/CX138/260328/T003346/Network/000027/well017/tm_curated.xlsx,/mnt/benshalom-nas/analysis/Sadegh/CX138/CX138/260328/T003346/Network/000027/well017/spike_times.npy,/mnt/benshalom-nas/analysis/Sadegh/CX138/CX138/260328/T003346/Network/000027/well017/tm_unfiltered.xlsx,/mnt/benshalom-nas/analysis/Sadegh/CX138/CX138/260328/T003346/Network/000027/well017/rejection_log.xlsx,/mnt/benshalom-nas/analysis/Sadegh/CX138/CX138/260328/T003346/Network/000027/well017/metrics_curated.xlsx,True,True,True,True,True,True,True,167.0,False,,10uM,17,3,6,C6,10uM,2026-03-28,2026-03-28,15,3,post_treatment,1,3,5,4.0,D+3 to D+5
CX138,260328,T003346,000027,well018,/mnt/benshalom-nas/analysis/Sadegh/CX138/CX138/260328/T003346/Network/000027/well018,CX138|260328|T003346|000027|well018,/mnt/benshalom-nas/analysis/Sadegh/CX138/CX138/260328/T003346/Network/000027/well018/qm_unfiltered.xlsx,/mnt/benshalom-nas/analysis/Sadegh/CX138/CX138/260328/T003346/Network/000027/well018/network_results.json,/mnt/benshalom-nas/analysis/Sadegh/CX138/CX138/260328/T003346/Network/000027/well018/tm_curated.xlsx,/mnt/benshalom-nas/analysis/Sadegh/CX138/CX138/260328/T003346/Network/000027/well018/spike_times.npy,/mnt/benshalom-nas/analysis/Sadegh/CX138/CX138/260328/T003346/Network/000027/well018/tm_unfiltered.xlsx,/mnt/benshalom-nas/analysis/Sadegh/CX138/CX138/260328/T003346/Network/000027/well018/rejection_log.xlsx,/mnt/benshalom-nas/analysis/Sadegh/CX138/CX138/260328/T003346/Network/000027/well018/metrics_curated.xlsx,True,True,True,True,True,True,True,81.0,False,,NPH,18,4,1,D1,NPH,2026-03-28,2026-03-28,15,3,post_treatment,1,3,5,4.0,D+3 to D+5
CX138,260328,T003346,000027,well019,/mnt/benshalom-nas/analysis/Sadegh/CX138/CX138/260328/T003346/Network/000027/well019,CX138|260328|T003346|000027|well019,/mnt/benshalom-nas/analysis/Sadegh/CX138/CX138/260328/T003346/Network/000027/well019/qm_unfiltered.xlsx,/mnt/benshalom-nas/analysis/Sadegh/CX138/CX138/260328/T003346/Network/000027/well019/network_results.json,/mnt/benshalom-nas/analysis/Sadegh/CX138/CX138/260328/T003346/Network/000027/well019/tm_curated.xlsx,/mnt/benshalom-nas/analysis/Sadegh/CX138/CX138/260328/T003346/Network/000027/well019/spike_times.npy,/mnt/benshalom-nas/analysis/Sadegh/CX138/CX138/260328/T003346/Network/000027/well019/tm_unfiltered.xlsx,/mnt/benshalom-nas/analysis/Sadegh/CX138/CX138/260328/T003346/Network/000027/well019/rejection_log.xlsx,/mnt/benshalom-nas/analysis/Sadegh/CX138/CX138/260328/T003346/Network/000027/well019/metrics_curated.xlsx,True,True,True,True,True,True,True,131.0,False,,IVH-E,19,4,2,D2,IVH-E,2026-03-28,2026-03-28,15,3,post_treatment,1,3,5,4.0,D+3 to D+5
CX138,260328,T003346,000027,well020,/mnt/benshalom-nas/analysis/Sadegh/CX138/CX138/260328/T003346/Network/000027/well020,CX138|260328|T003346|000027|well020,/mnt/benshalom-nas/analysis/Sadegh/CX138/CX138/260328/T003346/Network/000027/well020/qm_unfiltered.xlsx,/mnt/benshalom-nas/analysis/Sadegh/CX138/CX138/260328/T003346/Network/000027/well020/network_results.json,/mnt/benshalom-nas/analysis/Sadegh/CX138/CX138/260328/T003346/Network/000027/well020/tm_curated.xlsx,/mnt/benshalom-nas/analysis/Sadegh/CX138/CX138/260328/T003346/Network/000027/well020/spike_times.npy,/mnt/benshalom-nas/analysis/Sadegh/CX138/CX138/260328/T003346/Network/000027/well020/tm_unfiltered.xlsx,/mnt/benshalom-nas/analysis/Sadegh/CX138/CX138/260328/T003346/Network/000027/well020/rejection_log.xlsx,/mnt/benshalom-nas/analysis/Sadegh/CX138/CX138/260328/T003346/Network/000027/well020/metrics_curated.xlsx,True,True,True,True,True,True,True,78.0,False,,IVH-L,20,4,3,D3,IVH-L,2026-03-28,2026-03-28,15,3,post_treatment,1,3,5,4.0,D+3 to D+5
CX138,260328,T003346,000027,well021,/mnt/benshalom-nas/analysis/Sadegh/CX138/CX138/260328/T003346/Network/000027/well021,CX138|260328|T003346|000027|well021,/mnt/benshalom-nas/analysis/Sadegh/CX138/CX138/260328/T003346/Network/000027/well021/qm_unfiltered.xlsx,/mnt/benshalom-nas/analysis/Sadegh/CX138/CX138/260328/T003346/Network/000027/well021/network_results.json,/mnt/benshalom-nas/analysis/Sadegh/CX138/CX138/260328/T003346/Network/000027/well021/tm_curated.xlsx,/mnt/benshalom-nas/analysis/Sadegh/CX138/CX138/260328/T003346/Network/000027/well021/spike_times.npy,/mnt/benshalom-nas/analysis/Sadegh/CX138/CX138/260328/T003346/Network/000027/well021/tm_unfiltered.xlsx,/mnt/benshalom-nas/analysis/Sadegh/CX138/CX138/260328/T003346/Network/000027/well021/rejection_log.xlsx,/mnt/benshalom-nas/analysis/Sadegh/CX138/CX138/260328/T003346/Network/000027/well021/metrics_curated.xlsx,True,True,True,True,True,True,True,101.0,False,,CT,21,4,4,D4,CT,2026-03-28,2026-03-28,15,3,post_treatment,1,3,5,4.0,D+3 to D+5
CX138,260328,T003346,000027,well023,/mnt/benshalom-nas/analysis/Sadegh/CX138/CX138/260328/T003346/Network/000027/well023,CX138|260328|T003346|000027|well023,/mnt/benshalom-nas/analysis/Sadegh/CX138/CX138/260328/T003346/Network/000027/well023/qm_unfiltered.xlsx,/mnt/benshalom-nas/analysis/Sadegh/CX138/CX138/260328/T003346/Network/000027/well023/network_results.json,/mnt/benshalom-nas/analysis/Sadegh/CX138/CX138/260328/T003346/Network/000027/well023/tm_curated.xlsx,/mnt/benshalom-nas/analysis/Sadegh/CX138/CX138/260328/T003346/Network/000027/well023/spike_times.npy,/mnt/benshalom-nas/analysis/Sadegh/CX138/CX138/260328/T003346/Network/000027/well023/tm_unfiltered.xlsx,/mnt/benshalom-nas/analysis/Sadegh/CX138/CX138/260328/T003346/Network/000027/well023/rejection_log.xlsx,/mnt/benshalom-nas/analysis/Sadegh/CX138/CX138/260328/T003346/Network/000027/well023/metrics_curated.xlsx,True,True,True,True,True,True,True,80.0,False,,10uM,23,4,6,D6,10uM,2026-03-28,2026-03-28,15,3,post_treatment,1,3,5,4.0,D+3 to D+5
CX138,260329,T003346,000029,well000,/mnt/benshalom-nas/analysis/Sadegh/CX138/CX138/260329/T003346/Network/000029/well000,CX138|260329|T003346|000029|well000,/mnt/benshalom-nas/analysis/Sadegh/CX138/CX138/260329/T003346/Network/000029/well000/qm_unfiltered.xlsx,/mnt/benshalom-nas/analysis/Sadegh/CX138/CX138/260329/T003346/Network/000029/well000/network_results.json,/mnt/benshalom-nas/analysis/Sadegh/CX138/CX138/260329/T003346/Network/000029/well000/tm_curated.xlsx,/mnt/benshalom-nas/analysis/Sadegh/CX138/CX138/260329/T003346/Network/000029/well000/spike_times.npy,/mnt/benshalom-nas/analysis/Sadegh/CX138/CX138/260329/T003346/Network/000029/well000/tm_unfiltered.xlsx,/mnt/benshalom-nas/analysis/Sadegh/CX138/CX138/260329/T003346/Network/000029/well000/rejection_log.xlsx,/mnt/benshalom-nas/analysis/Sadegh/CX138/CX138/260329/T003346/Network/000029/well000/metrics_curated.xlsx,True,True,True,True,True,True,True,59.0,False,,NPH,0,1,1,A1,NPH,2026-03-29,2026-03-29,16,4,post_treatment,1,3,5,4.0,D+3 to D+5
CX138,260329,T003346,000029,well001,/mnt/benshalom-nas/analysis/Sadegh/CX138/CX138/260329/T003346/Network/000029/well001,CX138|260329|T003346|000029|well001,/mnt/benshalom-nas/analysis/Sadegh/CX138/CX138/260329/T003346/Network/000029/well001/qm_unfiltered.xlsx,/mnt/benshalom-nas/analysis/Sadegh/CX138/CX138/260329/T003346/Network/000029/well001/network_results.json,/mnt/benshalom-nas/analysis/Sadegh/CX138/CX138/260329/T003346/Network/000029/well001/tm_curated.xlsx,/mnt/benshalom-nas/analysis/Sadegh/CX138/CX138/260329/T003346/Network/000029/well001/spike_times.npy,/mnt/benshalom-nas/analysis/Sadegh/CX138/CX138/260329/T003346/Network/000029/well001/tm_unfiltered.xlsx,/mnt/benshalom-nas/analysis/Sadegh/CX138/CX138/260329/T003346/Network/000029/well001/rejection_log.xlsx,/mnt/benshalom-nas/analysis/Sadegh/CX138/CX138/260329/T003346/Network/000029/well001/metrics_curated.xlsx,True,True,True,True,True,True,True,91.0,False,,IVH-E,1,1,2,A2,IVH-E,2026-03-29,2026-03-29,16,4,post_treatment,1,3,5,4.0,D+3 to D+5
CX138,260329,T003346,000029,well002,/mnt/benshalom-nas/analysis/Sadegh/CX138/CX138/260329/T003346/Network/000029/well002,CX138|260329|T003346|000029|well002,/mnt/benshalom-nas/analysis/Sadegh/CX138/CX138/260329/T003346/Network/000029/well002/qm_unfiltered.xlsx,/mnt/benshalom-nas/analysis/Sadegh/CX138/CX138/260329/T003346/Network/000029/well002/network_results.json,/mnt/benshalom-nas/analysis/Sadegh/CX138/CX138/260329/T003346/Network/000029/well002/tm_curated.xlsx,/mnt/benshalom-nas/analysis/Sadegh/CX138/CX138/260329/T003346/Network/000029/well002/spike_times.npy,/mnt/benshalom-nas/analysis/Sadegh/CX138/CX138/260329/T003346/Network/000029/well002/tm_unfiltered.xlsx,/mnt/benshalom-nas/analysis/Sadegh/CX138/CX138/260329/T003346/Network/000029/well002/rejection_log.xlsx,/mnt/benshalom-nas/analysis/Sadegh/CX138/CX138/260329/T003346/Network/000029/well002/metrics_curated.xlsx,True,True,True,True,True,True,True,125.0,False,,IVH-L,2,1,3,A3,IVH-L,2026-03-29,2026-03-29,16,4,post_treatment,1,3,5,4.0,D+3 to D+5
CX138,260329,T003346,000029,well003,/mnt/benshalom-nas/analysis/Sadegh/CX138/CX138/260329/T003346/Network/000029/well003,CX138|260329|T003346|000029|well003,/mnt/benshalom-nas/analysis/Sadegh/CX138/CX138/260329/T003346/Network/000029/well003/qm_unfiltered.xlsx,/mnt/benshalom-nas/analysis/Sadegh/CX138/CX138/260329/T003346/Network/000029/well003/network_results.json,/mnt/benshalom-nas/analysis/Sadegh/CX138/CX138/260329/T003346/Network/000029/well003/tm_curated.xlsx,/mnt/benshalom-nas/analysis/Sadegh/CX138/CX138/260329/T003346/Network/000029/well003/spike_times.npy,/mnt/benshalom-nas/analysis/Sadegh/CX138/CX138/260329/T003346/Network/000029/well003/tm_unfiltered.xlsx,/mnt/benshalom-nas/analysis/Sadegh/CX138/CX138/260329/T003346/Network/000029/well003/rejection_log.xlsx,/mnt/benshalom-nas/analysis/Sadegh/CX138/CX138/260329/T003346/Network/000029/well003/metrics_curated.xlsx,True,True,True,True,True,True,True,110.0,False,,CT,3,1,4,A4,CT,2026-03-29,2026-03-29,16,4,post_treatment,1,3,5,4.0,D+3 to D+5
CX138,260329,T003346,000029,well004,/mnt/benshalom-nas/analysis/Sadegh/CX138/CX138/260329/T003346/Network/000029/well004,CX138|260329|T003346|000029|well004,/mnt/benshalom-nas/analysis/Sadegh/CX138/CX138/260329/T003346/Network/000029/well004/qm_unfiltered.xlsx,/mnt/benshalom-nas/analysis/Sadegh/CX138/CX138/260329/T003346/Network/000029/well004/network_results.json,/mnt/benshalom-nas/analysis/Sadegh/CX138/CX138/260329/T003346/Network/000029/well004/tm_curated.xlsx,/mnt/benshalom-nas/analysis/Sadegh/CX138/CX138/260329/T003346/Network/000029/well004/spike_times.npy,/mnt/benshalom-nas/analysis/Sadegh/CX138/CX138/260329/T003346/Network/000029/well004/tm_unfiltered.xlsx,/mnt/benshalom-nas/analysis/Sadegh/CX138/CX138/260329/T003346/Network/000029/well004/rejection_log.xlsx,/mnt/benshalom-nas/analysis/Sadegh/CX138/CX138/260329/T003346/Network/000029/well004/metrics_curated.xlsx,True,True,True,True,True,True,True,104.0,False,,20uM,4,1,5,A5,20uM,2026-03-29,2026-03-29,16,4,post_treatment,1,3,5,4.0,D+3 to D+5
CX138,260329,T003346,000029,well005,/mnt/benshalom-nas/analysis/Sadegh/CX138/CX138/260329/T003346/Network/000029/well005,CX138|260329|T003346|000029|well005,/mnt/benshalom-nas/analysis/Sadegh/CX138/CX138/260329/T003346/Network/000029/well005/qm_unfiltered.xlsx,/mnt/benshalom-nas/analysis/Sadegh/CX138/CX138/260329/T003346/Network/000029/well005/network_results.json,/mnt/benshalom-nas/analysis/Sadegh/CX138/CX138/260329/T003346/Network/000029/well005/tm_curated.xlsx,/mnt/benshalom-nas/analysis/Sadegh/CX138/CX138/260329/T003346/Network/000029/well005/spike_times.npy,/mnt/benshalom-nas/analysis/Sadegh/CX138/CX138/260329/T003346/Network/000029/well005/tm_unfiltered.xlsx,/mnt/benshalom-nas/analysis/Sadegh/CX138/CX138/260329/T003346/Network/000029/well005/rejection_log.xlsx,/mnt/benshalom-nas/analysis/Sadegh/CX138/CX138/260329/T003346/Network/000029/well005/metrics_curated.xlsx,True,True,True,True,True,True,True,161.0,False,,10uM,5,1,6,A6,10uM,2026-03-29,2026-03-29,16,4,post_treatment,1,3,5,4.0,D+3 to D+5
CX138,260329,T003346,000029,well006,/mnt/benshalom-nas/analysis/Sadegh/CX138/CX138/260329/T003346/Network/000029/well006,CX138|260329|T003346|000029|well006,/mnt/benshalom-nas/analysis/Sadegh/CX138/CX138/260329/T003346/Network/000029/well006/qm_unfiltered.xlsx,/mnt/benshalom-nas/analysis/Sadegh/CX138/CX138/260329/T003346/Network/000029/well006/network_results.json,/mnt/benshalom-nas/analysis/Sadegh/CX138/CX138/260329/T003346/Network/000029/well006/tm_curated.xlsx,/mnt/benshalom-nas/analysis/Sadegh/CX138/CX138/260329/T003346/Network/000029/well006/spike_times.npy,/mnt/benshalom-nas/analysis/Sadegh/CX138/CX138/260329/T003346/Network/000029/well006/tm_unfiltered.xlsx,/mnt/benshalom-nas/analysis/Sadegh/CX138/CX138/260329/T003346/Network/000029/well006/rejection_log.xlsx,/mnt/benshalom-nas/analysis/Sadegh/CX138/CX138/260329/T003346/Network/000029/well006/metrics_curated.xlsx,True,True,True,True,True,True,True,66.0,False,,NPH,6,2,1,B1,NPH,2026-03-29,2026-03-29,16,4,post_treatment,1,3,5,4.0,D+3 to D+5
CX138,260329,T003346,000029,well007,/mnt/benshalom-nas/analysis/Sadegh/CX138/CX138/260329/T003346/Network/000029/well007,CX138|260329|T003346|000029|well007,/mnt/benshalom-nas/analysis/Sadegh/CX138/CX138/260329/T003346/Network/000029/well007/qm_unfiltered.xlsx,/mnt/benshalom-nas/analysis/Sadegh/CX138/CX138/260329/T003346/Network/000029/well007/network_results.json,/mnt/benshalom-nas/analysis/Sadegh/CX138/CX138/260329/T003346/Network/000029/well007/tm_curated.xlsx,/mnt/benshalom-nas/analysis/Sadegh/CX138/CX138/260329/T003346/Network/000029/well007/spike_times.npy,/mnt/benshalom-nas/analysis/Sadegh/CX138/CX138/260329/T003346/Network/000029/well007/tm_unfiltered.xlsx,/mnt/benshalom-nas/analysis/Sadegh/CX138/CX138/260329/T003346/Network/000029/well007/rejection_log.xlsx,/mnt/benshalom-nas/analysis/Sadegh/CX138/CX138/260329/T003346/Network/000029/well007/metrics_curated.xlsx,True,True,True,True,True,True,True,124.0,False,,IVH-E,7,2,2,B2,IVH-E,2026-03-29,2026-03-29,16,4,post_treatment,1,3,5,4.0,D+3 to D+5
CX138,260329,T003346,000029,well008,/mnt/benshalom-nas/analysis/Sadegh/CX138/CX138/260329/T003346/Network/000029/well008,CX138|260329|T003346|000029|well008,/mnt/benshalom-nas/analysis/Sadegh/CX138/CX138/260329/T003346/Network/000029/well008/qm_unfiltered.xlsx,/mnt/benshalom-nas/analysis/Sadegh/CX138/CX138/260329/T003346/Network/000029/well008/network_results.json,/mnt/benshalom-nas/analysis/Sadegh/CX138/CX138/260329/T003346/Network/000029/well008/tm_curated.xlsx,/mnt/benshalom-nas/analysis/Sadegh/CX138/CX138/260329/T003346/Network/000029/well008/spike_times.npy,/mnt/benshalom-nas/analysis/Sadegh/CX138/CX138/260329/T003346/Network/000029/well008/tm_unfiltered.xlsx,/mnt/benshalom-nas/analysis/Sadegh/CX138/CX138/260329/T003346/Network/000029/well008/rejection_log.xlsx,/mnt/benshalom-nas/analysis/Sadegh/CX138/CX138/260329/T003346/Network/000029/well008/metrics_curated.xlsx,True,True,True,True,True,True,True,163.0,False,,IVH-L,8,2,3,B3,IVH-L,2026-03-29,2026-03-29,16,4,post_treatment,1,3,5,4.0,D+3 to D+5
CX138,260329,T003346,000029,well009,/mnt/benshalom-nas/analysis/Sadegh/CX138/CX138/260329/T003346/Network/000029/well009,CX138|260329|T003346|000029|well009,/mnt/benshalom-nas/analysis/Sadegh/CX138/CX138/260329/T003346/Network/000029/well009/qm_unfiltered.xlsx,/mnt/benshalom-nas/analysis/Sadegh/CX138/CX138/260329/T003346/Network/000029/well009/network_results.json,/mnt/benshalom-nas/analysis/Sadegh/CX138/CX138/260329/T003346/Network/000029/well009/tm_curated.xlsx,/mnt/benshalom-nas/analysis/Sadegh/CX138/CX138/260329/T003346/Network/000029/well009/spike_times.npy,/mnt/benshalom-nas/analysis/Sadegh/CX138/CX138/260329/T003346/Network/000029/well009/tm_unfiltered.xlsx,/mnt/benshalom-nas/analysis/Sadegh/CX138/CX138/260329/T003346/Network/000029/well009/rejection_log.xlsx,/mnt/benshalom-nas/analysis/Sadegh/CX138/CX138/260329/T003346/Network/000029/well009/metrics_curated.xlsx,True,True,True,True,True,True,True,51.0,False,,CT,9,2,4,B4,CT,2026-03-29,2026-03-29,16,4,post_treatment,1,3,5,4.0,D+3 to D+5
CX138,260329,T003346,000029,well010,/mnt/benshalom-nas/analysis/Sadegh/CX138/CX138/260329/T003346/Network/000029/well010,CX138|260329|T003346|000029|well010,/mnt/benshalom-nas/analysis/Sadegh/CX138/CX138/260329/T003346/Network/000029/well010/qm_unfiltered.xlsx,/mnt/benshalom-nas/analysis/Sadegh/CX138/CX138/260329/T003346/Network/000029/well010/network_results.json,/mnt/benshalom-nas/analysis/Sadegh/CX138/CX138/260329/T003346/Network/000029/well010/tm_curated.xlsx,/mnt/benshalom-nas/analysis/Sadegh/CX138/CX138/260329/T003346/Network/000029/well010/spike_times.npy,/mnt/benshalom-nas/analysis/Sadegh/CX138/CX138/260329/T003346/Network/000029/well010/tm_unfiltered.xlsx,/mnt/benshalom-nas/analysis/Sadegh/CX138/CX138/260329/T003346/Network/000029/well010/rejection_log.xlsx,/mnt/benshalom-nas/analysis/Sadegh/CX138/CX138/260329/T003346/Network/000029/well010/metrics_curated.xlsx,True,True,True,True,True,True,True,211.0,False,,20uM,10,2,5,B5,20uM,2026-03-29,2026-03-29,16,4,post_treatment,1,3,5,4.0,D+3 to D+5
CX138,260329,T003346,000029,well011,/mnt/benshalom-nas/analysis/Sadegh/CX138/CX138/260329/T003346/Network/000029/well011,CX138|260329|T003346|000029|well011,/mnt/benshalom-nas/analysis/Sadegh/CX138/CX138/260329/T003346/Network/000029/well011/qm_unfiltered.xlsx,/mnt/benshalom-nas/analysis/Sadegh/CX138/CX138/260329/T003346/Network/000029/well011/network_results.json,/mnt/benshalom-nas/analysis/Sadegh/CX138/CX138/260329/T003346/Network/000029/well011/tm_curated.xlsx,/mnt/benshalom-nas/analysis/Sadegh/CX138/CX138/260329/T003346/Network/000029/well011/spike_times.npy,/mnt/benshalom-nas/analysis/Sadegh/CX138/CX138/260329/T003346/Network/000029/well011/tm_unfiltered.xlsx,/mnt/benshalom-nas/analysis/Sadegh/CX138/CX138/260329/T003346/Network/000029/well011/rejection_log.xlsx,/mnt/benshalom-nas/analysis/Sadegh/CX138/CX138/260329/T003346/Network/000029/well011/metrics_curated.xlsx,True,True,True,True,True,True,True,139.0,False,,10uM,11,2,6,B6,10uM,2026-03-29,2026-03-29,16,4,post_treatment,1,3,5,4.0,D+3 to D+5
CX138,260329,T003346,000029,well012,/mnt/benshalom-nas/analysis/Sadegh/CX138/CX138/260329/T003346/Network/000029/well012,CX138|260329|T003346|000029|well012,/mnt/benshalom-nas/analysis/Sadegh/CX138/CX138/260329/T003346/Network/000029/well012/qm_unfiltered.xlsx,/mnt/benshalom-nas/analysis/Sadegh/CX138/CX138/260329/T003346/Network/000029/well012/network_results.json,/mnt/benshalom-nas/analysis/Sadegh/CX138/CX138/260329/T003346/Network/000029/well012/tm_curated.xlsx,/mnt/benshalom-nas/analysis/Sadegh/CX138/CX138/260329/T003346/Network/000029/well012/spike_times.npy,/mnt/benshalom-nas/analysis/Sadegh/CX138/CX138/260329/T003346/Network/000029/well012/tm_unfiltered.xlsx,/mnt/benshalom-nas/analysis/Sadegh/CX138/CX138/260329/T003346/Network/000029/well012/rejection_log.xlsx,/mnt/benshalom-nas/analysis/Sadegh/CX138/CX138/260329/T003346/Network/000029/well012/metrics_curated.xlsx,True,True,True,True,True,True,True,83.0,False,,NPH,12,3,1,C1,NPH,2026-03-29,2026-03-29,16,4,post_treatment,1,3,5,4.0,D+3 to D+5
CX138,260329,T003346,000029,well013,/mnt/benshalom-nas/analysis/Sadegh/CX138/CX138/260329/T003346/Network/000029/well013,CX138|260329|T003346|000029|well013,/mnt/benshalom-nas/analysis/Sadegh/CX138/CX138/260329/T003346/Network/000029/well013/qm_unfiltered.xlsx,/mnt/benshalom-nas/analysis/Sadegh/CX138/CX138/260329/T003346/Network/000029/well013/network_results.json,/mnt/benshalom-nas/analysis/Sadegh/CX138/CX138/260329/T003346/Network/000029/well013/tm_curated.xlsx,/mnt/benshalom-nas/analysis/Sadegh/CX138/CX138/260329/T003346/Network/000029/well013/spike_times.npy,/mnt/benshalom-nas/analysis/Sadegh/CX138/CX138/260329/T003346/Network/000029/well013/tm_unfiltered.xlsx,/mnt/benshalom-nas/analysis/Sadegh/CX138/CX138/260329/T003346/Network/000029/well013/rejection_log.xlsx,/mnt/benshalom-nas/analysis/Sadegh/CX138/CX138/260329/T003346/Network/000029/well013/metrics_curated.xlsx,True,True,True,True,True,True,True,141.0,False,,IVH-E,13,3,2,C2,IVH-E,2026-03-29,2026-03-29,16,4,post_treatment,1,3,5,4.0,D+3 to D+5
CX138,260329,T003346,000029,well014,/mnt/benshalom-nas/analysis/Sadegh/CX138/CX138/260329/T003346/Network/000029/well014,CX138|260329|T003346|000029|well014,/mnt/benshalom-nas/analysis/Sadegh/CX138/CX138/260329/T003346/Network/000029/well014/qm_unfiltered.xlsx,/mnt/benshalom-nas/analysis/Sadegh/CX138/CX138/260329/T003346/Network/000029/well014/network_results.json,/mnt/benshalom-nas/analysis/Sadegh/CX138/CX138/260329/T003346/Network/000029/well014/tm_curated.xlsx,/mnt/benshalom-nas/analysis/Sadegh/CX138/CX138/260329/T003346/Network/000029/well014/spike_times.npy,/mnt/benshalom-nas/analysis/Sadegh/CX138/CX138/260329/T003346/Network/000029/well014/tm_unfiltered.xlsx,/mnt/benshalom-nas/analysis/Sadegh/CX138/CX138/260329/T003346/Network/000029/well014/rejection_log.xlsx,/mnt/benshalom-nas/analysis/Sadegh/CX138/CX138/260329/T003346/Network/000029/well014/metrics_curated.xlsx,True,True,True,True,True,True,True,142.0,False,,IVH-L,14,3,3,C3,IVH-L,2026-03-29,2026-03-29,16,4,post_treatment,1,3,5,4.0,D+3 to D+5
CX138,260329,T003346,000029,well015,/mnt/benshalom-nas/analysis/Sadegh/CX138/CX138/260329/T003346/Network/000029/well015,CX138|260329|T003346|000029|well015,/mnt/benshalom-nas/analysis/Sadegh/CX138/CX138/260329/T003346/Network/000029/well015/qm_unfiltered.xlsx,/mnt/benshalom-nas/analysis/Sadegh/CX138/CX138/260329/T003346/Network/000029/well015/network_results.json,/mnt/benshalom-nas/analysis/Sadegh/CX138/CX138/260329/T003346/Network/000029/well015/tm_curated.xlsx,/mnt/benshalom-nas/analysis/Sadegh/CX138/CX138/260329/T003346/Network/000029/well015/spike_times.npy,/mnt/benshalom-nas/analysis/Sadegh/CX138/CX138/260329/T003346/Network/000029/well015/tm_unfiltered.xlsx,/mnt/benshalom-nas/analysis/Sadegh/CX138/CX138/260329/T003346/Network/000029/well015/rejection_log.xlsx,/mnt/benshalom-nas/analysis/Sadegh/CX138/CX138/260329/T003346/Network/000029/well015/metrics_curated.xlsx,True,True,True,True,True,True,True,130.0,False,,CT,15,3,4,C4,CT,2026-03-29,2026-03-29,16,4,post_treatment,1,3,5,4.0,D+3 to D+5
CX138,260329,T003346,000029,well016,/mnt/benshalom-nas/analysis/Sadegh/CX138/CX138/260329/T003346/Network/000029/well016,CX138|260329|T003346|000029|well016,/mnt/benshalom-nas/analysis/Sadegh/CX138/CX138/260329/T003346/Network/000029/well016/qm_unfiltered.xlsx,/mnt/benshalom-nas/analysis/Sadegh/CX138/CX138/260329/T003346/Network/000029/well016/network_results.json,/mnt/benshalom-nas/analysis/Sadegh/CX138/CX138/260329/T003346/Network/000029/well016/tm_curated.xlsx,/mnt/benshalom-nas/analysis/Sadegh/CX138/CX138/260329/T003346/Network/000029/well016/spike_times.npy,/mnt/benshalom-nas/analysis/Sadegh/CX138/CX138/260329/T003346/Network/000029/well016/tm_unfiltered.xlsx,/mnt/benshalom-nas/analysis/Sadegh/CX138/CX138/260329/T003346/Network/000029/well016/rejection_log.xlsx,/mnt/benshalom-nas/analysis/Sadegh/CX138/CX138/260329/T003346/Network/000029/well016/metrics_curated.xlsx,True,True,True,True,True,True,True,165.0,False,,20uM,16,3,5,C5,20uM,2026-03-29,2026-03-29,16,4,post_treatment,1,3,5,4.0,D+3 to D+5
CX138,260329,T003346,000029,well017,/mnt/benshalom-nas/analysis/Sadegh/CX138/CX138/260329/T003346/Network/000029/well017,CX138|260329|T003346|000029|well017,/mnt/benshalom-nas/analysis/Sadegh/CX138/CX138/260329/T003346/Network/000029/well017/qm_unfiltered.xlsx,/mnt/benshalom-nas/analysis/Sadegh/CX138/CX138/260329/T003346/Network/000029/well017/network_results.json,/mnt/benshalom-nas/analysis/Sadegh/CX138/CX138/260329/T003346/Network/000029/well017/tm_curated.xlsx,/mnt/benshalom-nas/analysis/Sadegh/CX138/CX138/260329/T003346/Network/000029/well017/spike_times.npy,/mnt/benshalom-nas/analysis/Sadegh/CX138/CX138/260329/T003346/Network/000029/well017/tm_unfiltered.xlsx,/mnt/benshalom-nas/analysis/Sadegh/CX138/CX138/260329/T003346/Network/000029/well017/rejection_log.xlsx,/mnt/benshalom-nas/analysis/Sadegh/CX138/CX138/260329/T003346/Network/000029/well017/metrics_curated.xlsx,True,True,True,True,True,True,True,149.0,False,,10uM,17,3,6,C6,10uM,2026-03-29,2026-03-29,16,4,post_treatment,1,3,5,4.0,D+3 to D+5
CX138,260329,T003346,000029,well018,/mnt/benshalom-nas/analysis/Sadegh/CX138/CX138/260329/T003346/Network/000029/well018,CX138|260329|T003346|000029|well018,/mnt/benshalom-nas/analysis/Sadegh/CX138/CX138/260329/T003346/Network/000029/well018/qm_unfiltered.xlsx,/mnt/benshalom-nas/analysis/Sadegh/CX138/CX138/260329/T003346/Network/000029/well018/network_results.json,/mnt/benshalom-nas/analysis/Sadegh/CX138/CX138/260329/T003346/Network/000029/well018/tm_curated.xlsx,/mnt/benshalom-nas/analysis/Sadegh/CX138/CX138/260329/T003346/Network/000029/well018/spike_times.npy,/mnt/benshalom-nas/analysis/Sadegh/CX138/CX138/260329/T003346/Network/000029/well018/tm_unfiltered.xlsx,/mnt/benshalom-nas/analysis/Sadegh/CX138/CX138/260329/T003346/Network/000029/well018/rejection_log.xlsx,/mnt/benshalom-nas/analysis/Sadegh/CX138/CX138/260329/T003346/Network/000029/well018/metrics_curated.xlsx,True,True,True,True,True,True,True,67.0,False,,NPH,18,4,1,D1,NPH,2026-03-29,2026-03-29,16,4,post_treatment,1,3,5,4.0,D+3 to D+5
CX138,260329,T003346,000029,well019,/mnt/benshalom-nas/analysis/Sadegh/CX138/CX138/260329/T003346/Network/000029/well019,CX138|260329|T003346|000029|well019,/mnt/benshalom-nas/analysis/Sadegh/CX138/CX138/260329/T003346/Network/000029/well019/qm_unfiltered.xlsx,/mnt/benshalom-nas/analysis/Sadegh/CX138/CX138/260329/T003346/Network/000029/well019/network_results.json,/mnt/benshalom-nas/analysis/Sadegh/CX138/CX138/260329/T003346/Network/000029/well019/tm_curated.xlsx,/mnt/benshalom-nas/analysis/Sadegh/CX138/CX138/260329/T003346/Network/000029/well019/spike_times.npy,/mnt/benshalom-nas/analysis/Sadegh/CX138/CX138/260329/T003346/Network/000029/well019/tm_unfiltered.xlsx,/mnt/benshalom-nas/analysis/Sadegh/CX138/CX138/260329/T003346/Network/000029/well019/rejection_log.xlsx,/mnt/benshalom-nas/analysis/Sadegh/CX138/CX138/260329/T003346/Network/000029/well019/metrics_curated.xlsx,True,True,True,True,True,True,True,128.0,False,,IVH-E,19,4,2,D2,IVH-E,2026-03-29,2026-03-29,16,4,post_treatment,1,3,5,4.0,D+3 to D+5
CX138,260329,T003346,000029,well020,/mnt/benshalom-nas/analysis/Sadegh/CX138/CX138/260329/T003346/Network/000029/well020,CX138|260329|T003346|000029|well020,/mnt/benshalom-nas/analysis/Sadegh/CX138/CX138/260329/T003346/Network/000029/well020/qm_unfiltered.xlsx,/mnt/benshalom-nas/analysis/Sadegh/CX138/CX138/260329/T003346/Network/000029/well020/network_results.json,/mnt/benshalom-nas/analysis/Sadegh/CX138/CX138/260329/T003346/Network/000029/well020/tm_curated.xlsx,/mnt/benshalom-nas/analysis/Sadegh/CX138/CX138/260329/T003346/Network/000029/well020/spike_times.npy,/mnt/benshalom-nas/analysis/Sadegh/CX138/CX138/260329/T003346/Network/000029/well020/tm_unfiltered.xlsx,/mnt/benshalom-nas/analysis/Sadegh/CX138/CX138/260329/T003346/Network/000029/well020/rejection_log.xlsx,/mnt/benshalom-nas/analysis/Sadegh/CX138/CX138/260329/T003346/Network/000029/well020/metrics_curated.xlsx,True,True,True,True,True,True,True,82.0,False,,IVH-L,20,4,3,D3,IVH-L,2026-03-29,2026-03-29,16,4,post_treatment,1,3,5,4.0,D+3 to D+5
CX138,260329,T003346,000029,well021,/mnt/benshalom-nas/analysis/Sadegh/CX138/CX138/260329/T003346/Network/000029/well021,CX138|260329|T003346|000029|well021,/mnt/benshalom-nas/analysis/Sadegh/CX138/CX138/260329/T003346/Network/000029/well021/qm_unfiltered.xlsx,/mnt/benshalom-nas/analysis/Sadegh/CX138/CX138/260329/T003346/Network/000029/well021/network_results.json,/mnt/benshalom-nas/analysis/Sadegh/CX138/CX138/260329/T003346/Network/000029/well021/tm_curated.xlsx,/mnt/benshalom-nas/analysis/Sadegh/CX138/CX138/260329/T003346/Network/000029/well021/spike_times.npy,/mnt/benshalom-nas/analysis/Sadegh/CX138/CX138/260329/T003346/Network/000029/well021/tm_unfiltered.xlsx,/mnt/benshalom-nas/analysis/Sadegh/CX138/CX138/260329/T003346/Network/000029/well021/rejection_log.xlsx,/mnt/benshalom-nas/analysis/Sadegh/CX138/CX138/260329/T003346/Network/000029/well021/metrics_curated.xlsx,True,True,True,True,True,True,True,98.0,False,,CT,21,4,4,D4,CT,2026-03-29,2026-03-29,16,4,post_treatment,1,3,5,4.0,D+3 to D+5
CX138,260329,T003346,000029,well023,/mnt/benshalom-nas/analysis/Sadegh/CX138/CX138/260329/T003346/Network/000029/well023,CX138|260329|T003346|000029|well023,/mnt/benshalom-nas/analysis/Sadegh/CX138/CX138/260329/T003346/Network/000029/well023/qm_unfiltered.xlsx,/mnt/benshalom-nas/analysis/Sadegh/CX138/CX138/260329/T003346/Network/000029/well023/network_results.json,/mnt/benshalom-nas/analysis/Sadegh/CX138/CX138/260329/T003346/Network/000029/well023/tm_curated.xlsx,/mnt/benshalom-nas/analysis/Sadegh/CX138/CX138/260329/T003346/Network/000029/well023/spike_times.npy,/mnt/benshalom-nas/analysis/Sadegh/CX138/CX138/260329/T003346/Network/000029/well023/tm_unfiltered.xlsx,/mnt/benshalom-nas/analysis/Sadegh/CX138/CX138/260329/T003346/Network/000029/well023/rejection_log.xlsx,/mnt/benshalom-nas/analysis/Sadegh/CX138/CX138/260329/T003346/Network/000029/well023/metrics_curated.xlsx,True,True,True,True,True,True,True,115.0,False,,10uM,23,4,6,D6,10uM,2026-03-29,2026-03-29,16,4,post_treatment,1,3,5,4.0,D+3 to D+5
CX138,260330,T003346,000031,well000,/mnt/benshalom-nas/analysis/Sadegh/CX138/CX138/260330/T003346/Network/000031/well000,CX138|260330|T003346|000031|well000,/mnt/benshalom-nas/analysis/Sadegh/CX138/CX138/260330/T003346/Network/000031/well000/qm_unfiltered.xlsx,/mnt/benshalom-nas/analysis/Sadegh/CX138/CX138/260330/T003346/Network/000031/well000/network_results.json,/mnt/benshalom-nas/analysis/Sadegh/CX138/CX138/260330/T003346/Network/000031/well000/tm_curated.xlsx,/mnt/benshalom-nas/analysis/Sadegh/CX138/CX138/260330/T003346/Network/000031/well000/spike_times.npy,/mnt/benshalom-nas/analysis/Sadegh/CX138/CX138/260330/T003346/Network/000031/well000/tm_unfiltered.xlsx,/mnt/benshalom-nas/analysis/Sadegh/CX138/CX138/260330/T003346/Network/000031/well000/rejection_log.xlsx,/mnt/benshalom-nas/analysis/Sadegh/CX138/CX138/260330/T003346/Network/000031/well000/metrics_curated.xlsx,True,True,True,True,True,True,True,73.0,False,,NPH,0,1,1,A1,NPH,2026-03-30,2026-03-30,17,5,post_treatment,1,3,5,4.0,D+3 to D+5
CX138,260330,T003346,000031,well001,/mnt/benshalom-nas/analysis/Sadegh/CX138/CX138/260330/T003346/Network/000031/well001,CX138|260330|T003346|000031|well001,/mnt/benshalom-nas/analysis/Sadegh/CX138/CX138/260330/T003346/Network/000031/well001/qm_unfiltered.xlsx,/mnt/benshalom-nas/analysis/Sadegh/CX138/CX138/260330/T003346/Network/000031/well001/network_results.json,/mnt/benshalom-nas/analysis/Sadegh/CX138/CX138/260330/T003346/Network/000031/well001/tm_curated.xlsx,/mnt/benshalom-nas/analysis/Sadegh/CX138/CX138/260330/T003346/Network/000031/well001/spike_times.npy,/mnt/benshalom-nas/analysis/Sadegh/CX138/CX138/260330/T003346/Network/000031/well001/tm_unfiltered.xlsx,/mnt/benshalom-nas/analysis/Sadegh/CX138/CX138/260330/T003346/Network/000031/well001/rejection_log.xlsx,/mnt/benshalom-nas/analysis/Sadegh/CX138/CX138/260330/T003346/Network/000031/well001/metrics_curated.xlsx,True,True,True,True,True,True,True,117.0,False,,IVH-E,1,1,2,A2,IVH-E,2026-03-30,2026-03-30,17,5,post_treatment,1,3,5,4.0,D+3 to D+5
CX138,260330,T003346,000031,well002,/mnt/benshalom-nas/analysis/Sadegh/CX138/CX138/260330/T003346/Network/000031/well002,CX138|260330|T003346|000031|well002,/mnt/benshalom-nas/analysis/Sadegh/CX138/CX138/260330/T003346/Network/000031/well002/qm_unfiltered.xlsx,/mnt/benshalom-nas/analysis/Sadegh/CX138/CX138/260330/T003346/Network/000031/well002/network_results.json,/mnt/benshalom-nas/analysis/Sadegh/CX138/CX138/260330/T003346/Network/000031/well002/tm_curated.xlsx,/mnt/benshalom-nas/analysis/Sadegh/CX138/CX138/260330/T003346/Network/000031/well002/spike_times.npy,/mnt/benshalom-nas/analysis/Sadegh/CX138/CX138/260330/T003346/Network/000031/well002/tm_unfiltered.xlsx,/mnt/benshalom-nas/analysis/Sadegh/CX138/CX138/260330/T003346/Network/000031/well002/rejection_log.xlsx,/mnt/benshalom-nas/analysis/Sadegh/CX138/CX138/260330/T003346/Network/000031/well002/metrics_curated.xlsx,True,True,True,True,True,True,True,152.0,False,,IVH-L,2,1,3,A3,IVH-L,2026-03-30,2026-03-30,17,5,post_treatment,1,3,5,4.0,D+3 to D+5
CX138,260330,T003346,000031,well003,/mnt/benshalom-nas/analysis/Sadegh/CX138/CX138/260330/T003346/Network/000031/well003,CX138|260330|T003346|000031|well003,/mnt/benshalom-nas/analysis/Sadegh/CX138/CX138/260330/T003346/Network/000031/well003/qm_unfiltered.xlsx,/mnt/benshalom-nas/analysis/Sadegh/CX138/CX138/260330/T003346/Network/000031/well003/network_results.json,/mnt/benshalom-nas/analysis/Sadegh/CX138/CX138/260330/T003346/Network/000031/well003/tm_curated.xlsx,/mnt/benshalom-nas/analysis/Sadegh/CX138/CX138/260330/T003346/Network/000031/well003/spike_times.npy,/mnt/benshalom-nas/analysis/Sadegh/CX138/CX138/260330/T003346/Network/000031/well003/tm_unfiltered.xlsx,/mnt/benshalom-nas/analysis/Sadegh/CX138/CX138/260330/T003346/Network/000031/well003/rejection_log.xlsx,/mnt/benshalom-nas/analysis/Sadegh/CX138/CX138/260330/T003346/Network/000031/well003/metrics_curated.xlsx,True,True,True,True,True,True,True,121.0,False,,CT,3,1,4,A4,CT,2026-03-30,2026-03-30,17,5,post_treatment,1,3,5,4.0,D+3 to D+5
CX138,260330,T003346,000031,well004,/mnt/benshalom-nas/analysis/Sadegh/CX138/CX138/260330/T003346/Network/000031/well004,CX138|260330|T003346|000031|well004,/mnt/benshalom-nas/analysis/Sadegh/CX138/CX138/260330/T003346/Network/000031/well004/qm_unfiltered.xlsx,/mnt/benshalom-nas/analysis/Sadegh/CX138/CX138/260330/T003346/Network/000031/well004/network_results.json,/mnt/benshalom-nas/analysis/Sadegh/CX138/CX138/260330/T003346/Network/000031/well004/tm_curated.xlsx,/mnt/benshalom-nas/analysis/Sadegh/CX138/CX138/260330/T003346/Network/000031/well004/spike_times.npy,/mnt/benshalom-nas/analysis/Sadegh/CX138/CX138/260330/T003346/Network/000031/well004/tm_unfiltered.xlsx,/mnt/benshalom-nas/analysis/Sadegh/CX138/CX138/260330/T003346/Network/000031/well004/rejection_log.xlsx,/mnt/benshalom-nas/analysis/Sadegh/CX138/CX138/260330/T003346/Network/000031/well004/metrics_curated.xlsx,True,True,True,True,True,True,True,83.0,False,,20uM,4,1,5,A5,20uM,2026-03-30,2026-03-30,17,5,post_treatment,1,3,5,4.0,D+3 to D+5
CX138,260330,T003346,000031,well005,/mnt/benshalom-nas/analysis/Sadegh/CX138/CX138/260330/T003346/Network/000031/well005,CX138|260330|T003346|000031|well005,/mnt/benshalom-nas/analysis/Sadegh/CX138/CX138/260330/T003346/Network/000031/well005/qm_unfiltered.xlsx,/mnt/benshalom-nas/analysis/Sadegh/CX138/CX138/260330/T003346/Network/000031/well005/network_results.json,/mnt/benshalom-nas/analysis/Sadegh/CX138/CX138/260330/T003346/Network/000031/well005/tm_curated.xlsx,/mnt/benshalom-nas/analysis/Sadegh/CX138/CX138/260330/T003346/Network/000031/well005/spike_times.npy,/mnt/benshalom-nas/analysis/Sadegh/CX138/CX138/260330/T003346/Network/000031/well005/tm_unfiltered.xlsx,/mnt/benshalom-nas/analysis/Sadegh/CX138/CX138/260330/T003346/Network/000031/well005/rejection_log.xlsx,/mnt/benshalom-nas/analysis/Sadegh/CX138/CX138/260330/T003346/Network/000031/well005/metrics_curated.xlsx,True,True,True,True,True,True,True,126.0,False,,10uM,5,1,6,A6,10uM,2026-03-30,2026-03-30,17,5,post_treatment,1,3,5,4.0,D+3 to D+5
CX138,260330,T003346,000031,well006,/mnt/benshalom-nas/analysis/Sadegh/CX138/CX138/260330/T003346/Network/000031/well006,CX138|260330|T003346|000031|well006,/mnt/benshalom-nas/analysis/Sadegh/CX138/CX138/260330/T003346/Network/000031/well006/qm_unfiltered.xlsx,/mnt/benshalom-nas/analysis/Sadegh/CX138/CX138/260330/T003346/Network/000031/well006/network_results.json,/mnt/benshalom-nas/analysis/Sadegh/CX138/CX138/260330/T003346/Network/000031/well006/tm_curated.xlsx,/mnt/benshalom-nas/analysis/Sadegh/CX138/CX138/260330/T003346/Network/000031/well006/spike_times.npy,/mnt/benshalom-nas/analysis/Sadegh/CX138/CX138/260330/T003346/Network/000031/well006/tm_unfiltered.xlsx,/mnt/benshalom-nas/analysis/Sadegh/CX138/CX138/260330/T003346/Network/000031/well006/rejection_log.xlsx,/mnt/benshalom-nas/analysis/Sadegh/CX138/CX138/260330/T003346/Network/000031/well006/metrics_curated.xlsx,True,True,True,True,True,True,True,57.0,False,,NPH,6,2,1,B1,NPH,2026-03-30,2026-03-30,17,5,post_treatment,1,3,5,4.0,D+3 to D+5
CX138,260330,T003346,000031,well007,/mnt/benshalom-nas/analysis/Sadegh/CX138/CX138/260330/T003346/Network/000031/well007,CX138|260330|T003346|000031|well007,/mnt/benshalom-nas/analysis/Sadegh/CX138/CX138/260330/T003346/Network/000031/well007/qm_unfiltered.xlsx,/mnt/benshalom-nas/analysis/Sadegh/CX138/CX138/260330/T003346/Network/000031/well007/network_results.json,/mnt/benshalom-nas/analysis/Sadegh/CX138/CX138/260330/T003346/Network/000031/well007/tm_curated.xlsx,/mnt/benshalom-nas/analysis/Sadegh/CX138/CX138/260330/T003346/Network/000031/well007/spike_times.npy,/mnt/benshalom-nas/analysis/Sadegh/CX138/CX138/260330/T003346/Network/000031/well007/tm_unfiltered.xlsx,/mnt/benshalom-nas/analysis/Sadegh/CX138/CX138/260330/T003346/Network/000031/well007/rejection_log.xlsx,/mnt/benshalom-nas/analysis/Sadegh/CX138/CX138/260330/T003346/Network/000031/well007/metrics_curated.xlsx,True,True,True,True,True,True,True,53.0,False,,IVH-E,7,2,2,B2,IVH-E,2026-03-30,2026-03-30,17,5,post_treatment,1,3,5,4.0,D+3 to D+5
CX138,260330,T003346,000031,well008,/mnt/benshalom-nas/analysis/Sadegh/CX138/CX138/260330/T003346/Network/000031/well008,CX138|260330|T003346|000031|well008,/mnt/benshalom-nas/analysis/Sadegh/CX138/CX138/260330/T003346/Network/000031/well008/qm_unfiltered.xlsx,/mnt/benshalom-nas/analysis/Sadegh/CX138/CX138/260330/T003346/Network/000031/well008/network_results.json,/mnt/benshalom-nas/analysis/Sadegh/CX138/CX138/260330/T003346/Network/000031/well008/tm_curated.xlsx,/mnt/benshalom-nas/analysis/Sadegh/CX138/CX138/260330/T003346/Network/000031/well008/spike_times.npy,/mnt/benshalom-nas/analysis/Sadegh/CX138/CX138/260330/T003346/Network/000031/well008/tm_unfiltered.xlsx,/mnt/benshalom-nas/analysis/Sadegh/CX138/CX138/260330/T003346/Network/000031/well008/rejection_log.xlsx,/mnt/benshalom-nas/analysis/Sadegh/CX138/CX138/260330/T003346/Network/000031/well008/metrics_curated.xlsx,True,True,True,True,True,True,True,179.0,False,,IVH-L,8,2,3,B3,IVH-L,2026-03-30,2026-03-30,17,5,post_treatment,1,3,5,4.0,D+3 to D+5
CX138,260330,T003346,000031,well009,/mnt/benshalom-nas/analysis/Sadegh/CX138/CX138/260330/T003346/Network/000031/well009,CX138|260330|T003346|000031|well009,/mnt/benshalom-nas/analysis/Sadegh/CX138/CX138/260330/T003346/Network/000031/well009/qm_unfiltered.xlsx,/mnt/benshalom-nas/analysis/Sadegh/CX138/CX138/260330/T003346/Network/000031/well009/network_results.json,/mnt/benshalom-nas/analysis/Sadegh/CX138/CX138/260330/T003346/Network/000031/well009/tm_curated.xlsx,/mnt/benshalom-nas/analysis/Sadegh/CX138/CX138/260330/T003346/Network/000031/well009/spike_times.npy,/mnt/benshalom-nas/analysis/Sadegh/CX138/CX138/260330/T003346/Network/000031/well009/tm_unfiltered.xlsx,/mnt/benshalom-nas/analysis/Sadegh/CX138/CX138/260330/T003346/Network/000031/well009/rejection_log.xlsx,/mnt/benshalom-nas/analysis/Sadegh/CX138/CX138/260330/T003346/Network/000031/well009/metrics_curated.xlsx,True,True,True,True,True,True,True,43.0,False,,CT,9,2,4,B4,CT,2026-03-30,2026-03-30,17,5,post_treatment,1,3,5,4.0,D+3 to D+5
CX138,260330,T003346,000031,well010,/mnt/benshalom-nas/analysis/Sadegh/CX138/CX138/260330/T003346/Network/000031/well010,CX138|260330|T003346|000031|well010,/mnt/benshalom-nas/analysis/Sadegh/CX138/CX138/260330/T003346/Network/000031/well010/qm_unfiltered.xlsx,/mnt/benshalom-nas/analysis/Sadegh/CX138/CX138/260330/T003346/Network/000031/well010/network_results.json,/mnt/benshalom-nas/analysis/Sadegh/CX138/CX138/260330/T003346/Network/000031/well010/tm_curated.xlsx,/mnt/benshalom-nas/analysis/Sadegh/CX138/CX138/260330/T003346/Network/000031/well010/spike_times.npy,/mnt/benshalom-nas/analysis/Sadegh/CX138/CX138/260330/T003346/Network/000031/well010/tm_unfiltered.xlsx,/mnt/benshalom-nas/analysis/Sadegh/CX138/CX138/260330/T003346/Network/000031/well010/rejection_log.xlsx,/mnt/benshalom-nas/analysis/Sadegh/CX138/CX138/260330/T003346/Network/000031/well010/metrics_curated.xlsx,True,True,True,True,True,True,True,163.0,False,,20uM,10,2,5,B5,20uM,2026-03-30,2026-03-30,17,5,post_treatment,1,3,5,4.0,D+3 to D+5
CX138,260330,T003346,000031,well011,/mnt/benshalom-nas/analysis/Sadegh/CX138/CX138/260330/T003346/Network/000031/well011,CX138|260330|T003346|000031|well011,/mnt/benshalom-nas/analysis/Sadegh/CX138/CX138/260330/T003346/Network/000031/well011/qm_unfiltered.xlsx,/mnt/benshalom-nas/analysis/Sadegh/CX138/CX138/260330/T003346/Network/000031/well011/network_results.json,/mnt/benshalom-nas/analysis/Sadegh/CX138/CX138/260330/T003346/Network/000031/well011/tm_curated.xlsx,/mnt/benshalom-nas/analysis/Sadegh/CX138/CX138/260330/T003346/Network/000031/well011/spike_times.npy,/mnt/benshalom-nas/analysis/Sadegh/CX138/CX138/260330/T003346/Network/000031/well011/tm_unfiltered.xlsx,/mnt/benshalom-nas/analysis/Sadegh/CX138/CX138/260330/T003346/Network/000031/well011/rejection_log.xlsx,/mnt/benshalom-nas/analysis/Sadegh/CX138/CX138/260330/T003346/Network/000031/well011/metrics_curated.xlsx,True,True,True,True,True,True,True,155.0,False,,10uM,11,2,6,B6,10uM,2026-03-30,2026-03-30,17,5,post_treatment,1,3,5,4.0,D+3 to D+5
CX138,260330,T003346,000031,well012,/mnt/benshalom-nas/analysis/Sadegh/CX138/CX138/260330/T003346/Network/000031/well012,CX138|260330|T003346|000031|well012,/mnt/benshalom-nas/analysis/Sadegh/CX138/CX138/260330/T003346/Network/000031/well012/qm_unfiltered.xlsx,/mnt/benshalom-nas/analysis/Sadegh/CX138/CX138/260330/T003346/Network/000031/well012/network_results.json,/mnt/benshalom-nas/analysis/Sadegh/CX138/CX138/260330/T003346/Network/000031/well012/tm_curated.xlsx,/mnt/benshalom-nas/analysis/Sadegh/CX138/CX138/260330/T003346/Network/000031/well012/spike_times.npy,/mnt/benshalom-nas/analysis/Sadegh/CX138/CX138/260330/T003346/Network/000031/well012/tm_unfiltered.xlsx,/mnt/benshalom-nas/analysis/Sadegh/CX138/CX138/260330/T003346/Network/000031/well012/rejection_log.xlsx,/mnt/benshalom-nas/analysis/Sadegh/CX138/CX138/260330/T003346/Network/000031/well012/metrics_curated.xlsx,True,True,True,True,True,True,True,68.0,False,,NPH,12,3,1,C1,NPH,2026-03-30,2026-03-30,17,5,post_treatment,1,3,5,4.0,D+3 to D+5
CX138,260330,T003346,000031,well013,/mnt/benshalom-nas/analysis/Sadegh/CX138/CX138/260330/T003346/Network/000031/well013,CX138|260330|T003346|000031|well013,/mnt/benshalom-nas/analysis/Sadegh/CX138/CX138/260330/T003346/Network/000031/well013/qm_unfiltered.xlsx,/mnt/benshalom-nas/analysis/Sadegh/CX138/CX138/260330/T003346/Network/000031/well013/network_results.json,/mnt/benshalom-nas/analysis/Sadegh/CX138/CX138/260330/T003346/Network/000031/well013/tm_curated.xlsx,/mnt/benshalom-nas/analysis/Sadegh/CX138/CX138/260330/T003346/Network/000031/well013/spike_times.npy,/mnt/benshalom-nas/analysis/Sadegh/CX138/CX138/260330/T003346/Network/000031/well013/tm_unfiltered.xlsx,/mnt/benshalom-nas/analysis/Sadegh/CX138/CX138/260330/T003346/Network/000031/well013/rejection_log.xlsx,/mnt/benshalom-nas/analysis/Sadegh/CX138/CX138/260330/T003346/Network/000031/well013/metrics_curated.xlsx,True,True,True,True,True,True,True,122.0,False,,IVH-E,13,3,2,C2,IVH-E,2026-03-30,2026-03-30,17,5,post_treatment,1,3,5,4.0,D+3 to D+5
CX138,260330,T003346,000031,well014,/mnt/benshalom-nas/analysis/Sadegh/CX138/CX138/260330/T003346/Network/000031/well014,CX138|260330|T003346|000031|well014,/mnt/benshalom-nas/analysis/Sadegh/CX138/CX138/260330/T003346/Network/000031/well014/qm_unfiltered.xlsx,/mnt/benshalom-nas/analysis/Sadegh/CX138/CX138/260330/T003346/Network/000031/well014/network_results.json,/mnt/benshalom-nas/analysis/Sadegh/CX138/CX138/260330/T003346/Network/000031/well014/tm_curated.xlsx,/mnt/benshalom-nas/analysis/Sadegh/CX138/CX138/260330/T003346/Network/000031/well014/spike_times.npy,/mnt/benshalom-nas/analysis/Sadegh/CX138/CX138/260330/T003346/Network/000031/well014/tm_unfiltered.xlsx,/mnt/benshalom-nas/analysis/Sadegh/CX138/CX138/260330/T003346/Network/000031/well014/rejection_log.xlsx,/mnt/benshalom-nas/analysis/Sadegh/CX138/CX138/260330/T003346/Network/000031/well014/metrics_curated.xlsx,True,True,True,True,True,True,True,137.0,False,,IVH-L,14,3,3,C3,IVH-L,2026-03-30,2026-03-30,17,5,post_treatment,1,3,5,4.0,D+3 to D+5
CX138,260330,T003346,000031,well015,/mnt/benshalom-nas/analysis/Sadegh/CX138/CX138/260330/T003346/Network/000031/well015,CX138|260330|T003346|000031|well015,/mnt/benshalom-nas/analysis/Sadegh/CX138/CX138/260330/T003346/Network/000031/well015/qm_unfiltered.xlsx,/mnt/benshalom-nas/analysis/Sadegh/CX138/CX138/260330/T003346/Network/000031/well015/network_results.json,/mnt/benshalom-nas/analysis/Sadegh/CX138/CX138/260330/T003346/Network/000031/well015/tm_curated.xlsx,/mnt/benshalom-nas/analysis/Sadegh/CX138/CX138/260330/T003346/Network/000031/well015/spike_times.npy,/mnt/benshalom-nas/analysis/Sadegh/CX138/CX138/260330/T003346/Network/000031/well015/tm_unfiltered.xlsx,/mnt/benshalom-nas/analysis/Sadegh/CX138/CX138/260330/T003346/Network/000031/well015/rejection_log.xlsx,/mnt/benshalom-nas/analysis/Sadegh/CX138/CX138/260330/T003346/Network/000031/well015/metrics_curated.xlsx,True,True,True,True,True,True,True,107.0,False,,CT,15,3,4,C4,CT,2026-03-30,2026-03-30,17,5,post_treatment,1,3,5,4.0,D+3 to D+5
CX138,260330,T003346,000031,well016,/mnt/benshalom-nas/analysis/Sadegh/CX138/CX138/260330/T003346/Network/000031/well016,CX138|260330|T003346|000031|well016,/mnt/benshalom-nas/analysis/Sadegh/CX138/CX138/260330/T003346/Network/000031/well016/qm_unfiltered.xlsx,/mnt/benshalom-nas/analysis/Sadegh/CX138/CX138/260330/T003346/Network/000031/well016/network_results.json,/mnt/benshalom-nas/analysis/Sadegh/CX138/CX138/260330/T003346/Network/000031/well016/tm_curated.xlsx,/mnt/benshalom-nas/analysis/Sadegh/CX138/CX138/260330/T003346/Network/000031/well016/spike_times.npy,/mnt/benshalom-nas/analysis/Sadegh/CX138/CX138/260330/T003346/Network/000031/well016/tm_unfiltered.xlsx,/mnt/benshalom-nas/analysis/Sadegh/CX138/CX138/260330/T003346/Network/000031/well016/rejection_log.xlsx,/mnt/benshalom-nas/analysis/Sadegh/CX138/CX138/260330/T003346/Network/000031/well016/metrics_curated.xlsx,True,True,True,True,True,True,True,181.0,False,,20uM,16,3,5,C5,20uM,2026-03-30,2026-03-30,17,5,post_treatment,1,3,5,4.0,D+3 to D+5
CX138,260330,T003346,000031,well017,/mnt/benshalom-nas/analysis/Sadegh/CX138/CX138/260330/T003346/Network/000031/well017,CX138|260330|T003346|000031|well017,/mnt/benshalom-nas/analysis/Sadegh/CX138/CX138/260330/T003346/Network/000031/well017/qm_unfiltered.xlsx,/mnt/benshalom-nas/analysis/Sadegh/CX138/CX138/260330/T003346/Network/000031/well017/network_results.json,/mnt/benshalom-nas/analysis/Sadegh/CX138/CX138/260330/T003346/Network/000031/well017/tm_curated.xlsx,/mnt/benshalom-nas/analysis/Sadegh/CX138/CX138/260330/T003346/Network/000031/well017/spike_times.npy,/mnt/benshalom-nas/analysis/Sadegh/CX138/CX138/260330/T003346/Network/000031/well017/tm_unfiltered.xlsx,/mnt/benshalom-nas/analysis/Sadegh/CX138/CX138/260330/T003346/Network/000031/well017/rejection_log.xlsx,/mnt/benshalom-nas/analysis/Sadegh/CX138/CX138/260330/T003346/Network/000031/well017/metrics_curated.xlsx,True,True,True,True,True,True,True,144.0,False,,10uM,17,3,6,C6,10uM,2026-03-30,2026-03-30,17,5,post_treatment,1,3,5,4.0,D+3 to D+5
CX138,260330,T003346,000031,well018,/mnt/benshalom-nas/analysis/Sadegh/CX138/CX138/260330/T003346/Network/000031/well018,CX138|260330|T003346|000031|well018,/mnt/benshalom-nas/analysis/Sadegh/CX138/CX138/260330/T003346/Network/000031/well018/qm_unfiltered.xlsx,/mnt/benshalom-nas/analysis/Sadegh/CX138/CX138/260330/T003346/Network/000031/well018/network_results.json,/mnt/benshalom-nas/analysis/Sadegh/CX138/CX138/260330/T003346/Network/000031/well018/tm_curated.xlsx,/mnt/benshalom-nas/analysis/Sadegh/CX138/CX138/260330/T003346/Network/000031/well018/spike_times.npy,/mnt/benshalom-nas/analysis/Sadegh/CX138/CX138/260330/T003346/Network/000031/well018/tm_unfiltered.xlsx,/mnt/benshalom-nas/analysis/Sadegh/CX138/CX138/260330/T003346/Network/000031/well018/rejection_log.xlsx,/mnt/benshalom-nas/analysis/Sadegh/CX138/CX138/260330/T003346/Network/000031/well018/metrics_curated.xlsx,True,True,True,True,True,True,True,65.0,False,,NPH,18,4,1,D1,NPH,2026-03-30,2026-03-30,17,5,post_treatment,1,3,5,4.0,D+3 to D+5
CX138,260330,T003346,000031,well019,/mnt/benshalom-nas/analysis/Sadegh/CX138/CX138/260330/T003346/Network/000031/well019,CX138|260330|T003346|000031|well019,/mnt/benshalom-nas/analysis/Sadegh/CX138/CX138/260330/T003346/Network/000031/well019/qm_unfiltered.xlsx,/mnt/benshalom-nas/analysis/Sadegh/CX138/CX138/260330/T003346/Network/000031/well019/network_results.json,/mnt/benshalom-nas/analysis/Sadegh/CX138/CX138/260330/T003346/Network/000031/well019/tm_curated.xlsx,/mnt/benshalom-nas/analysis/Sadegh/CX138/CX138/260330/T003346/Network/000031/well019/spike_times.npy,/mnt/benshalom-nas/analysis/Sadegh/CX138/CX138/260330/T003346/Network/000031/well019/tm_unfiltered.xlsx,/mnt/benshalom-nas/analysis/Sadegh/CX138/CX138/260330/T003346/Network/000031/well019/rejection_log.xlsx,/mnt/benshalom-nas/analysis/Sadegh/CX138/CX138/260330/T003346/Network/000031/well019/metrics_curated.xlsx,True,True,True,True,True,True,True,97.0,False,,IVH-E,19,4,2,D2,IVH-E,2026-03-30,2026-03-30,17,5,post_treatment,1,3,5,4.0,D+3 to D+5
CX138,260330,T003346,000031,well020,/mnt/benshalom-nas/analysis/Sadegh/CX138/CX138/260330/T003346/Network/000031/well020,CX138|260330|T003346|000031|well020,/mnt/benshalom-nas/analysis/Sadegh/CX138/CX138/260330/T003346/Network/000031/well020/qm_unfiltered.xlsx,/mnt/benshalom-nas/analysis/Sadegh/CX138/CX138/260330/T003346/Network/000031/well020/network_results.json,/mnt/benshalom-nas/analysis/Sadegh/CX138/CX138/260330/T003346/Network/000031/well020/tm_curated.xlsx,/mnt/benshalom-nas/analysis/Sadegh/CX138/CX138/260330/T003346/Network/000031/well020/spike_times.npy,/mnt/benshalom-nas/analysis/Sadegh/CX138/CX138/260330/T003346/Network/000031/well020/tm_unfiltered.xlsx,/mnt/benshalom-nas/analysis/Sadegh/CX138/CX138/260330/T003346/Network/000031/well020/rejection_log.xlsx,/mnt/benshalom-nas/analysis/Sadegh/CX138/CX138/260330/T003346/Network/000031/well020/metrics_curated.xlsx,True,True,True,True,True,True,True,105.0,False,,IVH-L,20,4,3,D3,IVH-L,2026-03-30,2026-03-30,17,5,post_treatment,1,3,5,4.0,D+3 to D+5
CX138,260330,T003346,000031,well021,/mnt/benshalom-nas/analysis/Sadegh/CX138/CX138/260330/T003346/Network/000031/well021,CX138|260330|T003346|000031|well021,/mnt/benshalom-nas/analysis/Sadegh/CX138/CX138/260330/T003346/Network/000031/well021/qm_unfiltered.xlsx,/mnt/benshalom-nas/analysis/Sadegh/CX138/CX138/260330/T003346/Network/000031/well021/network_results.json,/mnt/benshalom-nas/analysis/Sadegh/CX138/CX138/260330/T003346/Network/000031/well021/tm_curated.xlsx,/mnt/benshalom-nas/analysis/Sadegh/CX138/CX138/260330/T003346/Network/000031/well021/spike_times.npy,/mnt/benshalom-nas/analysis/Sadegh/CX138/CX138/260330/T003346/Network/000031/well021/tm_unfiltered.xlsx,/mnt/benshalom-nas/analysis/Sadegh/CX138/CX138/260330/T003346/Network/000031/well021/rejection_log.xlsx,/mnt/benshalom-nas/analysis/Sadegh/CX138/CX138/260330/T003346/Network/000031/well021/metrics_curated.xlsx,True,True,True,True,True,True,True,115.0,False,,CT,21,4,4,D4,CT,2026-03-30,2026-03-30,17,5,post_treatment,1,3,5,4.0,D+3 to D+5
CX138,260330,T003346,000031,well023,/mnt/benshalom-nas/analysis/Sadegh/CX138/CX138/260330/T003346/Network/000031/well023,CX138|260330|T003346|000031|well023,/mnt/benshalom-nas/analysis/Sadegh/CX138/CX138/260330/T003346/Network/000031/well023/qm_unfiltered.xlsx,/mnt/benshalom-nas/analysis/Sadegh/CX138/CX138/260330/T003346/Network/000031/well023/network_results.json,/mnt/benshalom-nas/analysis/Sadegh/CX138/CX138/260330/T003346/Network/000031/well023/tm_curated.xlsx,/mnt/benshalom-nas/analysis/Sadegh/CX138/CX138/260330/T003346/Network/000031/well023/spike_times.npy,/mnt/benshalom-nas/analysis/Sadegh/CX138/CX138/260330/T003346/Network/000031/well023/tm_unfiltered.xlsx,/mnt/benshalom-nas/analysis/Sadegh/CX138/CX138/260330/T003346/Network/000031/well023/rejection_log.xlsx,/mnt/benshalom-nas/analysis/Sadegh/CX138/CX138/260330/T003346/Network/000031/well023/metrics_curated.xlsx,True,True,True,True,True,True,True,110.0,False,,10uM,23,4,6,D6,10uM,2026-03-30,2026-03-30,17,5,post_treatment,1,3,5,4.0,D+3 to D+5
CX138,260401,T003346,000033,well000,/mnt/benshalom-nas/analysis/Sadegh/CX138/CX138/260401/T003346/Network/000033/well000,CX138|260401|T003346|000033|well000,/mnt/benshalom-nas/analysis/Sadegh/CX138/CX138/260401/T003346/Network/000033/well000/qm_unfiltered.xlsx,/mnt/benshalom-nas/analysis/Sadegh/CX138/CX138/260401/T003346/Network/000033/well000/network_results.json,/mnt/benshalom-nas/analysis/Sadegh/CX138/CX138/260401/T003346/Network/000033/well000/tm_curated.xlsx,/mnt/benshalom-nas/analysis/Sadegh/CX138/CX138/260401/T003346/Network/000033/well000/spike_times.npy,/mnt/benshalom-nas/analysis/Sadegh/CX138/CX138/260401/T003346/Network/000033/well000/tm_unfiltered.xlsx,/mnt/benshalom-nas/analysis/Sadegh/CX138/CX138/260401/T003346/Network/000033/well000/rejection_log.xlsx,/mnt/benshalom-nas/analysis/Sadegh/CX138/CX138/260401/T003346/Network/000033/well000/metrics_curated.xlsx,True,True,True,True,True,True,True,81.0,False,,NPH,0,1,1,A1,NPH,2026-04-01,2026-04-01,19,7,post_treatment,2,6,8,7.0,D+6 to D+8
CX138,260401,T003346,000033,well001,/mnt/benshalom-nas/analysis/Sadegh/CX138/CX138/260401/T003346/Network/000033/well001,CX138|260401|T003346|000033|well001,/mnt/benshalom-nas/analysis/Sadegh/CX138/CX138/260401/T003346/Network/000033/well001/qm_unfiltered.xlsx,/mnt/benshalom-nas/analysis/Sadegh/CX138/CX138/260401/T003346/Network/000033/well001/network_results.json,/mnt/benshalom-nas/analysis/Sadegh/CX138/CX138/260401/T003346/Network/000033/well001/tm_curated.xlsx,/mnt/benshalom-nas/analysis/Sadegh/CX138/CX138/260401/T003346/Network/000033/well001/spike_times.npy,/mnt/benshalom-nas/analysis/Sadegh/CX138/CX138/260401/T003346/Network/000033/well001/tm_unfiltered.xlsx,/mnt/benshalom-nas/analysis/Sadegh/CX138/CX138/260401/T003346/Network/000033/well001/rejection_log.xlsx,/mnt/benshalom-nas/analysis/Sadegh/CX138/CX138/260401/T003346/Network/000033/well001/metrics_curated.xlsx,True,True,True,True,True,True,True,80.0,False,,IVH-E,1,1,2,A2,IVH-E,2026-04-01,2026-04-01,19,7,post_treatment,2,6,8,7.0,D+6 to D+8
CX138,260401,T003346,000033,well002,/mnt/benshalom-nas/analysis/Sadegh/CX138/CX138/260401/T003346/Network/000033/well002,CX138|260401|T003346|000033|well002,/mnt/benshalom-nas/analysis/Sadegh/CX138/CX138/260401/T003346/Network/000033/well002/qm_unfiltered.xlsx,/mnt/benshalom-nas/analysis/Sadegh/CX138/CX138/260401/T003346/Network/000033/well002/network_results.json,/mnt/benshalom-nas/analysis/Sadegh/CX138/CX138/260401/T003346/Network/000033/well002/tm_curated.xlsx,/mnt/benshalom-nas/analysis/Sadegh/CX138/CX138/260401/T003346/Network/000033/well002/spike_times.npy,/mnt/benshalom-nas/analysis/Sadegh/CX138/CX138/260401/T003346/Network/000033/well002/tm_unfiltered.xlsx,/mnt/benshalom-nas/analysis/Sadegh/CX138/CX138/260401/T003346/Network/000033/well002/rejection_log.xlsx,/mnt/benshalom-nas/analysis/Sadegh/CX138/CX138/260401/T003346/Network/000033/well002/metrics_curated.xlsx,True,True,True,True,True,True,True,80.0,False,,IVH-L,2,1,3,A3,IVH-L,2026-04-01,2026-04-01,19,7,post_treatment,2,6,8,7.0,D+6 to D+8
CX138,260401,T003346,000033,well003,/mnt/benshalom-nas/analysis/Sadegh/CX138/CX138/260401/T003346/Network/000033/well003,CX138|260401|T003346|000033|well003,/mnt/benshalom-nas/analysis/Sadegh/CX138/CX138/260401/T003346/Network/000033/well003/qm_unfiltered.xlsx,/mnt/benshalom-nas/analysis/Sadegh/CX138/CX138/260401/T003346/Network/000033/well003/network_results.json,/mnt/benshalom-nas/analysis/Sadegh/CX138/CX138/260401/T003346/Network/000033/well003/tm_curated.xlsx,/mnt/benshalom-nas/analysis/Sadegh/CX138/CX138/260401/T003346/Network/000033/well003/spike_times.npy,/mnt/benshalom-nas/analysis/Sadegh/CX138/CX138/260401/T003346/Network/000033/well003/tm_unfiltered.xlsx,/mnt/benshalom-nas/analysis/Sadegh/CX138/CX138/260401/T003346/Network/000033/well003/rejection_log.xlsx,/mnt/benshalom-nas/analysis/Sadegh/CX138/CX138/260401/T003346/Network/000033/well003/metrics_curated.xlsx,True,True,True,True,True,True,True,96.0,False,,CT,3,1,4,A4,CT,2026-04-01,2026-04-01,19,7,post_treatment,2,6,8,7.0,D+6 to D+8
CX138,260401,T003346,000033,well004,/mnt/benshalom-nas/analysis/Sadegh/CX138/CX138/260401/T003346/Network/000033/well004,CX138|260401|T003346|000033|well004,/mnt/benshalom-nas/analysis/Sadegh/CX138/CX138/260401/T003346/Network/000033/well004/qm_unfiltered.xlsx,/mnt/benshalom-nas/analysis/Sadegh/CX138/CX138/260401/T003346/Network/000033/well004/network_results.json,/mnt/benshalom-nas/analysis/Sadegh/CX138/CX138/260401/T003346/Network/000033/well004/tm_curated.xlsx,/mnt/benshalom-nas/analysis/Sadegh/CX138/CX138/260401/T003346/Network/000033/well004/spike_times.npy,/mnt/benshalom-nas/analysis/Sadegh/CX138/CX138/260401/T003346/Network/000033/well004/tm_unfiltered.xlsx,/mnt/benshalom-nas/analysis/Sadegh/CX138/CX138/260401/T003346/Network/000033/well004/rejection_log.xlsx,/mnt/benshalom-nas/analysis/Sadegh/CX138/CX138/260401/T003346/Network/000033/well004/metrics_curated.xlsx,True,True,True,True,True,True,True,136.0,False,,20uM,4,1,5,A5,20uM,2026-04-01,2026-04-01,19,7,post_treatment,2,6,8,7.0,D+6 to D+8
CX138,260401,T003346,000033,well005,/mnt/benshalom-nas/analysis/Sadegh/CX138/CX138/260401/T003346/Network/000033/well005,CX138|260401|T003346|000033|well005,/mnt/benshalom-nas/analysis/Sadegh/CX138/CX138/260401/T003346/Network/000033/well005/qm_unfiltered.xlsx,/mnt/benshalom-nas/analysis/Sadegh/CX138/CX138/260401/T003346/Network/000033/well005/network_results.json,/mnt/benshalom-nas/analysis/Sadegh/CX138/CX138/260401/T003346/Network/000033/well005/tm_curated.xlsx,/mnt/benshalom-nas/analysis/Sadegh/CX138/CX138/260401/T003346/Network/000033/well005/spike_times.npy,/mnt/benshalom-nas/analysis/Sadegh/CX138/CX138/260401/T003346/Network/000033/well005/tm_unfiltered.xlsx,/mnt/benshalom-nas/analysis/Sadegh/CX138/CX138/260401/T003346/Network/000033/well005/rejection_log.xlsx,/mnt/benshalom-nas/analysis/Sadegh/CX138/CX138/260401/T003346/Network/000033/well005/metrics_curated.xlsx,True,True,True,True,True,True,True,124.0,False,,10uM,5,1,6,A6,10uM,2026-04-01,2026-04-01,19,7,post_treatment,2,6,8,7.0,D+6 to D+8
CX138,260401,T003346,000033,well006,/mnt/benshalom-nas/analysis/Sadegh/CX138/CX138/260401/T003346/Network/000033/well006,CX138|260401|T003346|000033|well006,/mnt/benshalom-nas/analysis/Sadegh/CX138/CX138/260401/T003346/Network/000033/well006/qm_unfiltered.xlsx,/mnt/benshalom-nas/analysis/Sadegh/CX138/CX138/260401/T003346/Network/000033/well006/network_results.json,/mnt/benshalom-nas/analysis/Sadegh/CX138/CX138/260401/T003346/Network/000033/well006/tm_curated.xlsx,/mnt/benshalom-nas/analysis/Sadegh/CX138/CX138/260401/T003346/Network/000033/well006/spike_times.npy,/mnt/benshalom-nas/analysis/Sadegh/CX138/CX138/260401/T003346/Network/000033/well006/tm_unfiltered.xlsx,/mnt/benshalom-nas/analysis/Sadegh/CX138/CX138/260401/T003346/Network/000033/well006/rejection_log.xlsx,/mnt/benshalom-nas/analysis/Sadegh/CX138/CX138/260401/T003346/Network/000033/well006/metrics_curated.xlsx,True,True,True,True,True,True,True,59.0,False,,NPH,6,2,1,B1,NPH,2026-04-01,2026-04-01,19,7,post_treatment,2,6,8,7.0,D+6 to D+8
CX138,260401,T003346,000033,well007,/mnt/benshalom-nas/analysis/Sadegh/CX138/CX138/260401/T003346/Network/000033/well007,CX138|260401|T003346|000033|well007,/mnt/benshalom-nas/analysis/Sadegh/CX138/CX138/260401/T003346/Network/000033/well007/qm_unfiltered.xlsx,/mnt/benshalom-nas/analysis/Sadegh/CX138/CX138/260401/T003346/Network/000033/well007/network_results.json,/mnt/benshalom-nas/analysis/Sadegh/CX138/CX138/260401/T003346/Network/000033/well007/tm_curated.xlsx,/mnt/benshalom-nas/analysis/Sadegh/CX138/CX138/260401/T003346/Network/000033/well007/spike_times.npy,/mnt/benshalom-nas/analysis/Sadegh/CX138/CX138/260401/T003346/Network/000033/well007/tm_unfiltered.xlsx,/mnt/benshalom-nas/analysis/Sadegh/CX138/CX138/260401/T003346/Network/000033/well007/rejection_log.xlsx,/mnt/benshalom-nas/analysis/Sadegh/CX138/CX138/260401/T003346/Network/000033/well007/metrics_curated.xlsx,True,True,True,True,True,True,True,18.0,False,,IVH-E,7,2,2,B2,IVH-E,2026-04-01,2026-04-01,19,7,post_treatment,2,6,8,7.0,D+6 to D+8
CX138,260401,T003346,000033,well008,/mnt/benshalom-nas/analysis/Sadegh/CX138/CX138/260401/T003346/Network/000033/well008,CX138|260401|T003346|000033|well008,/mnt/benshalom-nas/analysis/Sadegh/CX138/CX138/260401/T003346/Network/000033/well008/qm_unfiltered.xlsx,/mnt/benshalom-nas/analysis/Sadegh/CX138/CX138/260401/T003346/Network/000033/well008/network_results.json,/mnt/benshalom-nas/analysis/Sadegh/CX138/CX138/260401/T003346/Network/000033/well008/tm_curated.xlsx,/mnt/benshalom-nas/analysis/Sadegh/CX138/CX138/260401/T003346/Network/000033/well008/spike_times.npy,/mnt/benshalom-nas/analysis/Sadegh/CX138/CX138/260401/T003346/Network/000033/well008/tm_unfiltered.xlsx,/mnt/benshalom-nas/analysis/Sadegh/CX138/CX138/260401/T003346/Network/000033/well008/rejection_log.xlsx,/mnt/benshalom-nas/analysis/Sadegh/CX138/CX138/260401/T003346/Network/000033/well008/metrics_curated.xlsx,True,True,True,True,True,True,True,186.0,False,,IVH-L,8,2,3,B3,IVH-L,2026-04-01,2026-04-01,19,7,post_treatment,2,6,8,7.0,D+6 to D+8
CX138,260401,T003346,000033,well009,/mnt/benshalom-nas/analysis/Sadegh/CX138/CX138/260401/T003346/Network/000033/well009,CX138|260401|T003346|000033|well009,/mnt/benshalom-nas/analysis/Sadegh/CX138/CX138/260401/T003346/Network/000033/well009/qm_unfiltered.xlsx,/mnt/benshalom-nas/analysis/Sadegh/CX138/CX138/260401/T003346/Network/000033/well009/network_results.json,/mnt/benshalom-nas/analysis/Sadegh/CX138/CX138/260401/T003346/Network/000033/well009/tm_curated.xlsx,/mnt/benshalom-nas/analysis/Sadegh/CX138/CX138/260401/T003346/Network/000033/well009/spike_times.npy,/mnt/benshalom-nas/analysis/Sadegh/CX138/CX138/260401/T003346/Network/000033/well009/tm_unfiltered.xlsx,/mnt/benshalom-nas/analysis/Sadegh/CX138/CX138/260401/T003346/Network/000033/well009/rejection_log.xlsx,/mnt/benshalom-nas/analysis/Sadegh/CX138/CX138/260401/T003346/Network/000033/well009/metrics_curated.xlsx,True,True,True,True,True,True,True,53.0,False,,CT,9,2,4,B4,CT,2026-04-01,2026-04-01,19,7,post_treatment,2,6,8,7.0,D+6 to D+8
CX138,260401,T003346,000033,well010,/mnt/benshalom-nas/analysis/Sadegh/CX138/CX138/260401/T003346/Network/000033/well010,CX138|260401|T003346|000033|well010,/mnt/benshalom-nas/analysis/Sadegh/CX138/CX138/260401/T003346/Network/000033/well010/qm_unfiltered.xlsx,/mnt/benshalom-nas/analysis/Sadegh/CX138/CX138/260401/T003346/Network/000033/well010/network_results.json,/mnt/benshalom-nas/analysis/Sadegh/CX138/CX138/260401/T003346/Network/000033/well010/tm_curated.xlsx,/mnt/benshalom-nas/analysis/Sadegh/CX138/CX138/260401/T003346/Network/000033/well010/spike_times.npy,/mnt/benshalom-nas/analysis/Sadegh/CX138/CX138/260401/T003346/Network/000033/well010/tm_unfiltered.xlsx,/mnt/benshalom-nas/analysis/Sadegh/CX138/CX138/260401/T003346/Network/000033/well010/rejection_log.xlsx,/mnt/benshalom-nas/analysis/Sadegh/CX138/CX138/260401/T003346/Network/000033/well010/metrics_curated.xlsx,True,True,True,True,True,True,True,165.0,False,,20uM,10,2,5,B5,20uM,2026-04-01,2026-04-01,19,7,post_treatment,2,6,8,7.0,D+6 to D+8
CX138,260401,T003346,000033,well011,/mnt/benshalom-nas/analysis/Sadegh/CX138/CX138/260401/T003346/Network/000033/well011,CX138|260401|T003346|000033|well011,/mnt/benshalom-nas/analysis/Sadegh/CX138/CX138/260401/T003346/Network/000033/well011/qm_unfiltered.xlsx,/mnt/benshalom-nas/analysis/Sadegh/CX138/CX138/260401/T003346/Network/000033/well011/network_results.json,/mnt/benshalom-nas/analysis/Sadegh/CX138/CX138/260401/T003346/Network/000033/well011/tm_curated.xlsx,/mnt/benshalom-nas/analysis/Sadegh/CX138/CX138/260401/T003346/Network/000033/well011/spike_times.npy,/mnt/benshalom-nas/analysis/Sadegh/CX138/CX138/260401/T003346/Network/000033/well011/tm_unfiltered.xlsx,/mnt/benshalom-nas/analysis/Sadegh/CX138/CX138/260401/T003346/Network/000033/well011/rejection_log.xlsx,/mnt/benshalom-nas/analysis/Sadegh/CX138/CX138/260401/T003346/Network/000033/well011/metrics_curated.xlsx,True,True,True,True,True,True,True,141.0,False,,10uM,11,2,6,B6,10uM,2026-04-01,2026-04-01,19,7,post_treatment,2,6,8,7.0,D+6 to D+8
CX138,260401,T003346,000033,well012,/mnt/benshalom-nas/analysis/Sadegh/CX138/CX138/260401/T003346/Network/000033/well012,CX138|260401|T003346|000033|well012,/mnt/benshalom-nas/analysis/Sadegh/CX138/CX138/260401/T003346/Network/000033/well012/qm_unfiltered.xlsx,/mnt/benshalom-nas/analysis/Sadegh/CX138/CX138/260401/T003346/Network/000033/well012/network_results.json,/mnt/benshalom-nas/analysis/Sadegh/CX138/CX138/260401/T003346/Network/000033/well012/tm_curated.xlsx,/mnt/benshalom-nas/analysis/Sadegh/CX138/CX138/260401/T003346/Network/000033/well012/spike_times.npy,/mnt/benshalom-nas/analysis/Sadegh/CX138/CX138/260401/T003346/Network/000033/well012/tm_unfiltered.xlsx,/mnt/benshalom-nas/analysis/Sadegh/CX138/CX138/260401/T003346/Network/000033/well012/rejection_log.xlsx,/mnt/benshalom-nas/analysis/Sadegh/CX138/CX138/260401/T003346/Network/000033/well012/metrics_curated.xlsx,True,True,True,True,True,True,True,99.0,False,,NPH,12,3,1,C1,NPH,2026-04-01,2026-04-01,19,7,post_treatment,2,6,8,7.0,D+6 to D+8
CX138,260401,T003346,000033,well013,/mnt/benshalom-nas/analysis/Sadegh/CX138/CX138/260401/T003346/Network/000033/well013,CX138|260401|T003346|000033|well013,/mnt/benshalom-nas/analysis/Sadegh/CX138/CX138/260401/T003346/Network/000033/well013/qm_unfiltered.xlsx,/mnt/benshalom-nas/analysis/Sadegh/CX138/CX138/260401/T003346/Network/000033/well013/network_results.json,/mnt/benshalom-nas/analysis/Sadegh/CX138/CX138/260401/T003346/Network/000033/well013/tm_curated.xlsx,/mnt/benshalom-nas/analysis/Sadegh/CX138/CX138/260401/T003346/Network/000033/well013/spike_times.npy,/mnt/benshalom-nas/analysis/Sadegh/CX138/CX138/260401/T003346/Network/000033/well013/tm_unfiltered.xlsx,/mnt/benshalom-nas/analysis/Sadegh/CX138/CX138/260401/T003346/Network/000033/well013/rejection_log.xlsx,/mnt/benshalom-nas/analysis/Sadegh/CX138/CX138/260401/T003346/Network/000033/well013/metrics_curated.xlsx,True,True,True,True,True,True,True,117.0,False,,IVH-E,13,3,2,C2,IVH-E,2026-04-01,2026-04-01,19,7,post_treatment,2,6,8,7.0,D+6 to D+8
CX138,260401,T003346,000033,well014,/mnt/benshalom-nas/analysis/Sadegh/CX138/CX138/260401/T003346/Network/000033/well014,CX138|260401|T003346|000033|well014,/mnt/benshalom-nas/analysis/Sadegh/CX138/CX138/260401/T003346/Network/000033/well014/qm_unfiltered.xlsx,/mnt/benshalom-nas/analysis/Sadegh/CX138/CX138/260401/T003346/Network/000033/well014/network_results.json,/mnt/benshalom-nas/analysis/Sadegh/CX138/CX138/260401/T003346/Network/000033/well014/tm_curated.xlsx,/mnt/benshalom-nas/analysis/Sadegh/CX138/CX138/260401/T003346/Network/000033/well014/spike_times.npy,/mnt/benshalom-nas/analysis/Sadegh/CX138/CX138/260401/T003346/Network/000033/well014/tm_unfiltered.xlsx,/mnt/benshalom-nas/analysis/Sadegh/CX138/CX138/260401/T003346/Network/000033/well014/rejection_log.xlsx,/mnt/benshalom-nas/analysis/Sadegh/CX138/CX138/260401/T003346/Network/000033/well014/metrics_curated.xlsx,True,True,True,True,True,True,True,161.0,False,,IVH-L,14,3,3,C3,IVH-L,2026-04-01,2026-04-01,19,7,post_treatment,2,6,8,7.0,D+6 to D+8
CX138,260401,T003346,000033,well015,/mnt/benshalom-nas/analysis/Sadegh/CX138/CX138/260401/T003346/Network/000033/well015,CX138|260401|T003346|000033|well015,/mnt/benshalom-nas/analysis/Sadegh/CX138/CX138/260401/T003346/Network/000033/well015/qm_unfiltered.xlsx,/mnt/benshalom-nas/analysis/Sadegh/CX138/CX138/260401/T003346/Network/000033/well015/network_results.json,/mnt/benshalom-nas/analysis/Sadegh/CX138/CX138/260401/T003346/Network/000033/well015/tm_curated.xlsx,/mnt/benshalom-nas/analysis/Sadegh/CX138/CX138/260401/T003346/Network/000033/well015/spike_times.npy,/mnt/benshalom-nas/analysis/Sadegh/CX138/CX138/260401/T003346/Network/000033/well015/tm_unfiltered.xlsx,/mnt/benshalom-nas/analysis/Sadegh/CX138/CX138/260401/T003346/Network/000033/well015/rejection_log.xlsx,/mnt/benshalom-nas/analysis/Sadegh/CX138/CX138/260401/T003346/Network/000033/well015/metrics_curated.xlsx,True,True,True,True,True,True,True,115.0,False,,CT,15,3,4,C4,CT,2026-04-01,2026-04-01,19,7,post_treatment,2,6,8,7.0,D+6 to D+8
CX138,260401,T003346,000033,well016,/mnt/benshalom-nas/analysis/Sadegh/CX138/CX138/260401/T003346/Network/000033/well016,CX138|260401|T003346|000033|well016,/mnt/benshalom-nas/analysis/Sadegh/CX138/CX138/260401/T003346/Network/000033/well016/qm_unfiltered.xlsx,/mnt/benshalom-nas/analysis/Sadegh/CX138/CX138/260401/T003346/Network/000033/well016/network_results.json,/mnt/benshalom-nas/analysis/Sadegh/CX138/CX138/260401/T003346/Network/000033/well016/tm_curated.xlsx,/mnt/benshalom-nas/analysis/Sadegh/CX138/CX138/260401/T003346/Network/000033/well016/spike_times.npy,/mnt/benshalom-nas/analysis/Sadegh/CX138/CX138/260401/T003346/Network/000033/well016/tm_unfiltered.xlsx,/mnt/benshalom-nas/analysis/Sadegh/CX138/CX138/260401/T003346/Network/000033/well016/rejection_log.xlsx,/mnt/benshalom-nas/analysis/Sadegh/CX138/CX138/260401/T003346/Network/000033/well016/metrics_curated.xlsx,True,True,True,True,True,True,True,154.0,False,,20uM,16,3,5,C5,20uM,2026-04-01,2026-04-01,19,7,post_treatment,2,6,8,7.0,D+6 to D+8
CX138,260401,T003346,000033,well017,/mnt/benshalom-nas/analysis/Sadegh/CX138/CX138/260401/T003346/Network/000033/well017,CX138|260401|T003346|000033|well017,/mnt/benshalom-nas/analysis/Sadegh/CX138/CX138/260401/T003346/Network/000033/well017/qm_unfiltered.xlsx,/mnt/benshalom-nas/analysis/Sadegh/CX138/CX138/260401/T003346/Network/000033/well017/network_results.json,/mnt/benshalom-nas/analysis/Sadegh/CX138/CX138/260401/T003346/Network/000033/well017/tm_curated.xlsx,/mnt/benshalom-nas/analysis/Sadegh/CX138/CX138/260401/T003346/Network/000033/well017/spike_times.npy,/mnt/benshalom-nas/analysis/Sadegh/CX138/CX138/260401/T003346/Network/000033/well017/tm_unfiltered.xlsx,/mnt/benshalom-nas/analysis/Sadegh/CX138/CX138/260401/T003346/Network/000033/well017/rejection_log.xlsx,/mnt/benshalom-nas/analysis/Sadegh/CX138/CX138/260401/T003346/Network/000033/well017/metrics_curated.xlsx,True,True,True,True,True,True,True,123.0,False,,10uM,17,3,6,C6,10uM,2026-04-01,2026-04-01,19,7,post_treatment,2,6,8,7.0,D+6 to D+8
CX138,260401,T003346,000033,well018,/mnt/benshalom-nas/analysis/Sadegh/CX138/CX138/260401/T003346/Network/000033/well018,CX138|260401|T003346|000033|well018,/mnt/benshalom-nas/analysis/Sadegh/CX138/CX138/260401/T003346/Network/000033/well018/qm_unfiltered.xlsx,/mnt/benshalom-nas/analysis/Sadegh/CX138/CX138/260401/T003346/Network/000033/well018/network_results.json,/mnt/benshalom-nas/analysis/Sadegh/CX138/CX138/260401/T003346/Network/000033/well018/tm_curated.xlsx,/mnt/benshalom-nas/analysis/Sadegh/CX138/CX138/260401/T003346/Network/000033/well018/spike_times.npy,/mnt/benshalom-nas/analysis/Sadegh/CX138/CX138/260401/T003346/Network/000033/well018/tm_unfiltered.xlsx,/mnt/benshalom-nas/analysis/Sadegh/CX138/CX138/260401/T003346/Network/000033/well018/rejection_log.xlsx,/mnt/benshalom-nas/analysis/Sadegh/CX138/CX138/260401/T003346/Network/000033/well018/metrics_curated.xlsx,True,True,True,True,True,True,True,72.0,False,,NPH,18,4,1,D1,NPH,2026-04-01,2026-04-01,19,7,post_treatment,2,6,8,7.0,D+6 to D+8
CX138,260401,T003346,000033,well019,/mnt/benshalom-nas/analysis/Sadegh/CX138/CX138/260401/T003346/Network/000033/well019,CX138|260401|T003346|000033|well019,/mnt/benshalom-nas/analysis/Sadegh/CX138/CX138/260401/T003346/Network/000033/well019/qm_unfiltered.xlsx,/mnt/benshalom-nas/analysis/Sadegh/CX138/CX138/260401/T003346/Network/000033/well019/network_results.json,/mnt/benshalom-nas/analysis/Sadegh/CX138/CX138/260401/T003346/Network/000033/well019/tm_curated.xlsx,/mnt/benshalom-nas/analysis/Sadegh/CX138/CX138/260401/T003346/Network/000033/well019/spike_times.npy,/mnt/benshalom-nas/analysis/Sadegh/CX138/CX138/260401/T003346/Network/000033/well019/tm_unfiltered.xlsx,/mnt/benshalom-nas/analysis/Sadegh/CX138/CX138/260401/T003346/Network/000033/well019/rejection_log.xlsx,/mnt/benshalom-nas/analysis/Sadegh/CX138/CX138/260401/T003346/Network/000033/well019/metrics_curated.xlsx,True,True,True,True,True,True,True,3.0,False,,IVH-E,19,4,2,D2,IVH-E,2026-04-01,2026-04-01,19,7,post_treatment,2,6,8,7.0,D+6 to D+8
CX138,260401,T003346,000033,well020,/mnt/benshalom-nas/analysis/Sadegh/CX138/CX138/260401/T003346/Network/000033/well020,CX138|260401|T003346|000033|well020,/mnt/benshalom-nas/analysis/Sadegh/CX138/CX138/260401/T003346/Network/000033/well020/qm_unfiltered.xlsx,/mnt/benshalom-nas/analysis/Sadegh/CX138/CX138/260401/T003346/Network/000033/well020/network_results.json,/mnt/benshalom-nas/analysis/Sadegh/CX138/CX138/260401/T003346/Network/000033/well020/tm_curated.xlsx,/mnt/benshalom-nas/analysis/Sadegh/CX138/CX138/260401/T003346/Network/000033/well020/spike_times.npy,/mnt/benshalom-nas/analysis/Sadegh/CX138/CX138/260401/T003346/Network/000033/well020/tm_unfiltered.xlsx,/mnt/benshalom-nas/analysis/Sadegh/CX138/CX138/260401/T003346/Network/000033/well020/rejection_log.xlsx,/mnt/benshalom-nas/analysis/Sadegh/CX138/CX138/260401/T003346/Network/000033/well020/metrics_curated.xlsx,True,True,True,True,True,True,True,109.0,False,,IVH-L,20,4,3,D3,IVH-L,2026-04-01,2026-04-01,19,7,post_treatment,2,6,8,7.0,D+6 to D+8
CX138,260401,T003346,000033,well021,/mnt/benshalom-nas/analysis/Sadegh/CX138/CX138/260401/T003346/Network/000033/well021,CX138|260401|T003346|000033|well021,/mnt/benshalom-nas/analysis/Sadegh/CX138/CX138/260401/T003346/Network/000033/well021/qm_unfiltered.xlsx,/mnt/benshalom-nas/analysis/Sadegh/CX138/CX138/260401/T003346/Network/000033/well021/network_results.json,/mnt/benshalom-nas/analysis/Sadegh/CX138/CX138/260401/T003346/Network/000033/well021/tm_curated.xlsx,/mnt/benshalom-nas/analysis/Sadegh/CX138/CX138/260401/T003346/Network/000033/well021/spike_times.npy,/mnt/benshalom-nas/analysis/Sadegh/CX138/CX138/260401/T003346/Network/000033/well021/tm_unfiltered.xlsx,/mnt/benshalom-nas/analysis/Sadegh/CX138/CX138/260401/T003346/Network/000033/well021/rejection_log.xlsx,/mnt/benshalom-nas/analysis/Sadegh/CX138/CX138/260401/T003346/Network/000033/well021/metrics_curated.xlsx,True,True,True,True,True,True,True,103.0,False,,CT,21,4,4,D4,CT,2026-04-01,2026-04-01,19,7,post_treatment,2,6,8,7.0,D+6 to D+8
CX138,260401,T003346,000033,well023,/mnt/benshalom-nas/analysis/Sadegh/CX138/CX138/260401/T003346/Network/000033/well023,CX138|260401|T003346|000033|well023,/mnt/benshalom-nas/analysis/Sadegh/CX138/CX138/260401/T003346/Network/000033/well023/qm_unfiltered.xlsx,/mnt/benshalom-nas/analysis/Sadegh/CX138/CX138/260401/T003346/Network/000033/well023/network_results.json,/mnt/benshalom-nas/analysis/Sadegh/CX138/CX138/260401/T003346/Network/000033/well023/tm_curated.xlsx,/mnt/benshalom-nas/analysis/Sadegh/CX138/CX138/260401/T003346/Network/000033/well023/spike_times.npy,/mnt/benshalom-nas/analysis/Sadegh/CX138/CX138/260401/T003346/Network/000033/well023/tm_unfiltered.xlsx,/mnt/benshalom-nas/analysis/Sadegh/CX138/CX138/260401/T003346/Network/000033/well023/rejection_log.xlsx,/mnt/benshalom-nas/analysis/Sadegh/CX138/CX138/260401/T003346/Network/000033/well023/metrics_curated.xlsx,True,True,True,True,True,True,True,130.0,False,,10uM,23,4,6,D6,10uM,2026-04-01,2026-04-01,19,7,post_treatment,2,6,8,7.0,D+6 to D+8
CX138,260402,T003346,000035,well000,/mnt/benshalom-nas/analysis/Sadegh/CX138/CX138/260402/T003346/Network/000035/well000,CX138|260402|T003346|000035|well000,/mnt/benshalom-nas/analysis/Sadegh/CX138/CX138/260402/T003346/Network/000035/well000/qm_unfiltered.xlsx,/mnt/benshalom-nas/analysis/Sadegh/CX138/CX138/260402/T003346/Network/000035/well000/network_results.json,/mnt/benshalom-nas/analysis/Sadegh/CX138/CX138/260402/T003346/Network/000035/well000/tm_curated.xlsx,/mnt/benshalom-nas/analysis/Sadegh/CX138/CX138/260402/T003346/Network/000035/well000/spike_times.npy,/mnt/benshalom-nas/analysis/Sadegh/CX138/CX138/260402/T003346/Network/000035/well000/tm_unfiltered.xlsx,/mnt/benshalom-nas/analysis/Sadegh/CX138/CX138/260402/T003346/Network/000035/well000/rejection_log.xlsx,/mnt/benshalom-nas/analysis/Sadegh/CX138/CX138/260402/T003346/Network/000035/well000/metrics_curated.xlsx,True,True,True,True,True,True,True,75.0,False,,NPH,0,1,1,A1,NPH,2026-04-02,2026-04-02,20,8,post_treatment,2,6,8,7.0,D+6 to D+8
CX138,260402,T003346,000035,well001,/mnt/benshalom-nas/analysis/Sadegh/CX138/CX138/260402/T003346/Network/000035/well001,CX138|260402|T003346|000035|well001,/mnt/benshalom-nas/analysis/Sadegh/CX138/CX138/260402/T003346/Network/000035/well001/qm_unfiltered.xlsx,/mnt/benshalom-nas/analysis/Sadegh/CX138/CX138/260402/T003346/Network/000035/well001/network_results.json,/mnt/benshalom-nas/analysis/Sadegh/CX138/CX138/260402/T003346/Network/000035/well001/tm_curated.xlsx,/mnt/benshalom-nas/analysis/Sadegh/CX138/CX138/260402/T003346/Network/000035/well001/spike_times.npy,/mnt/benshalom-nas/analysis/Sadegh/CX138/CX138/260402/T003346/Network/000035/well001/tm_unfiltered.xlsx,/mnt/benshalom-nas/analysis/Sadegh/CX138/CX138/260402/T003346/Network/000035/well001/rejection_log.xlsx,/mnt/benshalom-nas/analysis/Sadegh/CX138/CX138/260402/T003346/Network/000035/well001/metrics_curated.xlsx,True,True,True,True,True,True,True,51.0,False,,IVH-E,1,1,2,A2,IVH-E,2026-04-02,2026-04-02,20,8,post_treatment,2,6,8,7.0,D+6 to D+8
CX138,260402,T003346,000035,well002,/mnt/benshalom-nas/analysis/Sadegh/CX138/CX138/260402/T003346/Network/000035/well002,CX138|260402|T003346|000035|well002,/mnt/benshalom-nas/analysis/Sadegh/CX138/CX138/260402/T003346/Network/000035/well002/qm_unfiltered.xlsx,/mnt/benshalom-nas/analysis/Sadegh/CX138/CX138/260402/T003346/Network/000035/well002/network_results.json,/mnt/benshalom-nas/analysis/Sadegh/CX138/CX138/260402/T003346/Network/000035/well002/tm_curated.xlsx,/mnt/benshalom-nas/analysis/Sadegh/CX138/CX138/260402/T003346/Network/000035/well002/spike_times.npy,/mnt/benshalom-nas/analysis/Sadegh/CX138/CX138/260402/T003346/Network/000035/well002/tm_unfiltered.xlsx,/mnt/benshalom-nas/analysis/Sadegh/CX138/CX138/260402/T003346/Network/000035/well002/rejection_log.xlsx,/mnt/benshalom-nas/analysis/Sadegh/CX138/CX138/260402/T003346/Network/000035/well002/metrics_curated.xlsx,True,True,True,True,True,True,True,40.0,False,,IVH-L,2,1,3,A3,IVH-L,2026-04-02,2026-04-02,20,8,post_treatment,2,6,8,7.0,D+6 to D+8
CX138,260402,T003346,000035,well003,/mnt/benshalom-nas/analysis/Sadegh/CX138/CX138/260402/T003346/Network/000035/well003,CX138|260402|T003346|000035|well003,/mnt/benshalom-nas/analysis/Sadegh/CX138/CX138/260402/T003346/Network/000035/well003/qm_unfiltered.xlsx,/mnt/benshalom-nas/analysis/Sadegh/CX138/CX138/260402/T003346/Network/000035/well003/network_results.json,/mnt/benshalom-nas/analysis/Sadegh/CX138/CX138/260402/T003346/Network/000035/well003/tm_curated.xlsx,/mnt/benshalom-nas/analysis/Sadegh/CX138/CX138/260402/T003346/Network/000035/well003/spike_times.npy,/mnt/benshalom-nas/analysis/Sadegh/CX138/CX138/260402/T003346/Network/000035/well003/tm_unfiltered.xlsx,/mnt/benshalom-nas/analysis/Sadegh/CX138/CX138/260402/T003346/Network/000035/well003/rejection_log.xlsx,/mnt/benshalom-nas/analysis/Sadegh/CX138/CX138/260402/T003346/Network/000035/well003/metrics_curated.xlsx,True,True,True,True,True,True,True,110.0,False,,CT,3,1,4,A4,CT,2026-04-02,2026-04-02,20,8,post_treatment,2,6,8,7.0,D+6 to D+8
CX138,260402,T003346,000035,well004,/mnt/benshalom-nas/analysis/Sadegh/CX138/CX138/260402/T003346/Network/000035/well004,CX138|260402|T003346|000035|well004,/mnt/benshalom-nas/analysis/Sadegh/CX138/CX138/260402/T003346/Network/000035/well004/qm_unfiltered.xlsx,/mnt/benshalom-nas/analysis/Sadegh/CX138/CX138/260402/T003346/Network/000035/well004/network_results.json,/mnt/benshalom-nas/analysis/Sadegh/CX138/CX138/260402/T003346/Network/000035/well004/tm_curated.xlsx,/mnt/benshalom-nas/analysis/Sadegh/CX138/CX138/260402/T003346/Network/000035/well004/spike_times.npy,/mnt/benshalom-nas/analysis/Sadegh/CX138/CX138/260402/T003346/Network/000035/well004/tm_unfiltered.xlsx,/mnt/benshalom-nas/analysis/Sadegh/CX138/CX138/260402/T003346/Network/000035/well004/rejection_log.xlsx,/mnt/benshalom-nas/analysis/Sadegh/CX138/CX138/260402/T003346/Network/000035/well004/metrics_curated.xlsx,True,True,True,True,True,True,True,97.0,False,,20uM,4,1,5,A5,20uM,2026-04-02,2026-04-02,20,8,post_treatment,2,6,8,7.0,D+6 to D+8
CX138,260402,T003346,000035,well005,/mnt/benshalom-nas/analysis/Sadegh/CX138/CX138/260402/T003346/Network/000035/well005,CX138|260402|T003346|000035|well005,/mnt/benshalom-nas/analysis/Sadegh/CX138/CX138/260402/T003346/Network/000035/well005/qm_unfiltered.xlsx,/mnt/benshalom-nas/analysis/Sadegh/CX138/CX138/260402/T003346/Network/000035/well005/network_results.json,/mnt/benshalom-nas/analysis/Sadegh/CX138/CX138/260402/T003346/Network/000035/well005/tm_curated.xlsx,/mnt/benshalom-nas/analysis/Sadegh/CX138/CX138/260402/T003346/Network/000035/well005/spike_times.npy,/mnt/benshalom-nas/analysis/Sadegh/CX138/CX138/260402/T003346/Network/000035/well005/tm_unfiltered.xlsx,/mnt/benshalom-nas/analysis/Sadegh/CX138/CX138/260402/T003346/Network/000035/well005/rejection_log.xlsx,/mnt/benshalom-nas/analysis/Sadegh/CX138/CX138/260402/T003346/Network/000035/well005/metrics_curated.xlsx,True,True,True,True,True,True,True,153.0,False,,10uM,5,1,6,A6,10uM,2026-04-02,2026-04-02,20,8,post_treatment,2,6,8,7.0,D+6 to D+8
CX138,260402,T003346,000035,well006,/mnt/benshalom-nas/analysis/Sadegh/CX138/CX138/260402/T003346/Network/000035/well006,CX138|260402|T003346|000035|well006,/mnt/benshalom-nas/analysis/Sadegh/CX138/CX138/260402/T003346/Network/000035/well006/qm_unfiltered.xlsx,/mnt/benshalom-nas/analysis/Sadegh/CX138/CX138/260402/T003346/Network/000035/well006/network_results.json,/mnt/benshalom-nas/analysis/Sadegh/CX138/CX138/260402/T003346/Network/000035/well006/tm_curated.xlsx,/mnt/benshalom-nas/analysis/Sadegh/CX138/CX138/260402/T003346/Network/000035/well006/spike_times.npy,/mnt/benshalom-nas/analysis/Sadegh/CX138/CX138/260402/T003346/Network/000035/well006/tm_unfiltered.xlsx,/mnt/benshalom-nas/analysis/Sadegh/CX138/CX138/260402/T003346/Network/000035/well006/rejection_log.xlsx,/mnt/benshalom-nas/analysis/Sadegh/CX138/CX138/260402/T003346/Network/000035/well006/metrics_curated.xlsx,True,True,True,True,True,True,True,51.0,False,,NPH,6,2,1,B1,NPH,2026-04-02,2026-04-02,20,8,post_treatment,2,6,8,7.0,D+6 to D+8
CX138,260402,T003346,000035,well007,/mnt/benshalom-nas/analysis/Sadegh/CX138/CX138/260402/T003346/Network/000035/well007,CX138|260402|T003346|000035|well007,/mnt/benshalom-nas/analysis/Sadegh/CX138/CX138/260402/T003346/Network/000035/well007/qm_unfiltered.xlsx,/mnt/benshalom-nas/analysis/Sadegh/CX138/CX138/260402/T003346/Network/000035/well007/network_results.json,/mnt/benshalom-nas/analysis/Sadegh/CX138/CX138/260402/T003346/Network/000035/well007/tm_curated.xlsx,/mnt/benshalom-nas/analysis/Sadegh/CX138/CX138/260402/T003346/Network/000035/well007/spike_times.npy,/mnt/benshalom-nas/analysis/Sadegh/CX138/CX138/260402/T003346/Network/000035/well007/tm_unfiltered.xlsx,/mnt/benshalom-nas/analysis/Sadegh/CX138/CX138/260402/T003346/Network/000035/well007/rejection_log.xlsx,/mnt/benshalom-nas/analysis/Sadegh/CX138/CX138/260402/T003346/Network/000035/well007/metrics_curated.xlsx,True,True,True,True,True,True,True,17.0,False,,IVH-E,7,2,2,B2,IVH-E,2026-04-02,2026-04-02,20,8,post_treatment,2,6,8,7.0,D+6 to D+8
CX138,260402,T003346,000035,well008,/mnt/benshalom-nas/analysis/Sadegh/CX138/CX138/260402/T003346/Network/000035/well008,CX138|260402|T003346|000035|well008,/mnt/benshalom-nas/analysis/Sadegh/CX138/CX138/260402/T003346/Network/000035/well008/qm_unfiltered.xlsx,/mnt/benshalom-nas/analysis/Sadegh/CX138/CX138/260402/T003346/Network/000035/well008/network_results.json,/mnt/benshalom-nas/analysis/Sadegh/CX138/CX138/260402/T003346/Network/000035/well008/tm_curated.xlsx,/mnt/benshalom-nas/analysis/Sadegh/CX138/CX138/260402/T003346/Network/000035/well008/spike_times.npy,/mnt/benshalom-nas/analysis/Sadegh/CX138/CX138/260402/T003346/Network/000035/well008/tm_unfiltered.xlsx,/mnt/benshalom-nas/analysis/Sadegh/CX138/CX138/260402/T003346/Network/000035/well008/rejection_log.xlsx,/mnt/benshalom-nas/analysis/Sadegh/CX138/CX138/260402/T003346/Network/000035/well008/metrics_curated.xlsx,True,True,True,True,True,True,True,82.0,False,,IVH-L,8,2,3,B3,IVH-L,2026-04-02,2026-04-02,20,8,post_treatment,2,6,8,7.0,D+6 to D+8
CX138,260402,T003346,000035,well009,/mnt/benshalom-nas/analysis/Sadegh/CX138/CX138/260402/T003346/Network/000035/well009,CX138|260402|T003346|000035|well009,/mnt/benshalom-nas/analysis/Sadegh/CX138/CX138/260402/T003346/Network/000035/well009/qm_unfiltered.xlsx,/mnt/benshalom-nas/analysis/Sadegh/CX138/CX138/260402/T003346/Network/000035/well009/network_results.json,/mnt/benshalom-nas/analysis/Sadegh/CX138/CX138/260402/T003346/Network/000035/well009/tm_curated.xlsx,/mnt/benshalom-nas/analysis/Sadegh/CX138/CX138/260402/T003346/Network/000035/well009/spike_times.npy,/mnt/benshalom-nas/analysis/Sadegh/CX138/CX138/260402/T003346/Network/000035/well009/tm_unfiltered.xlsx,/mnt/benshalom-nas/analysis/Sadegh/CX138/CX138/260402/T003346/Network/000035/well009/rejection_log.xlsx,/mnt/benshalom-nas/analysis/Sadegh/CX138/CX138/260402/T003346/Network/000035/well009/metrics_curated.xlsx,True,True,True,True,True,True,True,39.0,False,,CT,9,2,4,B4,CT,2026-04-02,2026-04-02,20,8,post_treatment,2,6,8,7.0,D+6 to D+8
CX138,260402,T003346,000035,well010,/mnt/benshalom-nas/analysis/Sadegh/CX138/CX138/260402/T003346/Network/000035/well010,CX138|260402|T003346|000035|well010,/mnt/benshalom-nas/analysis/Sadegh/CX138/CX138/260402/T003346/Network/000035/well010/qm_unfiltered.xlsx,/mnt/benshalom-nas/analysis/Sadegh/CX138/CX138/260402/T003346/Network/000035/well010/network_results.json,/mnt/benshalom-nas/analysis/Sadegh/CX138/CX138/260402/T003346/Network/000035/well010/tm_curated.xlsx,/mnt/benshalom-nas/analysis/Sadegh/CX138/CX138/260402/T003346/Network/000035/well010/spike_times.npy,/mnt/benshalom-nas/analysis/Sadegh/CX138/CX138/260402/T003346/Network/000035/well010/tm_unfiltered.xlsx,/mnt/benshalom-nas/analysis/Sadegh/CX138/CX138/260402/T003346/Network/000035/well010/rejection_log.xlsx,/mnt/benshalom-nas/analysis/Sadegh/CX138/CX138/260402/T003346/Network/000035/well010/metrics_curated.xlsx,True,True,True,True,True,True,True,163.0,False,,20uM,10,2,5,B5,20uM,2026-04-02,2026-04-02,20,8,post_treatment,2,6,8,7.0,D+6 to D+8
CX138,260402,T003346,000035,well011,/mnt/benshalom-nas/analysis/Sadegh/CX138/CX138/260402/T003346/Network/000035/well011,CX138|260402|T003346|000035|well011,/mnt/benshalom-nas/analysis/Sadegh/CX138/CX138/260402/T003346/Network/000035/well011/qm_unfiltered.xlsx,/mnt/benshalom-nas/analysis/Sadegh/CX138/CX138/260402/T003346/Network/000035/well011/network_results.json,/mnt/benshalom-nas/analysis/Sadegh/CX138/CX138/260402/T003346/Network/000035/well011/tm_curated.xlsx,/mnt/benshalom-nas/analysis/Sadegh/CX138/CX138/260402/T003346/Network/000035/well011/spike_times.npy,/mnt/benshalom-nas/analysis/Sadegh/CX138/CX138/260402/T003346/Network/000035/well011/tm_unfiltered.xlsx,/mnt/benshalom-nas/analysis/Sadegh/CX138/CX138/260402/T003346/Network/000035/well011/rejection_log.xlsx,/mnt/benshalom-nas/analysis/Sadegh/CX138/CX138/260402/T003346/Network/000035/well011/metrics_curated.xlsx,True,True,True,True,True,True,True,151.0,False,,10uM,11,2,6,B6,10uM,2026-04-02,2026-04-02,20,8,post_treatment,2,6,8,7.0,D+6 to D+8
CX138,260402,T003346,000035,well012,/mnt/benshalom-nas/analysis/Sadegh/CX138/CX138/260402/T003346/Network/000035/well012,CX138|260402|T003346|000035|well012,/mnt/benshalom-nas/analysis/Sadegh/CX138/CX138/260402/T003346/Network/000035/well012/qm_unfiltered.xlsx,/mnt/benshalom-nas/analysis/Sadegh/CX138/CX138/260402/T003346/Network/000035/well012/network_results.json,/mnt/benshalom-nas/analysis/Sadegh/CX138/CX138/260402/T003346/Network/000035/well012/tm_curated.xlsx,/mnt/benshalom-nas/analysis/Sadegh/CX138/CX138/260402/T003346/Network/000035/well012/spike_times.npy,/mnt/benshalom-nas/analysis/Sadegh/CX138/CX138/260402/T003346/Network/000035/well012/tm_unfiltered.xlsx,/mnt/benshalom-nas/analysis/Sadegh/CX138/CX138/260402/T003346/Network/000035/well012/rejection_log.xlsx,/mnt/benshalom-nas/analysis/Sadegh/CX138/CX138/260402/T003346/Network/000035/well012/metrics_curated.xlsx,True,True,True,True,True,True,True,112.0,False,,NPH,12,3,1,C1,NPH,2026-04-02,2026-04-02,20,8,post_treatment,2,6,8,7.0,D+6 to D+8
CX138,260402,T003346,000035,well013,/mnt/benshalom-nas/analysis/Sadegh/CX138/CX138/260402/T003346/Network/000035/well013,CX138|260402|T003346|000035|well013,/mnt/benshalom-nas/analysis/Sadegh/CX138/CX138/260402/T003346/Network/000035/well013/qm_unfiltered.xlsx,/mnt/benshalom-nas/analysis/Sadegh/CX138/CX138/260402/T003346/Network/000035/well013/network_results.json,/mnt/benshalom-nas/analysis/Sadegh/CX138/CX138/260402/T003346/Network/000035/well013/tm_curated.xlsx,/mnt/benshalom-nas/analysis/Sadegh/CX138/CX138/260402/T003346/Network/000035/well013/spike_times.npy,/mnt/benshalom-nas/analysis/Sadegh/CX138/CX138/260402/T003346/Network/000035/well013/tm_unfiltered.xlsx,/mnt/benshalom-nas/analysis/Sadegh/CX138/CX138/260402/T003346/Network/000035/well013/rejection_log.xlsx,/mnt/benshalom-nas/analysis/Sadegh/CX138/CX138/260402/T003346/Network/000035/well013/metrics_curated.xlsx,True,True,True,True,True,True,True,59.0,False,,IVH-E,13,3,2,C2,IVH-E,2026-04-02,2026-04-02,20,8,post_treatment,2,6,8,7.0,D+6 to D+8
CX138,260402,T003346,000035,well014,/mnt/benshalom-nas/analysis/Sadegh/CX138/CX138/260402/T003346/Network/000035/well014,CX138|260402|T003346|000035|well014,/mnt/benshalom-nas/analysis/Sadegh/CX138/CX138/260402/T003346/Network/000035/well014/qm_unfiltered.xlsx,/mnt/benshalom-nas/analysis/Sadegh/CX138/CX138/260402/T003346/Network/000035/well014/network_results.json,/mnt/benshalom-nas/analysis/Sadegh/CX138/CX138/260402/T003346/Network/000035/well014/tm_curated.xlsx,/mnt/benshalom-nas/analysis/Sadegh/CX138/CX138/260402/T003346/Network/000035/well014/spike_times.npy,/mnt/benshalom-nas/analysis/Sadegh/CX138/CX138/260402/T003346/Network/000035/well014/tm_unfiltered.xlsx,/mnt/benshalom-nas/analysis/Sadegh/CX138/CX138/260402/T003346/Network/000035/well014/rejection_log.xlsx,/mnt/benshalom-nas/analysis/Sadegh/CX138/CX138/260402/T003346/Network/000035/well014/metrics_curated.xlsx,True,True,True,True,True,True,True,72.0,False,,IVH-L,14,3,3,C3,IVH-L,2026-04-02,2026-04-02,20,8,post_treatment,2,6,8,7.0,D+6 to D+8
CX138,260402,T003346,000035,well015,/mnt/benshalom-nas/analysis/Sadegh/CX138/CX138/260402/T003346/Network/000035/well015,CX138|260402|T003346|000035|well015,/mnt/benshalom-nas/analysis/Sadegh/CX138/CX138/260402/T003346/Network/000035/well015/qm_unfiltered.xlsx,/mnt/benshalom-nas/analysis/Sadegh/CX138/CX138/260402/T003346/Network/000035/well015/network_results.json,/mnt/benshalom-nas/analysis/Sadegh/CX138/CX138/260402/T003346/Network/000035/well015/tm_curated.xlsx,/mnt/benshalom-nas/analysis/Sadegh/CX138/CX138/260402/T003346/Network/000035/well015/spike_times.npy,/mnt/benshalom-nas/analysis/Sadegh/CX138/CX138/260402/T003346/Network/000035/well015/tm_unfiltered.xlsx,/mnt/benshalom-nas/analysis/Sadegh/CX138/CX138/260402/T003346/Network/000035/well015/rejection_log.xlsx,/mnt/benshalom-nas/analysis/Sadegh/CX138/CX138/260402/T003346/Network/000035/well015/metrics_curated.xlsx,True,True,True,True,True,True,True,110.0,False,,CT,15,3,4,C4,CT,2026-04-02,2026-04-02,20,8,post_treatment,2,6,8,7.0,D+6 to D+8
CX138,260402,T003346,000035,well016,/mnt/benshalom-nas/analysis/Sadegh/CX138/CX138/260402/T003346/Network/000035/well016,CX138|260402|T003346|000035|well016,/mnt/benshalom-nas/analysis/Sadegh/CX138/CX138/260402/T003346/Network/000035/well016/qm_unfiltered.xlsx,/mnt/benshalom-nas/analysis/Sadegh/CX138/CX138/260402/T003346/Network/000035/well016/network_results.json,/mnt/benshalom-nas/analysis/Sadegh/CX138/CX138/260402/T003346/Network/000035/well016/tm_curated.xlsx,/mnt/benshalom-nas/analysis/Sadegh/CX138/CX138/260402/T003346/Network/000035/well016/spike_times.npy,/mnt/benshalom-nas/analysis/Sadegh/CX138/CX138/260402/T003346/Network/000035/well016/tm_unfiltered.xlsx,/mnt/benshalom-nas/analysis/Sadegh/CX138/CX138/260402/T003346/Network/000035/well016/rejection_log.xlsx,/mnt/benshalom-nas/analysis/Sadegh/CX138/CX138/260402/T003346/Network/000035/well016/metrics_curated.xlsx,True,True,True,True,True,True,True,196.0,False,,20uM,16,3,5,C5,20uM,2026-04-02,2026-04-02,20,8,post_treatment,2,6,8,7.0,D+6 to D+8
CX138,260402,T003346,000035,well017,/mnt/benshalom-nas/analysis/Sadegh/CX138/CX138/260402/T003346/Network/000035/well017,CX138|260402|T003346|000035|well017,/mnt/benshalom-nas/analysis/Sadegh/CX138/CX138/260402/T003346/Network/000035/well017/qm_unfiltered.xlsx,/mnt/benshalom-nas/analysis/Sadegh/CX138/CX138/260402/T003346/Network/000035/well017/network_results.json,/mnt/benshalom-nas/analysis/Sadegh/CX138/CX138/260402/T003346/Network/000035/well017/tm_curated.xlsx,/mnt/benshalom-nas/analysis/Sadegh/CX138/CX138/260402/T003346/Network/000035/well017/spike_times.npy,/mnt/benshalom-nas/analysis/Sadegh/CX138/CX138/260402/T003346/Network/000035/well017/tm_unfiltered.xlsx,/mnt/benshalom-nas/analysis/Sadegh/CX138/CX138/260402/T003346/Network/000035/well017/rejection_log.xlsx,/mnt/benshalom-nas/analysis/Sadegh/CX138/CX138/260402/T003346/Network/000035/well017/metrics_curated.xlsx,True,True,True,True,True,True,True,95.0,False,,10uM,17,3,6,C6,10uM,2026-04-02,2026-04-02,20,8,post_treatment,2,6,8,7.0,D+6 to D+8
CX138,260402,T003346,000035,well018,/mnt/benshalom-nas/analysis/Sadegh/CX138/CX138/260402/T003346/Network/000035/well018,CX138|260402|T003346|000035|well018,/mnt/benshalom-nas/analysis/Sadegh/CX138/CX138/260402/T003346/Network/000035/well018/qm_unfiltered.xlsx,/mnt/benshalom-nas/analysis/Sadegh/CX138/CX138/260402/T003346/Network/000035/well018/network_results.json,/mnt/benshalom-nas/analysis/Sadegh/CX138/CX138/260402/T003346/Network/000035/well018/tm_curated.xlsx,/mnt/benshalom-nas/analysis/Sadegh/CX138/CX138/260402/T003346/Network/000035/well018/spike_times.npy,/mnt/benshalom-nas/analysis/Sadegh/CX138/CX138/260402/T003346/Network/000035/well018/tm_unfiltered.xlsx,/mnt/benshalom-nas/analysis/Sadegh/CX138/CX138/260402/T003346/Network/000035/well018/rejection_log.xlsx,/mnt/benshalom-nas/analysis/Sadegh/CX138/CX138/260402/T003346/Network/000035/well018/metrics_curated.xlsx,True,True,True,True,True,True,True,90.0,False,,NPH,18,4,1,D1,NPH,2026-04-02,2026-04-02,20,8,post_treatment,2,6,8,7.0,D+6 to D+8
CX138,260402,T003346,000035,well019,/mnt/benshalom-nas/analysis/Sadegh/CX138/CX138/260402/T003346/Network/000035/well019,CX138|260402|T003346|000035|well019,/mnt/benshalom-nas/analysis/Sadegh/CX138/CX138/260402/T003346/Network/000035/well019/qm_unfiltered.xlsx,/mnt/benshalom-nas/analysis/Sadegh/CX138/CX138/260402/T003346/Network/000035/well019/network_results.json,/mnt/benshalom-nas/analysis/Sadegh/CX138/CX138/260402/T003346/Network/000035/well019/tm_curated.xlsx,/mnt/benshalom-nas/analysis/Sadegh/CX138/CX138/260402/T003346/Network/000035/well019/spike_times.npy,/mnt/benshalom-nas/analysis/Sadegh/CX138/CX138/260402/T003346/Network/000035/well019/tm_unfiltered.xlsx,/mnt/benshalom-nas/analysis/Sadegh/CX138/CX138/260402/T003346/Network/000035/well019/rejection_log.xlsx,/mnt/benshalom-nas/analysis/Sadegh/CX138/CX138/260402/T003346/Network/000035/well019/metrics_curated.xlsx,True,True,True,True,True,True,True,1.0,False,,IVH-E,19,4,2,D2,IVH-E,2026-04-02,2026-04-02,20,8,post_treatment,2,6,8,7.0,D+6 to D+8
CX138,260402,T003346,000035,well020,/mnt/benshalom-nas/analysis/Sadegh/CX138/CX138/260402/T003346/Network/000035/well020,CX138|260402|T003346|000035|well020,/mnt/benshalom-nas/analysis/Sadegh/CX138/CX138/260402/T003346/Network/000035/well020/qm_unfiltered.xlsx,/mnt/benshalom-nas/analysis/Sadegh/CX138/CX138/260402/T003346/Network/000035/well020/network_results.json,/mnt/benshalom-nas/analysis/Sadegh/CX138/CX138/260402/T003346/Network/000035/well020/tm_curated.xlsx,/mnt/benshalom-nas/analysis/Sadegh/CX138/CX138/260402/T003346/Network/000035/well020/spike_times.npy,/mnt/benshalom-nas/analysis/Sadegh/CX138/CX138/260402/T003346/Network/000035/well020/tm_unfiltered.xlsx,/mnt/benshalom-nas/analysis/Sadegh/CX138/CX138/260402/T003346/Network/000035/well020/rejection_log.xlsx,/mnt/benshalom-nas/analysis/Sadegh/CX138/CX138/260402/T003346/Network/000035/well020/metrics_curated.xlsx,True,True,True,True,True,True,True,50.0,False,,IVH-L,20,4,3,D3,IVH-L,2026-04-02,2026-04-02,20,8,post_treatment,2,6,8,7.0,D+6 to D+8
CX138,260402,T003346,000035,well021,/mnt/benshalom-nas/analysis/Sadegh/CX138/CX138/260402/T003346/Network/000035/well021,CX138|260402|T003346|000035|well021,/mnt/benshalom-nas/analysis/Sadegh/CX138/CX138/260402/T003346/Network/000035/well021/qm_unfiltered.xlsx,/mnt/benshalom-nas/analysis/Sadegh/CX138/CX138/260402/T003346/Network/000035/well021/network_results.json,/mnt/benshalom-nas/analysis/Sadegh/CX138/CX138/260402/T003346/Network/000035/well021/tm_curated.xlsx,/mnt/benshalom-nas/analysis/Sadegh/CX138/CX138/260402/T003346/Network/000035/well021/spike_times.npy,/mnt/benshalom-nas/analysis/Sadegh/CX138/CX138/260402/T003346/Network/000035/well021/tm_unfiltered.xlsx,/mnt/benshalom-nas/analysis/Sadegh/CX138/CX138/260402/T003346/Network/000035/well021/rejection_log.xlsx,/mnt/benshalom-nas/analysis/Sadegh/CX138/CX138/260402/T003346/Network/000035/well021/metrics_curated.xlsx,True,True,True,True,True,True,True,95.0,False,,CT,21,4,4,D4,CT,2026-04-02,2026-04-02,20,8,post_treatment,2,6,8,7.0,D+6 to D+8
CX138,260402,T003346,000035,well023,/mnt/benshalom-nas/analysis/Sadegh/CX138/CX138/260402/T003346/Network/000035/well023,CX138|260402|T003346|000035|well023,/mnt/benshalom-nas/analysis/Sadegh/CX138/CX138/260402/T003346/Network/000035/well023/qm_unfiltered.xlsx,/mnt/benshalom-nas/analysis/Sadegh/CX138/CX138/260402/T003346/Network/000035/well023/network_results.json,/mnt/benshalom-nas/analysis/Sadegh/CX138/CX138/260402/T003346/Network/000035/well023/tm_curated.xlsx,/mnt/benshalom-nas/analysis/Sadegh/CX138/CX138/260402/T003346/Network/000035/well023/spike_times.npy,/mnt/benshalom-nas/analysis/Sadegh/CX138/CX138/260402/T003346/Network/000035/well023/tm_unfiltered.xlsx,/mnt/benshalom-nas/analysis/Sadegh/CX138/CX138/260402/T003346/Network/000035/well023/rejection_log.xlsx,/mnt/benshalom-nas/analysis/Sadegh/CX138/CX138/260402/T003346/Network/000035/well023/metrics_curated.xlsx,True,True,True,True,True,True,True,113.0,False,,10uM,23,4,6,D6,10uM,2026-04-02,2026-04-02,20,8,post_treatment,2,6,8,7.0,D+6 to D+8
CX138,260402,T003346,000036,well000,/mnt/benshalom-nas/analysis/Sadegh/CX138/CX138/260402/T003346/Network/000036/well000,CX138|260402|T003346|000036|well000,/mnt/benshalom-nas/analysis/Sadegh/CX138/CX138/260402/T003346/Network/000036/well000/qm_unfiltered.xlsx,/mnt/benshalom-nas/analysis/Sadegh/CX138/CX138/260402/T003346/Network/000036/well000/network_results.json,/mnt/benshalom-nas/analysis/Sadegh/CX138/CX138/260402/T003346/Network/000036/well000/tm_curated.xlsx,/mnt/benshalom-nas/analysis/Sadegh/CX138/CX138/260402/T003346/Network/000036/well000/spike_times.npy,/mnt/benshalom-nas/analysis/Sadegh/CX138/CX138/260402/T003346/Network/000036/well000/tm_unfiltered.xlsx,/mnt/benshalom-nas/analysis/Sadegh/CX138/CX138/260402/T003346/Network/000036/well000/rejection_log.xlsx,/mnt/benshalom-nas/analysis/Sadegh/CX138/CX138/260402/T003346/Network/000036/well000/metrics_curated.xlsx,True,True,True,True,True,True,True,121.0,False,,NPH,0,1,1,A1,NPH,2026-04-02,2026-04-02,20,8,post_treatment,2,6,8,7.0,D+6 to D+8
CX138,260402,T003346,000036,well001,/mnt/benshalom-nas/analysis/Sadegh/CX138/CX138/260402/T003346/Network/000036/well001,CX138|260402|T003346|000036|well001,/mnt/benshalom-nas/analysis/Sadegh/CX138/CX138/260402/T003346/Network/000036/well001/qm_unfiltered.xlsx,/mnt/benshalom-nas/analysis/Sadegh/CX138/CX138/260402/T003346/Network/000036/well001/network_results.json,/mnt/benshalom-nas/analysis/Sadegh/CX138/CX138/260402/T003346/Network/000036/well001/tm_curated.xlsx,/mnt/benshalom-nas/analysis/Sadegh/CX138/CX138/260402/T003346/Network/000036/well001/spike_times.npy,/mnt/benshalom-nas/analysis/Sadegh/CX138/CX138/260402/T003346/Network/000036/well001/tm_unfiltered.xlsx,/mnt/benshalom-nas/analysis/Sadegh/CX138/CX138/260402/T003346/Network/000036/well001/rejection_log.xlsx,/mnt/benshalom-nas/analysis/Sadegh/CX138/CX138/260402/T003346/Network/000036/well001/metrics_curated.xlsx,True,True,True,True,True,True,True,110.0,False,,IVH-E,1,1,2,A2,IVH-E,2026-04-02,2026-04-02,20,8,post_treatment,2,6,8,7.0,D+6 to D+8
CX138,260402,T003346,000036,well002,/mnt/benshalom-nas/analysis/Sadegh/CX138/CX138/260402/T003346/Network/000036/well002,CX138|260402|T003346|000036|well002,/mnt/benshalom-nas/analysis/Sadegh/CX138/CX138/260402/T003346/Network/000036/well002/qm_unfiltered.xlsx,/mnt/benshalom-nas/analysis/Sadegh/CX138/CX138/260402/T003346/Network/000036/well002/network_results.json,/mnt/benshalom-nas/analysis/Sadegh/CX138/CX138/260402/T003346/Network/000036/well002/tm_curated.xlsx,/mnt/benshalom-nas/analysis/Sadegh/CX138/CX138/260402/T003346/Network/000036/well002/spike_times.npy,/mnt/benshalom-nas/analysis/Sadegh/CX138/CX138/260402/T003346/Network/000036/well002/tm_unfiltered.xlsx,/mnt/benshalom-nas/analysis/Sadegh/CX138/CX138/260402/T003346/Network/000036/well002/rejection_log.xlsx,/mnt/benshalom-nas/analysis/Sadegh/CX138/CX138/260402/T003346/Network/000036/well002/metrics_curated.xlsx,True,True,True,True,True,True,True,88.0,False,,IVH-L,2,1,3,A3,IVH-L,2026-04-02,2026-04-02,20,8,post_treatment,2,6,8,7.0,D+6 to D+8
CX138,260402,T003346,000036,well003,/mnt/benshalom-nas/analysis/Sadegh/CX138/CX138/260402/T003346/Network/000036/well003,CX138|260402|T003346|000036|well003,/mnt/benshalom-nas/analysis/Sadegh/CX138/CX138/260402/T003346/Network/000036/well003/qm_unfiltered.xlsx,/mnt/benshalom-nas/analysis/Sadegh/CX138/CX138/260402/T003346/Network/000036/well003/network_results.json,/mnt/benshalom-nas/analysis/Sadegh/CX138/CX138/260402/T003346/Network/000036/well003/tm_curated.xlsx,/mnt/benshalom-nas/analysis/Sadegh/CX138/CX138/260402/T003346/Network/000036/well003/spike_times.npy,/mnt/benshalom-nas/analysis/Sadegh/CX138/CX138/260402/T003346/Network/000036/well003/tm_unfiltered.xlsx,/mnt/benshalom-nas/analysis/Sadegh/CX138/CX138/260402/T003346/Network/000036/well003/rejection_log.xlsx,/mnt/benshalom-nas/analysis/Sadegh/CX138/CX138/260402/T003346/Network/000036/well003/metrics_curated.xlsx,True,True,True,True,True,True,True,171.0,False,,CT,3,1,4,A4,CT,2026-04-02,2026-04-02,20,8,post_treatment,2,6,8,7.0,D+6 to D+8
CX138,260402,T003346,000036,well004,/mnt/benshalom-nas/analysis/Sadegh/CX138/CX138/260402/T003346/Network/000036/well004,CX138|260402|T003346|000036|well004,/mnt/benshalom-nas/analysis/Sadegh/CX138/CX138/260402/T003346/Network/000036/well004/qm_unfiltered.xlsx,/mnt/benshalom-nas/analysis/Sadegh/CX138/CX138/260402/T003346/Network/000036/well004/network_results.json,/mnt/benshalom-nas/analysis/Sadegh/CX138/CX138/260402/T003346/Network/000036/well004/tm_curated.xlsx,/mnt/benshalom-nas/analysis/Sadegh/CX138/CX138/260402/T003346/Network/000036/well004/spike_times.npy,/mnt/benshalom-nas/analysis/Sadegh/CX138/CX138/260402/T003346/Network/000036/well004/tm_unfiltered.xlsx,/mnt/benshalom-nas/analysis/Sadegh/CX138/CX138/260402/T003346/Network/000036/well004/rejection_log.xlsx,/mnt/benshalom-nas/analysis/Sadegh/CX138/CX138/260402/T003346/Network/000036/well004/metrics_curated.xlsx,True,True,True,True,True,True,True,161.0,False,,20uM,4,1,5,A5,20uM,2026-04-02,2026-04-02,20,8,post_treatment,2,6,8,7.0,D+6 to D+8
CX138,260402,T003346,000036,well005,/mnt/benshalom-nas/analysis/Sadegh/CX138/CX138/260402/T003346/Network/000036/well005,CX138|260402|T003346|000036|well005,/mnt/benshalom-nas/analysis/Sadegh/CX138/CX138/260402/T003346/Network/000036/well005/qm_unfiltered.xlsx,/mnt/benshalom-nas/analysis/Sadegh/CX138/CX138/260402/T003346/Network/000036/well005/network_results.json,/mnt/benshalom-nas/analysis/Sadegh/CX138/CX138/260402/T003346/Network/000036/well005/tm_curated.xlsx,/mnt/benshalom-nas/analysis/Sadegh/CX138/CX138/260402/T003346/Network/000036/well005/spike_times.npy,/mnt/benshalom-nas/analysis/Sadegh/CX138/CX138/260402/T003346/Network/000036/well005/tm_unfiltered.xlsx,/mnt/benshalom-nas/analysis/Sadegh/CX138/CX138/260402/T003346/Network/000036/well005/rejection_log.xlsx,/mnt/benshalom-nas/analysis/Sadegh/CX138/CX138/260402/T003346/Network/000036/well005/metrics_curated.xlsx,True,True,True,True,True,True,True,281.0,False,,10uM,5,1,6,A6,10uM,2026-04-02,2026-04-02,20,8,post_treatment,2,6,8,7.0,D+6 to D+8
CX138,260402,T003346,000036,well006,/mnt/benshalom-nas/analysis/Sadegh/CX138/CX138/260402/T003346/Network/000036/well006,CX138|260402|T003346|000036|well006,/mnt/benshalom-nas/analysis/Sadegh/CX138/CX138/260402/T003346/Network/000036/well006/qm_unfiltered.xlsx,/mnt/benshalom-nas/analysis/Sadegh/CX138/CX138/260402/T003346/Network/000036/well006/network_results.json,/mnt/benshalom-nas/analysis/Sadegh/CX138/CX138/260402/T003346/Network/000036/well006/tm_curated.xlsx,/mnt/benshalom-nas/analysis/Sadegh/CX138/CX138/260402/T003346/Network/000036/well006/spike_times.npy,/mnt/benshalom-nas/analysis/Sadegh/CX138/CX138/260402/T003346/Network/000036/well006/tm_unfiltered.xlsx,/mnt/benshalom-nas/analysis/Sadegh/CX138/CX138/260402/T003346/Network/000036/well006/rejection_log.xlsx,/mnt/benshalom-nas/analysis/Sadegh/CX138/CX138/260402/T003346/Network/000036/well006/metrics_curated.xlsx,True,True,True,True,True,True,True,105.0,False,,NPH,6,2,1,B1,NPH,2026-04-02,2026-04-02,20,8,post_treatment,2,6,8,7.0,D+6 to D+8
CX138,260402,T003346,000036,well007,/mnt/benshalom-nas/analysis/Sadegh/CX138/CX138/260402/T003346/Network/000036/well007,CX138|260402|T003346|000036|well007,/mnt/benshalom-nas/analysis/Sadegh/CX138/CX138/260402/T003346/Network/000036/well007/qm_unfiltered.xlsx,/mnt/benshalom-nas/analysis/Sadegh/CX138/CX138/260402/T003346/Network/000036/well007/network_results.json,/mnt/benshalom-nas/analysis/Sadegh/CX138/CX138/260402/T003346/Network/000036/well007/tm_curated.xlsx,/mnt/benshalom-nas/analysis/Sadegh/CX138/CX138/260402/T003346/Network/000036/well007/spike_times.npy,/mnt/benshalom-nas/analysis/Sadegh/CX138/CX138/260402/T003346/Network/000036/well007/tm_unfiltered.xlsx,/mnt/benshalom-nas/analysis/Sadegh/CX138/CX138/260402/T003346/Network/000036/well007/rejection_log.xlsx,/mnt/benshalom-nas/analysis/Sadegh/CX138/CX138/260402/T003346/Network/000036/well007/metrics_curated.xlsx,True,True,True,True,True,True,True,16.0,False,,IVH-E,7,2,2,B2,IVH-E,2026-04-02,2026-04-02,20,8,post_treatment,2,6,8,7.0,D+6 to D+8
CX138,260402,T003346,000036,well008,/mnt/benshalom-nas/analysis/Sadegh/CX138/CX138/260402/T003346/Network/000036/well008,CX138|260402|T003346|000036|well008,/mnt/benshalom-nas/analysis/Sadegh/CX138/CX138/260402/T003346/Network/000036/well008/qm_unfiltered.xlsx,/mnt/benshalom-nas/analysis/Sadegh/CX138/CX138/260402/T003346/Network/000036/well008/network_results.json,/mnt/benshalom-nas/analysis/Sadegh/CX138/CX138/260402/T003346/Network/000036/well008/tm_curated.xlsx,/mnt/benshalom-nas/analysis/Sadegh/CX138/CX138/260402/T003346/Network/000036/well008/spike_times.npy,/mnt/benshalom-nas/analysis/Sadegh/CX138/CX138/260402/T003346/Network/000036/well008/tm_unfiltered.xlsx,/mnt/benshalom-nas/analysis/Sadegh/CX138/CX138/260402/T003346/Network/000036/well008/rejection_log.xlsx,/mnt/benshalom-nas/analysis/Sadegh/CX138/CX138/260402/T003346/Network/000036/well008/metrics_curated.xlsx,True,True,True,True,True,True,True,128.0,False,,IVH-L,8,2,3,B3,IVH-L,2026-04-02,2026-04-02,20,8,post_treatment,2,6,8,7.0,D+6 to D+8
CX138,260402,T003346,000036,well009,/mnt/benshalom-nas/analysis/Sadegh/CX138/CX138/260402/T003346/Network/000036/well009,CX138|260402|T003346|000036|well009,/mnt/benshalom-nas/analysis/Sadegh/CX138/CX138/260402/T003346/Network/000036/well009/qm_unfiltered.xlsx,/mnt/benshalom-nas/analysis/Sadegh/CX138/CX138/260402/T003346/Network/000036/well009/network_results.json,/mnt/benshalom-nas/analysis/Sadegh/CX138/CX138/260402/T003346/Network/000036/well009/tm_curated.xlsx,/mnt/benshalom-nas/analysis/Sadegh/CX138/CX138/260402/T003346/Network/000036/well009/spike_times.npy,/mnt/benshalom-nas/analysis/Sadegh/CX138/CX138/260402/T003346/Network/000036/well009/tm_unfiltered.xlsx,/mnt/benshalom-nas/analysis/Sadegh/CX138/CX138/260402/T003346/Network/000036/well009/rejection_log.xlsx,/mnt/benshalom-nas/analysis/Sadegh/CX138/CX138/260402/T003346/Network/000036/well009/metrics_curated.xlsx,True,True,True,True,True,True,True,85.0,False,,CT,9,2,4,B4,CT,2026-04-02,2026-04-02,20,8,post_treatment,2,6,8,7.0,D+6 to D+8
CX138,260402,T003346,000036,well010,/mnt/benshalom-nas/analysis/Sadegh/CX138/CX138/260402/T003346/Network/000036/well010,CX138|260402|T003346|000036|well010,/mnt/benshalom-nas/analysis/Sadegh/CX138/CX138/260402/T003346/Network/000036/well010/qm_unfiltered.xlsx,/mnt/benshalom-nas/analysis/Sadegh/CX138/CX138/260402/T003346/Network/000036/well010/network_results.json,/mnt/benshalom-nas/analysis/Sadegh/CX138/CX138/260402/T003346/Network/000036/well010/tm_curated.xlsx,/mnt/benshalom-nas/analysis/Sadegh/CX138/CX138/260402/T003346/Network/000036/well010/spike_times.npy,/mnt/benshalom-nas/analysis/Sadegh/CX138/CX138/260402/T003346/Network/000036/well010/tm_unfiltered.xlsx,/mnt/benshalom-nas/analysis/Sadegh/CX138/CX138/260402/T003346/Network/000036/well010/rejection_log.xlsx,/mnt/benshalom-nas/analysis/Sadegh/CX138/CX138/260402/T003346/Network/000036/well010/metrics_curated.xlsx,True,True,True,True,True,True,True,343.0,False,,20uM,10,2,5,B5,20uM,2026-04-02,2026-04-02,20,8,post_treatment,2,6,8,7.0,D+6 to D+8
CX138,260402,T003346,000036,well011,/mnt/benshalom-nas/analysis/Sadegh/CX138/CX138/260402/T003346/Network/000036/well011,CX138|260402|T003346|000036|well011,/mnt/benshalom-nas/analysis/Sadegh/CX138/CX138/260402/T003346/Network/000036/well011/qm_unfiltered.xlsx,/mnt/benshalom-nas/analysis/Sadegh/CX138/CX138/260402/T003346/Network/000036/well011/network_results.json,/mnt/benshalom-nas/analysis/Sadegh/CX138/CX138/260402/T003346/Network/000036/well011/tm_curated.xlsx,/mnt/benshalom-nas/analysis/Sadegh/CX138/CX138/260402/T003346/Network/000036/well011/spike_times.npy,/mnt/benshalom-nas/analysis/Sadegh/CX138/CX138/260402/T003346/Network/000036/well011/tm_unfiltered.xlsx,/mnt/benshalom-nas/analysis/Sadegh/CX138/CX138/260402/T003346/Network/000036/well011/rejection_log.xlsx,/mnt/benshalom-nas/analysis/Sadegh/CX138/CX138/260402/T003346/Network/000036/well011/metrics_curated.xlsx,True,True,True,True,True,True,True,243.0,False,,10uM,11,2,6,B6,10uM,2026-04-02,2026-04-02,20,8,post_treatment,2,6,8,7.0,D+6 to D+8
CX138,260402,T003346,000036,well012,/mnt/benshalom-nas/analysis/Sadegh/CX138/CX138/260402/T003346/Network/000036/well012,CX138|260402|T003346|000036|well012,/mnt/benshalom-nas/analysis/Sadegh/CX138/CX138/260402/T003346/Network/000036/well012/qm_unfiltered.xlsx,/mnt/benshalom-nas/analysis/Sadegh/CX138/CX138/260402/T003346/Network/000036/well012/network_results.json,/mnt/benshalom-nas/analysis/Sadegh/CX138/CX138/260402/T003346/Network/000036/well012/tm_curated.xlsx,/mnt/benshalom-nas/analysis/Sadegh/CX138/CX138/260402/T003346/Network/000036/well012/spike_times.npy,/mnt/benshalom-nas/analysis/Sadegh/CX138/CX138/260402/T003346/Network/000036/well012/tm_unfiltered.xlsx,/mnt/benshalom-nas/analysis/Sadegh/CX138/CX138/260402/T003346/Network/000036/well012/rejection_log.xlsx,/mnt/benshalom-nas/analysis/Sadegh/CX138/CX138/260402/T003346/Network/000036/well012/metrics_curated.xlsx,True,True,True,True,True,True,True,140.0,False,,NPH,12,3,1,C1,NPH,2026-04-02,2026-04-02,20,8,post_treatment,2,6,8,7.0,D+6 to D+8
CX138,260402,T003346,000036,well013,/mnt/benshalom-nas/analysis/Sadegh/CX138/CX138/260402/T003346/Network/000036/well013,CX138|260402|T003346|000036|well013,/mnt/benshalom-nas/analysis/Sadegh/CX138/CX138/260402/T003346/Network/000036/well013/qm_unfiltered.xlsx,/mnt/benshalom-nas/analysis/Sadegh/CX138/CX138/260402/T003346/Network/000036/well013/network_results.json,/mnt/benshalom-nas/analysis/Sadegh/CX138/CX138/260402/T003346/Network/000036/well013/tm_curated.xlsx,/mnt/benshalom-nas/analysis/Sadegh/CX138/CX138/260402/T003346/Network/000036/well013/spike_times.npy,/mnt/benshalom-nas/analysis/Sadegh/CX138/CX138/260402/T003346/Network/000036/well013/tm_unfiltered.xlsx,/mnt/benshalom-nas/analysis/Sadegh/CX138/CX138/260402/T003346/Network/000036/well013/rejection_log.xlsx,/mnt/benshalom-nas/analysis/Sadegh/CX138/CX138/260402/T003346/Network/000036/well013/metrics_curated.xlsx,True,True,True,True,True,True,True,94.0,False,,IVH-E,13,3,2,C2,IVH-E,2026-04-02,2026-04-02,20,8,post_treatment,2,6,8,7.0,D+6 to D+8
CX138,260402,T003346,000036,well014,/mnt/benshalom-nas/analysis/Sadegh/CX138/CX138/260402/T003346/Network/000036/well014,CX138|260402|T003346|000036|well014,/mnt/benshalom-nas/analysis/Sadegh/CX138/CX138/260402/T003346/Network/000036/well014/qm_unfiltered.xlsx,/mnt/benshalom-nas/analysis/Sadegh/CX138/CX138/260402/T003346/Network/000036/well014/network_results.json,/mnt/benshalom-nas/analysis/Sadegh/CX138/CX138/260402/T003346/Network/000036/well014/tm_curated.xlsx,/mnt/benshalom-nas/analysis/Sadegh/CX138/CX138/260402/T003346/Network/000036/well014/spike_times.npy,/mnt/benshalom-nas/analysis/Sadegh/CX138/CX138/260402/T003346/Network/000036/well014/tm_unfiltered.xlsx,/mnt/benshalom-nas/analysis/Sadegh/CX138/CX138/260402/T003346/Network/000036/well014/rejection_log.xlsx,/mnt/benshalom-nas/analysis/Sadegh/CX138/CX138/260402/T003346/Network/000036/well014/metrics_curated.xlsx,True,True,True,True,True,True,True,152.0,False,,IVH-L,14,3,3,C3,IVH-L,2026-04-02,2026-04-02,20,8,post_treatment,2,6,8,7.0,D+6 to D+8
CX138,260402,T003346,000036,well015,/mnt/benshalom-nas/analysis/Sadegh/CX138/CX138/260402/T003346/Network/000036/well015,CX138|260402|T003346|000036|well015,/mnt/benshalom-nas/analysis/Sadegh/CX138/CX138/260402/T003346/Network/000036/well015/qm_unfiltered.xlsx,/mnt/benshalom-nas/analysis/Sadegh/CX138/CX138/260402/T003346/Network/000036/well015/network_results.json,/mnt/benshalom-nas/analysis/Sadegh/CX138/CX138/260402/T003346/Network/000036/well015/tm_curated.xlsx,/mnt/benshalom-nas/analysis/Sadegh/CX138/CX138/260402/T003346/Network/000036/well015/spike_times.npy,/mnt/benshalom-nas/analysis/Sadegh/CX138/CX138/260402/T003346/Network/000036/well015/tm_unfiltered.xlsx,/mnt/benshalom-nas/analysis/Sadegh/CX138/CX138/260402/T003346/Network/000036/well015/rejection_log.xlsx,/mnt/benshalom-nas/analysis/Sadegh/CX138/CX138/260402/T003346/Network/000036/well015/metrics_curated.xlsx,True,True,True,True,True,True,True,213.0,False,,CT,15,3,4,C4,CT,2026-04-02,2026-04-02,20,8,post_treatment,2,6,8,7.0,D+6 to D+8
CX138,260402,T003346,000036,well016,/mnt/benshalom-nas/analysis/Sadegh/CX138/CX138/260402/T003346/Network/000036/well016,CX138|260402|T003346|000036|well016,/mnt/benshalom-nas/analysis/Sadegh/CX138/CX138/260402/T003346/Network/000036/well016/qm_unfiltered.xlsx,/mnt/benshalom-nas/analysis/Sadegh/CX138/CX138/260402/T003346/Network/000036/well016/network_results.json,/mnt/benshalom-nas/analysis/Sadegh/CX138/CX138/260402/T003346/Network/000036/well016/tm_curated.xlsx,/mnt/benshalom-nas/analysis/Sadegh/CX138/CX138/260402/T003346/Network/000036/well016/spike_times.npy,/mnt/benshalom-nas/analysis/Sadegh/CX138/CX138/260402/T003346/Network/000036/well016/tm_unfiltered.xlsx,/mnt/benshalom-nas/analysis/Sadegh/CX138/CX138/260402/T003346/Network/000036/well016/rejection_log.xlsx,/mnt/benshalom-nas/analysis/Sadegh/CX138/CX138/260402/T003346/Network/000036/well016/metrics_curated.xlsx,True,True,True,True,True,True,True,317.0,False,,20uM,16,3,5,C5,20uM,2026-04-02,2026-04-02,20,8,post_treatment,2,6,8,7.0,D+6 to D+8
CX138,260402,T003346,000036,well017,/mnt/benshalom-nas/analysis/Sadegh/CX138/CX138/260402/T003346/Network/000036/well017,CX138|260402|T003346|000036|well017,/mnt/benshalom-nas/analysis/Sadegh/CX138/CX138/260402/T003346/Network/000036/well017/qm_unfiltered.xlsx,/mnt/benshalom-nas/analysis/Sadegh/CX138/CX138/260402/T003346/Network/000036/well017/network_results.json,/mnt/benshalom-nas/analysis/Sadegh/CX138/CX138/260402/T003346/Network/000036/well017/tm_curated.xlsx,/mnt/benshalom-nas/analysis/Sadegh/CX138/CX138/260402/T003346/Network/000036/well017/spike_times.npy,/mnt/benshalom-nas/analysis/Sadegh/CX138/CX138/260402/T003346/Network/000036/well017/tm_unfiltered.xlsx,/mnt/benshalom-nas/analysis/Sadegh/CX138/CX138/260402/T003346/Network/000036/well017/rejection_log.xlsx,/mnt/benshalom-nas/analysis/Sadegh/CX138/CX138/260402/T003346/Network/000036/well017/metrics_curated.xlsx,True,True,True,True,True,True,True,205.0,False,,10uM,17,3,6,C6,10uM,2026-04-02,2026-04-02,20,8,post_treatment,2,6,8,7.0,D+6 to D+8
CX138,260402,T003346,000036,well018,/mnt/benshalom-nas/analysis/Sadegh/CX138/CX138/260402/T003346/Network/000036/well018,CX138|260402|T003346|000036|well018,/mnt/benshalom-nas/analysis/Sadegh/CX138/CX138/260402/T003346/Network/000036/well018/qm_unfiltered.xlsx,/mnt/benshalom-nas/analysis/Sadegh/CX138/CX138/260402/T003346/Network/000036/well018/network_results.json,/mnt/benshalom-nas/analysis/Sadegh/CX138/CX138/260402/T003346/Network/000036/well018/tm_curated.xlsx,/mnt/benshalom-nas/analysis/Sadegh/CX138/CX138/260402/T003346/Network/000036/well018/spike_times.npy,/mnt/benshalom-nas/analysis/Sadegh/CX138/CX138/260402/T003346/Network/000036/well018/tm_unfiltered.xlsx,/mnt/benshalom-nas/analysis/Sadegh/CX138/CX138/260402/T003346/Network/000036/well018/rejection_log.xlsx,/mnt/benshalom-nas/analysis/Sadegh/CX138/CX138/260402/T003346/Network/000036/well018/metrics_curated.xlsx,True,True,True,True,True,True,True,154.0,False,,NPH,18,4,1,D1,NPH,2026-04-02,2026-04-02,20,8,post_treatment,2,6,8,7.0,D+6 to D+8
CX138,260402,T003346,000036,well019,/mnt/benshalom-nas/analysis/Sadegh/CX138/CX138/260402/T003346/Network/000036/well019,CX138|260402|T003346|000036|well019,/mnt/benshalom-nas/analysis/Sadegh/CX138/CX138/260402/T003346/Network/000036/well019/qm_unfiltered.xlsx,/mnt/benshalom-nas/analysis/Sadegh/CX138/CX138/260402/T003346/Network/000036/well019/network_results.json,/mnt/benshalom-nas/analysis/Sadegh/CX138/CX138/260402/T003346/Network/000036/well019/tm_curated.xlsx,/mnt/benshalom-nas/analysis/Sadegh/CX138/CX138/260402/T003346/Network/000036/well019/spike_times.npy,/mnt/benshalom-nas/analysis/Sadegh/CX138/CX138/260402/T003346/Network/000036/well019/tm_unfiltered.xlsx,/mnt/benshalom-nas/analysis/Sadegh/CX138/CX138/260402/T003346/Network/000036/well019/rejection_log.xlsx,/mnt/benshalom-nas/analysis/Sadegh/CX138/CX138/260402/T003346/Network/000036/well019/metrics_curated.xlsx,True,True,True,True,True,True,True,2.0,False,,IVH-E,19,4,2,D2,IVH-E,2026-04-02,2026-04-02,20,8,post_treatment,2,6,8,7.0,D+6 to D+8
CX138,260402,T003346,000036,well020,/mnt/benshalom-nas/analysis/Sadegh/CX138/CX138/260402/T003346/Network/000036/well020,CX138|260402|T003346|000036|well020,/mnt/benshalom-nas/analysis/Sadegh/CX138/CX138/260402/T003346/Network/000036/well020/qm_unfiltered.xlsx,/mnt/benshalom-nas/analysis/Sadegh/CX138/CX138/260402/T003346/Network/000036/well020/network_results.json,/mnt/benshalom-nas/analysis/Sadegh/CX138/CX138/260402/T003346/Network/000036/well020/tm_curated.xlsx,/mnt/benshalom-nas/analysis/Sadegh/CX138/CX138/260402/T003346/Network/000036/well020/spike_times.npy,/mnt/benshalom-nas/analysis/Sadegh/CX138/CX138/260402/T003346/Network/000036/well020/tm_unfiltered.xlsx,/mnt/benshalom-nas/analysis/Sadegh/CX138/CX138/260402/T003346/Network/000036/well020/rejection_log.xlsx,/mnt/benshalom-nas/analysis/Sadegh/CX138/CX138/260402/T003346/Network/000036/well020/metrics_curated.xlsx,True,True,True,True,True,True,True,61.0,False,,IVH-L,20,4,3,D3,IVH-L,2026-04-02,2026-04-02,20,8,post_treatment,2,6,8,7.0,D+6 to D+8
CX138,260402,T003346,000036,well021,/mnt/benshalom-nas/analysis/Sadegh/CX138/CX138/260402/T003346/Network/000036/well021,CX138|260402|T003346|000036|well021,/mnt/benshalom-nas/analysis/Sadegh/CX138/CX138/260402/T003346/Network/000036/well021/qm_unfiltered.xlsx,/mnt/benshalom-nas/analysis/Sadegh/CX138/CX138/260402/T003346/Network/000036/well021/network_results.json,/mnt/benshalom-nas/analysis/Sadegh/CX138/CX138/260402/T003346/Network/000036/well021/tm_curated.xlsx,/mnt/benshalom-nas/analysis/Sadegh/CX138/CX138/260402/T003346/Network/000036/well021/spike_times.npy,/mnt/benshalom-nas/analysis/Sadegh/CX138/CX138/260402/T003346/Network/000036/well021/tm_unfiltered.xlsx,/mnt/benshalom-nas/analysis/Sadegh/CX138/CX138/260402/T003346/Network/000036/well021/rejection_log.xlsx,/mnt/benshalom-nas/analysis/Sadegh/CX138/CX138/260402/T003346/Network/000036/well021/metrics_curated.xlsx,True,True,True,True,True,True,True,175.0,False,,CT,21,4,4,D4,CT,2026-04-02,2026-04-02,20,8,post_treatment,2,6,8,7.0,D+6 to D+8
CX138,260402,T003346,000036,well023,/mnt/benshalom-nas/analysis/Sadegh/CX138/CX138/260402/T003346/Network/000036/well023,CX138|260402|T003346|000036|well023,/mnt/benshalom-nas/analysis/Sadegh/CX138/CX138/260402/T003346/Network/000036/well023/qm_unfiltered.xlsx,/mnt/benshalom-nas/analysis/Sadegh/CX138/CX138/260402/T003346/Network/000036/well023/network_results.json,/mnt/benshalom-nas/analysis/Sadegh/CX138/CX138/260402/T003346/Network/000036/well023/tm_curated.xlsx,/mnt/benshalom-nas/analysis/Sadegh/CX138/CX138/260402/T003346/Network/000036/well023/spike_times.npy,/mnt/benshalom-nas/analysis/Sadegh/CX138/CX138/260402/T003346/Network/000036/well023/tm_unfiltered.xlsx,/mnt/benshalom-nas/analysis/Sadegh/CX138/CX138/260402/T003346/Network/000036/well023/rejection_log.xlsx,/mnt/benshalom-nas/analysis/Sadegh/CX138/CX138/260402/T003346/Network/000036/well023/metrics_curated.xlsx,True,True,True,True,True,True,True,237.0,False,,10uM,23,4,6,D6,10uM,2026-04-02,2026-04-02,20,8,post_treatment,2,6,8,7.0,D+6 to D+8
CX138,260404,T003346,000041,well000,/mnt/benshalom-nas/analysis/Sadegh/CX138/CX138/260404/T003346/Network/000041/well000,CX138|260404|T003346|000041|well000,/mnt/benshalom-nas/analysis/Sadegh/CX138/CX138/260404/T003346/Network/000041/well000/qm_unfiltered.xlsx,/mnt/benshalom-nas/analysis/Sadegh/CX138/CX138/260404/T003346/Network/000041/well000/network_results.json,/mnt/benshalom-nas/analysis/Sadegh/CX138/CX138/260404/T003346/Network/000041/well000/tm_curated.xlsx,/mnt/benshalom-nas/analysis/Sadegh/CX138/CX138/260404/T003346/Network/000041/well000/spike_times.npy,/mnt/benshalom-nas/analysis/Sadegh/CX138/CX138/260404/T003346/Network/000041/well000/tm_unfiltered.xlsx,/mnt/benshalom-nas/analysis/Sadegh/CX138/CX138/260404/T003346/Network/000041/well000/rejection_log.xlsx,/mnt/benshalom-nas/analysis/Sadegh/CX138/CX138/260404/T003346/Network/000041/well000/metrics_curated.xlsx,True,True,True,True,True,True,True,106.0,False,,NPH,0,1,1,A1,NPH,2026-04-04,2026-04-04,22,10,post_treatment,3,9,11,10.0,D+9 to D+11
CX138,260404,T003346,000041,well001,/mnt/benshalom-nas/analysis/Sadegh/CX138/CX138/260404/T003346/Network/000041/well001,CX138|260404|T003346|000041|well001,/mnt/benshalom-nas/analysis/Sadegh/CX138/CX138/260404/T003346/Network/000041/well001/qm_unfiltered.xlsx,/mnt/benshalom-nas/analysis/Sadegh/CX138/CX138/260404/T003346/Network/000041/well001/network_results.json,/mnt/benshalom-nas/analysis/Sadegh/CX138/CX138/260404/T003346/Network/000041/well001/tm_curated.xlsx,/mnt/benshalom-nas/analysis/Sadegh/CX138/CX138/260404/T003346/Network/000041/well001/spike_times.npy,/mnt/benshalom-nas/analysis/Sadegh/CX138/CX138/260404/T003346/Network/000041/well001/tm_unfiltered.xlsx,/mnt/benshalom-nas/analysis/Sadegh/CX138/CX138/260404/T003346/Network/000041/well001/rejection_log.xlsx,/mnt/benshalom-nas/analysis/Sadegh/CX138/CX138/260404/T003346/Network/000041/well001/metrics_curated.xlsx,True,True,True,True,True,True,True,15.0,False,,IVH-E,1,1,2,A2,IVH-E,2026-04-04,2026-04-04,22,10,post_treatment,3,9,11,10.0,D+9 to D+11
CX138,260404,T003346,000041,well002,/mnt/benshalom-nas/analysis/Sadegh/CX138/CX138/260404/T003346/Network/000041/well002,CX138|260404|T003346|000041|well002,/mnt/benshalom-nas/analysis/Sadegh/CX138/CX138/260404/T003346/Network/000041/well002/qm_unfiltered.xlsx,/mnt/benshalom-nas/analysis/Sadegh/CX138/CX138/260404/T003346/Network/000041/well002/network_results.json,/mnt/benshalom-nas/analysis/Sadegh/CX138/CX138/260404/T003346/Network/000041/well002/tm_curated.xlsx,/mnt/benshalom-nas/analysis/Sadegh/CX138/CX138/260404/T003346/Network/000041/well002/spike_times.npy,/mnt/benshalom-nas/analysis/Sadegh/CX138/CX138/260404/T003346/Network/000041/well002/tm_unfiltered.xlsx,/mnt/benshalom-nas/analysis/Sadegh/CX138/CX138/260404/T003346/Network/000041/well002/rejection_log.xlsx,/mnt/benshalom-nas/analysis/Sadegh/CX138/CX138/260404/T003346/Network/000041/well002/metrics_curated.xlsx,True,True,True,True,True,True,True,148.0,False,,IVH-L,2,1,3,A3,IVH-L,2026-04-04,2026-04-04,22,10,post_treatment,3,9,11,10.0,D+9 to D+11
CX138,260404,T003346,000041,well003,/mnt/benshalom-nas/analysis/Sadegh/CX138/CX138/260404/T003346/Network/000041/well003,CX138|260404|T003346|000041|well003,/mnt/benshalom-nas/analysis/Sadegh/CX138/CX138/260404/T003346/Network/000041/well003/qm_unfiltered.xlsx,/mnt/benshalom-nas/analysis/Sadegh/CX138/CX138/260404/T003346/Network/000041/well003/network_results.json,/mnt/benshalom-nas/analysis/Sadegh/CX138/CX138/260404/T003346/Network/000041/well003/tm_curated.xlsx,/mnt/benshalom-nas/analysis/Sadegh/CX138/CX138/260404/T003346/Network/000041/well003/spike_times.npy,/mnt/benshalom-nas/analysis/Sadegh/CX138/CX138/260404/T003346/Network/000041/well003/tm_unfiltered.xlsx,/mnt/benshalom-nas/analysis/Sadegh/CX138/CX138/260404/T003346/Network/000041/well003/rejection_log.xlsx,/mnt/benshalom-nas/analysis/Sadegh/CX138/CX138/260404/T003346/Network/000041/well003/metrics_curated.xlsx,True,True,True,True,True,True,True,81.0,False,,CT,3,1,4,A4,CT,2026-04-04,2026-04-04,22,10,post_treatment,3,9,11,10.0,D+9 to D+11
CX138,260404,T003346,000041,well004,/mnt/benshalom-nas/analysis/Sadegh/CX138/CX138/260404/T003346/Network/000041/well004,CX138|260404|T003346|000041|well004,/mnt/benshalom-nas/analysis/Sadegh/CX138/CX138/260404/T003346/Network/000041/well004/qm_unfiltered.xlsx,/mnt/benshalom-nas/analysis/Sadegh/CX138/CX138/260404/T003346/Network/000041/well004/network_results.json,/mnt/benshalom-nas/analysis/Sadegh/CX138/CX138/260404/T003346/Network/000041/well004/tm_curated.xlsx,/mnt/benshalom-nas/analysis/Sadegh/CX138/CX138/260404/T003346/Network/000041/well004/spike_times.npy,/mnt/benshalom-nas/analysis/Sadegh/CX138/CX138/260404/T003346/Network/000041/well004/tm_unfiltered.xlsx,/mnt/benshalom-nas/analysis/Sadegh/CX138/CX138/260404/T003346/Network/000041/well004/rejection_log.xlsx,/mnt/benshalom-nas/analysis/Sadegh/CX138/CX138/260404/T003346/Network/000041/well004/metrics_curated.xlsx,True,True,True,True,True,True,True,63.0,False,,20uM,4,1,5,A5,20uM,2026-04-04,2026-04-04,22,10,post_treatment,3,9,11,10.0,D+9 to D+11
CX138,260404,T003346,000041,well005,/mnt/benshalom-nas/analysis/Sadegh/CX138/CX138/260404/T003346/Network/000041/well005,CX138|260404|T003346|000041|well005,/mnt/benshalom-nas/analysis/Sadegh/CX138/CX138/260404/T003346/Network/000041/well005/qm_unfiltered.xlsx,/mnt/benshalom-nas/analysis/Sadegh/CX138/CX138/260404/T003346/Network/000041/well005/network_results.json,/mnt/benshalom-nas/analysis/Sadegh/CX138/CX138/260404/T003346/Network/000041/well005/tm_curated.xlsx,/mnt/benshalom-nas/analysis/Sadegh/CX138/CX138/260404/T003346/Network/000041/well005/spike_times.npy,/mnt/benshalom-nas/analysis/Sadegh/CX138/CX138/260404/T003346/Network/000041/well005/tm_unfiltered.xlsx,/mnt/benshalom-nas/analysis/Sadegh/CX138/CX138/260404/T003346/Network/000041/well005/rejection_log.xlsx,/mnt/benshalom-nas/analysis/Sadegh/CX138/CX138/260404/T003346/Network/000041/well005/metrics_curated.xlsx,True,True,True,True,True,True,True,131.0,False,,10uM,5,1,6,A6,10uM,2026-04-04,2026-04-04,22,10,post_treatment,3,9,11,10.0,D+9 to D+11
CX138,260404,T003346,000041,well006,/mnt/benshalom-nas/analysis/Sadegh/CX138/CX138/260404/T003346/Network/000041/well006,CX138|260404|T003346|000041|well006,/mnt/benshalom-nas/analysis/Sadegh/CX138/CX138/260404/T003346/Network/000041/well006/qm_unfiltered.xlsx,/mnt/benshalom-nas/analysis/Sadegh/CX138/CX138/260404/T003346/Network/000041/well006/network_results.json,/mnt/benshalom-nas/analysis/Sadegh/CX138/CX138/260404/T003346/Network/000041/well006/tm_curated.xlsx,/mnt/benshalom-nas/analysis/Sadegh/CX138/CX138/260404/T003346/Network/000041/well006/spike_times.npy,/mnt/benshalom-nas/analysis/Sadegh/CX138/CX138/260404/T003346/Network/000041/well006/tm_unfiltered.xlsx,/mnt/benshalom-nas/analysis/Sadegh/CX138/CX138/260404/T003346/Network/000041/well006/rejection_log.xlsx,/mnt/benshalom-nas/analysis/Sadegh/CX138/CX138/260404/T003346/Network/000041/well006/metrics_curated.xlsx,True,True,True,True,True,True,True,75.0,False,,NPH,6,2,1,B1,NPH,2026-04-04,2026-04-04,22,10,post_treatment,3,9,11,10.0,D+9 to D+11
CX138,260404,T003346,000041,well007,/mnt/benshalom-nas/analysis/Sadegh/CX138/CX138/260404/T003346/Network/000041/well007,CX138|260404|T003346|000041|well007,/mnt/benshalom-nas/analysis/Sadegh/CX138/CX138/260404/T003346/Network/000041/well007/qm_unfiltered.xlsx,/mnt/benshalom-nas/analysis/Sadegh/CX138/CX138/260404/T003346/Network/000041/well007/network_results.json,/mnt/benshalom-nas/analysis/Sadegh/CX138/CX138/260404/T003346/Network/000041/well007/tm_curated.xlsx,/mnt/benshalom-nas/analysis/Sadegh/CX138/CX138/260404/T003346/Network/000041/well007/spike_times.npy,/mnt/benshalom-nas/analysis/Sadegh/CX138/CX138/260404/T003346/Network/000041/well007/tm_unfiltered.xlsx,/mnt/benshalom-nas/analysis/Sadegh/CX138/CX138/260404/T003346/Network/000041/well007/rejection_log.xlsx,/mnt/benshalom-nas/analysis/Sadegh/CX138/CX138/260404/T003346/Network/000041/well007/metrics_curated.xlsx,True,True,True,True,True,True,True,139.0,False,,IVH-E,7,2,2,B2,IVH-E,2026-04-04,2026-04-04,22,10,post_treatment,3,9,11,10.0,D+9 to D+11
CX138,260404,T003346,000041,well008,/mnt/benshalom-nas/analysis/Sadegh/CX138/CX138/260404/T003346/Network/000041/well008,CX138|260404|T003346|000041|well008,/mnt/benshalom-nas/analysis/Sadegh/CX138/CX138/260404/T003346/Network/000041/well008/qm_unfiltered.xlsx,/mnt/benshalom-nas/analysis/Sadegh/CX138/CX138/260404/T003346/Network/000041/well008/network_results.json,/mnt/benshalom-nas/analysis/Sadegh/CX138/CX138/260404/T003346/Network/000041/well008/tm_curated.xlsx,/mnt/benshalom-nas/analysis/Sadegh/CX138/CX138/260404/T003346/Network/000041/well008/spike_times.npy,/mnt/benshalom-nas/analysis/Sadegh/CX138/CX138/260404/T003346/Network/000041/well008/tm_unfiltered.xlsx,/mnt/benshalom-nas/analysis/Sadegh/CX138/CX138/260404/T003346/Network/000041/well008/rejection_log.xlsx,/mnt/benshalom-nas/analysis/Sadegh/CX138/CX138/260404/T003346/Network/000041/well008/metrics_curated.xlsx,True,True,True,True,True,True,True,82.0,False,,IVH-L,8,2,3,B3,IVH-L,2026-04-04,2026-04-04,22,10,post_treatment,3,9,11,10.0,D+9 to D+11
CX138,260404,T003346,000041,well009,/mnt/benshalom-nas/analysis/Sadegh/CX138/CX138/260404/T003346/Network/000041/well009,CX138|260404|T003346|000041|well009,/mnt/benshalom-nas/analysis/Sadegh/CX138/CX138/260404/T003346/Network/000041/well009/qm_unfiltered.xlsx,/mnt/benshalom-nas/analysis/Sadegh/CX138/CX138/260404/T003346/Network/000041/well009/network_results.json,/mnt/benshalom-nas/analysis/Sadegh/CX138/CX138/260404/T003346/Network/000041/well009/tm_curated.xlsx,/mnt/benshalom-nas/analysis/Sadegh/CX138/CX138/260404/T003346/Network/000041/well009/spike_times.npy,/mnt/benshalom-nas/analysis/Sadegh/CX138/CX138/260404/T003346/Network/000041/well009/tm_unfiltered.xlsx,/mnt/benshalom-nas/analysis/Sadegh/CX138/CX138/260404/T003346/Network/000041/well009/rejection_log.xlsx,/mnt/benshalom-nas/analysis/Sadegh/CX138/CX138/260404/T003346/Network/000041/well009/metrics_curated.xlsx,True,True,True,True,True,True,True,68.0,False,,CT,9,2,4,B4,CT,2026-04-04,2026-04-04,22,10,post_treatment,3,9,11,10.0,D+9 to D+11
CX138,260404,T003346,000041,well010,/mnt/benshalom-nas/analysis/Sadegh/CX138/CX138/260404/T003346/Network/000041/well010,CX138|260404|T003346|000041|well010,/mnt/benshalom-nas/analysis/Sadegh/CX138/CX138/260404/T003346/Network/000041/well010/qm_unfiltered.xlsx,/mnt/benshalom-nas/analysis/Sadegh/CX138/CX138/260404/T003346/Network/000041/well010/network_results.json,/mnt/benshalom-nas/analysis/Sadegh/CX138/CX138/260404/T003346/Network/000041/well010/tm_curated.xlsx,/mnt/benshalom-nas/analysis/Sadegh/CX138/CX138/260404/T003346/Network/000041/well010/spike_times.npy,/mnt/benshalom-nas/analysis/Sadegh/CX138/CX138/260404/T003346/Network/000041/well010/tm_unfiltered.xlsx,/mnt/benshalom-nas/analysis/Sadegh/CX138/CX138/260404/T003346/Network/000041/well010/rejection_log.xlsx,/mnt/benshalom-nas/analysis/Sadegh/CX138/CX138/260404/T003346/Network/000041/well010/metrics_curated.xlsx,True,True,True,True,True,True,True,115.0,False,,20uM,10,2,5,B5,20uM,2026-04-04,2026-04-04,22,10,post_treatment,3,9,11,10.0,D+9 to D+11
CX138,260404,T003346,000041,well011,/mnt/benshalom-nas/analysis/Sadegh/CX138/CX138/260404/T003346/Network/000041/well011,CX138|260404|T003346|000041|well011,/mnt/benshalom-nas/analysis/Sadegh/CX138/CX138/260404/T003346/Network/000041/well011/qm_unfiltered.xlsx,/mnt/benshalom-nas/analysis/Sadegh/CX138/CX138/260404/T003346/Network/000041/well011/network_results.json,/mnt/benshalom-nas/analysis/Sadegh/CX138/CX138/260404/T003346/Network/000041/well011/tm_curated.xlsx,/mnt/benshalom-nas/analysis/Sadegh/CX138/CX138/260404/T003346/Network/000041/well011/spike_times.npy,/mnt/benshalom-nas/analysis/Sadegh/CX138/CX138/260404/T003346/Network/000041/well011/tm_unfiltered.xlsx,/mnt/benshalom-nas/analysis/Sadegh/CX138/CX138/260404/T003346/Network/000041/well011/rejection_log.xlsx,/mnt/benshalom-nas/analysis/Sadegh/CX138/CX138/260404/T003346/Network/000041/well011/metrics_curated.xlsx,True,True,True,True,True,True,True,134.0,False,,10uM,11,2,6,B6,10uM,2026-04-04,2026-04-04,22,10,post_treatment,3,9,11,10.0,D+9 to D+11
CX138,260404,T003346,000041,well012,/mnt/benshalom-nas/analysis/Sadegh/CX138/CX138/260404/T003346/Network/000041/well012,CX138|260404|T003346|000041|well012,/mnt/benshalom-nas/analysis/Sadegh/CX138/CX138/260404/T003346/Network/000041/well012/qm_unfiltered.xlsx,/mnt/benshalom-nas/analysis/Sadegh/CX138/CX138/260404/T003346/Network/000041/well012/network_results.json,/mnt/benshalom-nas/analysis/Sadegh/CX138/CX138/260404/T003346/Network/000041/well012/tm_curated.xlsx,/mnt/benshalom-nas/analysis/Sadegh/CX138/CX138/260404/T003346/Network/000041/well012/spike_times.npy,/mnt/benshalom-nas/analysis/Sadegh/CX138/CX138/260404/T003346/Network/000041/well012/tm_unfiltered.xlsx,/mnt/benshalom-nas/analysis/Sadegh/CX138/CX138/260404/T003346/Network/000041/well012/rejection_log.xlsx,/mnt/benshalom-nas/analysis/Sadegh/CX138/CX138/260404/T003346/Network/000041/well012/metrics_curated.xlsx,True,True,True,True,True,True,True,125.0,False,,NPH,12,3,1,C1,NPH,2026-04-04,2026-04-04,22,10,post_treatment,3,9,11,10.0,D+9 to D+11
CX138,260404,T003346,000041,well013,/mnt/benshalom-nas/analysis/Sadegh/CX138/CX138/260404/T003346/Network/000041/well013,CX138|260404|T003346|000041|well013,/mnt/benshalom-nas/analysis/Sadegh/CX138/CX138/260404/T003346/Network/000041/well013/qm_unfiltered.xlsx,/mnt/benshalom-nas/analysis/Sadegh/CX138/CX138/260404/T003346/Network/000041/well013/network_results.json,/mnt/benshalom-nas/analysis/Sadegh/CX138/CX138/260404/T003346/Network/000041/well013/tm_curated.xlsx,/mnt/benshalom-nas/analysis/Sadegh/CX138/CX138/260404/T003346/Network/000041/well013/spike_times.npy,/mnt/benshalom-nas/analysis/Sadegh/CX138/CX138/260404/T003346/Network/000041/well013/tm_unfiltered.xlsx,/mnt/benshalom-nas/analysis/Sadegh/CX138/CX138/260404/T003346/Network/000041/well013/rejection_log.xlsx,/mnt/benshalom-nas/analysis/Sadegh/CX138/CX138/260404/T003346/Network/000041/well013/metrics_curated.xlsx,True,True,True,True,True,True,True,19.0,False,,IVH-E,13,3,2,C2,IVH-E,2026-04-04,2026-04-04,22,10,post_treatment,3,9,11,10.0,D+9 to D+11
CX138,260404,T003346,000041,well014,/mnt/benshalom-nas/analysis/Sadegh/CX138/CX138/260404/T003346/Network/000041/well014,CX138|260404|T003346|000041|well014,/mnt/benshalom-nas/analysis/Sadegh/CX138/CX138/260404/T003346/Network/000041/well014/qm_unfiltered.xlsx,/mnt/benshalom-nas/analysis/Sadegh/CX138/CX138/260404/T003346/Network/000041/well014/network_results.json,/mnt/benshalom-nas/analysis/Sadegh/CX138/CX138/260404/T003346/Network/000041/well014/tm_curated.xlsx,/mnt/benshalom-nas/analysis/Sadegh/CX138/CX138/260404/T003346/Network/000041/well014/spike_times.npy,/mnt/benshalom-nas/analysis/Sadegh/CX138/CX138/260404/T003346/Network/000041/well014/tm_unfiltered.xlsx,/mnt/benshalom-nas/analysis/Sadegh/CX138/CX138/260404/T003346/Network/000041/well014/rejection_log.xlsx,/mnt/benshalom-nas/analysis/Sadegh/CX138/CX138/260404/T003346/Network/000041/well014/metrics_curated.xlsx,True,True,True,True,True,True,True,162.0,False,,IVH-L,14,3,3,C3,IVH-L,2026-04-04,2026-04-04,22,10,post_treatment,3,9,11,10.0,D+9 to D+11
CX138,260404,T003346,000041,well015,/mnt/benshalom-nas/analysis/Sadegh/CX138/CX138/260404/T003346/Network/000041/well015,CX138|260404|T003346|000041|well015,/mnt/benshalom-nas/analysis/Sadegh/CX138/CX138/260404/T003346/Network/000041/well015/qm_unfiltered.xlsx,/mnt/benshalom-nas/analysis/Sadegh/CX138/CX138/260404/T003346/Network/000041/well015/network_results.json,/mnt/benshalom-nas/analysis/Sadegh/CX138/CX138/260404/T003346/Network/000041/well015/tm_curated.xlsx,/mnt/benshalom-nas/analysis/Sadegh/CX138/CX138/260404/T003346/Network/000041/well015/spike_times.npy,/mnt/benshalom-nas/analysis/Sadegh/CX138/CX138/260404/T003346/Network/000041/well015/tm_unfiltered.xlsx,/mnt/benshalom-nas/analysis/Sadegh/CX138/CX138/260404/T003346/Network/000041/well015/rejection_log.xlsx,/mnt/benshalom-nas/analysis/Sadegh/CX138/CX138/260404/T003346/Network/000041/well015/metrics_curated.xlsx,True,True,True,True,True,True,True,104.0,False,,CT,15,3,4,C4,CT,2026-04-04,2026-04-04,22,10,post_treatment,3,9,11,10.0,D+9 to D+11
CX138,260404,T003346,000041,well016,/mnt/benshalom-nas/analysis/Sadegh/CX138/CX138/260404/T003346/Network/000041/well016,CX138|260404|T003346|000041|well016,/mnt/benshalom-nas/analysis/Sadegh/CX138/CX138/260404/T003346/Network/000041/well016/qm_unfiltered.xlsx,/mnt/benshalom-nas/analysis/Sadegh/CX138/CX138/260404/T003346/Network/000041/well016/network_results.json,/mnt/benshalom-nas/analysis/Sadegh/CX138/CX138/260404/T003346/Network/000041/well016/tm_curated.xlsx,/mnt/benshalom-nas/analysis/Sadegh/CX138/CX138/260404/T003346/Network/000041/well016/spike_times.npy,/mnt/benshalom-nas/analysis/Sadegh/CX138/CX138/260404/T003346/Network/000041/well016/tm_unfiltered.xlsx,/mnt/benshalom-nas/analysis/Sadegh/CX138/CX138/260404/T003346/Network/000041/well016/rejection_log.xlsx,/mnt/benshalom-nas/analysis/Sadegh/CX138/CX138/260404/T003346/Network/000041/well016/metrics_curated.xlsx,True,True,True,True,True,True,True,164.0,False,,20uM,16,3,5,C5,20uM,2026-04-04,2026-04-04,22,10,post_treatment,3,9,11,10.0,D+9 to D+11
CX138,260404,T003346,000041,well017,/mnt/benshalom-nas/analysis/Sadegh/CX138/CX138/260404/T003346/Network/000041/well017,CX138|260404|T003346|000041|well017,/mnt/benshalom-nas/analysis/Sadegh/CX138/CX138/260404/T003346/Network/000041/well017/qm_unfiltered.xlsx,/mnt/benshalom-nas/analysis/Sadegh/CX138/CX138/260404/T003346/Network/000041/well017/network_results.json,/mnt/benshalom-nas/analysis/Sadegh/CX138/CX138/260404/T003346/Network/000041/well017/tm_curated.xlsx,/mnt/benshalom-nas/analysis/Sadegh/CX138/CX138/260404/T003346/Network/000041/well017/spike_times.npy,/mnt/benshalom-nas/analysis/Sadegh/CX138/CX138/260404/T003346/Network/000041/well017/tm_unfiltered.xlsx,/mnt/benshalom-nas/analysis/Sadegh/CX138/CX138/260404/T003346/Network/000041/well017/rejection_log.xlsx,/mnt/benshalom-nas/analysis/Sadegh/CX138/CX138/260404/T003346/Network/000041/well017/metrics_curated.xlsx,True,True,True,True,True,True,True,134.0,False,,10uM,17,3,6,C6,10uM,2026-04-04,2026-04-04,22,10,post_treatment,3,9,11,10.0,D+9 to D+11
CX138,260404,T003346,000041,well018,/mnt/benshalom-nas/analysis/Sadegh/CX138/CX138/260404/T003346/Network/000041/well018,CX138|260404|T003346|000041|well018,/mnt/benshalom-nas/analysis/Sadegh/CX138/CX138/260404/T003346/Network/000041/well018/qm_unfiltered.xlsx,/mnt/benshalom-nas/analysis/Sadegh/CX138/CX138/260404/T003346/Network/000041/well018/network_results.json,/mnt/benshalom-nas/analysis/Sadegh/CX138/CX138/260404/T003346/Network/000041/well018/tm_curated.xlsx,/mnt/benshalom-nas/analysis/Sadegh/CX138/CX138/260404/T003346/Network/000041/well018/spike_times.npy,/mnt/benshalom-nas/analysis/Sadegh/CX138/CX138/260404/T003346/Network/000041/well018/tm_unfiltered.xlsx,/mnt/benshalom-nas/analysis/Sadegh/CX138/CX138/260404/T003346/Network/000041/well018/rejection_log.xlsx,/mnt/benshalom-nas/analysis/Sadegh/CX138/CX138/260404/T003346/Network/000041/well018/metrics_curated.xlsx,True,True,True,True,True,True,True,72.0,False,,NPH,18,4,1,D1,NPH,2026-04-04,2026-04-04,22,10,post_treatment,3,9,11,10.0,D+9 to D+11
CX138,260404,T003346,000041,well019,/mnt/benshalom-nas/analysis/Sadegh/CX138/CX138/260404/T003346/Network/000041/well019,CX138|260404|T003346|000041|well019,/mnt/benshalom-nas/analysis/Sadegh/CX138/CX138/260404/T003346/Network/000041/well019/qm_unfiltered.xlsx,/mnt/benshalom-nas/analysis/Sadegh/CX138/CX138/260404/T003346/Network/000041/well019/network_results.json,/mnt/benshalom-nas/analysis/Sadegh/CX138/CX138/260404/T003346/Network/000041/well019/tm_curated.xlsx,/mnt/benshalom-nas/analysis/Sadegh/CX138/CX138/260404/T003346/Network/000041/well019/spike_times.npy,/mnt/benshalom-nas/analysis/Sadegh/CX138/CX138/260404/T003346/Network/000041/well019/tm_unfiltered.xlsx,/mnt/benshalom-nas/analysis/Sadegh/CX138/CX138/260404/T003346/Network/000041/well019/rejection_log.xlsx,/mnt/benshalom-nas/analysis/Sadegh/CX138/CX138/260404/T003346/Network/000041/well019/metrics_curated.xlsx,True,True,True,True,True,True,True,1.0,False,,IVH-E,19,4,2,D2,IVH-E,2026-04-04,2026-04-04,22,10,post_treatment,3,9,11,10.0,D+9 to D+11
CX138,260404,T003346,000041,well020,/mnt/benshalom-nas/analysis/Sadegh/CX138/CX138/260404/T003346/Network/000041/well020,CX138|260404|T003346|000041|well020,/mnt/benshalom-nas/analysis/Sadegh/CX138/CX138/260404/T003346/Network/000041/well020/qm_unfiltered.xlsx,/mnt/benshalom-nas/analysis/Sadegh/CX138/CX138/260404/T003346/Network/000041/well020/network_results.json,/mnt/benshalom-nas/analysis/Sadegh/CX138/CX138/260404/T003346/Network/000041/well020/tm_curated.xlsx,/mnt/benshalom-nas/analysis/Sadegh/CX138/CX138/260404/T003346/Network/000041/well020/spike_times.npy,/mnt/benshalom-nas/analysis/Sadegh/CX138/CX138/260404/T003346/Network/000041/well020/tm_unfiltered.xlsx,/mnt/benshalom-nas/analysis/Sadegh/CX138/CX138/260404/T003346/Network/000041/well020/rejection_log.xlsx,/mnt/benshalom-nas/analysis/Sadegh/CX138/CX138/260404/T003346/Network/000041/well020/metrics_curated.xlsx,True,True,True,True,True,True,True,116.0,False,,IVH-L,20,4,3,D3,IVH-L,2026-04-04,2026-04-04,22,10,post_treatment,3,9,11,10.0,D+9 to D+11
CX138,260404,T003346,000041,well021,/mnt/benshalom-nas/analysis/Sadegh/CX138/CX138/260404/T003346/Network/000041/well021,CX138|260404|T003346|000041|well021,/mnt/benshalom-nas/analysis/Sadegh/CX138/CX138/260404/T003346/Network/000041/well021/qm_unfiltered.xlsx,/mnt/benshalom-nas/analysis/Sadegh/CX138/CX138/260404/T003346/Network/000041/well021/network_results.json,/mnt/benshalom-nas/analysis/Sadegh/CX138/CX138/260404/T003346/Network/000041/well021/tm_curated.xlsx,/mnt/benshalom-nas/analysis/Sadegh/CX138/CX138/260404/T003346/Network/000041/well021/spike_times.npy,/mnt/benshalom-nas/analysis/Sadegh/CX138/CX138/260404/T003346/Network/000041/well021/tm_unfiltered.xlsx,/mnt/benshalom-nas/analysis/Sadegh/CX138/CX138/260404/T003346/Network/000041/well021/rejection_log.xlsx,/mnt/benshalom-nas/analysis/Sadegh/CX138/CX138/260404/T003346/Network/000041/well021/metrics_curated.xlsx,True,True,True,True,True,True,True,80.0,False,,CT,21,4,4,D4,CT,2026-04-04,2026-04-04,22,10,post_treatment,3,9,11,10.0,D+9 to D+11
CX138,260404,T003346,000041,well023,/mnt/benshalom-nas/analysis/Sadegh/CX138/CX138/260404/T003346/Network/000041/well023,CX138|260404|T003346|000041|well023,/mnt/benshalom-nas/analysis/Sadegh/CX138/CX138/260404/T003346/Network/000041/well023/qm_unfiltered.xlsx,/mnt/benshalom-nas/analysis/Sadegh/CX138/CX138/260404/T003346/Network/000041/well023/network_results.json,/mnt/benshalom-nas/analysis/Sadegh/CX138/CX138/260404/T003346/Network/000041/well023/tm_curated.xlsx,/mnt/benshalom-nas/analysis/Sadegh/CX138/CX138/260404/T003346/Network/000041/well023/spike_times.npy,/mnt/benshalom-nas/analysis/Sadegh/CX138/CX138/260404/T003346/Network/000041/well023/tm_unfiltered.xlsx,/mnt/benshalom-nas/analysis/Sadegh/CX138/CX138/260404/T003346/Network/000041/well023/rejection_log.xlsx,/mnt/benshalom-nas/analysis/Sadegh/CX138/CX138/260404/T003346/Network/000041/well023/metrics_curated.xlsx,True,True,True,True,True,True,True,76.0,False,,10uM,23,4,6,D6,10uM,2026-04-04,2026-04-04,22,10,post_treatment,3,9,11,10.0,D+9 to D+11
CX138,260404,T003346,000043,well000,/mnt/benshalom-nas/analysis/Sadegh/CX138/CX138/260404/T003346/Network/000043/well000,CX138|260404|T003346|000043|well000,/mnt/benshalom-nas/analysis/Sadegh/CX138/CX138/260404/T003346/Network/000043/well000/qm_unfiltered.xlsx,/mnt/benshalom-nas/analysis/Sadegh/CX138/CX138/260404/T003346/Network/000043/well000/network_results.json,/mnt/benshalom-nas/analysis/Sadegh/CX138/CX138/260404/T003346/Network/000043/well000/tm_curated.xlsx,/mnt/benshalom-nas/analysis/Sadegh/CX138/CX138/260404/T003346/Network/000043/well000/spike_times.npy,/mnt/benshalom-nas/analysis/Sadegh/CX138/CX138/260404/T003346/Network/000043/well000/tm_unfiltered.xlsx,/mnt/benshalom-nas/analysis/Sadegh/CX138/CX138/260404/T003346/Network/000043/well000/rejection_log.xlsx,/mnt/benshalom-nas/analysis/Sadegh/CX138/CX138/260404/T003346/Network/000043/well000/metrics_curated.xlsx,True,True,True,True,True,True,True,57.0,False,,NPH,0,1,1,A1,NPH,2026-04-04,2026-04-04,22,10,post_treatment,3,9,11,10.0,D+9 to D+11
CX138,260404,T003346,000043,well001,/mnt/benshalom-nas/analysis/Sadegh/CX138/CX138/260404/T003346/Network/000043/well001,CX138|260404|T003346|000043|well001,/mnt/benshalom-nas/analysis/Sadegh/CX138/CX138/260404/T003346/Network/000043/well001/qm_unfiltered.xlsx,/mnt/benshalom-nas/analysis/Sadegh/CX138/CX138/260404/T003346/Network/000043/well001/network_results.json,/mnt/benshalom-nas/analysis/Sadegh/CX138/CX138/260404/T003346/Network/000043/well001/tm_curated.xlsx,/mnt/benshalom-nas/analysis/Sadegh/CX138/CX138/260404/T003346/Network/000043/well001/spike_times.npy,/mnt/benshalom-nas/analysis/Sadegh/CX138/CX138/260404/T003346/Network/000043/well001/tm_unfiltered.xlsx,/mnt/benshalom-nas/analysis/Sadegh/CX138/CX138/260404/T003346/Network/000043/well001/rejection_log.xlsx,/mnt/benshalom-nas/analysis/Sadegh/CX138/CX138/260404/T003346/Network/000043/well001/metrics_curated.xlsx,True,True,True,True,True,True,True,92.0,False,,IVH-E,1,1,2,A2,IVH-E,2026-04-04,2026-04-04,22,10,post_treatment,3,9,11,10.0,D+9 to D+11
CX138,260404,T003346,000043,well002,/mnt/benshalom-nas/analysis/Sadegh/CX138/CX138/260404/T003346/Network/000043/well002,CX138|260404|T003346|000043|well002,/mnt/benshalom-nas/analysis/Sadegh/CX138/CX138/260404/T003346/Network/000043/well002/qm_unfiltered.xlsx,/mnt/benshalom-nas/analysis/Sadegh/CX138/CX138/260404/T003346/Network/000043/well002/network_results.json,/mnt/benshalom-nas/analysis/Sadegh/CX138/CX138/260404/T003346/Network/000043/well002/tm_curated.xlsx,/mnt/benshalom-nas/analysis/Sadegh/CX138/CX138/260404/T003346/Network/000043/well002/spike_times.npy,/mnt/benshalom-nas/analysis/Sadegh/CX138/CX138/260404/T003346/Network/000043/well002/tm_unfiltered.xlsx,/mnt/benshalom-nas/analysis/Sadegh/CX138/CX138/260404/T003346/Network/000043/well002/rejection_log.xlsx,/mnt/benshalom-nas/analysis/Sadegh/CX138/CX138/260404/T003346/Network/000043/well002/metrics_curated.xlsx,True,True,True,True,True,True,True,119.0,False,,IVH-L,2,1,3,A3,IVH-L,2026-04-04,2026-04-04,22,10,post_treatment,3,9,11,10.0,D+9 to D+11
CX138,260404,T003346,000043,well003,/mnt/benshalom-nas/analysis/Sadegh/CX138/CX138/260404/T003346/Network/000043/well003,CX138|260404|T003346|000043|well003,/mnt/benshalom-nas/analysis/Sadegh/CX138/CX138/260404/T003346/Network/000043/well003/qm_unfiltered.xlsx,/mnt/benshalom-nas/analysis/Sadegh/CX138/CX138/260404/T003346/Network/000043/well003/network_results.json,/mnt/benshalom-nas/analysis/Sadegh/CX138/CX138/260404/T003346/Network/000043/well003/tm_curated.xlsx,/mnt/benshalom-nas/analysis/Sadegh/CX138/CX138/260404/T003346/Network/000043/well003/spike_times.npy,/mnt/benshalom-nas/analysis/Sadegh/CX138/CX138/260404/T003346/Network/000043/well003/tm_unfiltered.xlsx,/mnt/benshalom-nas/analysis/Sadegh/CX138/CX138/260404/T003346/Network/000043/well003/rejection_log.xlsx,/mnt/benshalom-nas/analysis/Sadegh/CX138/CX138/260404/T003346/Network/000043/well003/metrics_curated.xlsx,True,True,True,True,True,True,True,30.0,False,,CT,3,1,4,A4,CT,2026-04-04,2026-04-04,22,10,post_treatment,3,9,11,10.0,D+9 to D+11
CX138,260404,T003346,000043,well004,/mnt/benshalom-nas/analysis/Sadegh/CX138/CX138/260404/T003346/Network/000043/well004,CX138|260404|T003346|000043|well004,/mnt/benshalom-nas/analysis/Sadegh/CX138/CX138/260404/T003346/Network/000043/well004/qm_unfiltered.xlsx,/mnt/benshalom-nas/analysis/Sadegh/CX138/CX138/260404/T003346/Network/000043/well004/network_results.json,/mnt/benshalom-nas/analysis/Sadegh/CX138/CX138/260404/T003346/Network/000043/well004/tm_curated.xlsx,/mnt/benshalom-nas/analysis/Sadegh/CX138/CX138/260404/T003346/Network/000043/well004/spike_times.npy,/mnt/benshalom-nas/analysis/Sadegh/CX138/CX138/260404/T003346/Network/000043/well004/tm_unfiltered.xlsx,/mnt/benshalom-nas/analysis/Sadegh/CX138/CX138/260404/T003346/Network/000043/well004/rejection_log.xlsx,/mnt/benshalom-nas/analysis/Sadegh/CX138/CX138/260404/T003346/Network/000043/well004/metrics_curated.xlsx,True,True,True,True,True,True,True,70.0,False,,20uM,4,1,5,A5,20uM,2026-04-04,2026-04-04,22,10,post_treatment,3,9,11,10.0,D+9 to D+11
CX138,260404,T003346,000043,well005,/mnt/benshalom-nas/analysis/Sadegh/CX138/CX138/260404/T003346/Network/000043/well005,CX138|260404|T003346|000043|well005,/mnt/benshalom-nas/analysis/Sadegh/CX138/CX138/260404/T003346/Network/000043/well005/qm_unfiltered.xlsx,/mnt/benshalom-nas/analysis/Sadegh/CX138/CX138/260404/T003346/Network/000043/well005/network_results.json,/mnt/benshalom-nas/analysis/Sadegh/CX138/CX138/260404/T003346/Network/000043/well005/tm_curated.xlsx,/mnt/benshalom-nas/analysis/Sadegh/CX138/CX138/260404/T003346/Network/000043/well005/spike_times.npy,/mnt/benshalom-nas/analysis/Sadegh/CX138/CX138/260404/T003346/Network/000043/well005/tm_unfiltered.xlsx,/mnt/benshalom-nas/analysis/Sadegh/CX138/CX138/260404/T003346/Network/000043/well005/rejection_log.xlsx,/mnt/benshalom-nas/analysis/Sadegh/CX138/CX138/260404/T003346/Network/000043/well005/metrics_curated.xlsx,True,True,True,True,True,True,True,103.0,False,,10uM,5,1,6,A6,10uM,2026-04-04,2026-04-04,22,10,post_treatment,3,9,11,10.0,D+9 to D+11
CX138,260404,T003346,000043,well006,/mnt/benshalom-nas/analysis/Sadegh/CX138/CX138/260404/T003346/Network/000043/well006,CX138|260404|T003346|000043|well006,/mnt/benshalom-nas/analysis/Sadegh/CX138/CX138/260404/T003346/Network/000043/well006/qm_unfiltered.xlsx,/mnt/benshalom-nas/analysis/Sadegh/CX138/CX138/260404/T003346/Network/000043/well006/network_results.json,/mnt/benshalom-nas/analysis/Sadegh/CX138/CX138/260404/T003346/Network/000043/well006/tm_curated.xlsx,/mnt/benshalom-nas/analysis/Sadegh/CX138/CX138/260404/T003346/Network/000043/well006/spike_times.npy,/mnt/benshalom-nas/analysis/Sadegh/CX138/CX138/260404/T003346/Network/000043/well006/tm_unfiltered.xlsx,/mnt/benshalom-nas/analysis/Sadegh/CX138/CX138/260404/T003346/Network/000043/well006/rejection_log.xlsx,/mnt/benshalom-nas/analysis/Sadegh/CX138/CX138/260404/T003346/Network/000043/well006/metrics_curated.xlsx,True,True,True,True,True,True,True,25.0,False,,NPH,6,2,1,B1,NPH,2026-04-04,2026-04-04,22,10,post_treatment,3,9,11,10.0,D+9 to D+11
CX138,260404,T003346,000043,well007,/mnt/benshalom-nas/analysis/Sadegh/CX138/CX138/260404/T003346/Network/000043/well007,CX138|260404|T003346|000043|well007,/mnt/benshalom-nas/analysis/Sadegh/CX138/CX138/260404/T003346/Network/000043/well007/qm_unfiltered.xlsx,/mnt/benshalom-nas/analysis/Sadegh/CX138/CX138/260404/T003346/Network/000043/well007/network_results.json,/mnt/benshalom-nas/analysis/Sadegh/CX138/CX138/260404/T003346/Network/000043/well007/tm_curated.xlsx,/mnt/benshalom-nas/analysis/Sadegh/CX138/CX138/260404/T003346/Network/000043/well007/spike_times.npy,/mnt/benshalom-nas/analysis/Sadegh/CX138/CX138/260404/T003346/Network/000043/well007/tm_unfiltered.xlsx,/mnt/benshalom-nas/analysis/Sadegh/CX138/CX138/260404/T003346/Network/000043/well007/rejection_log.xlsx,/mnt/benshalom-nas/analysis/Sadegh/CX138/CX138/260404/T003346/Network/000043/well007/metrics_curated.xlsx,True,True,True,True,True,True,True,56.0,False,,IVH-E,7,2,2,B2,IVH-E,2026-04-04,2026-04-04,22,10,post_treatment,3,9,11,10.0,D+9 to D+11
CX138,260404,T003346,000043,well008,/mnt/benshalom-nas/analysis/Sadegh/CX138/CX138/260404/T003346/Network/000043/well008,CX138|260404|T003346|000043|well008,/mnt/benshalom-nas/analysis/Sadegh/CX138/CX138/260404/T003346/Network/000043/well008/qm_unfiltered.xlsx,/mnt/benshalom-nas/analysis/Sadegh/CX138/CX138/260404/T003346/Network/000043/well008/network_results.json,/mnt/benshalom-nas/analysis/Sadegh/CX138/CX138/260404/T003346/Network/000043/well008/tm_curated.xlsx,/mnt/benshalom-nas/analysis/Sadegh/CX138/CX138/260404/T003346/Network/000043/well008/spike_times.npy,/mnt/benshalom-nas/analysis/Sadegh/CX138/CX138/260404/T003346/Network/000043/well008/tm_unfiltered.xlsx,/mnt/benshalom-nas/analysis/Sadegh/CX138/CX138/260404/T003346/Network/000043/well008/rejection_log.xlsx,/mnt/benshalom-nas/analysis/Sadegh/CX138/CX138/260404/T003346/Network/000043/well008/metrics_curated.xlsx,True,True,True,True,True,True,True,42.0,False,,IVH-L,8,2,3,B3,IVH-L,2026-04-04,2026-04-04,22,10,post_treatment,3,9,11,10.0,D+9 to D+11
CX138,260404,T003346,000043,well009,/mnt/benshalom-nas/analysis/Sadegh/CX138/CX138/260404/T003346/Network/000043/well009,CX138|260404|T003346|000043|well009,/mnt/benshalom-nas/analysis/Sadegh/CX138/CX138/260404/T003346/Network/000043/well009/qm_unfiltered.xlsx,/mnt/benshalom-nas/analysis/Sadegh/CX138/CX138/260404/T003346/Network/000043/well009/network_results.json,/mnt/benshalom-nas/analysis/Sadegh/CX138/CX138/260404/T003346/Network/000043/well009/tm_curated.xlsx,/mnt/benshalom-nas/analysis/Sadegh/CX138/CX138/260404/T003346/Network/000043/well009/spike_times.npy,/mnt/benshalom-nas/analysis/Sadegh/CX138/CX138/260404/T003346/Network/000043/well009/tm_unfiltered.xlsx,/mnt/benshalom-nas/analysis/Sadegh/CX138/CX138/260404/T003346/Network/000043/well009/rejection_log.xlsx,/mnt/benshalom-nas/analysis/Sadegh/CX138/CX138/260404/T003346/Network/000043/well009/metrics_curated.xlsx,True,True,True,True,True,True,True,60.0,False,,CT,9,2,4,B4,CT,2026-04-04,2026-04-04,22,10,post_treatment,3,9,11,10.0,D+9 to D+11
CX138,260404,T003346,000043,well010,/mnt/benshalom-nas/analysis/Sadegh/CX138/CX138/260404/T003346/Network/000043/well010,CX138|260404|T003346|000043|well010,/mnt/benshalom-nas/analysis/Sadegh/CX138/CX138/260404/T003346/Network/000043/well010/qm_unfiltered.xlsx,/mnt/benshalom-nas/analysis/Sadegh/CX138/CX138/260404/T003346/Network/000043/well010/network_results.json,/mnt/benshalom-nas/analysis/Sadegh/CX138/CX138/260404/T003346/Network/000043/well010/tm_curated.xlsx,/mnt/benshalom-nas/analysis/Sadegh/CX138/CX138/260404/T003346/Network/000043/well010/spike_times.npy,/mnt/benshalom-nas/analysis/Sadegh/CX138/CX138/260404/T003346/Network/000043/well010/tm_unfiltered.xlsx,/mnt/benshalom-nas/analysis/Sadegh/CX138/CX138/260404/T003346/Network/000043/well010/rejection_log.xlsx,/mnt/benshalom-nas/analysis/Sadegh/CX138/CX138/260404/T003346/Network/000043/well010/metrics_curated.xlsx,True,True,True,True,True,True,True,124.0,False,,20uM,10,2,5,B5,20uM,2026-04-04,2026-04-04,22,10,post_treatment,3,9,11,10.0,D+9 to D+11
CX138,260404,T003346,000043,well011,/mnt/benshalom-nas/analysis/Sadegh/CX138/CX138/260404/T003346/Network/000043/well011,CX138|260404|T003346|000043|well011,/mnt/benshalom-nas/analysis/Sadegh/CX138/CX138/260404/T003346/Network/000043/well011/qm_unfiltered.xlsx,/mnt/benshalom-nas/analysis/Sadegh/CX138/CX138/260404/T003346/Network/000043/well011/network_results.json,/mnt/benshalom-nas/analysis/Sadegh/CX138/CX138/260404/T003346/Network/000043/well011/tm_curated.xlsx,/mnt/benshalom-nas/analysis/Sadegh/CX138/CX138/260404/T003346/Network/000043/well011/spike_times.npy,/mnt/benshalom-nas/analysis/Sadegh/CX138/CX138/260404/T003346/Network/000043/well011/tm_unfiltered.xlsx,/mnt/benshalom-nas/analysis/Sadegh/CX138/CX138/260404/T003346/Network/000043/well011/rejection_log.xlsx,/mnt/benshalom-nas/analysis/Sadegh/CX138/CX138/260404/T003346/Network/000043/well011/metrics_curated.xlsx,True,True,True,True,True,True,True,85.0,False,,10uM,11,2,6,B6,10uM,2026-04-04,2026-04-04,22,10,post_treatment,3,9,11,10.0,D+9 to D+11
CX138,260404,T003346,000043,well012,/mnt/benshalom-nas/analysis/Sadegh/CX138/CX138/260404/T003346/Network/000043/well012,CX138|260404|T003346|000043|well012,/mnt/benshalom-nas/analysis/Sadegh/CX138/CX138/260404/T003346/Network/000043/well012/qm_unfiltered.xlsx,/mnt/benshalom-nas/analysis/Sadegh/CX138/CX138/260404/T003346/Network/000043/well012/network_results.json,/mnt/benshalom-nas/analysis/Sadegh/CX138/CX138/260404/T003346/Network/000043/well012/tm_curated.xlsx,/mnt/benshalom-nas/analysis/Sadegh/CX138/CX138/260404/T003346/Network/000043/well012/spike_times.npy,/mnt/benshalom-nas/analysis/Sadegh/CX138/CX138/260404/T003346/Network/000043/well012/tm_unfiltered.xlsx,/mnt/benshalom-nas/analysis/Sadegh/CX138/CX138/260404/T003346/Network/000043/well012/rejection_log.xlsx,/mnt/benshalom-nas/analysis/Sadegh/CX138/CX138/260404/T003346/Network/000043/well012/metrics_curated.xlsx,True,True,True,True,True,True,True,78.0,False,,NPH,12,3,1,C1,NPH,2026-04-04,2026-04-04,22,10,post_treatment,3,9,11,10.0,D+9 to D+11
CX138,260404,T003346,000043,well013,/mnt/benshalom-nas/analysis/Sadegh/CX138/CX138/260404/T003346/Network/000043/well013,CX138|260404|T003346|000043|well013,/mnt/benshalom-nas/analysis/Sadegh/CX138/CX138/260404/T003346/Network/000043/well013/qm_unfiltered.xlsx,/mnt/benshalom-nas/analysis/Sadegh/CX138/CX138/260404/T003346/Network/000043/well013/network_results.json,/mnt/benshalom-nas/analysis/Sadegh/CX138/CX138/260404/T003346/Network/000043/well013/tm_curated.xlsx,/mnt/benshalom-nas/analysis/Sadegh/CX138/CX138/260404/T003346/Network/000043/well013/spike_times.npy,/mnt/benshalom-nas/analysis/Sadegh/CX138/CX138/260404/T003346/Network/000043/well013/tm_unfiltered.xlsx,/mnt/benshalom-nas/analysis/Sadegh/CX138/CX138/260404/T003346/Network/000043/well013/rejection_log.xlsx,/mnt/benshalom-nas/analysis/Sadegh/CX138/CX138/260404/T003346/Network/000043/well013/metrics_curated.xlsx,True,True,True,True,True,True,True,17.0,False,,IVH-E,13,3,2,C2,IVH-E,2026-04-04,2026-04-04,22,10,post_treatment,3,9,11,10.0,D+9 to D+11
CX138,260404,T003346,000043,well014,/mnt/benshalom-nas/analysis/Sadegh/CX138/CX138/260404/T003346/Network/000043/well014,CX138|260404|T003346|000043|well014,/mnt/benshalom-nas/analysis/Sadegh/CX138/CX138/260404/T003346/Network/000043/well014/qm_unfiltered.xlsx,/mnt/benshalom-nas/analysis/Sadegh/CX138/CX138/260404/T003346/Network/000043/well014/network_results.json,/mnt/benshalom-nas/analysis/Sadegh/CX138/CX138/260404/T003346/Network/000043/well014/tm_curated.xlsx,/mnt/benshalom-nas/analysis/Sadegh/CX138/CX138/260404/T003346/Network/000043/well014/spike_times.npy,/mnt/benshalom-nas/analysis/Sadegh/CX138/CX138/260404/T003346/Network/000043/well014/tm_unfiltered.xlsx,/mnt/benshalom-nas/analysis/Sadegh/CX138/CX138/260404/T003346/Network/000043/well014/rejection_log.xlsx,/mnt/benshalom-nas/analysis/Sadegh/CX138/CX138/260404/T003346/Network/000043/well014/metrics_curated.xlsx,True,True,True,True,True,True,True,48.0,False,,IVH-L,14,3,3,C3,IVH-L,2026-04-04,2026-04-04,22,10,post_treatment,3,9,11,10.0,D+9 to D+11
CX138,260404,T003346,000043,well015,/mnt/benshalom-nas/analysis/Sadegh/CX138/CX138/260404/T003346/Network/000043/well015,CX138|260404|T003346|000043|well015,/mnt/benshalom-nas/analysis/Sadegh/CX138/CX138/260404/T003346/Network/000043/well015/qm_unfiltered.xlsx,/mnt/benshalom-nas/analysis/Sadegh/CX138/CX138/260404/T003346/Network/000043/well015/network_results.json,/mnt/benshalom-nas/analysis/Sadegh/CX138/CX138/260404/T003346/Network/000043/well015/tm_curated.xlsx,/mnt/benshalom-nas/analysis/Sadegh/CX138/CX138/260404/T003346/Network/000043/well015/spike_times.npy,/mnt/benshalom-nas/analysis/Sadegh/CX138/CX138/260404/T003346/Network/000043/well015/tm_unfiltered.xlsx,/mnt/benshalom-nas/analysis/Sadegh/CX138/CX138/260404/T003346/Network/000043/well015/rejection_log.xlsx,/mnt/benshalom-nas/analysis/Sadegh/CX138/CX138/260404/T003346/Network/000043/well015/metrics_curated.xlsx,True,True,True,True,True,True,True,81.0,False,,CT,15,3,4,C4,CT,2026-04-04,2026-04-04,22,10,post_treatment,3,9,11,10.0,D+9 to D+11
CX138,260404,T003346,000043,well016,/mnt/benshalom-nas/analysis/Sadegh/CX138/CX138/260404/T003346/Network/000043/well016,CX138|260404|T003346|000043|well016,/mnt/benshalom-nas/analysis/Sadegh/CX138/CX138/260404/T003346/Network/000043/well016/qm_unfiltered.xlsx,/mnt/benshalom-nas/analysis/Sadegh/CX138/CX138/260404/T003346/Network/000043/well016/network_results.json,/mnt/benshalom-nas/analysis/Sadegh/CX138/CX138/260404/T003346/Network/000043/well016/tm_curated.xlsx,/mnt/benshalom-nas/analysis/Sadegh/CX138/CX138/260404/T003346/Network/000043/well016/spike_times.npy,/mnt/benshalom-nas/analysis/Sadegh/CX138/CX138/260404/T003346/Network/000043/well016/tm_unfiltered.xlsx,/mnt/benshalom-nas/analysis/Sadegh/CX138/CX138/260404/T003346/Network/000043/well016/rejection_log.xlsx,/mnt/benshalom-nas/analysis/Sadegh/CX138/CX138/260404/T003346/Network/000043/well016/metrics_curated.xlsx,True,True,True,True,True,True,True,116.0,False,,20uM,16,3,5,C5,20uM,2026-04-04,2026-04-04,22,10,post_treatment,3,9,11,10.0,D+9 to D+11
CX138,260404,T003346,000043,well017,/mnt/benshalom-nas/analysis/Sadegh/CX138/CX138/260404/T003346/Network/000043/well017,CX138|260404|T003346|000043|well017,/mnt/benshalom-nas/analysis/Sadegh/CX138/CX138/260404/T003346/Network/000043/well017/qm_unfiltered.xlsx,/mnt/benshalom-nas/analysis/Sadegh/CX138/CX138/260404/T003346/Network/000043/well017/network_results.json,/mnt/benshalom-nas/analysis/Sadegh/CX138/CX138/260404/T003346/Network/000043/well017/tm_curated.xlsx,/mnt/benshalom-nas/analysis/Sadegh/CX138/CX138/260404/T003346/Network/000043/well017/spike_times.npy,/mnt/benshalom-nas/analysis/Sadegh/CX138/CX138/260404/T003346/Network/000043/well017/tm_unfiltered.xlsx,/mnt/benshalom-nas/analysis/Sadegh/CX138/CX138/260404/T003346/Network/000043/well017/rejection_log.xlsx,/mnt/benshalom-nas/analysis/Sadegh/CX138/CX138/260404/T003346/Network/000043/well017/metrics_curated.xlsx,True,True,True,True,True,True,True,95.0,False,,10uM,17,3,6,C6,10uM,2026-04-04,2026-04-04,22,10,post_treatment,3,9,11,10.0,D+9 to D+11
CX138,260404,T003346,000043,well018,/mnt/benshalom-nas/analysis/Sadegh/CX138/CX138/260404/T003346/Network/000043/well018,CX138|260404|T003346|000043|well018,/mnt/benshalom-nas/analysis/Sadegh/CX138/CX138/260404/T003346/Network/000043/well018/qm_unfiltered.xlsx,/mnt/benshalom-nas/analysis/Sadegh/CX138/CX138/260404/T003346/Network/000043/well018/network_results.json,/mnt/benshalom-nas/analysis/Sadegh/CX138/CX138/260404/T003346/Network/000043/well018/tm_curated.xlsx,/mnt/benshalom-nas/analysis/Sadegh/CX138/CX138/260404/T003346/Network/000043/well018/spike_times.npy,/mnt/benshalom-nas/analysis/Sadegh/CX138/CX138/260404/T003346/Network/000043/well018/tm_unfiltered.xlsx,/mnt/benshalom-nas/analysis/Sadegh/CX138/CX138/260404/T003346/Network/000043/well018/rejection_log.xlsx,/mnt/benshalom-nas/analysis/Sadegh/CX138/CX138/260404/T003346/Network/000043/well018/metrics_curated.xlsx,True,True,True,True,True,True,True,88.0,False,,NPH,18,4,1,D1,NPH,2026-04-04,2026-04-04,22,10,post_treatment,3,9,11,10.0,D+9 to D+11
CX138,260404,T003346,000043,well019,/mnt/benshalom-nas/analysis/Sadegh/CX138/CX138/260404/T003346/Network/000043/well019,CX138|260404|T003346|000043|well019,/mnt/benshalom-nas/analysis/Sadegh/CX138/CX138/260404/T003346/Network/000043/well019/qm_unfiltered.xlsx,/mnt/benshalom-nas/analysis/Sadegh/CX138/CX138/260404/T003346/Network/000043/well019/network_results.json,/mnt/benshalom-nas/analysis/Sadegh/CX138/CX138/260404/T003346/Network/000043/well019/tm_curated.xlsx,/mnt/benshalom-nas/analysis/Sadegh/CX138/CX138/260404/T003346/Network/000043/well019/spike_times.npy,/mnt/benshalom-nas/analysis/Sadegh/CX138/CX138/260404/T003346/Network/000043/well019/tm_unfiltered.xlsx,/mnt/benshalom-nas/analysis/Sadegh/CX138/CX138/260404/T003346/Network/000043/well019/rejection_log.xlsx,/mnt/benshalom-nas/analysis/Sadegh/CX138/CX138/260404/T003346/Network/000043/well019/metrics_curated.xlsx,True,True,True,True,True,True,True,2.0,False,,IVH-E,19,4,2,D2,IVH-E,2026-04-04,2026-04-04,22,10,post_treatment,3,9,11,10.0,D+9 to D+11
CX138,260404,T003346,000043,well020,/mnt/benshalom-nas/analysis/Sadegh/CX138/CX138/260404/T003346/Network/000043/well020,CX138|260404|T003346|000043|well020,/mnt/benshalom-nas/analysis/Sadegh/CX138/CX138/260404/T003346/Network/000043/well020/qm_unfiltered.xlsx,/mnt/benshalom-nas/analysis/Sadegh/CX138/CX138/260404/T003346/Network/000043/well020/network_results.json,/mnt/benshalom-nas/analysis/Sadegh/CX138/CX138/260404/T003346/Network/000043/well020/tm_curated.xlsx,/mnt/benshalom-nas/analysis/Sadegh/CX138/CX138/260404/T003346/Network/000043/well020/spike_times.npy,/mnt/benshalom-nas/analysis/Sadegh/CX138/CX138/260404/T003346/Network/000043/well020/tm_unfiltered.xlsx,/mnt/benshalom-nas/analysis/Sadegh/CX138/CX138/260404/T003346/Network/000043/well020/rejection_log.xlsx,/mnt/benshalom-nas/analysis/Sadegh/CX138/CX138/260404/T003346/Network/000043/well020/metrics_curated.xlsx,True,True,True,True,True,True,True,110.0,False,,IVH-L,20,4,3,D3,IVH-L,2026-04-04,2026-04-04,22,10,post_treatment,3,9,11,10.0,D+9 to D+11
CX138,260404,T003346,000043,well021,/mnt/benshalom-nas/analysis/Sadegh/CX138/CX138/260404/T003346/Network/000043/well021,CX138|260404|T003346|000043|well021,/mnt/benshalom-nas/analysis/Sadegh/CX138/CX138/260404/T003346/Network/000043/well021/qm_unfiltered.xlsx,/mnt/benshalom-nas/analysis/Sadegh/CX138/CX138/260404/T003346/Network/000043/well021/network_results.json,/mnt/benshalom-nas/analysis/Sadegh/CX138/CX138/260404/T003346/Network/000043/well021/tm_curated.xlsx,/mnt/benshalom-nas/analysis/Sadegh/CX138/CX138/260404/T003346/Network/000043/well021/spike_times.npy,/mnt/benshalom-nas/analysis/Sadegh/CX138/CX138/260404/T003346/Network/000043/well021/tm_unfiltered.xlsx,/mnt/benshalom-nas/analysis/Sadegh/CX138/CX138/260404/T003346/Network/000043/well021/rejection_log.xlsx,/mnt/benshalom-nas/analysis/Sadegh/CX138/CX138/260404/T003346/Network/000043/well021/metrics_curated.xlsx,True,True,True,True,True,True,True,50.0,False,,CT,21,4,4,D4,CT,2026-04-04,2026-04-04,22,10,post_treatment,3,9,11,10.0,D+9 to D+11
CX138,260404,T003346,000043,well023,/mnt/benshalom-nas/analysis/Sadegh/CX138/CX138/260404/T003346/Network/000043/well023,CX138|260404|T003346|000043|well023,/mnt/benshalom-nas/analysis/Sadegh/CX138/CX138/260404/T003346/Network/000043/well023/qm_unfiltered.xlsx,/mnt/benshalom-nas/analysis/Sadegh/CX138/CX138/260404/T003346/Network/000043/well023/network_results.json,/mnt/benshalom-nas/analysis/Sadegh/CX138/CX138/260404/T003346/Network/000043/well023/tm_curated.xlsx,/mnt/benshalom-nas/analysis/Sadegh/CX138/CX138/260404/T003346/Network/000043/well023/spike_times.npy,/mnt/benshalom-nas/analysis/Sadegh/CX138/CX138/260404/T003346/Network/000043/well023/tm_unfiltered.xlsx,/mnt/benshalom-nas/analysis/Sadegh/CX138/CX138/260404/T003346/Network/000043/well023/rejection_log.xlsx,/mnt/benshalom-nas/analysis/Sadegh/CX138/CX138/260404/T003346/Network/000043/well023/metrics_curated.xlsx,True,True,True,True,True,True,True,94.0,False,,10uM,23,4,6,D6,10uM,2026-04-04,2026-04-04,22,10,post_treatment,3,9,11,10.0,D+9 to D+11
CX138,260404,T003346,000044,well000,/mnt/benshalom-nas/analysis/Sadegh/CX138/CX138/260404/T003346/Network/000044/well000,CX138|260404|T003346|000044|well000,/mnt/benshalom-nas/analysis/Sadegh/CX138/CX138/260404/T003346/Network/000044/well000/qm_unfiltered.xlsx,/mnt/benshalom-nas/analysis/Sadegh/CX138/CX138/260404/T003346/Network/000044/well000/network_results.json,/mnt/benshalom-nas/analysis/Sadegh/CX138/CX138/260404/T003346/Network/000044/well000/tm_curated.xlsx,/mnt/benshalom-nas/analysis/Sadegh/CX138/CX138/260404/T003346/Network/000044/well000/spike_times.npy,/mnt/benshalom-nas/analysis/Sadegh/CX138/CX138/260404/T003346/Network/000044/well000/tm_unfiltered.xlsx,/mnt/benshalom-nas/analysis/Sadegh/CX138/CX138/260404/T003346/Network/000044/well000/rejection_log.xlsx,/mnt/benshalom-nas/analysis/Sadegh/CX138/CX138/260404/T003346/Network/000044/well000/metrics_curated.xlsx,True,True,True,True,True,True,True,108.0,False,,NPH,0,1,1,A1,NPH,2026-04-04,2026-04-04,22,10,post_treatment,3,9,11,10.0,D+9 to D+11
CX138,260404,T003346,000044,well001,/mnt/benshalom-nas/analysis/Sadegh/CX138/CX138/260404/T003346/Network/000044/well001,CX138|260404|T003346|000044|well001,/mnt/benshalom-nas/analysis/Sadegh/CX138/CX138/260404/T003346/Network/000044/well001/qm_unfiltered.xlsx,/mnt/benshalom-nas/analysis/Sadegh/CX138/CX138/260404/T003346/Network/000044/well001/network_results.json,/mnt/benshalom-nas/analysis/Sadegh/CX138/CX138/260404/T003346/Network/000044/well001/tm_curated.xlsx,/mnt/benshalom-nas/analysis/Sadegh/CX138/CX138/260404/T003346/Network/000044/well001/spike_times.npy,/mnt/benshalom-nas/analysis/Sadegh/CX138/CX138/260404/T003346/Network/000044/well001/tm_unfiltered.xlsx,/mnt/benshalom-nas/analysis/Sadegh/CX138/CX138/260404/T003346/Network/000044/well001/rejection_log.xlsx,/mnt/benshalom-nas/analysis/Sadegh/CX138/CX138/260404/T003346/Network/000044/well001/metrics_curated.xlsx,True,True,True,True,True,True,True,141.0,False,,IVH-E,1,1,2,A2,IVH-E,2026-04-04,2026-04-04,22,10,post_treatment,3,9,11,10.0,D+9 to D+11
CX138,260404,T003346,000044,well002,/mnt/benshalom-nas/analysis/Sadegh/CX138/CX138/260404/T003346/Network/000044/well002,CX138|260404|T003346|000044|well002,/mnt/benshalom-nas/analysis/Sadegh/CX138/CX138/260404/T003346/Network/000044/well002/qm_unfiltered.xlsx,/mnt/benshalom-nas/analysis/Sadegh/CX138/CX138/260404/T003346/Network/000044/well002/network_results.json,/mnt/benshalom-nas/analysis/Sadegh/CX138/CX138/260404/T003346/Network/000044/well002/tm_curated.xlsx,/mnt/benshalom-nas/analysis/Sadegh/CX138/CX138/260404/T003346/Network/000044/well002/spike_times.npy,/mnt/benshalom-nas/analysis/Sadegh/CX138/CX138/260404/T003346/Network/000044/well002/tm_unfiltered.xlsx,/mnt/benshalom-nas/analysis/Sadegh/CX138/CX138/260404/T003346/Network/000044/well002/rejection_log.xlsx,/mnt/benshalom-nas/analysis/Sadegh/CX138/CX138/260404/T003346/Network/000044/well002/metrics_curated.xlsx,True,True,True,True,True,True,True,194.0,False,,IVH-L,2,1,3,A3,IVH-L,2026-04-04,2026-04-04,22,10,post_treatment,3,9,11,10.0,D+9 to D+11
CX138,260404,T003346,000044,well003,/mnt/benshalom-nas/analysis/Sadegh/CX138/CX138/260404/T003346/Network/000044/well003,CX138|260404|T003346|000044|well003,/mnt/benshalom-nas/analysis/Sadegh/CX138/CX138/260404/T003346/Network/000044/well003/qm_unfiltered.xlsx,/mnt/benshalom-nas/analysis/Sadegh/CX138/CX138/260404/T003346/Network/000044/well003/network_results.json,/mnt/benshalom-nas/analysis/Sadegh/CX138/CX138/260404/T003346/Network/000044/well003/tm_curated.xlsx,/mnt/benshalom-nas/analysis/Sadegh/CX138/CX138/260404/T003346/Network/000044/well003/spike_times.npy,/mnt/benshalom-nas/analysis/Sadegh/CX138/CX138/260404/T003346/Network/000044/well003/tm_unfiltered.xlsx,/mnt/benshalom-nas/analysis/Sadegh/CX138/CX138/260404/T003346/Network/000044/well003/rejection_log.xlsx,/mnt/benshalom-nas/analysis/Sadegh/CX138/CX138/260404/T003346/Network/000044/well003/metrics_curated.xlsx,True,True,True,True,True,True,True,59.0,False,,CT,3,1,4,A4,CT,2026-04-04,2026-04-04,22,10,post_treatment,3,9,11,10.0,D+9 to D+11
CX138,260404,T003346,000044,well004,/mnt/benshalom-nas/analysis/Sadegh/CX138/CX138/260404/T003346/Network/000044/well004,CX138|260404|T003346|000044|well004,/mnt/benshalom-nas/analysis/Sadegh/CX138/CX138/260404/T003346/Network/000044/well004/qm_unfiltered.xlsx,/mnt/benshalom-nas/analysis/Sadegh/CX138/CX138/260404/T003346/Network/000044/well004/network_results.json,/mnt/benshalom-nas/analysis/Sadegh/CX138/CX138/260404/T003346/Network/000044/well004/tm_curated.xlsx,/mnt/benshalom-nas/analysis/Sadegh/CX138/CX138/260404/T003346/Network/000044/well004/spike_times.npy,/mnt/benshalom-nas/analysis/Sadegh/CX138/CX138/260404/T003346/Network/000044/well004/tm_unfiltered.xlsx,/mnt/benshalom-nas/analysis/Sadegh/CX138/CX138/260404/T003346/Network/000044/well004/rejection_log.xlsx,/mnt/benshalom-nas/analysis/Sadegh/CX138/CX138/260404/T003346/Network/000044/well004/metrics_curated.xlsx,True,True,True,True,True,True,True,146.0,False,,20uM,4,1,5,A5,20uM,2026-04-04,2026-04-04,22,10,post_treatment,3,9,11,10.0,D+9 to D+11
CX138,260404,T003346,000044,well005,/mnt/benshalom-nas/analysis/Sadegh/CX138/CX138/260404/T003346/Network/000044/well005,CX138|260404|T003346|000044|well005,/mnt/benshalom-nas/analysis/Sadegh/CX138/CX138/260404/T003346/Network/000044/well005/qm_unfiltered.xlsx,/mnt/benshalom-nas/analysis/Sadegh/CX138/CX138/260404/T003346/Network/000044/well005/network_results.json,/mnt/benshalom-nas/analysis/Sadegh/CX138/CX138/260404/T003346/Network/000044/well005/tm_curated.xlsx,/mnt/benshalom-nas/analysis/Sadegh/CX138/CX138/260404/T003346/Network/000044/well005/spike_times.npy,/mnt/benshalom-nas/analysis/Sadegh/CX138/CX138/260404/T003346/Network/000044/well005/tm_unfiltered.xlsx,/mnt/benshalom-nas/analysis/Sadegh/CX138/CX138/260404/T003346/Network/000044/well005/rejection_log.xlsx,/mnt/benshalom-nas/analysis/Sadegh/CX138/CX138/260404/T003346/Network/000044/well005/metrics_curated.xlsx,True,True,True,True,True,True,True,222.0,False,,10uM,5,1,6,A6,10uM,2026-04-04,2026-04-04,22,10,post_treatment,3,9,11,10.0,D+9 to D+11
CX138,260404,T003346,000044,well006,/mnt/benshalom-nas/analysis/Sadegh/CX138/CX138/260404/T003346/Network/000044/well006,CX138|260404|T003346|000044|well006,/mnt/benshalom-nas/analysis/Sadegh/CX138/CX138/260404/T003346/Network/000044/well006/qm_unfiltered.xlsx,/mnt/benshalom-nas/analysis/Sadegh/CX138/CX138/260404/T003346/Network/000044/well006/network_results.json,/mnt/benshalom-nas/analysis/Sadegh/CX138/CX138/260404/T003346/Network/000044/well006/tm_curated.xlsx,/mnt/benshalom-nas/analysis/Sadegh/CX138/CX138/260404/T003346/Network/000044/well006/spike_times.npy,/mnt/benshalom-nas/analysis/Sadegh/CX138/CX138/260404/T003346/Network/000044/well006/tm_unfiltered.xlsx,/mnt/benshalom-nas/analysis/Sadegh/CX138/CX138/260404/T003346/Network/000044/well006/rejection_log.xlsx,/mnt/benshalom-nas/analysis/Sadegh/CX138/CX138/260404/T003346/Network/000044/well006/metrics_curated.xlsx,True,True,True,True,True,True,True,54.0,False,,NPH,6,2,1,B1,NPH,2026-04-04,2026-04-04,22,10,post_treatment,3,9,11,10.0,D+9 to D+11
CX138,260404,T003346,000044,well007,/mnt/benshalom-nas/analysis/Sadegh/CX138/CX138/260404/T003346/Network/000044/well007,CX138|260404|T003346|000044|well007,/mnt/benshalom-nas/analysis/Sadegh/CX138/CX138/260404/T003346/Network/000044/well007/qm_unfiltered.xlsx,/mnt/benshalom-nas/analysis/Sadegh/CX138/CX138/260404/T003346/Network/000044/well007/network_results.json,/mnt/benshalom-nas/analysis/Sadegh/CX138/CX138/260404/T003346/Network/000044/well007/tm_curated.xlsx,/mnt/benshalom-nas/analysis/Sadegh/CX138/CX138/260404/T003346/Network/000044/well007/spike_times.npy,/mnt/benshalom-nas/analysis/Sadegh/CX138/CX138/260404/T003346/Network/000044/well007/tm_unfiltered.xlsx,/mnt/benshalom-nas/analysis/Sadegh/CX138/CX138/260404/T003346/Network/000044/well007/rejection_log.xlsx,/mnt/benshalom-nas/analysis/Sadegh/CX138/CX138/260404/T003346/Network/000044/well007/metrics_curated.xlsx,True,True,True,True,True,True,True,61.0,False,,IVH-E,7,2,2,B2,IVH-E,2026-04-04,2026-04-04,22,10,post_treatment,3,9,11,10.0,D+9 to D+11
CX138,260404,T003346,000044,well008,/mnt/benshalom-nas/analysis/Sadegh/CX138/CX138/260404/T003346/Network/000044/well008,CX138|260404|T003346|000044|well008,/mnt/benshalom-nas/analysis/Sadegh/CX138/CX138/260404/T003346/Network/000044/well008/qm_unfiltered.xlsx,/mnt/benshalom-nas/analysis/Sadegh/CX138/CX138/260404/T003346/Network/000044/well008/network_results.json,/mnt/benshalom-nas/analysis/Sadegh/CX138/CX138/260404/T003346/Network/000044/well008/tm_curated.xlsx,/mnt/benshalom-nas/analysis/Sadegh/CX138/CX138/260404/T003346/Network/000044/well008/spike_times.npy,/mnt/benshalom-nas/analysis/Sadegh/CX138/CX138/260404/T003346/Network/000044/well008/tm_unfiltered.xlsx,/mnt/benshalom-nas/analysis/Sadegh/CX138/CX138/260404/T003346/Network/000044/well008/rejection_log.xlsx,/mnt/benshalom-nas/analysis/Sadegh/CX138/CX138/260404/T003346/Network/000044/well008/metrics_curated.xlsx,True,True,True,True,True,True,True,58.0,False,,IVH-L,8,2,3,B3,IVH-L,2026-04-04,2026-04-04,22,10,post_treatment,3,9,11,10.0,D+9 to D+11
CX138,260404,T003346,000044,well009,/mnt/benshalom-nas/analysis/Sadegh/CX138/CX138/260404/T003346/Network/000044/well009,CX138|260404|T003346|000044|well009,/mnt/benshalom-nas/analysis/Sadegh/CX138/CX138/260404/T003346/Network/000044/well009/qm_unfiltered.xlsx,/mnt/benshalom-nas/analysis/Sadegh/CX138/CX138/260404/T003346/Network/000044/well009/network_results.json,/mnt/benshalom-nas/analysis/Sadegh/CX138/CX138/260404/T003346/Network/000044/well009/tm_curated.xlsx,/mnt/benshalom-nas/analysis/Sadegh/CX138/CX138/260404/T003346/Network/000044/well009/spike_times.npy,/mnt/benshalom-nas/analysis/Sadegh/CX138/CX138/260404/T003346/Network/000044/well009/tm_unfiltered.xlsx,/mnt/benshalom-nas/analysis/Sadegh/CX138/CX138/260404/T003346/Network/000044/well009/rejection_log.xlsx,/mnt/benshalom-nas/analysis/Sadegh/CX138/CX138/260404/T003346/Network/000044/well009/metrics_curated.xlsx,True,True,True,True,True,True,True,122.0,False,,CT,9,2,4,B4,CT,2026-04-04,2026-04-04,22,10,post_treatment,3,9,11,10.0,D+9 to D+11
CX138,260404,T003346,000044,well010,/mnt/benshalom-nas/analysis/Sadegh/CX138/CX138/260404/T003346/Network/000044/well010,CX138|260404|T003346|000044|well010,/mnt/benshalom-nas/analysis/Sadegh/CX138/CX138/260404/T003346/Network/000044/well010/qm_unfiltered.xlsx,/mnt/benshalom-nas/analysis/Sadegh/CX138/CX138/260404/T003346/Network/000044/well010/network_results.json,/mnt/benshalom-nas/analysis/Sadegh/CX138/CX138/260404/T003346/Network/000044/well010/tm_curated.xlsx,/mnt/benshalom-nas/analysis/Sadegh/CX138/CX138/260404/T003346/Network/000044/well010/spike_times.npy,/mnt/benshalom-nas/analysis/Sadegh/CX138/CX138/260404/T003346/Network/000044/well010/tm_unfiltered.xlsx,/mnt/benshalom-nas/analysis/Sadegh/CX138/CX138/260404/T003346/Network/000044/well010/rejection_log.xlsx,/mnt/benshalom-nas/analysis/Sadegh/CX138/CX138/260404/T003346/Network/000044/well010/metrics_curated.xlsx,True,True,True,True,True,True,True,313.0,False,,20uM,10,2,5,B5,20uM,2026-04-04,2026-04-04,22,10,post_treatment,3,9,11,10.0,D+9 to D+11
CX138,260404,T003346,000044,well011,/mnt/benshalom-nas/analysis/Sadegh/CX138/CX138/260404/T003346/Network/000044/well011,CX138|260404|T003346|000044|well011,/mnt/benshalom-nas/analysis/Sadegh/CX138/CX138/260404/T003346/Network/000044/well011/qm_unfiltered.xlsx,/mnt/benshalom-nas/analysis/Sadegh/CX138/CX138/260404/T003346/Network/000044/well011/network_results.json,/mnt/benshalom-nas/analysis/Sadegh/CX138/CX138/260404/T003346/Network/000044/well011/tm_curated.xlsx,/mnt/benshalom-nas/analysis/Sadegh/CX138/CX138/260404/T003346/Network/000044/well011/spike_times.npy,/mnt/benshalom-nas/analysis/Sadegh/CX138/CX138/260404/T003346/Network/000044/well011/tm_unfiltered.xlsx,/mnt/benshalom-nas/analysis/Sadegh/CX138/CX138/260404/T003346/Network/000044/well011/rejection_log.xlsx,/mnt/benshalom-nas/analysis/Sadegh/CX138/CX138/260404/T003346/Network/000044/well011/metrics_curated.xlsx,True,True,True,True,True,True,True,216.0,False,,10uM,11,2,6,B6,10uM,2026-04-04,2026-04-04,22,10,post_treatment,3,9,11,10.0,D+9 to D+11
CX138,260404,T003346,000044,well012,/mnt/benshalom-nas/analysis/Sadegh/CX138/CX138/260404/T003346/Network/000044/well012,CX138|260404|T003346|000044|well012,/mnt/benshalom-nas/analysis/Sadegh/CX138/CX138/260404/T003346/Network/000044/well012/qm_unfiltered.xlsx,/mnt/benshalom-nas/analysis/Sadegh/CX138/CX138/260404/T003346/Network/000044/well012/network_results.json,/mnt/benshalom-nas/analysis/Sadegh/CX138/CX138/260404/T003346/Network/000044/well012/tm_curated.xlsx,/mnt/benshalom-nas/analysis/Sadegh/CX138/CX138/260404/T003346/Network/000044/well012/spike_times.npy,/mnt/benshalom-nas/analysis/Sadegh/CX138/CX138/260404/T003346/Network/000044/well012/tm_unfiltered.xlsx,/mnt/benshalom-nas/analysis/Sadegh/CX138/CX138/260404/T003346/Network/000044/well012/rejection_log.xlsx,/mnt/benshalom-nas/analysis/Sadegh/CX138/CX138/260404/T003346/Network/000044/well012/metrics_curated.xlsx,True,True,True,True,True,True,True,167.0,False,,NPH,12,3,1,C1,NPH,2026-04-04,2026-04-04,22,10,post_treatment,3,9,11,10.0,D+9 to D+11
CX138,260404,T003346,000044,well013,/mnt/benshalom-nas/analysis/Sadegh/CX138/CX138/260404/T003346/Network/000044/well013,CX138|260404|T003346|000044|well013,/mnt/benshalom-nas/analysis/Sadegh/CX138/CX138/260404/T003346/Network/000044/well013/qm_unfiltered.xlsx,/mnt/benshalom-nas/analysis/Sadegh/CX138/CX138/260404/T003346/Network/000044/well013/network_results.json,/mnt/benshalom-nas/analysis/Sadegh/CX138/CX138/260404/T003346/Network/000044/well013/tm_curated.xlsx,/mnt/benshalom-nas/analysis/Sadegh/CX138/CX138/260404/T003346/Network/000044/well013/spike_times.npy,/mnt/benshalom-nas/analysis/Sadegh/CX138/CX138/260404/T003346/Network/000044/well013/tm_unfiltered.xlsx,/mnt/benshalom-nas/analysis/Sadegh/CX138/CX138/260404/T003346/Network/000044/well013/rejection_log.xlsx,/mnt/benshalom-nas/analysis/Sadegh/CX138/CX138/260404/T003346/Network/000044/well013/metrics_curated.xlsx,True,True,True,True,True,True,True,19.0,False,,IVH-E,13,3,2,C2,IVH-E,2026-04-04,2026-04-04,22,10,post_treatment,3,9,11,10.0,D+9 to D+11
CX138,260404,T003346,000044,well014,/mnt/benshalom-nas/analysis/Sadegh/CX138/CX138/260404/T003346/Network/000044/well014,CX138|260404|T003346|000044|well014,/mnt/benshalom-nas/analysis/Sadegh/CX138/CX138/260404/T003346/Network/000044/well014/qm_unfiltered.xlsx,/mnt/benshalom-nas/analysis/Sadegh/CX138/CX138/260404/T003346/Network/000044/well014/network_results.json,/mnt/benshalom-nas/analysis/Sadegh/CX138/CX138/260404/T003346/Network/000044/well014/tm_curated.xlsx,/mnt/benshalom-nas/analysis/Sadegh/CX138/CX138/260404/T003346/Network/000044/well014/spike_times.npy,/mnt/benshalom-nas/analysis/Sadegh/CX138/CX138/260404/T003346/Network/000044/well014/tm_unfiltered.xlsx,/mnt/benshalom-nas/analysis/Sadegh/CX138/CX138/260404/T003346/Network/000044/well014/rejection_log.xlsx,/mnt/benshalom-nas/analysis/Sadegh/CX138/CX138/260404/T003346/Network/000044/well014/metrics_curated.xlsx,True,True,True,True,True,True,True,124.0,False,,IVH-L,14,3,3,C3,IVH-L,2026-04-04,2026-04-04,22,10,post_treatment,3,9,11,10.0,D+9 to D+11
CX138,260404,T003346,000044,well015,/mnt/benshalom-nas/analysis/Sadegh/CX138/CX138/260404/T003346/Network/000044/well015,CX138|260404|T003346|000044|well015,/mnt/benshalom-nas/analysis/Sadegh/CX138/CX138/260404/T003346/Network/000044/well015/qm_unfiltered.xlsx,/mnt/benshalom-nas/analysis/Sadegh/CX138/CX138/260404/T003346/Network/000044/well015/network_results.json,/mnt/benshalom-nas/analysis/Sadegh/CX138/CX138/260404/T003346/Network/000044/well015/tm_curated.xlsx,/mnt/benshalom-nas/analysis/Sadegh/CX138/CX138/260404/T003346/Network/000044/well015/spike_times.npy,/mnt/benshalom-nas/analysis/Sadegh/CX138/CX138/260404/T003346/Network/000044/well015/tm_unfiltered.xlsx,/mnt/benshalom-nas/analysis/Sadegh/CX138/CX138/260404/T003346/Network/000044/well015/rejection_log.xlsx,/mnt/benshalom-nas/analysis/Sadegh/CX138/CX138/260404/T003346/Network/000044/well015/metrics_curated.xlsx,True,True,True,True,True,True,True,145.0,False,,CT,15,3,4,C4,CT,2026-04-04,2026-04-04,22,10,post_treatment,3,9,11,10.0,D+9 to D+11
CX138,260404,T003346,000044,well016,/mnt/benshalom-nas/analysis/Sadegh/CX138/CX138/260404/T003346/Network/000044/well016,CX138|260404|T003346|000044|well016,/mnt/benshalom-nas/analysis/Sadegh/CX138/CX138/260404/T003346/Network/000044/well016/qm_unfiltered.xlsx,/mnt/benshalom-nas/analysis/Sadegh/CX138/CX138/260404/T003346/Network/000044/well016/network_results.json,/mnt/benshalom-nas/analysis/Sadegh/CX138/CX138/260404/T003346/Network/000044/well016/tm_curated.xlsx,/mnt/benshalom-nas/analysis/Sadegh/CX138/CX138/260404/T003346/Network/000044/well016/spike_times.npy,/mnt/benshalom-nas/analysis/Sadegh/CX138/CX138/260404/T003346/Network/000044/well016/tm_unfiltered.xlsx,/mnt/benshalom-nas/analysis/Sadegh/CX138/CX138/260404/T003346/Network/000044/well016/rejection_log.xlsx,/mnt/benshalom-nas/analysis/Sadegh/CX138/CX138/260404/T003346/Network/000044/well016/metrics_curated.xlsx,True,True,True,True,True,True,True,328.0,False,,20uM,16,3,5,C5,20uM,2026-04-04,2026-04-04,22,10,post_treatment,3,9,11,10.0,D+9 to D+11
CX138,260404,T003346,000044,well017,/mnt/benshalom-nas/analysis/Sadegh/CX138/CX138/260404/T003346/Network/000044/well017,CX138|260404|T003346|000044|well017,/mnt/benshalom-nas/analysis/Sadegh/CX138/CX138/260404/T003346/Network/000044/well017/qm_unfiltered.xlsx,/mnt/benshalom-nas/analysis/Sadegh/CX138/CX138/260404/T003346/Network/000044/well017/network_results.json,/mnt/benshalom-nas/analysis/Sadegh/CX138/CX138/260404/T003346/Network/000044/well017/tm_curated.xlsx,/mnt/benshalom-nas/analysis/Sadegh/CX138/CX138/260404/T003346/Network/000044/well017/spike_times.npy,/mnt/benshalom-nas/analysis/Sadegh/CX138/CX138/260404/T003346/Network/000044/well017/tm_unfiltered.xlsx,/mnt/benshalom-nas/analysis/Sadegh/CX138/CX138/260404/T003346/Network/000044/well017/rejection_log.xlsx,/mnt/benshalom-nas/analysis/Sadegh/CX138/CX138/260404/T003346/Network/000044/well017/metrics_curated.xlsx,True,True,True,True,True,True,True,166.0,False,,10uM,17,3,6,C6,10uM,2026-04-04,2026-04-04,22,10,post_treatment,3,9,11,10.0,D+9 to D+11
CX138,260404,T003346,000044,well018,/mnt/benshalom-nas/analysis/Sadegh/CX138/CX138/260404/T003346/Network/000044/well018,CX138|260404|T003346|000044|well018,/mnt/benshalom-nas/analysis/Sadegh/CX138/CX138/260404/T003346/Network/000044/well018/qm_unfiltered.xlsx,/mnt/benshalom-nas/analysis/Sadegh/CX138/CX138/260404/T003346/Network/000044/well018/network_results.json,/mnt/benshalom-nas/analysis/Sadegh/CX138/CX138/260404/T003346/Network/000044/well018/tm_curated.xlsx,/mnt/benshalom-nas/analysis/Sadegh/CX138/CX138/260404/T003346/Network/000044/well018/spike_times.npy,/mnt/benshalom-nas/analysis/Sadegh/CX138/CX138/260404/T003346/Network/000044/well018/tm_unfiltered.xlsx,/mnt/benshalom-nas/analysis/Sadegh/CX138/CX138/260404/T003346/Network/000044/well018/rejection_log.xlsx,/mnt/benshalom-nas/analysis/Sadegh/CX138/CX138/260404/T003346/Network/000044/well018/metrics_curated.xlsx,True,True,True,True,True,True,True,139.0,False,,NPH,18,4,1,D1,NPH,2026-04-04,2026-04-04,22,10,post_treatment,3,9,11,10.0,D+9 to D+11
CX138,260404,T003346,000044,well019,/mnt/benshalom-nas/analysis/Sadegh/CX138/CX138/260404/T003346/Network/000044/well019,CX138|260404|T003346|000044|well019,/mnt/benshalom-nas/analysis/Sadegh/CX138/CX138/260404/T003346/Network/000044/well019/qm_unfiltered.xlsx,/mnt/benshalom-nas/analysis/Sadegh/CX138/CX138/260404/T003346/Network/000044/well019/network_results.json,/mnt/benshalom-nas/analysis/Sadegh/CX138/CX138/260404/T003346/Network/000044/well019/tm_curated.xlsx,/mnt/benshalom-nas/analysis/Sadegh/CX138/CX138/260404/T003346/Network/000044/well019/spike_times.npy,/mnt/benshalom-nas/analysis/Sadegh/CX138/CX138/260404/T003346/Network/000044/well019/tm_unfiltered.xlsx,/mnt/benshalom-nas/analysis/Sadegh/CX138/CX138/260404/T003346/Network/000044/well019/rejection_log.xlsx,/mnt/benshalom-nas/analysis/Sadegh/CX138/CX138/260404/T003346/Network/000044/well019/metrics_curated.xlsx,True,True,True,True,True,True,True,5.0,False,,IVH-E,19,4,2,D2,IVH-E,2026-04-04,2026-04-04,22,10,post_treatment,3,9,11,10.0,D+9 to D+11
CX138,260404,T003346,000044,well020,/mnt/benshalom-nas/analysis/Sadegh/CX138/CX138/260404/T003346/Network/000044/well020,CX138|260404|T003346|000044|well020,/mnt/benshalom-nas/analysis/Sadegh/CX138/CX138/260404/T003346/Network/000044/well020/qm_unfiltered.xlsx,/mnt/benshalom-nas/analysis/Sadegh/CX138/CX138/260404/T003346/Network/000044/well020/network_results.json,/mnt/benshalom-nas/analysis/Sadegh/CX138/CX138/260404/T003346/Network/000044/well020/tm_curated.xlsx,/mnt/benshalom-nas/analysis/Sadegh/CX138/CX138/260404/T003346/Network/000044/well020/spike_times.npy,/mnt/benshalom-nas/analysis/Sadegh/CX138/CX138/260404/T003346/Network/000044/well020/tm_unfiltered.xlsx,/mnt/benshalom-nas/analysis/Sadegh/CX138/CX138/260404/T003346/Network/000044/well020/rejection_log.xlsx,/mnt/benshalom-nas/analysis/Sadegh/CX138/CX138/260404/T003346/Network/000044/well020/metrics_curated.xlsx,True,True,True,True,True,True,True,165.0,False,,IVH-L,20,4,3,D3,IVH-L,2026-04-04,2026-04-04,22,10,post_treatment,3,9,11,10.0,D+9 to D+11
CX138,260404,T003346,000044,well021,/mnt/benshalom-nas/analysis/Sadegh/CX138/CX138/260404/T003346/Network/000044/well021,CX138|260404|T003346|000044|well021,/mnt/benshalom-nas/analysis/Sadegh/CX138/CX138/260404/T003346/Network/000044/well021/qm_unfiltered.xlsx,/mnt/benshalom-nas/analysis/Sadegh/CX138/CX138/260404/T003346/Network/000044/well021/network_results.json,/mnt/benshalom-nas/analysis/Sadegh/CX138/CX138/260404/T003346/Network/000044/well021/tm_curated.xlsx,/mnt/benshalom-nas/analysis/Sadegh/CX138/CX138/260404/T003346/Network/000044/well021/spike_times.npy,/mnt/benshalom-nas/analysis/Sadegh/CX138/CX138/260404/T003346/Network/000044/well021/tm_unfiltered.xlsx,/mnt/benshalom-nas/analysis/Sadegh/CX138/CX138/260404/T003346/Network/000044/well021/rejection_log.xlsx,/mnt/benshalom-nas/analysis/Sadegh/CX138/CX138/260404/T003346/Network/000044/well021/metrics_curated.xlsx,True,True,True,True,True,True,True,108.0,False,,CT,21,4,4,D4,CT,2026-04-04,2026-04-04,22,10,post_treatment,3,9,11,10.0,D+9 to D+11
CX138,260404,T003346,000044,well023,/mnt/benshalom-nas/analysis/Sadegh/CX138/CX138/260404/T003346/Network/000044/well023,CX138|260404|T003346|000044|well023,/mnt/benshalom-nas/analysis/Sadegh/CX138/CX138/260404/T003346/Network/000044/well023/qm_unfiltered.xlsx,/mnt/benshalom-nas/analysis/Sadegh/CX138/CX138/260404/T003346/Network/000044/well023/network_results.json,/mnt/benshalom-nas/analysis/Sadegh/CX138/CX138/260404/T003346/Network/000044/well023/tm_curated.xlsx,/mnt/benshalom-nas/analysis/Sadegh/CX138/CX138/260404/T003346/Network/000044/well023/spike_times.npy,/mnt/benshalom-nas/analysis/Sadegh/CX138/CX138/260404/T003346/Network/000044/well023/tm_unfiltered.xlsx,/mnt/benshalom-nas/analysis/Sadegh/CX138/CX138/260404/T003346/Network/000044/well023/rejection_log.xlsx,/mnt/benshalom-nas/analysis/Sadegh/CX138/CX138/260404/T003346/Network/000044/well023/metrics_curated.xlsx,True,True,True,True,True,True,True,219.0,False,,10uM,23,4,6,D6,10uM,2026-04-04,2026-04-04,22,10,post_treatment,3,9,11,10.0,D+9 to D+11
CX138,260405,T003346,000048,well000,/mnt/benshalom-nas/analysis/Sadegh/CX138/CX138/260405/T003346/Network/000048/well000,CX138|260405|T003346|000048|well000,/mnt/benshalom-nas/analysis/Sadegh/CX138/CX138/260405/T003346/Network/000048/well000/qm_unfiltered.xlsx,/mnt/benshalom-nas/analysis/Sadegh/CX138/CX138/260405/T003346/Network/000048/well000/network_results.json,/mnt/benshalom-nas/analysis/Sadegh/CX138/CX138/260405/T003346/Network/000048/well000/tm_curated.xlsx,/mnt/benshalom-nas/analysis/Sadegh/CX138/CX138/260405/T003346/Network/000048/well000/spike_times.npy,/mnt/benshalom-nas/analysis/Sadegh/CX138/CX138/260405/T003346/Network/000048/well000/tm_unfiltered.xlsx,/mnt/benshalom-nas/analysis/Sadegh/CX138/CX138/260405/T003346/Network/000048/well000/rejection_log.xlsx,/mnt/benshalom-nas/analysis/Sadegh/CX138/CX138/260405/T003346/Network/000048/well000/metrics_curated.xlsx,True,True,True,True,True,True,True,110.0,False,,NPH,0,1,1,A1,NPH,2026-04-05,2026-04-05,23,11,post_treatment,3,9,11,10.0,D+9 to D+11
CX138,260405,T003346,000048,well001,/mnt/benshalom-nas/analysis/Sadegh/CX138/CX138/260405/T003346/Network/000048/well001,CX138|260405|T003346|000048|well001,/mnt/benshalom-nas/analysis/Sadegh/CX138/CX138/260405/T003346/Network/000048/well001/qm_unfiltered.xlsx,/mnt/benshalom-nas/analysis/Sadegh/CX138/CX138/260405/T003346/Network/000048/well001/network_results.json,/mnt/benshalom-nas/analysis/Sadegh/CX138/CX138/260405/T003346/Network/000048/well001/tm_curated.xlsx,/mnt/benshalom-nas/analysis/Sadegh/CX138/CX138/260405/T003346/Network/000048/well001/spike_times.npy,/mnt/benshalom-nas/analysis/Sadegh/CX138/CX138/260405/T003346/Network/000048/well001/tm_unfiltered.xlsx,/mnt/benshalom-nas/analysis/Sadegh/CX138/CX138/260405/T003346/Network/000048/well001/rejection_log.xlsx,/mnt/benshalom-nas/analysis/Sadegh/CX138/CX138/260405/T003346/Network/000048/well001/metrics_curated.xlsx,True,True,True,True,True,True,True,33.0,False,,IVH-E,1,1,2,A2,IVH-E,2026-04-05,2026-04-05,23,11,post_treatment,3,9,11,10.0,D+9 to D+11
CX138,260405,T003346,000048,well002,/mnt/benshalom-nas/analysis/Sadegh/CX138/CX138/260405/T003346/Network/000048/well002,CX138|260405|T003346|000048|well002,/mnt/benshalom-nas/analysis/Sadegh/CX138/CX138/260405/T003346/Network/000048/well002/qm_unfiltered.xlsx,/mnt/benshalom-nas/analysis/Sadegh/CX138/CX138/260405/T003346/Network/000048/well002/network_results.json,/mnt/benshalom-nas/analysis/Sadegh/CX138/CX138/260405/T003346/Network/000048/well002/tm_curated.xlsx,/mnt/benshalom-nas/analysis/Sadegh/CX138/CX138/260405/T003346/Network/000048/well002/spike_times.npy,/mnt/benshalom-nas/analysis/Sadegh/CX138/CX138/260405/T003346/Network/000048/well002/tm_unfiltered.xlsx,/mnt/benshalom-nas/analysis/Sadegh/CX138/CX138/260405/T003346/Network/000048/well002/rejection_log.xlsx,/mnt/benshalom-nas/analysis/Sadegh/CX138/CX138/260405/T003346/Network/000048/well002/metrics_curated.xlsx,True,True,True,True,True,True,True,61.0,False,,IVH-L,2,1,3,A3,IVH-L,2026-04-05,2026-04-05,23,11,post_treatment,3,9,11,10.0,D+9 to D+11
CX138,260405,T003346,000048,well003,/mnt/benshalom-nas/analysis/Sadegh/CX138/CX138/260405/T003346/Network/000048/well003,CX138|260405|T003346|000048|well003,/mnt/benshalom-nas/analysis/Sadegh/CX138/CX138/260405/T003346/Network/000048/well003/qm_unfiltered.xlsx,/mnt/benshalom-nas/analysis/Sadegh/CX138/CX138/260405/T003346/Network/000048/well003/network_results.json,/mnt/benshalom-nas/analysis/Sadegh/CX138/CX138/260405/T003346/Network/000048/well003/tm_curated.xlsx,/mnt/benshalom-nas/analysis/Sadegh/CX138/CX138/260405/T003346/Network/000048/well003/spike_times.npy,/mnt/benshalom-nas/analysis/Sadegh/CX138/CX138/260405/T003346/Network/000048/well003/tm_unfiltered.xlsx,/mnt/benshalom-nas/analysis/Sadegh/CX138/CX138/260405/T003346/Network/000048/well003/rejection_log.xlsx,/mnt/benshalom-nas/analysis/Sadegh/CX138/CX138/260405/T003346/Network/000048/well003/metrics_curated.xlsx,True,True,True,True,True,True,True,208.0,False,,CT,3,1,4,A4,CT,2026-04-05,2026-04-05,23,11,post_treatment,3,9,11,10.0,D+9 to D+11
CX138,260405,T003346,000048,well004,/mnt/benshalom-nas/analysis/Sadegh/CX138/CX138/260405/T003346/Network/000048/well004,CX138|260405|T003346|000048|well004,/mnt/benshalom-nas/analysis/Sadegh/CX138/CX138/260405/T003346/Network/000048/well004/qm_unfiltered.xlsx,/mnt/benshalom-nas/analysis/Sadegh/CX138/CX138/260405/T003346/Network/000048/well004/network_results.json,/mnt/benshalom-nas/analysis/Sadegh/CX138/CX138/260405/T003346/Network/000048/well004/tm_curated.xlsx,/mnt/benshalom-nas/analysis/Sadegh/CX138/CX138/260405/T003346/Network/000048/well004/spike_times.npy,/mnt/benshalom-nas/analysis/Sadegh/CX138/CX138/260405/T003346/Network/000048/well004/tm_unfiltered.xlsx,/mnt/benshalom-nas/analysis/Sadegh/CX138/CX138/260405/T003346/Network/000048/well004/rejection_log.xlsx,/mnt/benshalom-nas/analysis/Sadegh/CX138/CX138/260405/T003346/Network/000048/well004/metrics_curated.xlsx,True,True,True,True,True,True,True,106.0,False,,20uM,4,1,5,A5,20uM,2026-04-05,2026-04-05,23,11,post_treatment,3,9,11,10.0,D+9 to D+11
CX138,260405,T003346,000048,well005,/mnt/benshalom-nas/analysis/Sadegh/CX138/CX138/260405/T003346/Network/000048/well005,CX138|260405|T003346|000048|well005,/mnt/benshalom-nas/analysis/Sadegh/CX138/CX138/260405/T003346/Network/000048/well005/qm_unfiltered.xlsx,/mnt/benshalom-nas/analysis/Sadegh/CX138/CX138/260405/T003346/Network/000048/well005/network_results.json,/mnt/benshalom-nas/analysis/Sadegh/CX138/CX138/260405/T003346/Network/000048/well005/tm_curated.xlsx,/mnt/benshalom-nas/analysis/Sadegh/CX138/CX138/260405/T003346/Network/000048/well005/spike_times.npy,/mnt/benshalom-nas/analysis/Sadegh/CX138/CX138/260405/T003346/Network/000048/well005/tm_unfiltered.xlsx,/mnt/benshalom-nas/analysis/Sadegh/CX138/CX138/260405/T003346/Network/000048/well005/rejection_log.xlsx,/mnt/benshalom-nas/analysis/Sadegh/CX138/CX138/260405/T003346/Network/000048/well005/metrics_curated.xlsx,True,True,True,True,True,True,True,183.0,False,,10uM,5,1,6,A6,10uM,2026-04-05,2026-04-05,23,11,post_treatment,3,9,11,10.0,D+9 to D+11
CX138,260405,T003346,000048,well006,/mnt/benshalom-nas/analysis/Sadegh/CX138/CX138/260405/T003346/Network/000048/well006,CX138|260405|T003346|000048|well006,/mnt/benshalom-nas/analysis/Sadegh/CX138/CX138/260405/T003346/Network/000048/well006/qm_unfiltered.xlsx,/mnt/benshalom-nas/analysis/Sadegh/CX138/CX138/260405/T003346/Network/000048/well006/network_results.json,/mnt/benshalom-nas/analysis/Sadegh/CX138/CX138/260405/T003346/Network/000048/well006/tm_curated.xlsx,/mnt/benshalom-nas/analysis/Sadegh/CX138/CX138/260405/T003346/Network/000048/well006/spike_times.npy,/mnt/benshalom-nas/analysis/Sadegh/CX138/CX138/260405/T003346/Network/000048/well006/tm_unfiltered.xlsx,/mnt/benshalom-nas/analysis/Sadegh/CX138/CX138/260405/T003346/Network/000048/well006/rejection_log.xlsx,/mnt/benshalom-nas/analysis/Sadegh/CX138/CX138/260405/T003346/Network/000048/well006/metrics_curated.xlsx,True,True,True,True,True,True,True,59.0,False,,NPH,6,2,1,B1,NPH,2026-04-05,2026-04-05,23,11,post_treatment,3,9,11,10.0,D+9 to D+11
CX138,260405,T003346,000048,well007,/mnt/benshalom-nas/analysis/Sadegh/CX138/CX138/260405/T003346/Network/000048/well007,CX138|260405|T003346|000048|well007,/mnt/benshalom-nas/analysis/Sadegh/CX138/CX138/260405/T003346/Network/000048/well007/qm_unfiltered.xlsx,/mnt/benshalom-nas/analysis/Sadegh/CX138/CX138/260405/T003346/Network/000048/well007/network_results.json,/mnt/benshalom-nas/analysis/Sadegh/CX138/CX138/260405/T003346/Network/000048/well007/tm_curated.xlsx,/mnt/benshalom-nas/analysis/Sadegh/CX138/CX138/260405/T003346/Network/000048/well007/spike_times.npy,/mnt/benshalom-nas/analysis/Sadegh/CX138/CX138/260405/T003346/Network/000048/well007/tm_unfiltered.xlsx,/mnt/benshalom-nas/analysis/Sadegh/CX138/CX138/260405/T003346/Network/000048/well007/rejection_log.xlsx,/mnt/benshalom-nas/analysis/Sadegh/CX138/CX138/260405/T003346/Network/000048/well007/metrics_curated.xlsx,True,True,True,True,True,True,True,24.0,False,,IVH-E,7,2,2,B2,IVH-E,2026-04-05,2026-04-05,23,11,post_treatment,3,9,11,10.0,D+9 to D+11
CX138,260405,T003346,000048,well008,/mnt/benshalom-nas/analysis/Sadegh/CX138/CX138/260405/T003346/Network/000048/well008,CX138|260405|T003346|000048|well008,/mnt/benshalom-nas/analysis/Sadegh/CX138/CX138/260405/T003346/Network/000048/well008/qm_unfiltered.xlsx,/mnt/benshalom-nas/analysis/Sadegh/CX138/CX138/260405/T003346/Network/000048/well008/network_results.json,/mnt/benshalom-nas/analysis/Sadegh/CX138/CX138/260405/T003346/Network/000048/well008/tm_curated.xlsx,/mnt/benshalom-nas/analysis/Sadegh/CX138/CX138/260405/T003346/Network/000048/well008/spike_times.npy,/mnt/benshalom-nas/analysis/Sadegh/CX138/CX138/260405/T003346/Network/000048/well008/tm_unfiltered.xlsx,/mnt/benshalom-nas/analysis/Sadegh/CX138/CX138/260405/T003346/Network/000048/well008/rejection_log.xlsx,/mnt/benshalom-nas/analysis/Sadegh/CX138/CX138/260405/T003346/Network/000048/well008/metrics_curated.xlsx,True,True,True,True,True,True,True,110.0,False,,IVH-L,8,2,3,B3,IVH-L,2026-04-05,2026-04-05,23,11,post_treatment,3,9,11,10.0,D+9 to D+11
CX138,260405,T003346,000048,well009,/mnt/benshalom-nas/analysis/Sadegh/CX138/CX138/260405/T003346/Network/000048/well009,CX138|260405|T003346|000048|well009,/mnt/benshalom-nas/analysis/Sadegh/CX138/CX138/260405/T003346/Network/000048/well009/qm_unfiltered.xlsx,/mnt/benshalom-nas/analysis/Sadegh/CX138/CX138/260405/T003346/Network/000048/well009/network_results.json,/mnt/benshalom-nas/analysis/Sadegh/CX138/CX138/260405/T003346/Network/000048/well009/tm_curated.xlsx,/mnt/benshalom-nas/analysis/Sadegh/CX138/CX138/260405/T003346/Network/000048/well009/spike_times.npy,/mnt/benshalom-nas/analysis/Sadegh/CX138/CX138/260405/T003346/Network/000048/well009/tm_unfiltered.xlsx,/mnt/benshalom-nas/analysis/Sadegh/CX138/CX138/260405/T003346/Network/000048/well009/rejection_log.xlsx,/mnt/benshalom-nas/analysis/Sadegh/CX138/CX138/260405/T003346/Network/000048/well009/metrics_curated.xlsx,True,True,True,True,True,True,True,123.0,False,,CT,9,2,4,B4,CT,2026-04-05,2026-04-05,23,11,post_treatment,3,9,11,10.0,D+9 to D+11
CX138,260405,T003346,000048,well010,/mnt/benshalom-nas/analysis/Sadegh/CX138/CX138/260405/T003346/Network/000048/well010,CX138|260405|T003346|000048|well010,/mnt/benshalom-nas/analysis/Sadegh/CX138/CX138/260405/T003346/Network/000048/well010/qm_unfiltered.xlsx,/mnt/benshalom-nas/analysis/Sadegh/CX138/CX138/260405/T003346/Network/000048/well010/network_results.json,/mnt/benshalom-nas/analysis/Sadegh/CX138/CX138/260405/T003346/Network/000048/well010/tm_curated.xlsx,/mnt/benshalom-nas/analysis/Sadegh/CX138/CX138/260405/T003346/Network/000048/well010/spike_times.npy,/mnt/benshalom-nas/analysis/Sadegh/CX138/CX138/260405/T003346/Network/000048/well010/tm_unfiltered.xlsx,/mnt/benshalom-nas/analysis/Sadegh/CX138/CX138/260405/T003346/Network/000048/well010/rejection_log.xlsx,/mnt/benshalom-nas/analysis/Sadegh/CX138/CX138/260405/T003346/Network/000048/well010/metrics_curated.xlsx,True,True,True,True,True,True,True,179.0,False,,20uM,10,2,5,B5,20uM,2026-04-05,2026-04-05,23,11,post_treatment,3,9,11,10.0,D+9 to D+11
CX138,260405,T003346,000048,well011,/mnt/benshalom-nas/analysis/Sadegh/CX138/CX138/260405/T003346/Network/000048/well011,CX138|260405|T003346|000048|well011,/mnt/benshalom-nas/analysis/Sadegh/CX138/CX138/260405/T003346/Network/000048/well011/qm_unfiltered.xlsx,/mnt/benshalom-nas/analysis/Sadegh/CX138/CX138/260405/T003346/Network/000048/well011/network_results.json,/mnt/benshalom-nas/analysis/Sadegh/CX138/CX138/260405/T003346/Network/000048/well011/tm_curated.xlsx,/mnt/benshalom-nas/analysis/Sadegh/CX138/CX138/260405/T003346/Network/000048/well011/spike_times.npy,/mnt/benshalom-nas/analysis/Sadegh/CX138/CX138/260405/T003346/Network/000048/well011/tm_unfiltered.xlsx,/mnt/benshalom-nas/analysis/Sadegh/CX138/CX138/260405/T003346/Network/000048/well011/rejection_log.xlsx,/mnt/benshalom-nas/analysis/Sadegh/CX138/CX138/260405/T003346/Network/000048/well011/metrics_curated.xlsx,True,True,True,True,True,True,True,182.0,False,,10uM,11,2,6,B6,10uM,2026-04-05,2026-04-05,23,11,post_treatment,3,9,11,10.0,D+9 to D+11
CX138,260405,T003346,000048,well012,/mnt/benshalom-nas/analysis/Sadegh/CX138/CX138/260405/T003346/Network/000048/well012,CX138|260405|T003346|000048|well012,/mnt/benshalom-nas/analysis/Sadegh/CX138/CX138/260405/T003346/Network/000048/well012/qm_unfiltered.xlsx,/mnt/benshalom-nas/analysis/Sadegh/CX138/CX138/260405/T003346/Network/000048/well012/network_results.json,/mnt/benshalom-nas/analysis/Sadegh/CX138/CX138/260405/T003346/Network/000048/well012/tm_curated.xlsx,/mnt/benshalom-nas/analysis/Sadegh/CX138/CX138/260405/T003346/Network/000048/well012/spike_times.npy,/mnt/benshalom-nas/analysis/Sadegh/CX138/CX138/260405/T003346/Network/000048/well012/tm_unfiltered.xlsx,/mnt/benshalom-nas/analysis/Sadegh/CX138/CX138/260405/T003346/Network/000048/well012/rejection_log.xlsx,/mnt/benshalom-nas/analysis/Sadegh/CX138/CX138/260405/T003346/Network/000048/well012/metrics_curated.xlsx,True,True,True,True,True,True,True,102.0,False,,NPH,12,3,1,C1,NPH,2026-04-05,2026-04-05,23,11,post_treatment,3,9,11,10.0,D+9 to D+11
CX138,260405,T003346,000048,well013,/mnt/benshalom-nas/analysis/Sadegh/CX138/CX138/260405/T003346/Network/000048/well013,CX138|260405|T003346|000048|well013,/mnt/benshalom-nas/analysis/Sadegh/CX138/CX138/260405/T003346/Network/000048/well013/qm_unfiltered.xlsx,/mnt/benshalom-nas/analysis/Sadegh/CX138/CX138/260405/T003346/Network/000048/well013/network_results.json,/mnt/benshalom-nas/analysis/Sadegh/CX138/CX138/260405/T003346/Network/000048/well013/tm_curated.xlsx,/mnt/benshalom-nas/analysis/Sadegh/CX138/CX138/260405/T003346/Network/000048/well013/spike_times.npy,/mnt/benshalom-nas/analysis/Sadegh/CX138/CX138/260405/T003346/Network/000048/well013/tm_unfiltered.xlsx,/mnt/benshalom-nas/analysis/Sadegh/CX138/CX138/260405/T003346/Network/000048/well013/rejection_log.xlsx,/mnt/benshalom-nas/analysis/Sadegh/CX138/CX138/260405/T003346/Network/000048/well013/metrics_curated.xlsx,True,True,True,True,True,True,True,139.0,False,,IVH-E,13,3,2,C2,IVH-E,2026-04-05,2026-04-05,23,11,post_treatment,3,9,11,10.0,D+9 to D+11
CX138,260405,T003346,000048,well014,/mnt/benshalom-nas/analysis/Sadegh/CX138/CX138/260405/T003346/Network/000048/well014,CX138|260405|T003346|000048|well014,/mnt/benshalom-nas/analysis/Sadegh/CX138/CX138/260405/T003346/Network/000048/well014/qm_unfiltered.xlsx,/mnt/benshalom-nas/analysis/Sadegh/CX138/CX138/260405/T003346/Network/000048/well014/network_results.json,/mnt/benshalom-nas/analysis/Sadegh/CX138/CX138/260405/T003346/Network/000048/well014/tm_curated.xlsx,/mnt/benshalom-nas/analysis/Sadegh/CX138/CX138/260405/T003346/Network/000048/well014/spike_times.npy,/mnt/benshalom-nas/analysis/Sadegh/CX138/CX138/260405/T003346/Network/000048/well014/tm_unfiltered.xlsx,/mnt/benshalom-nas/analysis/Sadegh/CX138/CX138/260405/T003346/Network/000048/well014/rejection_log.xlsx,/mnt/benshalom-nas/analysis/Sadegh/CX138/CX138/260405/T003346/Network/000048/well014/metrics_curated.xlsx,True,True,True,True,True,True,True,113.0,False,,IVH-L,14,3,3,C3,IVH-L,2026-04-05,2026-04-05,23,11,post_treatment,3,9,11,10.0,D+9 to D+11
CX138,260405,T003346,000048,well015,/mnt/benshalom-nas/analysis/Sadegh/CX138/CX138/260405/T003346/Network/000048/well015,CX138|260405|T003346|000048|well015,/mnt/benshalom-nas/analysis/Sadegh/CX138/CX138/260405/T003346/Network/000048/well015/qm_unfiltered.xlsx,/mnt/benshalom-nas/analysis/Sadegh/CX138/CX138/260405/T003346/Network/000048/well015/network_results.json,/mnt/benshalom-nas/analysis/Sadegh/CX138/CX138/260405/T003346/Network/000048/well015/tm_curated.xlsx,/mnt/benshalom-nas/analysis/Sadegh/CX138/CX138/260405/T003346/Network/000048/well015/spike_times.npy,/mnt/benshalom-nas/analysis/Sadegh/CX138/CX138/260405/T003346/Network/000048/well015/tm_unfiltered.xlsx,/mnt/benshalom-nas/analysis/Sadegh/CX138/CX138/260405/T003346/Network/000048/well015/rejection_log.xlsx,/mnt/benshalom-nas/analysis/Sadegh/CX138/CX138/260405/T003346/Network/000048/well015/metrics_curated.xlsx,True,True,True,True,True,True,True,135.0,False,,CT,15,3,4,C4,CT,2026-04-05,2026-04-05,23,11,post_treatment,3,9,11,10.0,D+9 to D+11
CX138,260405,T003346,000048,well016,/mnt/benshalom-nas/analysis/Sadegh/CX138/CX138/260405/T003346/Network/000048/well016,CX138|260405|T003346|000048|well016,/mnt/benshalom-nas/analysis/Sadegh/CX138/CX138/260405/T003346/Network/000048/well016/qm_unfiltered.xlsx,/mnt/benshalom-nas/analysis/Sadegh/CX138/CX138/260405/T003346/Network/000048/well016/network_results.json,/mnt/benshalom-nas/analysis/Sadegh/CX138/CX138/260405/T003346/Network/000048/well016/tm_curated.xlsx,/mnt/benshalom-nas/analysis/Sadegh/CX138/CX138/260405/T003346/Network/000048/well016/spike_times.npy,/mnt/benshalom-nas/analysis/Sadegh/CX138/CX138/260405/T003346/Network/000048/well016/tm_unfiltered.xlsx,/mnt/benshalom-nas/analysis/Sadegh/CX138/CX138/260405/T003346/Network/000048/well016/rejection_log.xlsx,/mnt/benshalom-nas/analysis/Sadegh/CX138/CX138/260405/T003346/Network/000048/well016/metrics_curated.xlsx,True,True,True,True,True,True,True,149.0,False,,20uM,16,3,5,C5,20uM,2026-04-05,2026-04-05,23,11,post_treatment,3,9,11,10.0,D+9 to D+11
CX138,260405,T003346,000048,well017,/mnt/benshalom-nas/analysis/Sadegh/CX138/CX138/260405/T003346/Network/000048/well017,CX138|260405|T003346|000048|well017,/mnt/benshalom-nas/analysis/Sadegh/CX138/CX138/260405/T003346/Network/000048/well017/qm_unfiltered.xlsx,/mnt/benshalom-nas/analysis/Sadegh/CX138/CX138/260405/T003346/Network/000048/well017/network_results.json,/mnt/benshalom-nas/analysis/Sadegh/CX138/CX138/260405/T003346/Network/000048/well017/tm_curated.xlsx,/mnt/benshalom-nas/analysis/Sadegh/CX138/CX138/260405/T003346/Network/000048/well017/spike_times.npy,/mnt/benshalom-nas/analysis/Sadegh/CX138/CX138/260405/T003346/Network/000048/well017/tm_unfiltered.xlsx,/mnt/benshalom-nas/analysis/Sadegh/CX138/CX138/260405/T003346/Network/000048/well017/rejection_log.xlsx,/mnt/benshalom-nas/analysis/Sadegh/CX138/CX138/260405/T003346/Network/000048/well017/metrics_curated.xlsx,True,True,True,True,True,True,True,118.0,False,,10uM,17,3,6,C6,10uM,2026-04-05,2026-04-05,23,11,post_treatment,3,9,11,10.0,D+9 to D+11
CX138,260405,T003346,000048,well018,/mnt/benshalom-nas/analysis/Sadegh/CX138/CX138/260405/T003346/Network/000048/well018,CX138|260405|T003346|000048|well018,/mnt/benshalom-nas/analysis/Sadegh/CX138/CX138/260405/T003346/Network/000048/well018/qm_unfiltered.xlsx,/mnt/benshalom-nas/analysis/Sadegh/CX138/CX138/260405/T003346/Network/000048/well018/network_results.json,/mnt/benshalom-nas/analysis/Sadegh/CX138/CX138/260405/T003346/Network/000048/well018/tm_curated.xlsx,/mnt/benshalom-nas/analysis/Sadegh/CX138/CX138/260405/T003346/Network/000048/well018/spike_times.npy,/mnt/benshalom-nas/analysis/Sadegh/CX138/CX138/260405/T003346/Network/000048/well018/tm_unfiltered.xlsx,/mnt/benshalom-nas/analysis/Sadegh/CX138/CX138/260405/T003346/Network/000048/well018/rejection_log.xlsx,/mnt/benshalom-nas/analysis/Sadegh/CX138/CX138/260405/T003346/Network/000048/well018/metrics_curated.xlsx,True,True,True,True,True,True,True,58.0,False,,NPH,18,4,1,D1,NPH,2026-04-05,2026-04-05,23,11,post_treatment,3,9,11,10.0,D+9 to D+11
CX138,260405,T003346,000048,well021,/mnt/benshalom-nas/analysis/Sadegh/CX138/CX138/260405/T003346/Network/000048/well021,CX138|260405|T003346|000048|well021,/mnt/benshalom-nas/analysis/Sadegh/CX138/CX138/260405/T003346/Network/000048/well021/qm_unfiltered.xlsx,/mnt/benshalom-nas/analysis/Sadegh/CX138/CX138/260405/T003346/Network/000048/well021/network_results.json,/mnt/benshalom-nas/analysis/Sadegh/CX138/CX138/260405/T003346/Network/000048/well021/tm_curated.xlsx,/mnt/benshalom-nas/analysis/Sadegh/CX138/CX138/260405/T003346/Network/000048/well021/spike_times.npy,/mnt/benshalom-nas/analysis/Sadegh/CX138/CX138/260405/T003346/Network/000048/well021/tm_unfiltered.xlsx,/mnt/benshalom-nas/analysis/Sadegh/CX138/CX138/260405/T003346/Network/000048/well021/rejection_log.xlsx,/mnt/benshalom-nas/analysis/Sadegh/CX138/CX138/260405/T003346/Network/000048/well021/metrics_curated.xlsx,True,True,True,True,True,True,True,97.0,False,,CT,21,4,4,D4,CT,2026-04-05,2026-04-05,23,11,post_treatment,3,9,11,10.0,D+9 to D+11
CX138,260405,T003346,000048,well023,/mnt/benshalom-nas/analysis/Sadegh/CX138/CX138/260405/T003346/Network/000048/well023,CX138|260405|T003346|000048|well023,/mnt/benshalom-nas/analysis/Sadegh/CX138/CX138/260405/T003346/Network/000048/well023/qm_unfiltered.xlsx,/mnt/benshalom-nas/analysis/Sadegh/CX138/CX138/260405/T003346/Network/000048/well023/network_results.json,/mnt/benshalom-nas/analysis/Sadegh/CX138/CX138/260405/T003346/Network/000048/well023/tm_curated.xlsx,/mnt/benshalom-nas/analysis/Sadegh/CX138/CX138/260405/T003346/Network/000048/well023/spike_times.npy,/mnt/benshalom-nas/analysis/Sadegh/CX138/CX138/260405/T003346/Network/000048/well023/tm_unfiltered.xlsx,/mnt/benshalom-nas/analysis/Sadegh/CX138/CX138/260405/T003346/Network/000048/well023/rejection_log.xlsx,/mnt/benshalom-nas/analysis/Sadegh/CX138/CX138/260405/T003346/Network/000048/well023/metrics_curated.xlsx,True,True,True,True,True,True,True,155.0,False,,10uM,23,4,6,D6,10uM,2026-04-05,2026-04-05,23,11,post_treatment,3,9,11,10.0,D+9 to D+11
